source_token,harmonized_token,token_role,emit_as_model_token,non_drug_drugitem_class,target_vocabulary,target_concept_id,target_code,target_label,mapping_source,match_strength,mapping_confidence
DRUG//START//65//7229,ATC//SFX//C01,,True,,ATC,21600283,,C01CA03,AMSTEL_source_concepts,source_code_atc,high
DRUG//START//21//8268,ATC//A07//ANTIDIARRHEALS_INTESTINAL_ANTIINFLAMMATORY/ANTIINFECTIVE_AGENTS,,True,,ATC,21600602,,A07AA,AMSTEL_source_concepts,source_code_atc,high
DRUG//START//21//9138,ATC//SFX//A01,,True,,ATC,21600011,,A01AB,AMSTEL_source_concepts,source_code_atc,high
DRUG//START//65//9424,ATC//SFX//B05,,False,crystalloid_or_diluent,ATC,21601161,,B05BB01,AMSTEL_source_concepts,source_code_atc,high
DRUG//START//29//6891,ATC//N02//ANALGESICS,,True,,ATC,21604344,,N02BE01,AMSTEL_source_concepts,source_code_atc,high
DRUG//START//65//7624,ATC//A10//DRUGS_USED_IN_DIABETES,,True,,ATC,21600715,,A10AB01,AMSTEL_source_concepts,source_code_atc,high
DRUG//START//65//7480,ATC//N01//ANESTHETICS,,True,,ATC,21604214,,N01AX10,AMSTEL_source_concepts,source_code_atc,high
DRUG//START//55//7291,ATC//SFX//B05,,False,crystalloid_or_diluent,ATC,21601162,,B05BB02,AMSTEL_source_concepts,source_code_atc,high
DRUG//START//65//7194,ATC//N05//PSYCHOLEPTICS,,True,,ATC,21604643,,N05CD08,AMSTEL_source_concepts,source_code_atc,high
DRUG//START//65//7219,ATC//N01//ANESTHETICS,,True,,ATC,21604201,,N01AH01,AMSTEL_source_concepts,source_code_atc,high
DRUG//START//69//9080,ATC//S01//OPHTHALMOLOGICALS,,True,,ATC,21605115,,S01KA02,AMSTEL_source_concepts,source_code_atc,high
DRUG//START//65//9001,ATC//SFX//B05,,True,,ATC,21601196,,B05XA01,AMSTEL_source_concepts,source_code_atc,high
DRUG//START//114//12588,ATC//V06//GENERAL_NUTRIENTS,,False,enteral_nutrition,ATC,21605350,,V06DB,AMSTEL_source_concepts,source_code_atc,high
DRUG//START//55//7293,ATC//SFX//B05,,False,crystalloid_or_diluent,ATC,21601161,,B05BB01,AMSTEL_source_concepts,source_code_atc,high
DRUG//START//65//19129,ATC//A10//DRUGS_USED_IN_DIABETES,,True,,ATC,21600719,,A10AB05,AMSTEL_source_concepts,source_code_atc,high
DRUG//START//69//12471,ATC//R01//NASAL_PREPARATIONS,,True,,ATC,21605016,,R01AA07,AMSTEL_source_concepts,source_code_atc,high
DRUG//START//70//10622,ATC//R03//ANTI-ASTHMATICS,,True,,ATC,43534842,,R03AL,AMSTEL_source_concepts,source_code_atc,high
DRUG//START//55//8937,ATC//SFX//B05,,False,line_or_device_metadata,ATC,21601161,,B05BB01,AMSTEL_source_concepts,source_code_atc,high
DRUG//START//25//7625,ATC//SFX//B01,,True,,ATC,21600977,,B01AB06,AMSTEL_source_concepts,source_code_atc,high
DRUG//START//67//7106,ATC//H02//CORTICOSTEROIDS_FOR_SYSTEMIC_USE,,True,,ATC,21602737,,H02AB09,AMSTEL_source_concepts,source_code_atc,high
DRUG//START//70//9149,ATC//R03//ANTI-ASTHMATICS,,True,,ATC,43534844,,R03AL02,AMSTEL_source_concepts,source_code_atc,high
DRUG//START//31//8108,ATC//A06//LAXATIVES,,True,,ATC,21600575,,A06AD15,AMSTEL_source_concepts,source_code_atc,high
DRUG//START//65//7930,ATC//SFX//B01,,True,,ATC,21600973,,B01AB01,AMSTEL_source_concepts,source_code_atc,high
DRUG//START//65//9014,ATC//A10//DRUGS_USED_IN_DIABETES,,True,,ATC,21600715,,A10AB01,AMSTEL_source_concepts,source_code_atc,high
DRUG//START//17//7252,ATC//SFX//B05,,False,colloid_or_volume_expander,ATC,21601143,,B05AA06,AMSTEL_source_concepts,source_code_atc,high
DRUG//START//119//13498,ATC//A06//LAXATIVES,,True,,ATC,21600575,,A06AD15,AMSTEL_source_concepts,source_code_atc,high
DRUG//START//23//7225,ATC//N02//ANALGESICS,,True,,ATC,21604256,,N02AA01,AMSTEL_source_concepts,source_code_atc,high
DRUG//START//30//7184,ATC//A02//DRUGS_FOR_ACID_RELATED_DISORDERS,,True,,ATC,21600097,,A02BC02,AMSTEL_source_concepts,source_code_atc,high
DRUG//START//26//7979,ATC//A02//DRUGS_FOR_ACID_RELATED_DISORDERS,,True,,ATC,21600097,,A02BC02,AMSTEL_source_concepts,source_code_atc,high
DRUG//START//55//7316,ATC//SFX//B05,,False,crystalloid_or_diluent,ATC,21601161,,B05BB01,AMSTEL_source_concepts,source_code_atc,high
DRUG//START//71//8006,ATC//A12//MINERAL_SUPPLEMENTS,,True,,ATC,21600877,,A12BA01,AMSTEL_source_concepts,source_code_atc,high
DRUG//START//23//7097,ATC//N05//PSYCHOLEPTICS,,True,,ATC,21604516,,N05AD01,AMSTEL_source_concepts,source_code_atc,high
DRUG//START//29//6883,ATC//N05//PSYCHOLEPTICS,,True,,ATC,21604569,,N05BA04,AMSTEL_source_concepts,source_code_atc,high
DRUG//START//67//7148,ATC//SFX//B05,,True,,ATC,21601200,,B05XA05,AMSTEL_source_concepts,source_code_atc,high
DRUG//START//65//6964,ATC//SFX//C02,,True,,ATC,21600398,,C02AC01,AMSTEL_source_concepts,source_code_atc,high
DRUG//START//65//7179,ATC//SFX//C01,,True,,ATC,21600284,,C01CA04,AMSTEL_source_concepts,source_code_atc,high
DRUG//START//114//12586,ATC//V06//GENERAL_NUTRIENTS,,False,enteral_nutrition,ATC,21605350,,V06DB,AMSTEL_source_concepts,source_code_atc,high
DRUG//START//23//6891,ATC//N02//ANALGESICS,,True,,ATC,21604344,,N02BE01,AMSTEL_source_concepts,source_code_atc,high
DRUG//START//15//6919,ATC//J01//ANTIBIOTICS_AND_ANTIBACTERIALS_FOR_SYSTEMIC_USE,,True,,ATC,21602895,,J01DD01,AMSTEL_source_concepts,source_code_atc,high
DRUG//START//65//7244,ATC//SFX//C03,,True,,ATC,21601518,,C03CA01,AMSTEL_source_concepts,source_code_atc,high
DRUG//START//55//7257,ATC//SFX//B05,,False,crystalloid_or_diluent,ATC,21601157,,B05BA03,AMSTEL_source_concepts,source_code_atc,high
DRUG//START//69//9120,ATC//S01//OPHTHALMOLOGICALS,,True,,ATC,21605143,,S01XA20,AMSTEL_source_concepts,source_code_atc,high
DRUG//START//15//7187,ATC//J01//ANTIBIOTICS_AND_ANTIBACTERIALS_FOR_SYSTEMIC_USE,,True,,ATC,21603054,,J01XD01,AMSTEL_source_concepts,source_code_atc,high
DRUG//START//21//12408,ATC//A07//ANTIDIARRHEALS_INTESTINAL_ANTIINFLAMMATORY/ANTIINFECTIVE_AGENTS,,True,,ATC,21600602,,A07AA,AMSTEL_source_concepts,source_code_atc,high
DRUG//START//42//7350,,,False,oral_drink,,,,,AMSTEL_source_concepts,label_context,low
DRUG//START//15//9152,ATC//J01//ANTIBIOTICS_AND_ANTIBACTERIALS_FOR_SYSTEMIC_USE,,True,,ATC,21602873,,J01DB04,AMSTEL_source_concepts,source_code_atc,high
DRUG//START//15//7064,ATC//J01//ANTIBIOTICS_AND_ANTIBACTERIALS_FOR_SYSTEMIC_USE,,True,,ATC,21603043,,J01XA01,AMSTEL_source_concepts,source_code_atc,high
DRUG//START//30//6902,ATC//C09//AGENTS_ACTING_ON_THE_RENIN-ANGIOTENSIN_SYSTEM,,True,,ATC,21601785,,C09AA01,AMSTEL_source_concepts,source_code_atc,high
DRUG//START//15//7208,ATC//J01//ANTIBIOTICS_AND_ANTIBACTERIALS_FOR_SYSTEMIC_USE,,True,,ATC,21602970,,J01FA01,AMSTEL_source_concepts,source_code_atc,high
DRUG//START//65//7218,ATC//C08//CALCIUM_CHANNEL_BLOCKERS,,True,,ATC,21601750,,C08CA04,AMSTEL_source_concepts,source_code_atc,high
DRUG//START//21//12407,ATC//SFX//A01,,True,,ATC,21600011,,A01AB,AMSTEL_source_concepts,source_code_atc,high
DRUG//START//21//13171,ATC//SFX//A01,,True,,ATC,21600011,,A01AB,AMSTEL_source_concepts,source_code_atc,high
DRUG//START//61//8429,ATC//SFX//B05,,False,blood_product,ATC,21601149,,B05AX01,AMSTEL_source_concepts,source_code_atc,high
DRUG//START//15//9133,ATC//J01//ANTIBIOTICS_AND_ANTIBACTERIALS_FOR_SYSTEMIC_USE,,True,,ATC,21602898,,J01DD04,AMSTEL_source_concepts,source_code_atc,high
DRUG//START//67//7027,ATC//A11//VITAMINS,,True,,ATC,21600825,,A11DA01,AMSTEL_source_concepts,source_code_atc,high
DRUG//START//65//7412,ATC//A12//MINERAL_SUPPLEMENTS,,True,,ATC,21600861,,A12AA02,AMSTEL_source_concepts,source_code_atc,high
DRUG//START//24//7244,ATC//SFX//C03,,True,,ATC,21601518,,C03CA01,AMSTEL_source_concepts,source_code_atc,high
DRUG//START//71//9550,ATC//A11//VITAMINS,,True,,ATC,21600805,,A11AA03,AMSTEL_source_concepts,source_code_atc,high
DRUG//START//114//12948,ATC//V06//GENERAL_NUTRIENTS,,False,enteral_nutrition,ATC,21605350,,V06DB,AMSTEL_source_concepts,source_code_atc,high
DRUG//START//65//9015,ATC//SFX//C01,,True,,ATC,21600270,,C01BD01,AMSTEL_source_concepts,source_code_atc,high
DRUG//START//67//9043,ATC//SFX//B05,,True,,ATC,21601219,,B05XC,AMSTEL_source_concepts,source_code_atc,high
DRUG//START//30//9019,ATC//SFX//B01,,True,,ATC,21600993,,B01AC08,AMSTEL_source_concepts,source_code_atc,high
DRUG//START//55//8939,ATC//SFX//B05,,False,line_or_device_metadata,ATC,21601161,,B05BB01,AMSTEL_source_concepts,source_code_atc,high
DRUG//START//29//7097,ATC//N05//PSYCHOLEPTICS,,True,,ATC,21604516,,N05AD01,AMSTEL_source_concepts,source_code_atc,high
DRUG//START//15//6948,ATC//J01//ANTIBIOTICS_AND_ANTIBACTERIALS_FOR_SYSTEMIC_USE,,True,,ATC,21603009,,J01MA02,AMSTEL_source_concepts,source_code_atc,high
DRUG//START//15//7123,ATC//J01//ANTIBIOTICS_AND_ANTIBACTERIALS_FOR_SYSTEMIC_USE,,True,,ATC,21602925,,J01DH51,AMSTEL_source_concepts,source_code_atc,high
DRUG//START//31//9543,ATC//A06//LAXATIVES,,True,,ATC,21600567,,A06AD02,AMSTEL_source_concepts,source_code_atc,high
DRUG//START//69//12472,ATC//R01//NASAL_PREPARATIONS,,True,,ATC,21605050,,R01AD08,AMSTEL_source_concepts,source_code_atc,high
DRUG//START//65//7196,ATC//SFX//C01,,True,,ATC,21600309,,C01CE03,AMSTEL_source_concepts,source_code_atc,high
DRUG//START//70//15720,ATC//R03//ANTI-ASTHMATICS,,True,,ATC,21603293,,R03BB01,AMSTEL_source_concepts,source_code_atc,high
DRUG//START//42//15015,,,False,oral_drink,,,,,AMSTEL_source_concepts,label_context,low
DRUG//START//65//18783,ATC//A12//MINERAL_SUPPLEMENTS,,True,,ATC,21600862,,A12AA03,AMSTEL_source_concepts,source_code_atc,high
DRUG//START//23//7165,ATC//N05//PSYCHOLEPTICS,,True,,ATC,21604571,,N05BA06,AMSTEL_source_concepts,source_code_atc,high
DRUG//START//15//9029,ATC//J01//ANTIBIOTICS_AND_ANTIBACTERIALS_FOR_SYSTEMIC_USE,,True,,ATC,21602863,,J01CR02,AMSTEL_source_concepts,source_code_atc,high
DRUG//START//15//7227,ATC//J01//ANTIBIOTICS_AND_ANTIBACTERIALS_FOR_SYSTEMIC_USE,,True,,ATC,21602857,,J01CF05,AMSTEL_source_concepts,source_code_atc,high
DRUG//START//71//9551,ATC//A12//MINERAL_SUPPLEMENTS,,True,,ATC,21600889,,A12CB01,AMSTEL_source_concepts,source_code_atc,high
DRUG//START//63//7314,ATC//V06//GENERAL_NUTRIENTS,,False,enteral_nutrition,ATC,21605350,,V06DB,AMSTEL_source_concepts,source_code_atc,high
DRUG//START//65//7478,ATC//SFX//C01,,True,,ATC,21600317,,C01DA02,AMSTEL_source_concepts,source_code_atc,high
DRUG//START//65//7151,ATC//C07//BETA_BLOCKING_AGENTS,,True,,ATC,21601699,,C07AG01,AMSTEL_source_concepts,source_code_atc,high
DRUG//START//29//9590,ATC//N05//PSYCHOLEPTICS,,True,,ATC,21604577,,N05BA12,AMSTEL_source_concepts,source_code_atc,high
DRUG//START//15//6847,ATC//J01//ANTIBIOTICS_AND_ANTIBACTERIALS_FOR_SYSTEMIC_USE,,True,,ATC,21602823,,J01CA04,AMSTEL_source_concepts,source_code_atc,high
DRUG//START//67//12491,ATC//SFX//B05,,True,,ATC,21601214,,B05XA31,AMSTEL_source_concepts,source_code_atc,high
DRUG//START//69//12947,ATC//R01//NASAL_PREPARATIONS,,True,,ATC,21603201,,R01AX06,AMSTEL_source_concepts,source_code_atc,high
DRUG//START//32//6993,ATC//C10//LIPID_MODIFYING_AGENTS,,True,,ATC,21601856,,C10AA01,AMSTEL_source_concepts,source_code_atc,high
DRUG//START//114//12610,OMOP//OMOP_CONCEPT//40798859,,False,enteral_nutrition,OMOP_CONCEPT,40798859,,General Nutrients,AMSTEL_usagi,source_code_omop,medium
DRUG//START//70//9150,ATC//R03//ANTI-ASTHMATICS,,True,,ATC,21603274,,R03AK,AMSTEL_source_concepts,source_code_atc,high
DRUG//START//65//9569,ATC//SFX//B05,,False,crystalloid_or_diluent,ATC,21601157,,B05BA03,AMSTEL_source_concepts,source_code_atc,high
DRUG//START//70//9071,ATC//R05//COUGH_AND_COLD_PREPARATIONS,,True,,ATC,21603380,,R05CB01,AMSTEL_source_concepts,source_code_atc,high
DRUG//START//30//8154,ATC//C08//CALCIUM_CHANNEL_BLOCKERS,,True,,ATC,21601747,,C08CA01,AMSTEL_source_concepts,source_code_atc,high
DRUG//START//42//15016,,,False,oral_drink,,,,,AMSTEL_source_concepts,label_context,low
DRUG//START//31//7979,ATC//A02//DRUGS_FOR_ACID_RELATED_DISORDERS,,True,,ATC,21600097,,A02BC02,AMSTEL_source_concepts,source_code_atc,high
DRUG//START//65//7178,ATC//SFX//C01,,True,,ATC,21600287,,C01CA07,AMSTEL_source_concepts,source_code_atc,high
DRUG//START//65//8999,ATC//SFX//B05,,True,,ATC,21601213,,B05XA30,AMSTEL_source_concepts,source_code_atc,high
DRUG//START//55//7148,ATC//SFX//B05,,True,,ATC,21601200,,B05XA05,AMSTEL_source_concepts,source_code_atc,high
DRUG//START//56//14954,,,False,oral_food,,,,,AMSTEL_source_concepts,label_context,low
DRUG//START//26//7180,ATC//SFX//A03,,True,,ATC,21600484,,A03FA01,AMSTEL_source_concepts,source_code_atc,high
DRUG//START//29//7165,ATC//N05//PSYCHOLEPTICS,,True,,ATC,21604571,,N05BA06,AMSTEL_source_concepts,source_code_atc,high
DRUG//START//55//9021,ATC//A11//VITAMINS,,True,,ATC,21600837,,A11GA01,AMSTEL_source_concepts,source_code_atc,high
DRUG//START//15//8394,ATC//J01//ANTIBIOTICS_AND_ANTIBACTERIALS_FOR_SYSTEMIC_USE,,True,,ATC,21602961,,J01EE01,AMSTEL_source_concepts,source_code_atc,high
DRUG//START//55//9351,ATC//A11//VITAMINS,,True,,ATC,21600830,,A11EA,AMSTEL_source_concepts,source_code_atc,high
DRUG//START//15//6811,ATC//J05//ANTIVIRALS_FOR_SYSTEMIC_USE,,True,,ATC,21603131,,J05AB01,AMSTEL_source_concepts,source_code_atc,high
DRUG//START//67//9475,OMOP//OMOP_CONCEPT//19073584,,True,,OMOP_CONCEPT,19073584,,ascorbic acid 100 MG/ML Injectable Solution,AMSTEL_usagi,source_code_omop,medium
DRUG//START//67//6995,ATC//H02//CORTICOSTEROIDS_FOR_SYSTEMIC_USE,,True,,ATC,21602730,,H02AB02,AMSTEL_source_concepts,source_code_atc,high
DRUG//START//32//12800,ATC//C10//LIPID_MODIFYING_AGENTS,,True,,ATC,21601860,,C10AA05,AMSTEL_source_concepts,source_code_atc,high
DRUG//START//29//7015,ATC//N05//PSYCHOLEPTICS,,True,,ATC,21604642,,N05CD07,AMSTEL_source_concepts,source_code_atc,high
DRUG//START//70//7132,ATC//R03//ANTI-ASTHMATICS,,True,,ATC,21603293,,R03BB01,AMSTEL_source_concepts,source_code_atc,high
DRUG//START//55//7412,ATC//A12//MINERAL_SUPPLEMENTS,,True,,ATC,21600861,,A12AA02,AMSTEL_source_concepts,source_code_atc,high
DRUG//START//32//6968,ATC//SFX//B01,,True,,ATC,21600989,,B01AC04,AMSTEL_source_concepts,source_code_atc,high
DRUG//START//65//7227,ATC//J01//ANTIBIOTICS_AND_ANTIBACTERIALS_FOR_SYSTEMIC_USE,,True,,ATC,21602857,,J01CF05,AMSTEL_source_concepts,source_code_atc,high
DRUG//START//21//10586,ATC//A07//ANTIDIARRHEALS_INTESTINAL_ANTIINFLAMMATORY/ANTIINFECTIVE_AGENTS,,True,,ATC,21600602,,A07AA,AMSTEL_source_concepts,source_code_atc,high
DRUG//START//30//10581,ATC//C09//AGENTS_ACTING_ON_THE_RENIN-ANGIOTENSIN_SYSTEM,,True,,ATC,21601787,,C09AA03,AMSTEL_source_concepts,source_code_atc,high
DRUG//START//21//10585,ATC//SFX//A01,,True,,ATC,21600011,,A01AB,AMSTEL_source_concepts,source_code_atc,high
DRUG//START//65//7979,ATC//A02//DRUGS_FOR_ACID_RELATED_DISORDERS,,True,,ATC,21600097,,A02BC02,AMSTEL_source_concepts,source_code_atc,high
DRUG//START//25//7246,ATC//SFX//B02,,True,,ATC,21601045,,B02BA01,AMSTEL_source_concepts,source_code_atc,high
DRUG//START//67//6922,ATC//H02//CORTICOSTEROIDS_FOR_SYSTEMIC_USE,,True,,ATC,21602734,,H02AB06,AMSTEL_source_concepts,source_code_atc,high
DRUG//START//29//8100,OMOP//OMOP_CONCEPT//40058897,,True,,OMOP_CONCEPT,40058897,,gabapentin Oral Tablet [Neurontin],AMSTEL_usagi,source_code_omop,medium
DRUG//START//25//8111,ATC//SFX//B02,,True,,ATC,21601036,,B02AA02,AMSTEL_source_concepts,source_code_atc,high
DRUG//START//15//7231,ATC//J02//ANTIMYCOTICS_FOR_SYSTEMIC_USE,,True,,ATC,21603080,,J02AC01,AMSTEL_source_concepts,source_code_atc,high
DRUG//START//30//9062,ATC//SFX//C03,,True,,ATC,21601466,,C03AA03,AMSTEL_source_concepts,source_code_atc,high
DRUG//START//61//7367,ATC//SFX//B05,,False,blood_product,ATC,21601151,,B05AX03,AMSTEL_source_concepts,source_code_atc,high
DRUG//START//32//7504,,,False,route_or_order_metadata,,,,,AMSTEL_source_concepts,label_context,low
DRUG//START//114//12608,ATC//V06//GENERAL_NUTRIENTS,,False,enteral_nutrition,ATC,21605350,,V06DB,AMSTEL_source_concepts,source_code_atc,high
DRUG//START//55//9001,ATC//SFX//B05,,True,,ATC,21601196,,B05XA01,AMSTEL_source_concepts,source_code_atc,high
DRUG//START//42//15014,,,False,oral_drink,,,,,AMSTEL_source_concepts,label_context,low
DRUG//START//56//14970,,,False,oral_food,,,,,AMSTEL_source_concepts,label_context,low
DRUG//START//65//7228,ATC//C08//CALCIUM_CHANNEL_BLOCKERS,,True,,ATC,21601752,,C08CA06,AMSTEL_source_concepts,source_code_atc,high
DRUG//START//69//7191,ATC//SFX//D01,,True,,ATC,21601921,,D01AC02,AMSTEL_source_concepts,source_code_atc,high
DRUG//START//15//9128,ATC//J01//ANTIBIOTICS_AND_ANTIBACTERIALS_FOR_SYSTEMIC_USE,,True,,ATC,21602831,,J01CA12,AMSTEL_source_concepts,source_code_atc,high
DRUG//START//56//14982,,,False,oral_food,,,,,AMSTEL_source_concepts,label_context,low
DRUG//START//30//7006,ATC//C07//BETA_BLOCKING_AGENTS,,True,,ATC,21601672,,C07AA07,AMSTEL_source_concepts,source_code_atc,high
DRUG//START//26//6950,ATC//A02//DRUGS_FOR_ACID_RELATED_DISORDERS,,True,,ATC,21600083,,A02BA02,AMSTEL_source_concepts,source_code_atc,high
DRUG//START//21//8549,OMOP//OMOP_CONCEPT//40025432,,True,,OMOP_CONCEPT,40025432,,colistin Oral Tablet,AMSTEL_usagi,source_code_omop,medium
DRUG//START//42//15021,,,False,oral_drink,,,,,AMSTEL_source_concepts,label_context,low
DRUG//START//70//9100,ATC//R05//COUGH_AND_COLD_PREPARATIONS,,True,,ATC,21603380,,R05CB01,AMSTEL_source_concepts,source_code_atc,high
DRUG//START//21//13169,ATC//SFX//A01,,True,,ATC,21600011,,A01AB,AMSTEL_source_concepts,source_code_atc,high
DRUG//START//42//8956,,,False,oral_drink,,,,,AMSTEL_source_concepts,label_context,low
DRUG//START//32//9019,ATC//SFX//B01,,True,,ATC,21600993,,B01AC08,AMSTEL_source_concepts,source_code_atc,high
DRUG//START//23//7222,OMOP//OMOP_CONCEPT//36279263,,True,,OMOP_CONCEPT,36279263,,5 ML Phenytoin 50 MG/ML Injection [Diphantoine],AMSTEL_usagi,source_code_omop,medium
DRUG//START//15//6917,ATC//J01//ANTIBIOTICS_AND_ANTIBACTERIALS_FOR_SYSTEMIC_USE,,True,,ATC,21602896,,J01DD02,AMSTEL_source_concepts,source_code_atc,high
DRUG//START//30//7011,OMOP//OMOP_CONCEPT//40084974,,True,,OMOP_CONCEPT,40084974,,spironolactone Oral Tablet [Aldactone],AMSTEL_usagi,source_code_omop,medium
DRUG//START//15//8127,ATC//J01//ANTIBIOTICS_AND_ANTIBACTERIALS_FOR_SYSTEMIC_USE,,True,,ATC,21602921,,J01DH02,AMSTEL_source_concepts,source_code_atc,high
DRUG//START//71//7157,ATC//H03//THYROID_THERAPY,,True,,ATC,21602754,,H03AA01,AMSTEL_source_concepts,source_code_atc,high
DRUG//START//24//7173,ATC//SFX//C01,,True,,ATC,21600234,,C01AA05,AMSTEL_source_concepts,source_code_atc,high
DRUG//START//69//8171,ATC//R01//NASAL_PREPARATIONS,,True,,ATC,21605016,,R01AA07,AMSTEL_source_concepts,source_code_atc,high
DRUG//START//65//18807,ATC//SFX//B05,,True,,ATC,21601209,,B05XA14,AMSTEL_source_concepts,source_code_atc,high
DRUG//START//29//7504,,,False,route_or_order_metadata,,,,,AMSTEL_source_concepts,label_context,low
DRUG//START//24//6804,ATC//S01//OPHTHALMOLOGICALS,,True,,ATC,21603693,,S01EC01,AMSTEL_source_concepts,source_code_atc,high
DRUG//START//61//7369,ATC//SFX//B05,,False,blood_product,ATC,21601150,,B05AX02,AMSTEL_source_concepts,source_code_atc,high
DRUG//START//26//12942,ATC//SFX//A04,,True,,ATC,21600493,,A04AA01,AMSTEL_source_concepts,source_code_atc,high
DRUG//START//39//13019,ATC//SFX//B05,,False,parenteral_nutrition,ATC,21601159,,B05BA10,AMSTEL_source_concepts,source_code_atc,high
DRUG//START//15//12398,ATC//J01//ANTIBIOTICS_AND_ANTIBACTERIALS_FOR_SYSTEMIC_USE,,True,,ATC,21603019,,J01MA12,AMSTEL_source_concepts,source_code_atc,high
DRUG//START//31//12388,ATC//A02//DRUGS_FOR_ACID_RELATED_DISORDERS,,True,,ATC,21600100,,A02BC05,AMSTEL_source_concepts,source_code_atc,high
DRUG//START//42//8961,,,False,oral_drink,,,,,AMSTEL_source_concepts,label_context,low
DRUG//START//65//6844,ATC//SFX//C01,,True,,ATC,21600270,,C01BD01,AMSTEL_source_concepts,source_code_atc,high
DRUG//START//31//9072,OMOP//OMOP_CONCEPT//35850823,,True,,OMOP_CONCEPT,35850823,,sodium phosphate Enema,AMSTEL_usagi,source_code_omop,medium
DRUG//START//21//20535,ATC//SFX//A01,,True,,ATC,21600011,,A01AB,AMSTEL_source_concepts,source_code_atc,high
DRUG//START//55//7360,ATC//SFX//B05,,False,crystalloid_or_diluent,ATC,21601165,,B05BC01,AMSTEL_source_concepts,source_code_atc,high
DRUG//START//65//9006,ATC//SFX//C02,,True,,ATC,21600435,,C02DD01,AMSTEL_source_concepts,source_code_atc,high
DRUG//START//42//8958,,,False,oral_food,,,,,AMSTEL_source_concepts,label_context,low
DRUG//START//17//8933,ATC//SFX//B05,,False,colloid_or_volume_expander,ATC,21601139,,B05AA01,AMSTEL_source_concepts,source_code_atc,high
DRUG//START//65//8998,ATC//SFX//B05,,False,crystalloid_or_diluent,ATC,21601197,,B05XA02,AMSTEL_source_concepts,source_code_atc,high
DRUG//START//15//6958,ATC//J01//ANTIBIOTICS_AND_ANTIBACTERIALS_FOR_SYSTEMIC_USE,,True,,ATC,21602985,,J01FF01,AMSTEL_source_concepts,source_code_atc,high
DRUG//START//26//12388,ATC//A02//DRUGS_FOR_ACID_RELATED_DISORDERS,,True,,ATC,21600100,,A02BC05,AMSTEL_source_concepts,source_code_atc,high
DRUG//START//32//8174,ATC//V03//ALL_OTHER_THERAPEUTIC_PRODUCTS,,True,,ATC,21605264,,V03AE01,AMSTEL_source_concepts,source_code_atc,high
DRUG//START//29//12518,OMOP//OMOP_CONCEPT//40009903,,True,,OMOP_CONCEPT,40009903,,baclofen Oral Tablet [Lioresal],AMSTEL_usagi,source_code_omop,medium
DRUG//START//30//12798,ATC//SFX//B01,,True,,ATC,21600991,,B01AC06,AMSTEL_source_concepts,source_code_atc,high
DRUG//START//23//6960,ATC//M03//MUSCLE_RELAXANTS,,True,,ATC,21604086,,M03AC09,AMSTEL_source_concepts,source_code_atc,high
DRUG//START//32//6802,ATC//SFX//B01,,True,,ATC,21600967,,B01AA07,AMSTEL_source_concepts,source_code_atc,high
DRUG//START//27//9612,ATC//SFX//B05,,False,crystalloid_or_diluent,ATC,21601161,,B05BB01,AMSTEL_source_concepts,source_code_atc,high
DRUG//START//56//14974,,,False,oral_food,,,,,AMSTEL_source_concepts,label_context,low
DRUG//START//31//9086,ATC//A06//LAXATIVES,,True,,ATC,21600571,,A06AD11,AMSTEL_source_concepts,source_code_atc,high
DRUG//START//15//8547,ATC//J02//ANTIMYCOTICS_FOR_SYSTEMIC_USE,,True,,ATC,21603082,,J02AC03,AMSTEL_source_concepts,source_code_atc,high
DRUG//START//55//8940,ATC//SFX//B05,,False,crystalloid_or_diluent,ATC,21601157,,B05BA03,AMSTEL_source_concepts,source_code_atc,high
DRUG//START//69//7504,,,False,route_or_order_metadata,,,,,AMSTEL_source_concepts,label_context,low
DRUG//START//17//8932,ATC//SFX//B05,,False,colloid_or_volume_expander,ATC,21601144,,B05AA07,AMSTEL_source_concepts,source_code_atc,high
DRUG//START//31//6950,ATC//A02//DRUGS_FOR_ACID_RELATED_DISORDERS,,True,,ATC,21600083,,A02BA02,AMSTEL_source_concepts,source_code_atc,high
DRUG//START//55//7295,ATC//SFX//B05,,False,crystalloid_or_diluent,ATC,21601197,,B05XA02,AMSTEL_source_concepts,source_code_atc,high
DRUG//START//42//15017,,,False,oral_drink,,,,,AMSTEL_source_concepts,label_context,low
DRUG//START//23//6910,ATC//N02//ANALGESICS,,True,,ATC,21604277,,N02AC03,AMSTEL_source_concepts,source_code_atc,high
DRUG//START//56//14990,,,False,oral_food,,,,,AMSTEL_source_concepts,label_context,low
DRUG//START//42//15029,,,False,oral_drink,,,,,AMSTEL_source_concepts,label_context,low
DRUG//START//23//7219,ATC//N01//ANESTHETICS,,True,,ATC,21604201,,N01AH01,AMSTEL_source_concepts,source_code_atc,high
DRUG//START//30//7244,ATC//SFX//C03,,True,,ATC,21601518,,C03CA01,AMSTEL_source_concepts,source_code_atc,high
DRUG//START//42//15018,,,False,oral_drink,,,,,AMSTEL_source_concepts,label_context,low
DRUG//START//29//13881,OMOP//OMOP_CONCEPT//40128130,,True,,OMOP_CONCEPT,40128130,,pregabalin Oral Capsule [Lyrica],AMSTEL_usagi,source_code_omop,medium
DRUG//START//30//7228,ATC//C08//CALCIUM_CHANNEL_BLOCKERS,,True,,ATC,21601752,,C08CA06,AMSTEL_source_concepts,source_code_atc,high
DRUG//START//71//6922,ATC//H02//CORTICOSTEROIDS_FOR_SYSTEMIC_USE,,True,,ATC,21602734,,H02AB06,AMSTEL_source_concepts,source_code_atc,high
DRUG//START//25//7930,ATC//SFX//B01,,True,,ATC,21600973,,B01AB01,AMSTEL_source_concepts,source_code_atc,high
DRUG//START//65//6871,ATC//J01//ANTIBIOTICS_AND_ANTIBACTERIALS_FOR_SYSTEMIC_USE,,True,,ATC,21602841,,J01CE01,AMSTEL_source_concepts,source_code_atc,high
DRUG//START//65//6818,ATC//SFX//C01,,True,,ATC,21600303,,C01CA24,AMSTEL_source_concepts,source_code_atc,high
DRUG//START//30//6804,ATC//S01//OPHTHALMOLOGICALS,,True,,ATC,21603693,,S01EC01,AMSTEL_source_concepts,source_code_atc,high
DRUG//START//63//9156,ATC//V06//GENERAL_NUTRIENTS,,False,enteral_nutrition,ATC,21605350,,V06DB,AMSTEL_source_concepts,source_code_atc,high
DRUG//START//71//10629,RXNORM//967823,,True,,RxNorm,967823,,sodium chloride,AMSTEL_usagi,source_code_omop,medium
DRUG//START//67//7412,ATC//A12//MINERAL_SUPPLEMENTS,,True,,ATC,21600861,,A12AA02,AMSTEL_source_concepts,source_code_atc,high
DRUG//START//65//9018,ATC//N01//ANESTHETICS,,True,,ATC,21604217,,N01AX14,AMSTEL_source_concepts,source_code_atc,high
DRUG//START//30//7173,ATC//SFX//C01,,True,,ATC,21600234,,C01AA05,AMSTEL_source_concepts,source_code_atc,high
DRUG//START//29//13018,OMOP//OMOP_CONCEPT//40052548,,True,,OMOP_CONCEPT,40052548,,levetiracetam Oral Tablet [Keppra],AMSTEL_usagi,source_code_omop,medium
DRUG//START//67//9145,ATC//SFX//B05,,True,,ATC,21601214,,B05XA31,AMSTEL_source_concepts,source_code_atc,high
DRUG//START//65//7135,ATC//SFX//C01,,True,,ATC,21600282,,C01CA02,AMSTEL_source_concepts,source_code_atc,high
DRUG//START//15//7044,ATC//J01//ANTIBIOTICS_AND_ANTIBACTERIALS_FOR_SYSTEMIC_USE,,True,,ATC,21602995,,J01GB01,AMSTEL_source_concepts,source_code_atc,high
DRUG//START//21//13457,ATC//A07//ANTIDIARRHEALS_INTESTINAL_ANTIINFLAMMATORY/ANTIINFECTIVE_AGENTS,,True,,ATC,21600602,,A07AA,AMSTEL_source_concepts,source_code_atc,high
DRUG//START//29//12391,OMOP//OMOP_CONCEPT//40238015,,True,,OMOP_CONCEPT,40238015,,valproic acid 40 MG/ML Oral Solution,AMSTEL_usagi,source_code_omop,medium
DRUG//START//42//9562,OMOP//OMOP_CONCEPT//4036190,,False,crystalloid_or_diluent,OMOP_CONCEPT,4036190,,Water,AMSTEL_usagi,source_code_omop,medium
DRUG//START//70//6880,OMOP//OMOP_CONCEPT//44074080,,True,,OMOP_CONCEPT,44074080,,Budesonide 0.4 MG/ACTUAT Metered Dose Inhaler [Pulmicort Turbuhaler],AMSTEL_usagi,source_code_omop,medium
DRUG//START//21//12947,ATC//R01//NASAL_PREPARATIONS,,True,,ATC,21603201,,R01AX06,AMSTEL_source_concepts,source_code_atc,high
DRUG//START//29//6906,OMOP//OMOP_CONCEPT//40021199,,True,,OMOP_CONCEPT,40021199,,carbamazepine Oral Tablet [Tegretol],AMSTEL_usagi,source_code_omop,medium
DRUG//START//65//7165,ATC//N05//PSYCHOLEPTICS,,True,,ATC,21604571,,N05BA06,AMSTEL_source_concepts,source_code_atc,high
DRUG//START//55//18783,ATC//A12//MINERAL_SUPPLEMENTS,,True,,ATC,21600862,,A12AA03,AMSTEL_source_concepts,source_code_atc,high
DRUG//START//21//7064,ATC//J01//ANTIBIOTICS_AND_ANTIBACTERIALS_FOR_SYSTEMIC_USE,,True,,ATC,21603043,,J01XA01,AMSTEL_source_concepts,source_code_atc,high
DRUG//START//39//8948,ATC//SFX//B05,,False,parenteral_nutrition,ATC,21601159,,B05BA10,AMSTEL_source_concepts,source_code_atc,high
DRUG//START//30//9125,ATC//SFX//B01,,True,,ATC,21600992,,B01AC07,AMSTEL_source_concepts,source_code_atc,high
DRUG//START//65//6962,OMOP//OMOP_CONCEPT//40026126,,True,,OMOP_CONCEPT,40026126,,clonazepam Injectable Solution [Rivotril],AMSTEL_usagi,source_code_omop,medium
DRUG//START//56//14913,OMOP//OMOP_CONCEPT//4037090,,False,oral_food,OMOP_CONCEPT,4037090,,Cooked food,AMSTEL_usagi,source_code_omop,medium
DRUG//START//23//14443,OMOP//OMOP_CONCEPT//43639048,,True,,OMOP_CONCEPT,43639048,,Valproate 100 MG/ML Injectable Solution [Orfiril],AMSTEL_usagi,source_code_omop,medium
DRUG//START//21//7504,,,False,route_or_order_metadata,,,,,AMSTEL_source_concepts,label_context,low
DRUG//START//42//15060,,,False,oral_food,,,,,AMSTEL_source_concepts,label_context,low
DRUG//START//15//9151,ATC//J01//ANTIBIOTICS_AND_ANTIBACTERIALS_FOR_SYSTEMIC_USE,,True,,ATC,21602884,,J01DC02,AMSTEL_source_concepts,source_code_atc,high
DRUG//START//42//15026,,,False,oral_drink,,,,,AMSTEL_source_concepts,label_context,low
DRUG//START//30//13882,ATC//C10//LIPID_MODIFYING_AGENTS,,True,,ATC,21601858,,C10AA03,AMSTEL_source_concepts,source_code_atc,high
DRUG//START//29//9139,OMOP//OMOP_CONCEPT//19116046,,True,,OMOP_CONCEPT,19116046,,carbidopa 12.5 MG / levodopa 50 MG [Sinemet],AMSTEL_usagi,source_code_omop,medium
DRUG//START//29//9063,OMOP//OMOP_CONCEPT//40162352,,True,,OMOP_CONCEPT,40162352,,diclofenac sodium 50 MG [Voltaren],AMSTEL_usagi,source_code_omop,medium
DRUG//START//114//19886,ATC//V06//GENERAL_NUTRIENTS,,False,enteral_nutrition,ATC,21605350,,V06DB,AMSTEL_source_concepts,source_code_atc,high
DRUG//START//65//7149,ATC//SFX//C02,,True,,ATC,21600446,,C02KD01,AMSTEL_source_concepts,source_code_atc,high
DRUG//START//69//12316,,,False,route_or_order_metadata,,,,,AMSTEL_source_concepts,label_context,low
DRUG//START//23//7194,ATC//N05//PSYCHOLEPTICS,,True,,ATC,21604643,,N05CD08,AMSTEL_source_concepts,source_code_atc,high
DRUG//START//65//10613,,,False,,,,,,AMSTEL_source_concepts,label_context,low
DRUG//START//56//14966,,,False,oral_food,,,,,AMSTEL_source_concepts,label_context,low
DRUG//START//42//7312,,,False,enteral_nutrition,,,,,AMSTEL_source_concepts,label_context,low
DRUG//START//32//7132,ATC//R03//ANTI-ASTHMATICS,,True,,ATC,21603293,,R03BB01,AMSTEL_source_concepts,source_code_atc,high
DRUG//START//29//13012,ATC//N05//PSYCHOLEPTICS,,True,,ATC,21604543,,N05AH03,AMSTEL_source_concepts,source_code_atc,high
DRUG//START//65//7225,ATC//N02//ANALGESICS,,True,,ATC,21604256,,N02AA01,AMSTEL_source_concepts,source_code_atc,high
DRUG//START//30//6862,ATC//C07//BETA_BLOCKING_AGENTS,,True,,ATC,21601685,,C07AB03,AMSTEL_source_concepts,source_code_atc,high
DRUG//START//67//20362,ATC//SFX//B05,,True,,ATC,21601214,,B05XA31,AMSTEL_source_concepts,source_code_atc,high
DRUG//START//67//8132,ATC//H02//CORTICOSTEROIDS_FOR_SYSTEMIC_USE,,True,,ATC,21602732,,H02AB04,AMSTEL_source_concepts,source_code_atc,high
DRUG//START//30//7151,ATC//C07//BETA_BLOCKING_AGENTS,,True,,ATC,21601699,,C07AG01,AMSTEL_source_concepts,source_code_atc,high
DRUG//START//21//8547,ATC//J02//ANTIMYCOTICS_FOR_SYSTEMIC_USE,,True,,ATC,21603082,,J02AC03,AMSTEL_source_concepts,source_code_atc,high
DRUG//START//70//9136,ATC//R03//ANTI-ASTHMATICS,,True,,ATC,21603256,,R03AC02,AMSTEL_source_concepts,source_code_atc,high
DRUG//START//29//16360,ATC//N05//PSYCHOLEPTICS,,True,,ATC,21604544,,N05AH04,AMSTEL_source_concepts,source_code_atc,high
DRUG//START//29//9147,OMOP//OMOP_CONCEPT//41114268,,True,,OMOP_CONCEPT,41114268,,Amitriptyline Oral Tablet [Tryptizol],AMSTEL_usagi,source_code_omop,medium
DRUG//START//69//12894,OMOP//OMOP_CONCEPT//36264610,,True,,OMOP_CONCEPT,36264610,,Carbomer Ophthalmic Gel [Vidisic],AMSTEL_usagi,source_code_omop,medium
DRUG//START//29//12535,OMOP//OMOP_CONCEPT//40029131,,True,,OMOP_CONCEPT,40029131,,citalopram Oral Tablet [Cipramil],AMSTEL_usagi,source_code_omop,medium
DRUG//START//15//15739,ATC//J02//ANTIMYCOTICS_FOR_SYSTEMIC_USE,,True,,ATC,21603088,,J02AX06,AMSTEL_source_concepts,source_code_atc,high
DRUG//START//25//12469,OMOP//OMOP_CONCEPT//40742495,,True,,OMOP_CONCEPT,40742495,,mycophenolate mofetil Injectable Solution [Cellcept],AMSTEL_usagi,source_code_omop,medium
DRUG//START//23//13018,OMOP//OMOP_CONCEPT//40726358,,True,,OMOP_CONCEPT,40726358,,Levetiracetam 100 MG/ML Injectable Solution [Keppra],AMSTEL_usagi,source_code_omop,medium
DRUG//START//71//9061,OMOP//OMOP_CONCEPT//36059366,,True,,OMOP_CONCEPT,36059366,,cholecalciferol 400 UNT Oral Tablet,AMSTEL_usagi,source_code_omop,medium
DRUG//START//42//7266,,,False,oral_food,,,,,AMSTEL_source_concepts,label_context,low
DRUG//START//71//9040,OMOP//OMOP_CONCEPT//40017105,,True,,OMOP_CONCEPT,40017105,,calcium carbonate Oral Tablet,AMSTEL_usagi,source_code_omop,medium
DRUG//START//23//7214,ATC//N01//ANESTHETICS,,True,,ATC,21604213,,N01AX07,AMSTEL_source_concepts,source_code_atc,high
DRUG//START//30//19369,ATC//SFX//B01,,True,,ATC,40252640,,B01AC24,AMSTEL_source_concepts,source_code_atc,high
DRUG//START//42//15020,,,False,oral_drink,,,,,AMSTEL_source_concepts,label_context,low
DRUG//START//25//13096,ATC//SFX//B01,,True,,ATC,21601030,,B01AX05,AMSTEL_source_concepts,source_code_atc,high
DRUG//START//30//7193,ATC//C09//AGENTS_ACTING_ON_THE_RENIN-ANGIOTENSIN_SYSTEM,,True,,ATC,21601786,,C09AA02,AMSTEL_source_concepts,source_code_atc,high
DRUG//START//42//15024,,,False,oral_drink,,,,,AMSTEL_source_concepts,label_context,low
DRUG//START//21//7187,ATC//J01//ANTIBIOTICS_AND_ANTIBACTERIALS_FOR_SYSTEMIC_USE,,True,,ATC,21603054,,J01XD01,AMSTEL_source_concepts,source_code_atc,high
DRUG//START//21//8457,ATC//J05//ANTIVIRALS_FOR_SYSTEMIC_USE,,True,,ATC,21603137,,J05AB11,AMSTEL_source_concepts,source_code_atc,high
DRUG//START//114//12616,OMOP//OMOP_CONCEPT//40798859,,False,enteral_nutrition,OMOP_CONCEPT,40798859,,General Nutrients,AMSTEL_usagi,source_code_omop,medium
DRUG//START//30//16113,ATC//SFX//C01,,True,,ATC,21600270,,C01BD01,AMSTEL_source_concepts,source_code_atc,high
DRUG//START//15//7235,ATC//J01//ANTIBIOTICS_AND_ANTIBACTERIALS_FOR_SYSTEMIC_USE,,True,,ATC,21602996,,J01GB03,AMSTEL_source_concepts,source_code_atc,high
DRUG//START//63//9155,OMOP//OMOP_CONCEPT//40798859,,False,enteral_nutrition,OMOP_CONCEPT,40798859,,General Nutrients,AMSTEL_usagi,source_code_omop,medium
DRUG//START//15//7232,ATC//J05//ANTIVIRALS_FOR_SYSTEMIC_USE,,True,,ATC,21603135,,J05AB06,AMSTEL_source_concepts,source_code_atc,high
DRUG//START//69//9591,OMOP//OMOP_CONCEPT//42901703,,False,crystalloid_or_diluent,OMOP_CONCEPT,42901703,,sodium chloride 9 MG/ML Nasal Solution [Nasadrops],AMSTEL_usagi,source_code_omop,medium
DRUG//START//32//12995,OMOP//OMOP_CONCEPT//43622835,,True,,OMOP_CONCEPT,43622835,,oxybutynin 5 MG Oral Tablet [Oxybutin],AMSTEL_usagi,source_code_omop,medium
DRUG//START//63//8952,OMOP//OMOP_CONCEPT//40798859,,False,enteral_nutrition,OMOP_CONCEPT,40798859,,General Nutrients,AMSTEL_usagi,source_code_omop,medium
DRUG//START//71//6821,OMOP//OMOP_CONCEPT//19060004,,True,,OMOP_CONCEPT,19060004,,alfacalcidol 0.00025 MG Oral Capsule,AMSTEL_usagi,source_code_omop,medium
DRUG//START//42//15089,,,False,oral_food,,,,,AMSTEL_source_concepts,label_context,low
DRUG//START//42//8962,,,False,oral_drink,,,,,AMSTEL_source_concepts,label_context,low
DRUG//START//71//8020,OMOP//OMOP_CONCEPT//36890652,,True,,OMOP_CONCEPT,36890652,,Potassium Chloride 600 MG Oral Capsule,AMSTEL_usagi,source_code_omop,medium
DRUG//START//71//7504,,,False,route_or_order_metadata,,,,,AMSTEL_source_concepts,label_context,low
DRUG//START//67//9021,ATC//A11//VITAMINS,,True,,ATC,21600837,,A11GA01,AMSTEL_source_concepts,source_code_atc,high
DRUG//START//21//9052,ATC//J01//ANTIBIOTICS_AND_ANTIBACTERIALS_FOR_SYSTEMIC_USE,,True,,ATC,21602961,,J01EE01,AMSTEL_source_concepts,source_code_atc,high
DRUG//START//65//9571,ATC//SFX//B05,,False,crystalloid_or_diluent,ATC,21601157,,B05BA03,AMSTEL_source_concepts,source_code_atc,high
DRUG//START//32//12943,OMOP//OMOP_CONCEPT//35868900,,True,,OMOP_CONCEPT,35868900,,nicotine Medicated Patch,AMSTEL_usagi,source_code_omop,medium
DRUG//START//114//12587,ATC//V06//GENERAL_NUTRIENTS,,False,enteral_nutrition,ATC,21605350,,V06DB,AMSTEL_source_concepts,source_code_atc,high
DRUG//START//114//12609,ATC//V06//GENERAL_NUTRIENTS,,False,enteral_nutrition,ATC,21605350,,V06DB,AMSTEL_source_concepts,source_code_atc,high
DRUG//START//70//9028,ATC//R03//ANTI-ASTHMATICS,,True,,ATC,21603293,,R03BB01,AMSTEL_source_concepts,source_code_atc,high
DRUG//START//114//20639,ATC//V06//GENERAL_NUTRIENTS,,False,enteral_nutrition,ATC,21605350,,V06DB,AMSTEL_source_concepts,source_code_atc,high
DRUG//START//30//9015,ATC//SFX//C01,,True,,ATC,21600270,,C01BD01,AMSTEL_source_concepts,source_code_atc,high
DRUG//START//70//12927,ATC//R03//ANTI-ASTHMATICS,,True,,ATC,21603256,,R03AC02,AMSTEL_source_concepts,source_code_atc,high
DRUG//START//69//12997,OMOP//OMOP_CONCEPT//36272898,,True,,OMOP_CONCEPT,36272898,,Ofloxacin 3 MG/ML Ophthalmic Solution [Trafloxal],AMSTEL_usagi,source_code_omop,medium
DRUG//START//27//6954,OMOP//OMOP_CONCEPT//40030210,,True,,OMOP_CONCEPT,40030210,,clemastine Oral Tablet [Tavegil],AMSTEL_usagi,source_code_omop,medium
DRUG//START//31//7013,OMOP//OMOP_CONCEPT//43730018,,True,,OMOP_CONCEPT,43730018,,Sucralfate Oral Solution [Ulcogant],AMSTEL_usagi,source_code_omop,medium
DRUG//START//31//15720,ATC//R03//ANTI-ASTHMATICS,,True,,ATC,21603293,,R03BB01,AMSTEL_source_concepts,source_code_atc,high
DRUG//START//15//6953,ATC//J04//ANTIMYCOBACTERIALS,,True,,ATC,21603097,,J04AB02,AMSTEL_source_concepts,source_code_atc,high
DRUG//START//30//13054,OMOP//OMOP_CONCEPT//21030575,,True,,OMOP_CONCEPT,21030575,,Midodrine Oral Tablet [Gutron],AMSTEL_usagi,source_code_omop,medium
DRUG//START//29//12750,OMOP//OMOP_CONCEPT//40064071,,True,,OMOP_CONCEPT,40064071,,methadone Oral Tablet,AMSTEL_usagi,source_code_omop,medium
DRUG//START//56//14869,OMOP//OMOP_CONCEPT//4037090,,False,oral_food,OMOP_CONCEPT,4037090,,Cooked food,AMSTEL_usagi,source_code_omop,medium
DRUG//START//29//9056,OMOP//OMOP_CONCEPT//42931745,,True,,OMOP_CONCEPT,42931745,,Valproate 500 MG [DEPAKINE CHRONO],AMSTEL_usagi,source_code_omop,medium
DRUG//START//32//8088,OMOP//OMOP_CONCEPT//1595801,,True,,OMOP_CONCEPT,1595801,,ferrous fumarate 200 MG Oral Tablet,AMSTEL_usagi,source_code_omop,medium
DRUG//START//30//6933,OMOP//OMOP_CONCEPT//40077366,,True,,OMOP_CONCEPT,40077366,,propranolol Oral Tablet,AMSTEL_usagi,source_code_omop,medium
DRUG//START//30//7504,,,False,route_or_order_metadata,,,,,AMSTEL_source_concepts,label_context,low
DRUG//START//65//8019,OMOP//OMOP_CONCEPT//40085629,,True,,OMOP_CONCEPT,40085629,,urokinase Injectable Solution,AMSTEL_usagi,source_code_omop,medium
DRUG//START//23//7215,OMOP//OMOP_CONCEPT//43639048,,True,,OMOP_CONCEPT,43639048,,Valproate 100 MG/ML Injectable Solution [Orfiril],AMSTEL_usagi,source_code_omop,medium
DRUG//START//56//14958,,,False,oral_food,,,,,AMSTEL_source_concepts,label_context,low
DRUG//START//70//9132,OMOP//OMOP_CONCEPT//35153803,,True,,OMOP_CONCEPT,35153803,,Budesonide 0.125 MG/ML Inhalation Solution [Pulmicort],AMSTEL_usagi,source_code_omop,medium
DRUG//START//39//16799,OMOP//OMOP_CONCEPT//2022647,,False,parenteral_nutrition,OMOP_CONCEPT,2022647,,"2000 ML alanine 8.44 MG/ML / arginine 5.7 MG/ML / aspartic acid 1.65 MG/ML / calcium chloride, dihydration 0.516 MG/ML / glucose 115 MG/ML / glutamate 2.84 MG/ML / glycerol mono(di)sodium phosphate 3.67 MG/ML / ... Injectable Solution [OLIMEL N9E]",AMSTEL_usagi,source_code_omop,medium
DRUG//START//69//19223,OMOP//OMOP_CONCEPT//19076177,,True,,OMOP_CONCEPT,19076177,,dextran 70 1 MG/ML / hypromellose 3 MG/ML Ophthalmic Solution,AMSTEL_usagi,source_code_omop,medium
DRUG//START//56//14881,OMOP//OMOP_CONCEPT//4037090,,False,oral_food,OMOP_CONCEPT,4037090,,Cooked food,AMSTEL_usagi,source_code_omop,medium
DRUG//START//42//15022,,,False,oral_drink,,,,,AMSTEL_source_concepts,label_context,low
DRUG//START//30//18707,OMOP//OMOP_CONCEPT//21046449,,True,,OMOP_CONCEPT,21046449,,prasugrel Oral Tablet [Efient],AMSTEL_usagi,source_code_omop,medium
DRUG//START//29//7052,OMOP//OMOP_CONCEPT//41206270,,True,,OMOP_CONCEPT,41206270,,Tramadol Oral Tablet [Tramal],AMSTEL_usagi,source_code_omop,medium
DRUG//START//71//12803,OMOP//OMOP_CONCEPT//40063356,,True,,OMOP_CONCEPT,40063356,,metformin Oral Tablet [Glucophage],AMSTEL_usagi,source_code_omop,medium
DRUG//START//30//7166,OMOP//OMOP_CONCEPT//40000896,,True,,OMOP_CONCEPT,40000896,,losartan Oral Tablet [Cozaar],AMSTEL_usagi,source_code_omop,medium
DRUG//START//67//6866,OMOP//OMOP_CONCEPT//40069303,,True,,OMOP_CONCEPT,40069303,,octreotide Injectable Solution,AMSTEL_usagi,source_code_omop,medium
DRUG//START//39//18789,ATC//SFX//B05,,False,parenteral_nutrition,ATC,21601159,,B05BA10,AMSTEL_source_concepts,source_code_atc,high
DRUG//START//42//15088,,,False,oral_food,,,,,AMSTEL_source_concepts,label_context,low
DRUG//START//29//7222,OMOP//OMOP_CONCEPT//36267076,,True,,OMOP_CONCEPT,36267076,,Phenytoin Oral Tablet [Diphantoine],AMSTEL_usagi,source_code_omop,medium
DRUG//START//30//7141,OMOP//OMOP_CONCEPT//40052454,,True,,OMOP_CONCEPT,40052454,,isosorbide dinitrate Oral Tablet [Cedocard],AMSTEL_usagi,source_code_omop,medium
DRUG//START//71//10583,OMOP//OMOP_CONCEPT//40080109,,True,,OMOP_CONCEPT,40080109,,sodium chloride Oral Tablet,AMSTEL_usagi,source_code_omop,medium
DRUG//START//31//7504,,,False,route_or_order_metadata,,,,,AMSTEL_source_concepts,label_context,low
DRUG//START//69//21094,OMOP//OMOP_CONCEPT//36259363,,True,,OMOP_CONCEPT,36259363,,Lanolin / Liquid Petroleum / Paraffin Ophthalmic Ointment [Duratears],AMSTEL_usagi,source_code_omop,medium
DRUG//START//55//19932,ATC//SFX//B05,,False,crystalloid_or_diluent,ATC,21601197,,B05XA02,AMSTEL_source_concepts,source_code_atc,high
DRUG//START//31//7163,OMOP//OMOP_CONCEPT//40169834,,True,,OMOP_CONCEPT,40169834,,loperamide Oral Tablet [Imodium],AMSTEL_usagi,source_code_omop,medium
DRUG//START//56//14853,OMOP//OMOP_CONCEPT//4037090,,False,oral_food,OMOP_CONCEPT,4037090,,Cooked food,AMSTEL_usagi,source_code_omop,medium
DRUG//START//67//6992,OMOP//OMOP_CONCEPT//44160866,,True,,OMOP_CONCEPT,44160866,,desmopressin Injectable Solution [Minirin],AMSTEL_usagi,source_code_omop,medium
DRUG//START//71//7027,ATC//A11//VITAMINS,,True,,ATC,21600825,,A11DA01,AMSTEL_source_concepts,source_code_atc,high
DRUG//START//29//13013,OMOP//OMOP_CONCEPT//40058139,,True,,OMOP_CONCEPT,40058139,,lamotrigine Oral Tablet [Lamictal],AMSTEL_usagi,source_code_omop,medium
DRUG//START//21//10584,OMOP//OMOP_CONCEPT//40025432,,True,,OMOP_CONCEPT,40025432,,colistin Oral Tablet,AMSTEL_usagi,source_code_omop,medium
DRUG//START//29//12992,OMOP//OMOP_CONCEPT//43206070,,True,,OMOP_CONCEPT,43206070,,Clozapine Oral Tablet [LEPONEX],AMSTEL_usagi,source_code_omop,medium
DRUG//START//32//10623,OMOP//OMOP_CONCEPT//40163384,,True,,OMOP_CONCEPT,40163384,,sevelamer hydrochloride 800 MG Oral Tablet [RenaGel],AMSTEL_usagi,source_code_omop,medium
DRUG//START//42//15114,,,False,oral_drink,,,,,AMSTEL_source_concepts,label_context,low
DRUG//START//29//7170,OMOP//OMOP_CONCEPT//40035930,,True,,OMOP_CONCEPT,40035930,,diazepam Oral Tablet [Valium],AMSTEL_usagi,source_code_omop,medium
DRUG//START//65//6847,ATC//J01//ANTIBIOTICS_AND_ANTIBACTERIALS_FOR_SYSTEMIC_USE,,True,,ATC,21602823,,J01CA04,AMSTEL_source_concepts,source_code_atc,high
DRUG//START//65//9137,OMOP//RXNORM_EXTENSION//40988792,,True,,RxNorm Extension,40988792,,Cyclosporine Injectable Solution [Sandimmun],AMSTEL_usagi,source_code_omop,medium
DRUG//START//56//8420,OMOP//OMOP_CONCEPT//42536273,,False,oral_food,OMOP_CONCEPT,42536273,,Sandwich,AMSTEL_usagi,source_code_omop,medium
DRUG//START//29//7976,OMOP//OMOP_CONCEPT//21141947,,True,,OMOP_CONCEPT,21141947,,Benserazide 12.5 MG / Levodopa 50 MG Oral Tablet [Madopar],AMSTEL_usagi,source_code_omop,medium
DRUG//START//56//14972,,,False,oral_food,,,,,AMSTEL_source_concepts,label_context,low
DRUG//START//70//7504,,,False,route_or_order_metadata,,,,,AMSTEL_source_concepts,label_context,low
DRUG//START//30//8470,OMOP//OMOP_CONCEPT//41268725,,True,,OMOP_CONCEPT,41268725,,Metoprolol Extended Release Oral Tablet [Selokeen],AMSTEL_usagi,source_code_omop,medium
DRUG//START//23//7480,ATC//N01//ANESTHETICS,,True,,ATC,21604214,,N01AX10,AMSTEL_source_concepts,source_code_atc,high
DRUG//START//23//6962,OMOP//OMOP_CONCEPT//798896,,True,,OMOP_CONCEPT,798896,,clonazepam 1 MG/ML Injectable Solution,AMSTEL_usagi,source_code_omop,medium
DRUG//START//27//7504,,,False,route_or_order_metadata,,,,,AMSTEL_source_concepts,label_context,low
DRUG//START//42//15031,,,False,oral_drink,,,,,AMSTEL_source_concepts,label_context,low
DRUG//START//29//6894,OMOP//RXNORM_EXTENSION//21120510,,True,,RxNorm Extension,21120510,,Paroxetine Oral Tablet [Seroxat],AMSTEL_usagi,source_code_omop,medium
DRUG//START//56//14905,OMOP//OMOP_CONCEPT//4037090,,False,oral_food,OMOP_CONCEPT,4037090,,Cooked food,AMSTEL_usagi,source_code_omop,medium
DRUG//START//42//15058,,,False,oral_food,,,,,AMSTEL_source_concepts,label_context,low
DRUG//START//56//14883,OMOP//OMOP_CONCEPT//4037090,,False,oral_food,OMOP_CONCEPT,4037090,,Cooked food,AMSTEL_usagi,source_code_omop,medium
DRUG//START//42//8970,OMOP//OMOP_CONCEPT//4023517,,False,route_or_order_metadata,OMOP_CONCEPT,4023517,,Drinks,AMSTEL_usagi,source_code_omop,medium
DRUG//START//56//14854,OMOP//OMOP_CONCEPT//4037090,,False,oral_food,OMOP_CONCEPT,4037090,,Cooked food,AMSTEL_usagi,source_code_omop,medium
DRUG//START//70//9552,OMOP//OMOP_CONCEPT//21044768,,True,,OMOP_CONCEPT,21044768,,Acetylcysteine 200 MG Oral Solution [Fluimucil],AMSTEL_usagi,source_code_omop,medium
DRUG//START//71//10628,OMOP//OMOP_CONCEPT//40041021,,True,,OMOP_CONCEPT,40041021,,fludrocortisone Oral Tablet [Florinef],AMSTEL_usagi,source_code_omop,medium
DRUG//START//56//14855,OMOP//OMOP_CONCEPT//4037090,,False,oral_food,OMOP_CONCEPT,4037090,,Cooked food,AMSTEL_usagi,source_code_omop,medium
DRUG//START//29//13046,OMOP//OMOP_CONCEPT//43857170,,True,,OMOP_CONCEPT,43857170,,tizanidine Oral Tablet [Sirdalud],AMSTEL_usagi,source_code_omop,medium
DRUG//START//56//14909,OMOP//OMOP_CONCEPT//4037090,,False,oral_food,OMOP_CONCEPT,4037090,,Cooked food,AMSTEL_usagi,source_code_omop,medium
DRUG//START//71//6995,ATC//H02//CORTICOSTEROIDS_FOR_SYSTEMIC_USE,,True,,ATC,21602730,,H02AB02,AMSTEL_source_concepts,source_code_atc,high
DRUG//START//67//7157,ATC//H03//THYROID_THERAPY,,True,,ATC,21602754,,H03AA01,AMSTEL_source_concepts,source_code_atc,high
DRUG//START//56//14882,OMOP//OMOP_CONCEPT//4037090,,False,oral_food,OMOP_CONCEPT,4037090,,Cooked food,AMSTEL_usagi,source_code_omop,medium
DRUG//START//32//7242,OMOP//OMOP_CONCEPT//40131914,,True,,OMOP_CONCEPT,40131914,,folic acid Oral Tablet,AMSTEL_usagi,source_code_omop,medium
DRUG//START//26//6898,OMOP//OMOP_CONCEPT//44121721,,True,,OMOP_CONCEPT,44121721,,butylscopolamine Oral Tablet [Buscopan],AMSTEL_usagi,source_code_omop,medium
DRUG//START//27//12386,OMOP//OMOP_CONCEPT//36879879,,True,,OMOP_CONCEPT,36879879,,Acetylcysteine Injectable Solution,AMSTEL_usagi,source_code_omop,medium
DRUG//START//15//7504,,,False,route_or_order_metadata,,,,,AMSTEL_source_concepts,label_context,low
DRUG//START//23//7504,,,False,route_or_order_metadata,,,,,AMSTEL_source_concepts,label_context,low
DRUG//START//29//8424,OMOP//OMOP_CONCEPT//40066580,,True,,OMOP_CONCEPT,40066580,,methylphenidate Oral Tablet [Ritalin],AMSTEL_usagi,source_code_omop,medium
DRUG//START//42//15032,,,False,oral_drink,,,,,AMSTEL_source_concepts,label_context,low
DRUG//START//30//7139,OMOP//OMOP_CONCEPT//40088091,,True,,OMOP_CONCEPT,40088091,,verapamil Oral Tablet [Isoptin],AMSTEL_usagi,source_code_omop,medium
DRUG//START//56//14870,OMOP//OMOP_CONCEPT//4037090,,False,oral_food,OMOP_CONCEPT,4037090,,Cooked food,AMSTEL_usagi,source_code_omop,medium
DRUG//START//42//15132,,,False,oral_food,,,,,AMSTEL_source_concepts,label_context,low
DRUG//START//67//7624,ATC//A10//DRUGS_USED_IN_DIABETES,,True,,ATC,21600715,,A10AB01,AMSTEL_source_concepts,source_code_atc,high
DRUG//START//56//14956,,,False,oral_food,,,,,AMSTEL_source_concepts,label_context,low
DRUG//START//21//6948,ATC//J01//ANTIBIOTICS_AND_ANTIBACTERIALS_FOR_SYSTEMIC_USE,,True,,ATC,21603009,,J01MA02,AMSTEL_source_concepts,source_code_atc,high
DRUG//START//42//15087,,,False,oral_food,,,,,AMSTEL_source_concepts,label_context,low
DRUG//START//56//14871,OMOP//OMOP_CONCEPT//4037090,,False,oral_food,OMOP_CONCEPT,4037090,,Cooked food,AMSTEL_usagi,source_code_omop,medium
DRUG//START//69//19215,OMOP//OMOP_CONCEPT//36061387,,True,,OMOP_CONCEPT,36061387,,chlorhexidine 40 MG/ML Topical Solution [Hibiscrub],AMSTEL_usagi,source_code_omop,medium
DRUG//START//27//6804,ATC//S01//OPHTHALMOLOGICALS,,True,,ATC,21603693,,S01EC01,AMSTEL_source_concepts,source_code_atc,high
DRUG//START//29//12940,OMOP//OMOP_CONCEPT//35870209,,True,,OMOP_CONCEPT,35870209,,fentanyl Medicated Patch,AMSTEL_usagi,source_code_omop,medium
DRUG//START//67//21110,OMOP//OMOP_CONCEPT//43040836,,True,,OMOP_CONCEPT,43040836,,10 ML chromic chloride 0.00512 MG/ML / Copper chloride 0.102 MG/ML / ferric chloride 0.54 MG/ML / manganese chloride 0.0198 MG/ML / Potassium Iodide 0.0166 MG/ML / Selenite 0.0173 MG/ML / ... Injectable Solution [SUPPLIVEN] Box of 20 by Fresenius,AMSTEL_usagi,source_code_omop,medium
DRUG//START//65//9620,OMOP//OMOP_CONCEPT//4225555,,False,route_or_order_metadata,OMOP_CONCEPT,4225555,,Epidural,AMSTEL_usagi,source_code_omop,medium
DRUG//START//56//14962,,,False,oral_food,,,,,AMSTEL_source_concepts,label_context,low
DRUG//START//55//8998,ATC//SFX//B05,,False,crystalloid_or_diluent,ATC,21601197,,B05XA02,AMSTEL_source_concepts,source_code_atc,high
DRUG//START//32//6804,ATC//S01//OPHTHALMOLOGICALS,,True,,ATC,21603693,,S01EC01,AMSTEL_source_concepts,source_code_atc,high
DRUG//START//69//6932,,,False,,,,,,AMSTEL_source_concepts,label_context,low
DRUG//START//55//10739,OMOP//OMOP_CONCEPT//42482740,,False,crystalloid_or_diluent,OMOP_CONCEPT,42482740,,Sodium Chloride 30 MG/ML Injectable Solution,AMSTEL_usagi,source_code_omop,medium
DRUG//START//65//18674,OMOP//OMOP_CONCEPT//43026040,,True,,OMOP_CONCEPT,43026040,,argatroban Injectable Solution [ARGANOVA],AMSTEL_usagi,source_code_omop,medium
DRUG//START//29//9023,OMOP//OMOP_CONCEPT//21053686,,True,,OMOP_CONCEPT,21053686,,Allopurinol Oral Tablet [Zyloric],AMSTEL_usagi,source_code_omop,medium
DRUG//START//30//6882,ATC//SFX//C03,,True,,ATC,21601519,,C03CA02,AMSTEL_source_concepts,source_code_atc,high
DRUG//START//42//15061,,,False,oral_food,,,,,AMSTEL_source_concepts,label_context,low
DRUG//START//29//6910,ATC//N02//ANALGESICS,,True,,ATC,21604277,,N02AC03,AMSTEL_source_concepts,source_code_atc,high
DRUG//START//21//7208,ATC//J01//ANTIBIOTICS_AND_ANTIBACTERIALS_FOR_SYSTEMIC_USE,,True,,ATC,21602970,,J01FA01,AMSTEL_source_concepts,source_code_atc,high
DRUG//START//55//20174,ATC//SFX//B05,,False,crystalloid_or_diluent,ATC,21601165,,B05BC01,AMSTEL_source_concepts,source_code_atc,high
DRUG//START//25//7679,ATC//V03//ALL_OTHER_THERAPEUTIC_PRODUCTS,,True,,ATC,21605239,,V03AB14,AMSTEL_source_concepts,source_code_atc,high
DRUG//START//29//12492,OMOP//OMOP_CONCEPT//40065516,,True,,OMOP_CONCEPT,40065516,,mirtazapine Oral Tablet [Remeron],AMSTEL_usagi,source_code_omop,medium
DRUG//START//42//8960,OMOP//OMOP_CONCEPT//4028000,,False,oral_food,OMOP_CONCEPT,4028000,,Soup,AMSTEL_usagi,source_code_omop,medium
DRUG//START//25//9111,OMOP//OMOP_CONCEPT//43034294,,True,,OMOP_CONCEPT,43034294,,Filgrastim 0.6 MG/ML Injectable Solution [Neupogen],AMSTEL_usagi,source_code_omop,medium
DRUG//START//114//12592,ATC//V06//GENERAL_NUTRIENTS,,False,enteral_nutrition,ATC,21605350,,V06DB,AMSTEL_source_concepts,source_code_atc,high
DRUG//START//55//10738,,,False,,,,,,AMSTEL_source_concepts,label_context,low
DRUG//START//55//19129,ATC//A10//DRUGS_USED_IN_DIABETES,,True,,ATC,21600719,,A10AB05,AMSTEL_source_concepts,source_code_atc,high
DRUG//START//30//6964,ATC//SFX//C02,,True,,ATC,21600398,,C02AC01,AMSTEL_source_concepts,source_code_atc,high
DRUG//START//15//6871,ATC//J01//ANTIBIOTICS_AND_ANTIBACTERIALS_FOR_SYSTEMIC_USE,,True,,ATC,21602841,,J01CE01,AMSTEL_source_concepts,source_code_atc,high
DRUG//START//70//9101,ATC//R05//COUGH_AND_COLD_PREPARATIONS,,True,,ATC,21603380,,R05CB01,AMSTEL_source_concepts,source_code_atc,high
DRUG//START//30//7182,OMOP//OMOP_CONCEPT//40032253,,True,,OMOP_CONCEPT,40032253,,doxazosin Oral Tablet [Cardura],AMSTEL_usagi,source_code_omop,medium
DRUG//START//55//7624,ATC//A10//DRUGS_USED_IN_DIABETES,,True,,ATC,21600715,,A10AB01,AMSTEL_source_concepts,source_code_atc,high
DRUG//START//56//14994,,,False,oral_food,,,,,AMSTEL_source_concepts,label_context,low
DRUG//START//56//14986,,,False,oral_food,,,,,AMSTEL_source_concepts,label_context,low
DRUG//START//30//12938,OMOP//OMOP_CONCEPT//40092147,,True,,OMOP_CONCEPT,40092147,,carvedilol Oral Tablet [Eucardic],AMSTEL_usagi,source_code_omop,medium
DRUG//START//42//15100,,,False,oral_drink,,,,,AMSTEL_source_concepts,label_context,low
DRUG//START//29//13883,OMOP//OMOP_CONCEPT//19113600,,True,,OMOP_CONCEPT,19113600,,oxycodone hydrochloride 5 MG Oral Capsule [Oxynorm],AMSTEL_usagi,source_code_omop,medium
DRUG//START//31//6864,OMOP//OMOP_CONCEPT//40243369,,True,,OMOP_CONCEPT,40243369,,atropine sulfate 0.1 MG/ML Oral Solution,AMSTEL_usagi,source_code_omop,medium
DRUG//START//119//10623,OMOP//OMOP_CONCEPT//41027327,,True,,OMOP_CONCEPT,41027327,,sevelamer 2400 MG Oral Solution [Renvela],AMSTEL_usagi,source_code_omop,medium
DRUG//START//42//15034,,,False,oral_drink,,,,,AMSTEL_source_concepts,label_context,low
DRUG//START//24//6818,ATC//SFX//C01,,True,,ATC,21600303,,C01CA24,AMSTEL_source_concepts,source_code_atc,high
DRUG//START//30//7226,OMOP//OMOP_CONCEPT//43195621,,True,,OMOP_CONCEPT,43195621,,Nifedipine Oral Tablet [Adalate],AMSTEL_usagi,source_code_omop,medium
DRUG//START//42//15120,,,False,oral_drink,,,,,AMSTEL_source_concepts,label_context,low
DRUG//START//30//19134,OMOP//OMOP_CONCEPT//40099654,,True,,OMOP_CONCEPT,40099654,,rosuvastatin Oral Tablet [Crestor],AMSTEL_usagi,source_code_omop,medium
DRUG//START//32//20248,OMOP//OMOP_CONCEPT//40024775,,True,,OMOP_CONCEPT,40024775,,chlorhexidine Mouthwash,AMSTEL_usagi,source_code_omop,medium
DRUG//START//56//8421,OMOP//OMOP_CONCEPT//4037090,,False,oral_food,OMOP_CONCEPT,4037090,,Cooked food,AMSTEL_usagi,source_code_omop,medium
DRUG//START//65//9002,ATC//SFX//B05,,True,,ATC,21601200,,B05XA05,AMSTEL_source_concepts,source_code_atc,high
DRUG//START//69//10579,OMOP//OMOP_CONCEPT//968167,,False,crystalloid_or_diluent,OMOP_CONCEPT,968167,,sodium chloride 9 MG/ML Nasal Spray,AMSTEL_usagi,source_code_omop,medium
DRUG//START//55//7504,,,False,route_or_order_metadata,,,,,AMSTEL_source_concepts,label_context,low
DRUG//START//67//7018,OMOP//OMOP_CONCEPT//43746121,,True,,OMOP_CONCEPT,43746121,,Cosyntropin Injectable Solution [Synacthen],AMSTEL_usagi,source_code_omop,medium
DRUG//START//69//9148,,,False,,,,,,AMSTEL_source_concepts,label_context,low
DRUG//START//65//15256,OMOP//OMOP_CONCEPT//784047,,True,,OMOP_CONCEPT,784047,,Tacrolimus Injectable Solution [Prograft],AMSTEL_usagi,source_code_omop,medium
DRUG//START//31//13008,OMOP//OMOP_CONCEPT//43819954,,True,,OMOP_CONCEPT,43819954,,Ursodeoxycholate Oral Tablet [Ursochol],AMSTEL_usagi,source_code_omop,medium
DRUG//START//29//9019,ATC//SFX//B01,,True,,ATC,21600993,,B01AC08,AMSTEL_source_concepts,source_code_atc,high
DRUG//START//30//9087,OMOP//OMOP_CONCEPT//40033907,,True,,OMOP_CONCEPT,40033907,,digoxin Oral Tablet [Lanoxin],AMSTEL_usagi,source_code_omop,medium
DRUG//START//119//20264,OMOP//OMOP_CONCEPT//41027327,,True,,OMOP_CONCEPT,41027327,,sevelamer 2400 MG Oral Solution [Renvela],AMSTEL_usagi,source_code_omop,medium
DRUG//START//42//15019,,,False,oral_drink,,,,,AMSTEL_source_concepts,label_context,low
DRUG//START//32//9137,OMOP//OMOP_CONCEPT//42948077,,True,,OMOP_CONCEPT,42948077,,Cyclosporine Oral Capsule [SANDIMMUN NEORAL],AMSTEL_usagi,source_code_omop,medium
DRUG//START//42//15086,,,False,oral_food,,,,,AMSTEL_source_concepts,label_context,low
DRUG//START//42//15116,,,False,oral_drink,,,,,AMSTEL_source_concepts,label_context,low
DRUG//START//30//12924,OMOP//OMOP_CONCEPT//40100617,,True,,OMOP_CONCEPT,40100617,,sildenafil Oral Tablet [Viagra],AMSTEL_usagi,source_code_omop,medium
DRUG//START//42//7349,OMOP//OMOP_CONCEPT//4026735,,False,oral_food,OMOP_CONCEPT,4026735,,Yogurt,AMSTEL_usagi,source_code_omop,medium
DRUG//START//65//7217,OMOP//OMOP_CONCEPT//40072348,,True,,OMOP_CONCEPT,40072348,,neostigmine Injectable Solution,AMSTEL_usagi,source_code_omop,medium
DRUG//START//24//7006,ATC//C07//BETA_BLOCKING_AGENTS,,True,,ATC,21601672,,C07AA07,AMSTEL_source_concepts,source_code_atc,high
DRUG//START//30//13007,OMOP//OMOP_CONCEPT//40100659,,True,,OMOP_CONCEPT,40100659,,valsartan Oral Tablet [Diovan],AMSTEL_usagi,source_code_omop,medium
DRUG//START//118//15730,,,False,research_or_trial,,,,,AMSTEL_source_concepts,label_context,low
DRUG//START//42//15092,,,False,oral_food,,,,,AMSTEL_source_concepts,label_context,low
DRUG//START//114//12590,ATC//V06//GENERAL_NUTRIENTS,,False,enteral_nutrition,ATC,21605350,,V06DB,AMSTEL_source_concepts,source_code_atc,high
DRUG//START//17//9599,ATC//SFX//B05,,True,,ATC,21601144,,B05AA07,AMSTEL_source_concepts,source_code_atc,high
DRUG//START//30//19572,RXNORM//40034687,,True,,RxNorm,40034687,,dipyridamole Oral Tablet [Persantine],AMSTEL_usagi,source_code_omop,medium
DRUG//START//29//12994,,,False,,,,,,AMSTEL_source_concepts,label_context,low
DRUG//START//29//19221,OMOP//OMOP_CONCEPT//40232705,,True,,OMOP_CONCEPT,40232705,,oxycodone hydrochloride 10 MG Extended Release Oral Tablet [Oxycontin],AMSTEL_usagi,source_code_omop,medium
DRUG//START//69//13104,,,False,,,,,,AMSTEL_source_concepts,label_context,low
DRUG//START//24//16113,ATC//SFX//C01,,True,,ATC,21600270,,C01BD01,AMSTEL_source_concepts,source_code_atc,high
DRUG//START//55//8267,,,False,route_or_order_metadata,,,,,AMSTEL_source_concepts,label_context,low
DRUG//START//65//12759,OMOP//OMOP_CONCEPT//19098340,,True,,OMOP_CONCEPT,19098340,,drotrecogin alfa 2 MG/ML Injectable Solution [Xigris],AMSTEL_usagi,source_code_omop,medium
DRUG//START//29//6980,,,False,,,,,,AMSTEL_source_concepts,label_context,low
DRUG//START//32//15256,,,False,,,,,,AMSTEL_source_concepts,label_context,low
DRUG//START//67//19129,ATC//A10//DRUGS_USED_IN_DIABETES,,True,,ATC,21600719,,A10AB05,AMSTEL_source_concepts,source_code_atc,high
DRUG//START//42//15030,,,False,oral_drink,,,,,AMSTEL_source_concepts,label_context,low
DRUG//START//42//15059,,,False,oral_food,,,,,AMSTEL_source_concepts,label_context,low
DRUG//START//65//6866,OMOP//OMOP_CONCEPT//40069303,,True,,OMOP_CONCEPT,40069303,,octreotide Injectable Solution,AMSTEL_usagi,source_code_omop,medium
DRUG//START//42//15066,,,False,oral_drink,,,,,AMSTEL_source_concepts,label_context,low
DRUG//START//29//6908,ATC//SFX//B01,,True,,ATC,21600993,,B01AC08,AMSTEL_source_concepts,source_code_atc,high
DRUG//START//42//15040,,,False,oral_food,,,,,AMSTEL_source_concepts,label_context,low
DRUG//START//30//10741,,,False,,,,,,AMSTEL_source_concepts,label_context,low
DRUG//START//30//7174,,,False,,,,,,AMSTEL_source_concepts,label_context,low
DRUG//START//29//9124,,,False,,,,,,AMSTEL_source_concepts,label_context,low
DRUG//START//69//9088,OMOP//OMOP_CONCEPT//45776408,,True,,OMOP_CONCEPT,45776408,,lidocaine 0.05 MG/MG Topical Ointment,AMSTEL_usagi,source_code_omop,medium
DRUG//START//71//7106,ATC//H02//CORTICOSTEROIDS_FOR_SYSTEMIC_USE,,True,,ATC,21602737,,H02AB09,AMSTEL_source_concepts,source_code_atc,high
DRUG//START//42//15095,,,False,oral_food,,,,,AMSTEL_source_concepts,label_context,low
DRUG//START//39//12321,OMOP//OMOP_CONCEPT//2054362,,False,parenteral_nutrition,OMOP_CONCEPT,2054362,,alanine 5.7 MG/ML / arginine glutamate 5.98 MG/ML / aspartic acid 1.8 MG/ML / calcium chloride 0.54 MG/ML / glucose 333 MG/ML / glutamate 1.47 MG/ML / glycine 1.98 MG/ML / histidine 2.04 MG/ML / ... Injectable Solution [NUTRIFLEX 48],AMSTEL_usagi,source_code_omop,medium
DRUG//START//31//7180,ATC//SFX//A03,,True,,ATC,21600484,,A03FA01,AMSTEL_source_concepts,source_code_atc,high
DRUG//START//39//13042,ATC//SFX//B05,,False,parenteral_nutrition,ATC,21601159,,B05BA10,AMSTEL_source_concepts,source_code_atc,high
DRUG//START//39//8972,OMOP//OMOP_CONCEPT//40798859,,False,route_or_order_metadata,OMOP_CONCEPT,40798859,,General Nutrients,AMSTEL_usagi,source_code_omop,medium
DRUG//START//56//14877,OMOP//OMOP_CONCEPT//4037090,,False,oral_food,OMOP_CONCEPT,4037090,,Cooked food,AMSTEL_usagi,source_code_omop,medium
DRUG//START//63//7992,ATC//V06//GENERAL_NUTRIENTS,,False,enteral_nutrition,ATC,21605350,,V06DB,AMSTEL_source_concepts,source_code_atc,high
DRUG//START//65//18781,OMOP//OMOP_CONCEPT//4225555,,False,route_or_order_metadata,OMOP_CONCEPT,4225555,,Epidural,AMSTEL_usagi,source_code_omop,medium
DRUG//START//21//19571,ATC//J05//ANTIVIRALS_FOR_SYSTEMIC_USE,,True,,ATC,21603179,,J05AH02,AMSTEL_source_concepts,source_code_atc,high
DRUG//START//42//15109,,,False,oral_drink,,,,,AMSTEL_source_concepts,label_context,low
DRUG//START//29//13020,,,False,,,,,,AMSTEL_source_concepts,label_context,low
DRUG//START//69//14209,,,False,,,,,,AMSTEL_source_concepts,label_context,low
DRUG//START//71//9104,OMOP//OMOP_CONCEPT//19003160,,True,,OMOP_CONCEPT,19003160,,sodium bicarbonate 500 MG Oral Capsule,AMSTEL_usagi,source_code_omop,medium
DRUG//START//42//15134,,,False,oral_food,,,,,AMSTEL_source_concepts,label_context,low
DRUG//START//32//12937,OMOP//OMOP_CONCEPT//43212994,,True,,OMOP_CONCEPT,43212994,,Scopolamine 1.5 MG Transdermal System [Scopoderm],AMSTEL_usagi,source_code_omop,medium
DRUG//START//29//7194,ATC//N05//PSYCHOLEPTICS,,True,,ATC,21604643,,N05CD08,AMSTEL_source_concepts,source_code_atc,high
DRUG//START//31//9089,,,False,,,,,,AMSTEL_source_concepts,label_context,low
DRUG//START//69//9070,OMOP//OMOP_CONCEPT//43035851,,True,,OMOP_CONCEPT,43035851,,silver sulfadiazine 0.01 MG/MG Topical Cream [Flammazine],AMSTEL_usagi,source_code_omop,medium
DRUG//START//42//15046,,,False,oral_food,,,,,AMSTEL_source_concepts,label_context,low
DRUG//START//15//18675,ATC//J02//ANTIMYCOTICS_FOR_SYSTEMIC_USE,,True,,ATC,21603074,,J02AA01,AMSTEL_source_concepts,source_code_atc,high
DRUG//START//118//19665,,,False,research_or_trial,,,,,AMSTEL_source_concepts,label_context,low
DRUG//START//71//13001,,,False,,,,,,AMSTEL_source_concepts,label_context,low
DRUG//START//32//7237,OMOP//OMOP_CONCEPT//40042625,,True,,OMOP_CONCEPT,40042625,,fluoxetine Oral Tablet [Prozac],AMSTEL_usagi,source_code_omop,medium
DRUG//START//29//9074,,,False,,,,,,AMSTEL_source_concepts,label_context,low
DRUG//START//42//20723,ATC//V06//GENERAL_NUTRIENTS,,False,enteral_nutrition,ATC,21605350,,V06DB,AMSTEL_source_concepts,source_code_atc,high
DRUG//START//21//7231,ATC//J02//ANTIMYCOTICS_FOR_SYSTEMIC_USE,,True,,ATC,21603080,,J02AC01,AMSTEL_source_concepts,source_code_atc,high
DRUG//START//24//6864,OMOP//OMOP_CONCEPT//41336378,,True,,OMOP_CONCEPT,41336378,,1 ML Atropine 0.5 MG/ML Injectable Solution,AMSTEL_usagi,source_code_omop,medium
DRUG//START//42//15117,,,False,oral_drink,,,,,AMSTEL_source_concepts,label_context,low
DRUG//START//71//7242,OMOP//OMOP_CONCEPT//40131914,,True,,OMOP_CONCEPT,40131914,,folic acid Oral Tablet,AMSTEL_usagi,source_code_omop,medium
DRUG//START//32//8425,,,False,,,,,,AMSTEL_source_concepts,label_context,low
DRUG//START//71//15445,,,False,,,,,,AMSTEL_source_concepts,label_context,low
DRUG//START//69//7246,ATC//SFX//B02,,True,,ATC,21601045,,B02BA01,AMSTEL_source_concepts,source_code_atc,high
DRUG//START//26//6879,ATC//A02//DRUGS_FOR_ACID_RELATED_DISORDERS,,True,,ATC,21600096,,A02BC01,AMSTEL_source_concepts,source_code_atc,high
DRUG//START//29//12998,,,False,,,,,,AMSTEL_source_concepts,label_context,low
DRUG//START//31//9093,OMOP//OMOP_CONCEPT//44033779,,True,,OMOP_CONCEPT,44033779,,sodium citrate 90 MG/ML / SODIUM LAURYL SULFOACETATE 9 MG/ML / Sorbitol 625 MG/ML Rectal Solution [Microlax],AMSTEL_usagi,source_code_omop,medium
DRUG//START//42//15113,,,False,oral_drink,,,,,AMSTEL_source_concepts,label_context,low
DRUG//START//56//14984,,,False,oral_food,,,,,AMSTEL_source_concepts,label_context,low
DRUG//START//30//13049,OMOP//OMOP_CONCEPT//19134643,,True,,OMOP_CONCEPT,19134643,,isosorbide mononitrate 30 MG Extended Release Oral Tablet,AMSTEL_usagi,source_code_omop,medium
DRUG//START//30//7224,OMOP//OMOP_CONCEPT//40040219,,True,,OMOP_CONCEPT,40040219,,flecainide Oral Tablet [Tambocor],AMSTEL_usagi,source_code_omop,medium
DRUG//START//56//14879,OMOP//OMOP_CONCEPT//4037090,,False,oral_food,OMOP_CONCEPT,4037090,,Cooked food,AMSTEL_usagi,source_code_omop,medium
DRUG//START//71//13006,,,False,,,,,,AMSTEL_source_concepts,label_context,low
DRUG//START//25//15704,ATC//SFX//B02,,True,,ATC,21601061,,B02BD01,AMSTEL_source_concepts,source_code_atc,high
DRUG//START//21//8546,ATC//J01//ANTIBIOTICS_AND_ANTIBACTERIALS_FOR_SYSTEMIC_USE,,True,,ATC,21602977,,J01FA09,AMSTEL_source_concepts,source_code_atc,high
DRUG//START//21//9037,ATC//J01//ANTIBIOTICS_AND_ANTIBACTERIALS_FOR_SYSTEMIC_USE,,True,,ATC,21602845,,J01CE05,AMSTEL_source_concepts,source_code_atc,high
DRUG//START//29//6962,OMOP//OMOP_CONCEPT//40026130,,True,,OMOP_CONCEPT,40026130,,clonazepam Oral Tablet [Rivotril],AMSTEL_usagi,source_code_omop,medium
DRUG//START//21//9029,ATC//J01//ANTIBIOTICS_AND_ANTIBACTERIALS_FOR_SYSTEMIC_USE,,True,,ATC,21602863,,J01CR02,AMSTEL_source_concepts,source_code_atc,high
DRUG//START//42//15027,,,False,oral_drink,,,,,AMSTEL_source_concepts,label_context,low
DRUG//START//56//14884,OMOP//OMOP_CONCEPT//4037090,,False,oral_food,OMOP_CONCEPT,4037090,,Cooked food,AMSTEL_usagi,source_code_omop,medium
DRUG//START//56//14856,OMOP//OMOP_CONCEPT//4037090,,False,oral_food,OMOP_CONCEPT,4037090,,Cooked food,AMSTEL_usagi,source_code_omop,medium
DRUG//START//32//12469,OMOP//OMOP_CONCEPT//40130964,,True,,OMOP_CONCEPT,40130964,,mycophenolate mofetil Oral Tablet [Cellcept],AMSTEL_usagi,source_code_omop,medium
DRUG//START//65//12402,ATC//N01//ANESTHETICS,,True,,ATC,21604206,,N01AH06,AMSTEL_source_concepts,source_code_atc,high
DRUG//START//32//12946,,,False,,,,,,AMSTEL_source_concepts,label_context,low
DRUG//START//69//9114,,,False,,,,,,AMSTEL_source_concepts,label_context,low
DRUG//START//29//19875,OMOP//OMOP_CONCEPT//43146319,,True,,OMOP_CONCEPT,43146319,,Melatonin Oral Tablet [Circadin],AMSTEL_usagi,source_code_omop,medium
DRUG//START//42//15094,,,False,oral_food,,,,,AMSTEL_source_concepts,label_context,low
DRUG//START//69//13098,,,False,,,,,,AMSTEL_source_concepts,label_context,low
DRUG//START//63//8973,OMOP//OMOP_CONCEPT//40798859,,False,route_or_order_metadata,OMOP_CONCEPT,40798859,,General Nutrients,AMSTEL_usagi,source_code_omop,medium
DRUG//START//65//6960,ATC//M03//MUSCLE_RELAXANTS,,True,,ATC,21604086,,M03AC09,AMSTEL_source_concepts,source_code_atc,high
DRUG//START//119//16187,,,False,,,,,,AMSTEL_source_concepts,label_context,low
DRUG//START//32//18743,,,False,,,,,,AMSTEL_source_concepts,label_context,low
DRUG//START//42//7265,,,False,oral_drink,,,,,AMSTEL_source_concepts,label_context,low
DRUG//START//61//7366,ATC//SFX//B05,,False,blood_product,ATC,21601149,,B05AX01,AMSTEL_source_concepts,source_code_atc,high
DRUG//START//42//15106,,,False,oral_food,,,,,AMSTEL_source_concepts,label_context,low
DRUG//START//21//7044,ATC//J01//ANTIBIOTICS_AND_ANTIBACTERIALS_FOR_SYSTEMIC_USE,,True,,ATC,21602995,,J01GB01,AMSTEL_source_concepts,source_code_atc,high
DRUG//START//42//15122,,,False,oral_drink,,,,,AMSTEL_source_concepts,label_context,low
DRUG//START//56//14872,OMOP//OMOP_CONCEPT//4037090,,False,oral_food,OMOP_CONCEPT,4037090,,Cooked food,AMSTEL_usagi,source_code_omop,medium
DRUG//START//65//8249,ATC//SFX//B01,,True,,ATC,21600980,,B01AB09,AMSTEL_source_concepts,source_code_atc,high
DRUG//START//42//15123,,,False,oral_drink,,,,,AMSTEL_source_concepts,label_context,low
DRUG//START//31//6876,,,False,,,,,,AMSTEL_source_concepts,label_context,low
DRUG//START//31//9098,,,False,,,,,,AMSTEL_source_concepts,label_context,low
DRUG//START//65//7408,OMOP//OMOP_CONCEPT//36896007,,True,,OMOP_CONCEPT,36896007,,50 ML Lidocaine 20 MG/ML Injectable Solution [Xylocaine],AMSTEL_usagi,source_code_omop,medium
DRUG//START//39//14214,OMOP//OMOP_CONCEPT//588017,,False,parenteral_nutrition,OMOP_CONCEPT,588017,,Amino Acids,AMSTEL_usagi,source_code_omop,medium
DRUG//START//55//8938,OMOP//OMOP_CONCEPT//19079524,,False,line_or_device_metadata,OMOP_CONCEPT,19079524,,sodium chloride 9 MG/ML Injectable Solution,AMSTEL_usagi,source_code_omop,medium
DRUG//START//56//14878,OMOP//OMOP_CONCEPT//4037090,,False,oral_food,OMOP_CONCEPT,4037090,,Cooked food,AMSTEL_usagi,source_code_omop,medium
DRUG//START//27//7234,OMOP//OMOP_CONCEPT//35408363,,True,,OMOP_CONCEPT,35408363,,Flumazenil 0.1 MG/ML Injectable Solution [Anexate],AMSTEL_usagi,source_code_omop,medium
DRUG//START//42//15131,,,False,oral_food,,,,,AMSTEL_source_concepts,label_context,low
DRUG//START//56//14957,,,False,oral_food,,,,,AMSTEL_source_concepts,label_context,low
DRUG//START//29//13051,,,False,,,,,,AMSTEL_source_concepts,label_context,low
DRUG//START//21//6953,ATC//J04//ANTIMYCOBACTERIALS,,True,,ATC,21603097,,J04AB02,AMSTEL_source_concepts,source_code_atc,high
DRUG//START//30//19154,ATC//C10//LIPID_MODIFYING_AGENTS,,True,,ATC,21601896,,C10AX09,AMSTEL_source_concepts,source_code_atc,high
DRUG//START//65//12467,ATC//SFX//H01,,True,,ATC,21602702,,H01BA04,AMSTEL_source_concepts,source_code_atc,high
DRUG//START//42//15077,ATC//V06//GENERAL_NUTRIENTS,,False,enteral_nutrition,ATC,21605350,,V06DB,AMSTEL_source_concepts,source_code_atc,high
DRUG//START//42//19169,,,False,oral_drink,,,,,AMSTEL_source_concepts,label_context,low
DRUG//START//30//19213,ATC//C09//AGENTS_ACTING_ON_THE_RENIN-ANGIOTENSIN_SYSTEM,,True,,ATC,21601788,,C09AA04,AMSTEL_source_concepts,source_code_atc,high
DRUG//START//69//13102,RICU//ABX_DURATION,,False,,RICU,,,abx_duration,YAIB_ricu,table_itemid,medium
DRUG//START//15//9542,ATC//J02//ANTIMYCOTICS_FOR_SYSTEMIC_USE,,True,,ATC,21603081,,J02AC02,AMSTEL_source_concepts,source_code_atc,high
DRUG//START//24//7184,ATC//A02//DRUGS_FOR_ACID_RELATED_DISORDERS,,True,,ATC,21600097,,A02BC02,AMSTEL_source_concepts,source_code_atc,high
DRUG//START//67//19164,ATC//A12//MINERAL_SUPPLEMENTS,,True,,ATC,21600862,,A12AA03,AMSTEL_source_concepts,source_code_atc,high
DRUG//START//71//9021,ATC//A11//VITAMINS,,True,,ATC,21600837,,A11GA01,AMSTEL_source_concepts,source_code_atc,high
DRUG//START//65//7213,OMOP//OMOP_CONCEPT//35603874,,True,,OMOP_CONCEPT,35603874,,esmolol hydrochloride 10 MG/ML Injection [Brevibloc],AMSTEL_usagi,source_code_omop,medium
DRUG//START//21//9119,,,False,,,,,,AMSTEL_source_concepts,label_context,low
DRUG//START//23//7170,OMOP//OMOP_CONCEPT//40035930,,True,,OMOP_CONCEPT,40035930,,diazepam Oral Tablet [Valium],AMSTEL_usagi,source_code_omop,medium
DRUG//START//42//15098,,,False,oral_drink,,,,,AMSTEL_source_concepts,label_context,low
DRUG//START//67//9014,ATC//A10//DRUGS_USED_IN_DIABETES,,True,,ATC,21600715,,A10AB01,AMSTEL_source_concepts,source_code_atc,high
DRUG//START//29//12630,,,False,,,,,,AMSTEL_source_concepts,label_context,low
DRUG//START//30//10756,OMOP//OMOP_CONCEPT//40039228,,True,,OMOP_CONCEPT,40039228,,fosinopril Oral Tablet,AMSTEL_usagi,source_code_omop,medium
DRUG//START//56//14955,,,False,oral_food,,,,,AMSTEL_source_concepts,label_context,low
DRUG//START//65//12787,,,False,,,,,,AMSTEL_source_concepts,label_context,low
DRUG//START//71//6947,,,False,,,,,,AMSTEL_source_concepts,label_context,low
DRUG//START//25//8249,ATC//SFX//B01,,True,,ATC,21600980,,B01AB09,AMSTEL_source_concepts,source_code_atc,high
DRUG//START//31//7991,,,False,,,,,,AMSTEL_source_concepts,label_context,low
DRUG//START//24//6816,OMOP//OMOP_CONCEPT//42480325,,True,,OMOP_CONCEPT,42480325,,Adenosine 3 MG/ML Injectable Solution,AMSTEL_usagi,source_code_omop,medium
DRUG//START//65//8190,OMOP//OMOP_CONCEPT//700266,,True,,OMOP_CONCEPT,700266,,thiopental 25 MG/ML Injectable Solution,AMSTEL_usagi,source_code_omop,medium
DRUG//START//39//12619,OMOP//OMOP_CONCEPT//588017,,False,parenteral_nutrition,OMOP_CONCEPT,588017,,Amino Acids,AMSTEL_usagi,source_code_omop,medium
DRUG//START//42//15129,,,False,oral_drink,,,,,AMSTEL_source_concepts,label_context,low
DRUG//START//67//9351,ATC//A11//VITAMINS,,True,,ATC,21600830,,A11EA,AMSTEL_source_concepts,source_code_atc,high
DRUG//START//24//6862,ATC//C07//BETA_BLOCKING_AGENTS,,True,,ATC,21601685,,C07AB03,AMSTEL_source_concepts,source_code_atc,high
DRUG//START//25//12397,,,False,,,,,,AMSTEL_source_concepts,label_context,low
DRUG//START//24//9015,ATC//SFX//C01,,True,,ATC,21600270,,C01BD01,AMSTEL_source_concepts,source_code_atc,high
DRUG//START//42//15075,,,False,enteral_nutrition,,,,,AMSTEL_source_concepts,label_context,low
DRUG//START//65//7450,OMOP//OMOP_CONCEPT//41239210,,True,,OMOP_CONCEPT,41239210,,Amphotericin B Injectable Solution [Fungizone],AMSTEL_usagi,source_code_omop,medium
DRUG//START//42//15023,,,False,oral_drink,,,,,AMSTEL_source_concepts,label_context,low
DRUG//START//24//7504,,,False,route_or_order_metadata,,,,,AMSTEL_source_concepts,label_context,low
DRUG//START//29//12536,,,False,,,,,,AMSTEL_source_concepts,label_context,low
DRUG//START//56//14978,,,False,oral_food,,,,,AMSTEL_source_concepts,label_context,low
DRUG//START//31//13931,OMOP//OMOP_CONCEPT//44180682,,True,,OMOP_CONCEPT,44180682,,Pancreatin 25000 UNT Oral Capsule [Panzytrat],AMSTEL_usagi,source_code_omop,medium
DRUG//START//67//7504,,,False,route_or_order_metadata,,,,,AMSTEL_source_concepts,label_context,low
DRUG//START//69//9615,,,False,,,,,,AMSTEL_source_concepts,label_context,low
DRUG//START//56//14971,,,False,oral_food,,,,,AMSTEL_source_concepts,label_context,low
DRUG//START//55//12892,OMOP//OMOP_CONCEPT//19079524,,False,crystalloid_or_diluent,OMOP_CONCEPT,19079524,,sodium chloride 9 MG/ML Injectable Solution,AMSTEL_usagi,source_code_omop,medium
DRUG//START//21//13170,OMOP//OMOP_CONCEPT//1717240,,True,,OMOP_CONCEPT,1717240,,amphotericin B,AMSTEL_usagi,source_code_omop,medium
DRUG//START//114//12591,OMOP//OMOP_CONCEPT//40798859,,False,enteral_nutrition,OMOP_CONCEPT,40798859,,General Nutrients,AMSTEL_usagi,source_code_omop,medium
DRUG//START//42//15043,,,False,oral_food,,,,,AMSTEL_source_concepts,label_context,low
DRUG//START//29//8522,OMOP//OMOP_CONCEPT//21024204,,True,,OMOP_CONCEPT,21024204,,Lithium Carbonate Oral Tablet [Camcolit],AMSTEL_usagi,source_code_omop,medium
DRUG//START//42//15097,,,False,oral_drink,,,,,AMSTEL_source_concepts,label_context,low
DRUG//START//69//9127,,,False,,,,,,AMSTEL_source_concepts,label_context,low
DRUG//START//15//7450,OMOP//OMOP_CONCEPT//41239210,,True,,OMOP_CONCEPT,41239210,,Amphotericin B Injectable Solution [Fungizone],AMSTEL_usagi,source_code_omop,medium
DRUG//START//24//7188,OMOP//OMOP_CONCEPT//40240797,,True,,OMOP_CONCEPT,40240797,,ephedrine hydrochloride 3 MG/ML Injectable Solution,AMSTEL_usagi,source_code_omop,medium
DRUG//START//27//9458,,,False,,,,,,AMSTEL_source_concepts,label_context,low
DRUG//START//70//9154,OMOP//OMOP_CONCEPT//36811224,,True,,OMOP_CONCEPT,36811224,,Albuterol 0.2 MG/ACTUAT [Ventolin],AMSTEL_usagi,source_code_omop,medium
DRUG//START//118//20921,,,False,research_or_trial,,,,,AMSTEL_source_concepts,label_context,low
DRUG//START//42//15133,,,False,oral_food,,,,,AMSTEL_source_concepts,label_context,low
DRUG//START//56//14915,OMOP//OMOP_CONCEPT//4037090,,False,oral_food,OMOP_CONCEPT,4037090,,Cooked food,AMSTEL_usagi,source_code_omop,medium
DRUG//START//56//14976,,,False,oral_food,,,,,AMSTEL_source_concepts,label_context,low
DRUG//START//25//7504,,,False,route_or_order_metadata,,,,,AMSTEL_source_concepts,label_context,low
DRUG//START//55//7292,OMOP//OMOP_CONCEPT//35848569,,False,crystalloid_or_diluent,OMOP_CONCEPT,35848569,,sodium chloride 6.4 MG/ML Injectable Solution,AMSTEL_usagi,source_code_omop,medium
DRUG//START//119//12923,,,False,,,,,,AMSTEL_source_concepts,label_context,low
DRUG//START//30//9022,,,False,,,,,,AMSTEL_source_concepts,label_context,low
DRUG//START//42//21051,,,False,oral_drink,,,,,AMSTEL_source_concepts,label_context,low
DRUG//START//31//9116,OMOP//OMOP_CONCEPT//1831205,,True,,OMOP_CONCEPT,1831205,,activated charcoal 125 MG/ML [Norit Carbomix],AMSTEL_usagi,source_code_omop,medium
DRUG//START//42//15049,,,False,oral_food,,,,,AMSTEL_source_concepts,label_context,low
DRUG//START//32//9115,,,False,,,,,,AMSTEL_source_concepts,label_context,low
DRUG//START//42//20721,,,False,enteral_nutrition,,,,,AMSTEL_source_concepts,label_context,low
DRUG//START//56//14873,OMOP//OMOP_CONCEPT//4037090,,False,oral_food,OMOP_CONCEPT,4037090,,Cooked food,AMSTEL_usagi,source_code_omop,medium
DRUG//START//69//13101,,,False,,,,,,AMSTEL_source_concepts,label_context,low
DRUG//START//30//10627,,,False,,,,,,AMSTEL_source_concepts,label_context,low
DRUG//START//42//15119,,,False,oral_drink,,,,,AMSTEL_source_concepts,label_context,low
DRUG//START//42//15025,,,False,oral_drink,,,,,AMSTEL_source_concepts,label_context,low
DRUG//START//42//15135,,,False,oral_food,,,,,AMSTEL_source_concepts,label_context,low
DRUG//START//67//10755,,,False,,,,,,AMSTEL_source_concepts,label_context,low
DRUG//START//29//9103,,,False,,,,,,AMSTEL_source_concepts,label_context,low
DRUG//START//42//15042,,,False,oral_food,,,,,AMSTEL_source_concepts,label_context,low
DRUG//START//21//8230,,,False,,,,,,AMSTEL_source_concepts,label_context,low
DRUG//START//42//15126,,,False,oral_drink,,,,,AMSTEL_source_concepts,label_context,low
DRUG//START//56//14973,,,False,oral_food,,,,,AMSTEL_source_concepts,label_context,low
DRUG//START//56//14885,OMOP//OMOP_CONCEPT//4037090,,False,oral_food,OMOP_CONCEPT,4037090,,Cooked food,AMSTEL_usagi,source_code_omop,medium
DRUG//START//56//14929,OMOP//OMOP_CONCEPT//4332187,,False,oral_food,OMOP_CONCEPT,4332187,,Snack food,AMSTEL_usagi,source_code_omop,medium
DRUG//START//63//8954,OMOP//OMOP_CONCEPT//40798859,,False,enteral_nutrition,OMOP_CONCEPT,40798859,,General Nutrients,AMSTEL_usagi,source_code_omop,medium
DRUG//START//42//15068,,,False,oral_drink,,,,,AMSTEL_source_concepts,label_context,low
DRUG//START//25//14688,,,False,,,,,,AMSTEL_source_concepts,label_context,low
DRUG//START//29//13159,OMOP//OMOP_CONCEPT//40102259,,True,,OMOP_CONCEPT,40102259,,oxcarbazepine Oral Tablet [Trileptal],AMSTEL_usagi,source_code_omop,medium
DRUG//START//31//6898,OMOP//OMOP_CONCEPT//43799293,,True,,OMOP_CONCEPT,43799293,,butylscopolamine 20 MG/ML Injectable Solution [Buscopan Ampullen],AMSTEL_usagi,source_code_omop,medium
DRUG//START//65//7234,OMOP//OMOP_CONCEPT//35408363,,True,,OMOP_CONCEPT,35408363,,Flumazenil 0.1 MG/ML Injectable Solution [Anexate],AMSTEL_usagi,source_code_omop,medium
DRUG//START//21//12953,,,False,,,,,,AMSTEL_source_concepts,label_context,low
DRUG//START//42//15103,,,False,oral_food,,,,,AMSTEL_source_concepts,label_context,low
DRUG//START//30//19225,OMOP//OMOP_CONCEPT//21141441,,True,,OMOP_CONCEPT,21141441,,irbesartan Oral Tablet [Aprovel],AMSTEL_usagi,source_code_omop,medium
DRUG//START//21//6847,ATC//J01//ANTIBIOTICS_AND_ANTIBACTERIALS_FOR_SYSTEMIC_USE,,True,,ATC,21602823,,J01CA04,AMSTEL_source_concepts,source_code_atc,high
DRUG//START//15//9458,OMOP//OMOP_CONCEPT//40735073,,True,,OMOP_CONCEPT,40735073,,Caspofungin 50 MG Injectable Solution [Cancidas],AMSTEL_usagi,source_code_omop,medium
DRUG//START//21//9075,OMOP//OMOP_CONCEPT//21114346,,True,,OMOP_CONCEPT,21114346,,Fusidate Oral Tablet [Fucidin],AMSTEL_usagi,source_code_omop,medium
DRUG//START//15//7185,OMOP//OMOP_CONCEPT//44125439,,True,,OMOP_CONCEPT,44125439,,Doxycycline 100 MG Injectable Solution [Vibramycin],AMSTEL_usagi,source_code_omop,medium
DRUG//START//69//9157,,,False,,,,,,AMSTEL_source_concepts,label_context,low
DRUG//START//69//9044,,,False,,,,,,AMSTEL_source_concepts,label_context,low
DRUG//START//42//15063,,,False,oral_drink,,,,,AMSTEL_source_concepts,label_context,low
DRUG//START//21//12398,ATC//J01//ANTIBIOTICS_AND_ANTIBACTERIALS_FOR_SYSTEMIC_USE,,True,,ATC,21603019,,J01MA12,AMSTEL_source_concepts,source_code_atc,high
DRUG//START//42//15104,,,False,oral_food,,,,,AMSTEL_source_concepts,label_context,low
DRUG//START//65//9004,OMOP//OMOP_CONCEPT//36250010,,True,,OMOP_CONCEPT,36250010,,pentobarbital Injectable Solution [Nembutal],AMSTEL_usagi,source_code_omop,medium
DRUG//START//65//13000,OMOP//OMOP_CONCEPT//41425912,,True,,OMOP_CONCEPT,41425912,,100 ML Theophylline 8 MG/ML Injectable Solution,AMSTEL_usagi,source_code_omop,medium
DRUG//START//27//9137,OMOP//RXNORM_EXTENSION//40941822,,True,,RxNorm Extension,40941822,,Cyclosporine 50 MG/ML Injectable Solution [Sandimmun],AMSTEL_usagi,source_code_omop,medium
DRUG//START//29//9081,,,False,,,,,,AMSTEL_source_concepts,label_context,low
DRUG//START//42//15048,,,False,oral_food,,,,,AMSTEL_source_concepts,label_context,low
DRUG//START//29//13044,OMOP//OMOP_CONCEPT//40081945,,True,,OMOP_CONCEPT,40081945,,sertraline Oral Tablet [Zoloft],AMSTEL_usagi,source_code_omop,medium
DRUG//START//42//15091,,,False,oral_food,,,,,AMSTEL_source_concepts,label_context,low
DRUG//START//42//15115,,,False,oral_drink,,,,,AMSTEL_source_concepts,label_context,low
DRUG//START//56//14914,OMOP//OMOP_CONCEPT//4037090,,False,oral_food,OMOP_CONCEPT,4037090,,Cooked food,AMSTEL_usagi,source_code_omop,medium
DRUG//START//69//10582,,,False,,,,,,AMSTEL_source_concepts,label_context,low
DRUG//START//65//6982,OMOP//OMOP_CONCEPT//19004088,,True,,OMOP_CONCEPT,19004088,,albuterol 1 MG/ML Injectable Solution [Ventolin],AMSTEL_usagi,source_code_omop,medium
DRUG//START//30//12950,OMOP//OMOP_CONCEPT//40095734,,True,,OMOP_CONCEPT,40095734,,candesartan Oral Tablet [Atacand],AMSTEL_usagi,source_code_omop,medium
DRUG//START//65//14649,,,False,research_or_trial,,,,,AMSTEL_source_concepts,label_context,low
DRUG//START//21//19763,,,False,,,,,,AMSTEL_source_concepts,label_context,low
DRUG//START//25//10624,,,False,,,,,,AMSTEL_source_concepts,label_context,low
DRUG//START//65//6963,OMOP//OMOP_CONCEPT//43587066,,True,,OMOP_CONCEPT,43587066,,alteplase Injectable Solution,AMSTEL_usagi,source_code_omop,medium
DRUG//START//69//13103,,,False,,,,,,AMSTEL_source_concepts,label_context,low
DRUG//START//32//13004,,,False,,,,,,AMSTEL_source_concepts,label_context,low
DRUG//START//29//19152,,,False,,,,,,AMSTEL_source_concepts,label_context,low
DRUG//START//56//14911,OMOP//OMOP_CONCEPT//4037090,,False,oral_food,OMOP_CONCEPT,4037090,,Cooked food,AMSTEL_usagi,source_code_omop,medium
DRUG//START//71//12949,OMOP//OMOP_CONCEPT//40012757,,True,,OMOP_CONCEPT,40012757,,azathioprine Oral Tablet [Imuran],AMSTEL_usagi,source_code_omop,medium
DRUG//START//71//7412,ATC//A12//MINERAL_SUPPLEMENTS,,True,,ATC,21600861,,A12AA02,AMSTEL_source_concepts,source_code_atc,high
DRUG//START//21//8231,,,False,,,,,,AMSTEL_source_concepts,label_context,low
DRUG//START//42//20730,,,False,enteral_nutrition,,,,,AMSTEL_source_concepts,label_context,low
DRUG//START//61//8974,,,False,route_or_order_metadata,,,,,AMSTEL_source_concepts,label_context,low
DRUG//START//32//6972,,,False,,,,,,AMSTEL_source_concepts,label_context,low
DRUG//START//42//15041,,,False,oral_food,,,,,AMSTEL_source_concepts,label_context,low
DRUG//START//71//6992,,,False,,,,,,AMSTEL_source_concepts,label_context,low
DRUG//START//21//13486,OMOP//OMOP_CONCEPT//40160002,,True,,OMOP_CONCEPT,40160002,,lopinavir / ritonavir Oral Solution [Kaletra],AMSTEL_usagi,source_code_omop,medium
DRUG//START//55//9014,ATC//A10//DRUGS_USED_IN_DIABETES,,True,,ATC,21600715,,A10AB01,AMSTEL_source_concepts,source_code_atc,high
DRUG//START//56//14992,,,False,oral_food,,,,,AMSTEL_source_concepts,label_context,low
DRUG//START//21//13065,OMOP//OMOP_CONCEPT//40006527,,True,,OMOP_CONCEPT,40006527,,acyclovir Topical Ointment [Zovirax],AMSTEL_usagi,source_code_omop,medium
DRUG//START//29//19893,,,False,,,,,,AMSTEL_source_concepts,label_context,low
DRUG//START//42//15062,,,False,oral_food,,,,,AMSTEL_source_concepts,label_context,low
DRUG//START//29//9146,,,False,,,,,,AMSTEL_source_concepts,label_context,low
DRUG//START//56//14983,,,False,oral_food,,,,,AMSTEL_source_concepts,label_context,low
DRUG//START//71//9123,OMOP//OMOP_CONCEPT//43146883,,True,,OMOP_CONCEPT,43146883,,Lynestrenol Oral Tablet [ORGAMETRIL],AMSTEL_usagi,source_code_omop,medium
DRUG//START//42//15033,,,False,oral_drink,,,,,AMSTEL_source_concepts,label_context,low
DRUG//START//42//20736,,,False,enteral_nutrition,,,,,AMSTEL_source_concepts,label_context,low
DRUG//START//42//15090,,,False,oral_food,,,,,AMSTEL_source_concepts,label_context,low
DRUG//START//55//16904,OMOP//OMOP_CONCEPT//19079524,,False,line_or_device_metadata,OMOP_CONCEPT,19079524,,sodium chloride 9 MG/ML Injectable Solution,AMSTEL_usagi,source_code_omop,medium
DRUG//START//56//14960,,,False,oral_food,,,,,AMSTEL_source_concepts,label_context,low
DRUG//START//65//9012,OMOP//RXNORM_EXTENSION//36411218,,True,,RxNorm Extension,36411218,,50 ML Oxytocin 0.1 UNT/ML Injectable Solution,AMSTEL_usagi,source_code_omop,medium
DRUG//START//29//13017,,,False,,,,,,AMSTEL_source_concepts,label_context,low
DRUG//START//21//6958,ATC//J01//ANTIBIOTICS_AND_ANTIBACTERIALS_FOR_SYSTEMIC_USE,,True,,ATC,21602985,,J01FF01,AMSTEL_source_concepts,source_code_atc,high
DRUG//START//23//7408,OMOP//OMOP_CONCEPT//40227056,,True,,OMOP_CONCEPT,40227056,,lidocaine hydrochloride 20 MG/ML Injectable Solution [Xylocaine],AMSTEL_usagi,source_code_omop,medium
DRUG//START//31//15181,,,False,,,,,,AMSTEL_source_concepts,label_context,low
DRUG//START//42//15076,,,False,enteral_nutrition,,,,,AMSTEL_source_concepts,label_context,low
DRUG//START//69//12431,,,False,,,,,,AMSTEL_source_concepts,label_context,low
DRUG//START//56//14907,OMOP//OMOP_CONCEPT//4037090,,False,oral_food,OMOP_CONCEPT,4037090,,Cooked food,AMSTEL_usagi,source_code_omop,medium
DRUG//START//69//7462,OMOP//OMOP_CONCEPT//36271831,,True,,OMOP_CONCEPT,36271831,,Lanolin 0.03 MG/MG / Liquid Petroleum 0.94 MG/MG / Paraffin 0.0286 MG/MG [Duratears],AMSTEL_usagi,source_code_omop,medium
DRUG//START//23//12438,OMOP//OMOP_CONCEPT//36268534,,True,,OMOP_CONCEPT,36268534,,Aspirin 100 MG/ML Injectable Solution [Aspegic],AMSTEL_usagi,source_code_omop,medium
DRUG//START//23//9018,ATC//N01//ANESTHETICS,,True,,ATC,21604217,,N01AX14,AMSTEL_source_concepts,source_code_atc,high
DRUG//START//29//9057,OMOP//OMOP_CONCEPT//41112097,,True,,OMOP_CONCEPT,41112097,,Valproate Oral Tablet [DEPAKINE],AMSTEL_usagi,source_code_omop,medium
DRUG//START//32//10602,,,False,,,,,,AMSTEL_source_concepts,label_context,low
DRUG//START//29//7225,ATC//N02//ANALGESICS,,True,,ATC,21604256,,N02AA01,AMSTEL_source_concepts,source_code_atc,high
DRUG//START//42//15071,,,False,oral_drink,,,,,AMSTEL_source_concepts,label_context,low
DRUG//START//118//19735,,,False,research_or_trial,,,,,AMSTEL_source_concepts,label_context,low
DRUG//START//42//15128,,,False,oral_drink,,,,,AMSTEL_source_concepts,label_context,low
DRUG//START//63//8951,OMOP//OMOP_CONCEPT//40798859,,False,enteral_nutrition,OMOP_CONCEPT,40798859,,General Nutrients,AMSTEL_usagi,source_code_omop,medium
DRUG//START//15//6834,OMOP//OMOP_CONCEPT//36258242,,True,,OMOP_CONCEPT,36258242,,Amikacin 50 MG/ML Injectable Solution [AMUKINE],AMSTEL_usagi,source_code_omop,medium
DRUG//START//65//6799,OMOP//OMOP_CONCEPT//40720437,,True,,OMOP_CONCEPT,40720437,,abciximab Injectable Solution [ReoPro],AMSTEL_usagi,source_code_omop,medium
DRUG//START//70//19931,OMOP//OMOP_CONCEPT//40057425,,True,,OMOP_CONCEPT,40057425,,montelukast Oral Tablet [Singulair],AMSTEL_usagi,source_code_omop,medium
DRUG//START//118//13156,,,False,research_or_trial,,,,,AMSTEL_source_concepts,label_context,low
DRUG//START//21//7185,RICU//ABX_DURATION,,False,,RICU,,,abx_duration,YAIB_ricu,table_itemid,medium
DRUG//START//70//9143,OMOP//OMOP_CONCEPT//40090199,,True,,OMOP_CONCEPT,40090199,,theophylline Extended Release Oral Tablet [Theolair],AMSTEL_usagi,source_code_omop,medium
DRUG//START//23//9118,OMOP//OMOP_CONCEPT//35754198,,True,,OMOP_CONCEPT,35754198,,Methotrimeprazine 25 MG/ML Injectable Solution [Nozinan],AMSTEL_usagi,source_code_omop,medium
DRUG//START//27//16370,,,False,,,,,,AMSTEL_source_concepts,label_context,low
DRUG//START//65//19929,ATC//SFX//C01,,True,,ATC,21600286,,C01CA06,AMSTEL_source_concepts,source_code_atc,high
DRUG//START//21//6936,,,False,,,,,,AMSTEL_source_concepts,label_context,low
DRUG//START//65//21241,OMOP//OMOP_CONCEPT//40015130,,True,,OMOP_CONCEPT,40015130,,bupivacaine Injectable Solution,AMSTEL_usagi,source_code_omop,medium
DRUG//START//21//9109,,,False,,,,,,AMSTEL_source_concepts,label_context,low
DRUG//START//24//12438,OMOP//OMOP_CONCEPT//36268534,,True,,OMOP_CONCEPT,36268534,,Aspirin 100 MG/ML Injectable Solution [Aspegic],AMSTEL_usagi,source_code_omop,medium
DRUG//START//56//15010,,,False,oral_food,,,,,AMSTEL_source_concepts,label_context,low
DRUG//START//65//10750,OMOP//OMOP_CONCEPT//36879879,,True,,OMOP_CONCEPT,36879879,,Acetylcysteine Injectable Solution,AMSTEL_usagi,source_code_omop,medium
DRUG//START//42//15036,,,False,oral_drink,,,,,AMSTEL_source_concepts,label_context,low
DRUG//START//42//20725,,,False,enteral_nutrition,,,,,AMSTEL_source_concepts,label_context,low
DRUG//START//56//14861,OMOP//OMOP_CONCEPT//4037090,,False,oral_food,OMOP_CONCEPT,4037090,,Cooked food,AMSTEL_usagi,source_code_omop,medium
DRUG//START//65//6927,OMOP//OMOP_CONCEPT//40072348,,True,,OMOP_CONCEPT,40072348,,neostigmine Injectable Solution,AMSTEL_usagi,source_code_omop,medium
DRUG//START//69//9078,OMOP//OMOP_CONCEPT//36275560,,True,,OMOP_CONCEPT,36275560,,Miconazole 1200 MG Vaginal Suppository [Gyno-Daktarin],AMSTEL_usagi,source_code_omop,medium
DRUG//START//71//13484,OMOP//OMOP_CONCEPT//40126724,,True,,OMOP_CONCEPT,40126724,,metyrapone Oral Tablet [Metopirone],AMSTEL_usagi,source_code_omop,medium
DRUG//START//42//15047,,,False,oral_food,,,,,AMSTEL_source_concepts,label_context,low
DRUG//START//42//15065,,,False,oral_drink,,,,,AMSTEL_source_concepts,label_context,low
DRUG//START//42//20726,,,False,enteral_nutrition,,,,,AMSTEL_source_concepts,label_context,low
DRUG//START//56//14857,OMOP//OMOP_CONCEPT//4037090,,False,oral_food,OMOP_CONCEPT,4037090,,Cooked food,AMSTEL_usagi,source_code_omop,medium
DRUG//START//29//19374,,,False,,,,,,AMSTEL_source_concepts,label_context,low
DRUG//START//118//20923,,,False,research_or_trial,,,,,AMSTEL_source_concepts,label_context,low
DRUG//START//42//15125,,,False,oral_drink,,,,,AMSTEL_source_concepts,label_context,low
DRUG//START//67//9095,,,False,,,,,,AMSTEL_source_concepts,label_context,low
DRUG//START//65//12138,OMOP//OMOP_CONCEPT//784816,,True,,OMOP_CONCEPT,784816,,50 ML Epoprostenol 0.01 MG/ML Injectable Solution [Flolan],AMSTEL_usagi,source_code_omop,medium
DRUG//START//118//20922,,,False,research_or_trial,,,,,AMSTEL_source_concepts,label_context,low
DRUG//START//21//14236,,,False,,,,,,AMSTEL_source_concepts,label_context,low
DRUG//START//21//9542,ATC//J02//ANTIMYCOTICS_FOR_SYSTEMIC_USE,,True,,ATC,21603081,,J02AC02,AMSTEL_source_concepts,source_code_atc,high
DRUG//START//71//7050,,,False,,,,,,AMSTEL_source_concepts,label_context,low
DRUG//START//42//15093,,,False,oral_food,,,,,AMSTEL_source_concepts,label_context,low
DRUG//START//67//7104,,,False,,,,,,AMSTEL_source_concepts,label_context,low
DRUG//START//119//13501,OMOP//OMOP_CONCEPT//35762060,,True,,OMOP_CONCEPT,35762060,,Barium Oral Solution [E-Z-CAT],AMSTEL_usagi,source_code_omop,medium
DRUG//START//21//20363,OMOP//OMOP_CONCEPT//35830173,,True,,OMOP_CONCEPT,35830173,,amphotericin B Oral Solution [Fungizone],AMSTEL_usagi,source_code_omop,medium
DRUG//START//29//20262,,,False,,,,,,AMSTEL_source_concepts,label_context,low
DRUG//START//32//19216,OMOP//OMOP_CONCEPT//40051596,,True,,OMOP_CONCEPT,40051596,,hydroxychloroquine Oral Tablet [Plaquenil],AMSTEL_usagi,source_code_omop,medium
DRUG//START//56//14880,OMOP//OMOP_CONCEPT//4037090,,False,oral_food,OMOP_CONCEPT,4037090,,Cooked food,AMSTEL_usagi,source_code_omop,medium
DRUG//START//21//13485,,,False,,,,,,AMSTEL_source_concepts,label_context,low
DRUG//START//29//19219,OMOP//OMOP_CONCEPT//40077428,,True,,OMOP_CONCEPT,40077428,,phenobarbital Oral Tablet,AMSTEL_usagi,source_code_omop,medium
DRUG//START//24//7213,OMOP//OMOP_CONCEPT//36880311,,True,,OMOP_CONCEPT,36880311,,esmolol 10 MG/ML Injectable Solution [Brevibloc],AMSTEL_usagi,source_code_omop,medium
DRUG//START//42//15044,,,False,oral_food,,,,,AMSTEL_source_concepts,label_context,low
DRUG//START//32//6929,,,False,,,,,,AMSTEL_source_concepts,label_context,low
DRUG//START//32//6954,,,False,,,,,,AMSTEL_source_concepts,label_context,low
DRUG//START//21//13456,OMOP//OMOP_CONCEPT//21022690,,True,,OMOP_CONCEPT,21022690,,Miconazole Oral Gel [Daktarin],AMSTEL_usagi,source_code_omop,medium
DRUG//START//23//7212,OMOP//OMOP_CONCEPT//36959191,,True,,OMOP_CONCEPT,36959191,,naloxone 0.4 MG/ML Injectable Solution [Narcan],AMSTEL_usagi,source_code_omop,medium
DRUG//START//42//15078,,,False,enteral_nutrition,,,,,AMSTEL_source_concepts,label_context,low
DRUG//START//56//14985,,,False,oral_food,,,,,AMSTEL_source_concepts,label_context,low
DRUG//START//56//15002,,,False,oral_food,,,,,AMSTEL_source_concepts,label_context,low
DRUG//START//114//16851,OMOP//OMOP_CONCEPT//40798859,,False,enteral_nutrition,OMOP_CONCEPT,40798859,,General Nutrients,AMSTEL_usagi,source_code_omop,medium
DRUG//START//21//13057,OMOP//OMOP_CONCEPT//40013069,,True,,OMOP_CONCEPT,40013069,,azithromycin Oral Tablet [Zithromax],AMSTEL_usagi,source_code_omop,medium
DRUG//START//29//19163,,,False,,,,,,AMSTEL_source_concepts,label_context,low
DRUG//START//42//15099,,,False,oral_drink,,,,,AMSTEL_source_concepts,label_context,low
DRUG//START//69//9053,,,False,,,,,,AMSTEL_source_concepts,label_context,low
DRUG//START//26//7504,,,False,route_or_order_metadata,,,,,AMSTEL_source_concepts,label_context,low
DRUG//START//56//14859,OMOP//OMOP_CONCEPT//4037090,,False,oral_food,OMOP_CONCEPT,4037090,,Cooked food,AMSTEL_usagi,source_code_omop,medium
DRUG//START//65//14648,,,False,research_or_trial,,,,,AMSTEL_source_concepts,label_context,low
DRUG//START//65//14775,,,False,research_or_trial,,,,,AMSTEL_source_concepts,label_context,low
DRUG//START//15//12772,OMOP//OMOP_CONCEPT//35604141,,True,,OMOP_CONCEPT,35604141,,amphotericin B lipid complex 5 MG/ML Injection [Abelcet],AMSTEL_usagi,source_code_omop,medium
DRUG//START//30//19373,,,False,,,,,,AMSTEL_source_concepts,label_context,low
DRUG//START//56//14875,OMOP//OMOP_CONCEPT//4037090,,False,oral_food,OMOP_CONCEPT,4037090,,Cooked food,AMSTEL_usagi,source_code_omop,medium
DRUG//START//56//14916,OMOP//OMOP_CONCEPT//4037090,,False,oral_food,OMOP_CONCEPT,4037090,,Cooked food,AMSTEL_usagi,source_code_omop,medium
DRUG//START//29//12782,,,False,,,,,,AMSTEL_source_concepts,label_context,low
DRUG//START//29//6874,,,False,,,,,,AMSTEL_source_concepts,label_context,low
DRUG//START//30//19368,,,False,,,,,,AMSTEL_source_concepts,label_context,low
DRUG//START//39//14213,OMOP//OMOP_CONCEPT//35885289,,False,parenteral_nutrition,OMOP_CONCEPT,35885289,,2500 ML alanine 4.48 MG/ML / arginine 2.63 MG/ML / aspartic acid 1.44 MG/ML / calcium chloride 0.48 MG/ML / glucose 115 MG/ML / glutamate 3.37 MG/ML / glycine 1.58 MG/ML / histidine 1.6 MG/ML / ... Injectable Solution [NUTRIFLEX LIPID PLUS] by B.Braun,AMSTEL_usagi,source_code_omop,medium
DRUG//START//42//15121,,,False,oral_drink,,,,,AMSTEL_source_concepts,label_context,low
DRUG//START//42//15038,,,False,oral_drink,,,,,AMSTEL_source_concepts,label_context,low
DRUG//START//56//14786,,,False,oral_food,,,,,AMSTEL_source_concepts,label_context,low
DRUG//START//15//7233,OMOP//OMOP_CONCEPT//36883151,,True,,OMOP_CONCEPT,36883151,,Flucytosine 10 MG/ML Injectable Solution [Ancotil],AMSTEL_usagi,source_code_omop,medium
DRUG//START//39//8949,OMOP//OMOP_CONCEPT//588017,,False,parenteral_nutrition,OMOP_CONCEPT,588017,,Amino Acids,AMSTEL_usagi,source_code_omop,medium
DRUG//START//56//14782,,,False,oral_food,,,,,AMSTEL_source_concepts,label_context,low
DRUG//START//21//13016,,,False,,,,,,AMSTEL_source_concepts,label_context,low
DRUG//START//56//14977,,,False,oral_food,,,,,AMSTEL_source_concepts,label_context,low
DRUG//START//69//9077,,,False,,,,,,AMSTEL_source_concepts,label_context,low
DRUG//START//32//9085,,,False,,,,,,AMSTEL_source_concepts,label_context,low
DRUG//START//56//14910,OMOP//OMOP_CONCEPT//4037090,,False,oral_food,OMOP_CONCEPT,4037090,,Cooked food,AMSTEL_usagi,source_code_omop,medium
DRUG//START//42//15110,,,False,oral_drink,,,,,AMSTEL_source_concepts,label_context,low
DRUG//START//24//12467,ATC//SFX//H01,,True,,ATC,21602702,,H01BA04,AMSTEL_source_concepts,source_code_atc,high
DRUG//START//69//13045,OMOP//OMOP_CONCEPT//43179208,,True,,OMOP_CONCEPT,43179208,,Fusidate 10 MG/ML Ophthalmic Gel,AMSTEL_usagi,source_code_omop,medium
DRUG//START//29//9122,,,False,,,,,,AMSTEL_source_concepts,label_context,low
DRUG//START//56//14810,,,False,oral_food,,,,,AMSTEL_source_concepts,label_context,low
DRUG//START//56//14863,OMOP//OMOP_CONCEPT//4037090,,False,oral_food,OMOP_CONCEPT,4037090,,Cooked food,AMSTEL_usagi,source_code_omop,medium
DRUG//START//23//6874,OMOP//OMOP_CONCEPT//43656933,,True,,OMOP_CONCEPT,43656933,,Biperiden 5 MG/ML Injectable Solution [Akineton],AMSTEL_usagi,source_code_omop,medium
DRUG//START//15//9602,OMOP//OMOP_CONCEPT//35417660,,True,,OMOP_CONCEPT,35417660,,2 ML Tetanus immune globulin 125 UNT/ML Prefilled Syringe,AMSTEL_usagi,source_code_omop,medium
DRUG//START//21//13029,,,False,,,,,,AMSTEL_source_concepts,label_context,low
DRUG//START//56//14874,OMOP//OMOP_CONCEPT//4037090,,False,oral_food,OMOP_CONCEPT,4037090,,Cooked food,AMSTEL_usagi,source_code_omop,medium
DRUG//START//65//7212,OMOP//OMOP_CONCEPT//40063502,,True,,OMOP_CONCEPT,40063502,,naloxone Injectable Solution [Narcan],AMSTEL_usagi,source_code_omop,medium
DRUG//START//69//9034,,,False,,,,,,AMSTEL_source_concepts,label_context,low
DRUG//START//118//20647,,,False,research_or_trial,,,,,AMSTEL_source_concepts,label_context,low
DRUG//START//15//20175,OMOP//OMOP_CONCEPT//40241491,,True,,OMOP_CONCEPT,40241491,,colistin Injectable Solution,AMSTEL_usagi,source_code_omop,medium
DRUG//START//119//14212,,,False,route_or_order_metadata,,,,,AMSTEL_source_concepts,label_context,low
DRUG//START//29//9064,OMOP//OMOP_CONCEPT//40162347,,True,,OMOP_CONCEPT,40162347,,diclofenac sodium 50 MG Delayed Release Oral Tablet [Voltaren],AMSTEL_usagi,source_code_omop,medium
DRUG//START//29//9118,OMOP//OMOP_CONCEPT//21106137,,True,,OMOP_CONCEPT,21106137,,Methotrimeprazine 25 MG Oral Tablet [Nozinan],AMSTEL_usagi,source_code_omop,medium
DRUG//START//30//6942,,,False,,,,,,AMSTEL_source_concepts,label_context,low
DRUG//START//39//18795,OMOP//OMOP_CONCEPT//2022666,,False,parenteral_nutrition,OMOP_CONCEPT,2022666,,"1970 ML alanine 7.1 MG/ML / arginine 6 MG/ML / calcium chloride, dihydration 0.37 MG/ML / fish oils 5.7 MG/ML / glucose 133 MG/ML / glycerol mono(di)sodium phosphate 2.12 MG/ML / glycine 5.7 MG/ML / ... Injectable Solution [SMOF KABIVEN]",AMSTEL_usagi,source_code_omop,medium
DRUG//START//56//14906,OMOP//OMOP_CONCEPT//4037090,,False,oral_food,OMOP_CONCEPT,4037090,,Cooked food,AMSTEL_usagi,source_code_omop,medium
DRUG//START//56//14968,,,False,oral_food,,,,,AMSTEL_source_concepts,label_context,low
DRUG//START//56//14998,,,False,oral_food,,,,,AMSTEL_source_concepts,label_context,low
DRUG//START//67//9025,OMOP//RXNORM_EXTENSION//44081462,,True,,RxNorm Extension,44081462,,pamidronate Injectable Solution,AMSTEL_usagi,source_code_omop,medium
DRUG//START//31//12942,ATC//SFX//A04,,True,,ATC,21600493,,A04AA01,AMSTEL_source_concepts,source_code_atc,high
DRUG//START//42//20722,,,False,enteral_nutrition,,,,,AMSTEL_source_concepts,label_context,low
DRUG//START//55//16854,,,False,research_or_trial,,,,,AMSTEL_source_concepts,label_context,low
DRUG//START//56//14862,OMOP//OMOP_CONCEPT//4037090,,False,oral_food,OMOP_CONCEPT,4037090,,Cooked food,AMSTEL_usagi,source_code_omop,medium
DRUG//START//65//13951,OMOP//OMOP_CONCEPT//42621046,,False,crystalloid_or_diluent,OMOP_CONCEPT,42621046,,Sodium Bicarbonate 42 MG/ML Injectable Solution,AMSTEL_usagi,source_code_omop,medium
DRUG//START//69//7040,,,False,,,,,,AMSTEL_source_concepts,label_context,low
DRUG//START//118//19380,,,False,research_or_trial,,,,,AMSTEL_source_concepts,label_context,low
DRUG//START//21//19738,,,False,,,,,,AMSTEL_source_concepts,label_context,low
DRUG//START//25//16917,,,False,,,,,,AMSTEL_source_concepts,label_context,low
DRUG//START//29//19136,,,False,,,,,,AMSTEL_source_concepts,label_context,low
DRUG//START//56//14961,,,False,oral_food,,,,,AMSTEL_source_concepts,label_context,low
DRUG//START//71//19212,OMOP//OMOP_CONCEPT//21148776,,True,,OMOP_CONCEPT,21148776,,Ethinyl Estradiol 0.03 MG / Levonorgestrel 0.15 MG [Microgynon],AMSTEL_usagi,source_code_omop,medium
DRUG//START//119//15719,,,False,,,,,,AMSTEL_source_concepts,label_context,low
DRUG//START//15//8375,OMOP//OMOP_CONCEPT//783871,,True,,OMOP_CONCEPT,783871,,Immunoglobulin G 50 MG/ML Injectable Solution [Nanogam],AMSTEL_usagi,source_code_omop,medium
DRUG//START//56//14887,OMOP//OMOP_CONCEPT//4037090,,False,oral_food,OMOP_CONCEPT,4037090,,Cooked food,AMSTEL_usagi,source_code_omop,medium
DRUG//START//67//9073,,,False,,,,,,AMSTEL_source_concepts,label_context,low
DRUG//START//69//12761,OMOP//OMOP_CONCEPT//44058020,,True,,OMOP_CONCEPT,44058020,,Zinc Oxide 0.1 MG/ML Topical Cream,AMSTEL_usagi,source_code_omop,medium
DRUG//START//21//12956,RICU//ABX_DURATION,,False,,RICU,,,abx_duration,YAIB_ricu,table_itemid,medium
DRUG//START//24//6882,ATC//SFX//C03,,True,,ATC,21601519,,C03CA02,AMSTEL_source_concepts,source_code_atc,high
DRUG//START//31//12530,OMOP//OMOP_CONCEPT//19061486,,True,,OMOP_CONCEPT,19061486,,methylene blue 10 MG/ML Oral Solution,AMSTEL_usagi,source_code_omop,medium
DRUG//START//42//15079,,,False,enteral_nutrition,,,,,AMSTEL_source_concepts,label_context,low
DRUG//START//42//15105,,,False,oral_food,,,,,AMSTEL_source_concepts,label_context,low
DRUG//START//55//8936,OMOP//OMOP_CONCEPT//42621046,,False,crystalloid_or_diluent,OMOP_CONCEPT,42621046,,Sodium Bicarbonate 42 MG/ML Injectable Solution,AMSTEL_usagi,source_code_omop,medium
DRUG//START//56//14858,OMOP//OMOP_CONCEPT//4037090,,False,oral_food,OMOP_CONCEPT,4037090,,Cooked food,AMSTEL_usagi,source_code_omop,medium
DRUG//START//65//7023,OMOP//OMOP_CONCEPT//40090202,,True,,OMOP_CONCEPT,40090202,,theophylline Injectable Solution,AMSTEL_usagi,source_code_omop,medium
DRUG//START//29//19153,,,False,,,,,,AMSTEL_source_concepts,label_context,low
DRUG//START//29//6904,,,False,,,,,,AMSTEL_source_concepts,label_context,low
DRUG//START//56//14975,,,False,oral_food,,,,,AMSTEL_source_concepts,label_context,low
DRUG//START//70//13048,OMOP//OMOP_CONCEPT//40092427,,True,,OMOP_CONCEPT,40092427,,bosentan Oral Tablet [Tracleer],AMSTEL_usagi,source_code_omop,medium
DRUG//START//71//9130,,,False,,,,,,AMSTEL_source_concepts,label_context,low
DRUG//START//29//13953,OMOP//OMOP_CONCEPT//40099160,,True,,OMOP_CONCEPT,40099160,,topiramate Oral Tablet [Topamax],AMSTEL_usagi,source_code_omop,medium
DRUG//START//67//13050,OMOP//OMOP_CONCEPT//21065827,,True,,OMOP_CONCEPT,21065827,,alanylglutamine Injection [Dipeptiven],AMSTEL_usagi,source_code_omop,medium
DRUG//START//69//12945,,,False,,,,,,AMSTEL_source_concepts,label_context,low
DRUG//START//15//19137,OMOP//OMOP_CONCEPT//36896811,,True,,OMOP_CONCEPT,36896811,,300 ML linezolid 2 MG/ML Injectable Solution [ZYVOXID],AMSTEL_usagi,source_code_omop,medium
DRUG//START//21//13489,,,False,,,,,,AMSTEL_source_concepts,label_context,low
DRUG//START//21//19741,,,False,,,,,,AMSTEL_source_concepts,label_context,low
DRUG//START//32//8249,ATC//SFX//B01,,True,,ATC,21600980,,B01AB09,AMSTEL_source_concepts,source_code_atc,high
DRUG//START//67//19885,,,False,,,,,,AMSTEL_source_concepts,label_context,low
DRUG//START//71//13055,OMOP//OMOP_CONCEPT//40173591,,True,,OMOP_CONCEPT,40173591,,alendronic acid 10 MG Oral Tablet [Fosamax],AMSTEL_usagi,source_code_omop,medium
DRUG//START//65//9003,OMOP//OMOP_CONCEPT//40955998,,True,,OMOP_CONCEPT,40955998,,Sulprostone Injectable Solution [NALADOR],AMSTEL_usagi,source_code_omop,medium
DRUG//START//65//19220,OMOP//OMOP_CONCEPT//41019970,,True,,OMOP_CONCEPT,41019970,,bivalirudin Injectable Solution [Angiox],AMSTEL_usagi,source_code_omop,medium
DRUG//START//42//15118,,,False,oral_drink,,,,,AMSTEL_source_concepts,label_context,low
DRUG//START//71//19055,,,False,,,,,,AMSTEL_source_concepts,label_context,low
DRUG//START//31//7212,,,False,,,,,,AMSTEL_source_concepts,label_context,low
DRUG//START//31//9036,,,False,,,,,,AMSTEL_source_concepts,label_context,low
DRUG//START//42//15035,,,False,oral_drink,,,,,AMSTEL_source_concepts,label_context,low
DRUG//START//42//15050,,,False,oral_food,,,,,AMSTEL_source_concepts,label_context,low
DRUG//START//42//15028,,,False,oral_drink,,,,,AMSTEL_source_concepts,label_context,low
DRUG//START//56//14917,OMOP//OMOP_CONCEPT//4332187,,False,oral_food,OMOP_CONCEPT,4332187,,Snack food,AMSTEL_usagi,source_code_omop,medium
DRUG//START//56//14959,,,False,oral_food,,,,,AMSTEL_source_concepts,label_context,low
DRUG//START//27//8547,ATC//J02//ANTIMYCOTICS_FOR_SYSTEMIC_USE,,True,,ATC,21603082,,J02AC03,AMSTEL_source_concepts,source_code_atc,high
DRUG//START//42//15127,,,False,oral_drink,,,,,AMSTEL_source_concepts,label_context,low
DRUG//START//56//14867,OMOP//OMOP_CONCEPT//4037090,,False,oral_food,OMOP_CONCEPT,4037090,,Cooked food,AMSTEL_usagi,source_code_omop,medium
DRUG//START//56//15006,,,False,oral_food,,,,,AMSTEL_source_concepts,label_context,low
DRUG//START//23//8120,OMOP//OMOP_CONCEPT//40165020,,True,,OMOP_CONCEPT,40165020,,meperidine hydrochloride 50 MG/ML Injectable Solution,AMSTEL_usagi,source_code_omop,medium
DRUG//START//25//8375,,,False,,,,,,AMSTEL_source_concepts,label_context,low
DRUG//START//42//15052,,,False,oral_drink,,,,,AMSTEL_source_concepts,label_context,low
DRUG//START//56//14996,,,False,oral_food,,,,,AMSTEL_source_concepts,label_context,low
DRUG//START//69//9079,,,False,,,,,,AMSTEL_source_concepts,label_context,low
DRUG//START//70//19160,OMOP//OMOP_CONCEPT//19121580,,True,,OMOP_CONCEPT,19121580,,tiotropium 0.018 MG Inhalation Powder [Spiriva],AMSTEL_usagi,source_code_omop,medium
DRUG//START//24//7224,OMOP//OMOP_CONCEPT//43784530,,True,,OMOP_CONCEPT,43784530,,Flecainide 10 MG/ML Injectable Solution [Tambocor],AMSTEL_usagi,source_code_omop,medium
DRUG//START//42//20735,,,False,enteral_nutrition,,,,,AMSTEL_source_concepts,label_context,low
DRUG//START//70//6970,OMOP//OMOP_CONCEPT//40992961,,True,,OMOP_CONCEPT,40992961,,Codeine 20 MG Oral Tablet,AMSTEL_usagi,source_code_omop,medium
DRUG//START//32//16369,,,False,,,,,,AMSTEL_source_concepts,label_context,low
DRUG//START//65//9011,OMOP//OMOP_CONCEPT//40079395,,True,,OMOP_CONCEPT,40079395,,streptokinase Injectable Solution [Streptase],AMSTEL_usagi,source_code_omop,medium
DRUG//START//27//15296,,,False,research_or_trial,,,,,AMSTEL_source_concepts,label_context,low
DRUG//START//42//15072,,,False,oral_drink,,,,,AMSTEL_source_concepts,label_context,low
DRUG//START//118//14188,,,False,research_or_trial,,,,,AMSTEL_source_concepts,label_context,low
DRUG//START//23//6940,OMOP//OMOP_CONCEPT//43030135,,True,,OMOP_CONCEPT,43030135,,Chlorpromazine 5 MG/ML Injectable Solution [Largactil],AMSTEL_usagi,source_code_omop,medium
DRUG//START//42//15069,,,False,oral_drink,,,,,AMSTEL_source_concepts,label_context,low
DRUG//START//42//15136,,,False,oral_food,,,,,AMSTEL_source_concepts,label_context,low
DRUG//START//63//12429,OMOP//OMOP_CONCEPT//40798859,,False,enteral_nutrition,OMOP_CONCEPT,40798859,,General Nutrients,AMSTEL_usagi,source_code_omop,medium
DRUG//START//31//7016,,,False,,,,,,AMSTEL_source_concepts,label_context,low
DRUG//START//55//7255,OMOP//OMOP_CONCEPT//589977,,False,crystalloid_or_diluent,OMOP_CONCEPT,589977,,Glucose 200 MG/ML Injectable Solution,AMSTEL_usagi,source_code_omop,medium
DRUG//START//56//14866,OMOP//OMOP_CONCEPT//4037090,,False,oral_food,OMOP_CONCEPT,4037090,,Cooked food,AMSTEL_usagi,source_code_omop,medium
DRUG//START//56//14886,OMOP//OMOP_CONCEPT//4037090,,False,oral_food,OMOP_CONCEPT,4037090,,Cooked food,AMSTEL_usagi,source_code_omop,medium
DRUG//START//70//9144,OMOP//OMOP_CONCEPT//40090178,,True,,OMOP_CONCEPT,40090178,,theophylline Extended Release Oral Tablet,AMSTEL_usagi,source_code_omop,medium
DRUG//START//21//19739,OMOP//OMOP_CONCEPT//40010553,,True,,OMOP_CONCEPT,40010553,,atazanavir Oral Capsule [Reyataz],AMSTEL_usagi,source_code_omop,medium
DRUG//START//21//9549,OMOP//OMOP_CONCEPT//1717240,,True,,OMOP_CONCEPT,1717240,,amphotericin B,AMSTEL_usagi,source_code_omop,medium
DRUG//START//56//14991,,,False,oral_food,,,,,AMSTEL_source_concepts,label_context,low
DRUG//START//65//7224,OMOP//OMOP_CONCEPT//43784530,,True,,OMOP_CONCEPT,43784530,,Flecainide 10 MG/ML Injectable Solution [Tambocor],AMSTEL_usagi,source_code_omop,medium
DRUG//START//71//12944,OMOP//OMOP_CONCEPT//35754788,,True,,OMOP_CONCEPT,35754788,,Ethinyl Estradiol 30 / Levonorgestrel 150 Oral Tablet [Microgynon],AMSTEL_usagi,source_code_omop,medium
DRUG//START//118//13472,,,False,research_or_trial,,,,,AMSTEL_source_concepts,label_context,low
DRUG//START//42//15081,,,False,oral_drink,,,,,AMSTEL_source_concepts,label_context,low
DRUG//START//56//14814,,,False,oral_food,,,,,AMSTEL_source_concepts,label_context,low
DRUG//START//67//6947,,,False,,,,,,AMSTEL_source_concepts,label_context,low
DRUG//START//69//9617,,,False,,,,,,AMSTEL_source_concepts,label_context,low
DRUG//START//27//6929,,,False,,,,,,AMSTEL_source_concepts,label_context,low
DRUG//START//42//15101,,,False,oral_drink,,,,,AMSTEL_source_concepts,label_context,low
DRUG//START//42//15111,,,False,oral_drink,,,,,AMSTEL_source_concepts,label_context,low
DRUG//START//65//6882,ATC//SFX//C03,,True,,ATC,21601519,,C03CA02,AMSTEL_source_concepts,source_code_atc,high
DRUG//START//29//6970,,,False,,,,,,AMSTEL_source_concepts,label_context,low
DRUG//START//31//9131,,,False,,,,,,AMSTEL_source_concepts,label_context,low
DRUG//START//42//20729,,,False,enteral_nutrition,,,,,AMSTEL_source_concepts,label_context,low
DRUG//START//56//14865,OMOP//OMOP_CONCEPT//4037090,,False,oral_food,OMOP_CONCEPT,4037090,,Cooked food,AMSTEL_usagi,source_code_omop,medium
DRUG//START//118//20498,,,False,research_or_trial,,,,,AMSTEL_source_concepts,label_context,low
DRUG//START//21//14211,,,False,,,,,,AMSTEL_source_concepts,label_context,low
DRUG//START//56//14912,OMOP//OMOP_CONCEPT//4037090,,False,oral_food,OMOP_CONCEPT,4037090,,Cooked food,AMSTEL_usagi,source_code_omop,medium
DRUG//START//67//10599,,,False,,,,,,AMSTEL_source_concepts,label_context,low
DRUG//START//29//6829,,,False,,,,,,AMSTEL_source_concepts,label_context,low
DRUG//START//56//14908,OMOP//OMOP_CONCEPT//4037090,,False,oral_food,OMOP_CONCEPT,4037090,,Cooked food,AMSTEL_usagi,source_code_omop,medium
DRUG//START//71//19151,,,False,,,,,,AMSTEL_source_concepts,label_context,low
DRUG//START//118//20674,,,False,research_or_trial,,,,,AMSTEL_source_concepts,label_context,low
DRUG//START//17//8971,,,False,route_or_order_metadata,,,,,AMSTEL_source_concepts,label_context,low
DRUG//START//65//21242,OMOP//OMOP_CONCEPT//36782200,,True,,OMOP_CONCEPT,36782200,,Sufentanil Injectable Solution [Sufenta],AMSTEL_usagi,source_code_omop,medium
DRUG//START//118//19942,,,False,research_or_trial,,,,,AMSTEL_source_concepts,label_context,low
DRUG//START//23//8425,OMOP//OMOP_CONCEPT//42619948,,True,,OMOP_CONCEPT,42619948,,Pyridostigmine 5 MG/ML Injectable Solution [Mestinon],AMSTEL_usagi,source_code_omop,medium
DRUG//START//42//15064,,,False,oral_drink,,,,,AMSTEL_source_concepts,label_context,low
DRUG//START//56//14993,,,False,oral_food,,,,,AMSTEL_source_concepts,label_context,low
DRUG//START//23//6988,OMOP//OMOP_CONCEPT//36786130,,True,,OMOP_CONCEPT,36786130,,Droperidol 2.5 MG/ML Injectable Solution [Dehydrobenzperidol],AMSTEL_usagi,source_code_omop,medium
DRUG//START//56//14969,,,False,oral_food,,,,,AMSTEL_source_concepts,label_context,low
DRUG//START//71//16963,OMOP//OMOP_CONCEPT//21055684,,True,,OMOP_CONCEPT,21055684,,cinacalcet Oral Tablet [Mimpara],AMSTEL_usagi,source_code_omop,medium
DRUG//START//25//18773,,,False,,,,,,AMSTEL_source_concepts,label_context,low
DRUG//START//56//14876,OMOP//OMOP_CONCEPT//4037090,,False,oral_food,OMOP_CONCEPT,4037090,,Cooked food,AMSTEL_usagi,source_code_omop,medium
DRUG//START//56//14890,OMOP//OMOP_CONCEPT//4037090,,False,oral_food,OMOP_CONCEPT,4037090,,Cooked food,AMSTEL_usagi,source_code_omop,medium
DRUG//START//65//7184,ATC//A02//DRUGS_FOR_ACID_RELATED_DISORDERS,,True,,ATC,21600097,,A02BC02,AMSTEL_source_concepts,source_code_atc,high
DRUG//START//31//6951,OMOP//OMOP_CONCEPT//40029063,,True,,OMOP_CONCEPT,40029063,,cisapride Oral Tablet [Prepulsid],AMSTEL_usagi,source_code_omop,medium
DRUG//START//39//12620,OMOP//OMOP_CONCEPT//588017,,False,parenteral_nutrition,OMOP_CONCEPT,588017,,Amino Acids,AMSTEL_usagi,source_code_omop,medium
DRUG//START//118//20673,,,False,research_or_trial,,,,,AMSTEL_source_concepts,label_context,low
DRUG//START//25//13047,OMOP//RXNORM_EXTENSION//35753899,,True,,RxNorm Extension,35753899,,Factor VIIa Injectable Solution [Novoseven],AMSTEL_usagi,source_code_omop,medium
DRUG//START//25//9461,,,False,,,,,,AMSTEL_source_concepts,label_context,low
DRUG//START//42//15112,,,False,oral_drink,,,,,AMSTEL_source_concepts,label_context,low
DRUG//START//21//9142,RICU//ABX_DURATION,,False,,RICU,,,abx_duration,YAIB_ricu,table_itemid,medium
DRUG//START//31//12923,,,False,,,,,,AMSTEL_source_concepts,label_context,low
DRUG//START//42//15124,,,False,oral_drink,,,,,AMSTEL_source_concepts,label_context,low
DRUG//START//42//20733,,,False,enteral_nutrition,,,,,AMSTEL_source_concepts,label_context,low
DRUG//START//42//21054,,,False,oral_drink,,,,,AMSTEL_source_concepts,label_context,low
DRUG//START//118//20703,,,False,research_or_trial,,,,,AMSTEL_source_concepts,label_context,low
DRUG//START//21//13094,RICU//ABX_DURATION,,False,,RICU,,,abx_duration,YAIB_ricu,table_itemid,medium
DRUG//START//30//13014,,,False,,,,,,AMSTEL_source_concepts,label_context,low
DRUG//START//30//9113,,,False,,,,,,AMSTEL_source_concepts,label_context,low
DRUG//START//32//20263,OMOP//OMOP_CONCEPT//19034752,,True,,OMOP_CONCEPT,19034752,,sirolimus 1 MG Oral Tablet [Rapamune],AMSTEL_usagi,source_code_omop,medium
DRUG//START//42//20727,,,False,enteral_nutrition,,,,,AMSTEL_source_concepts,label_context,low
DRUG//START//56//14864,OMOP//OMOP_CONCEPT//4037090,,False,oral_food,OMOP_CONCEPT,4037090,,Cooked food,AMSTEL_usagi,source_code_omop,medium
DRUG//START//56//14988,,,False,oral_food,,,,,AMSTEL_source_concepts,label_context,low
DRUG//START//61//8945,OMOP//OMOP_CONCEPT//44507865,,False,blood_product,OMOP_CONCEPT,44507865,,prothrombin,AMSTEL_usagi,source_code_omop,medium
DRUG//START//118//20755,,,False,research_or_trial,,,,,AMSTEL_source_concepts,label_context,low
DRUG//START//24//7139,OMOP//OMOP_CONCEPT//43782431,,True,,OMOP_CONCEPT,43782431,,Verapamil 2.5 MG/ML Injectable Solution [Isoptin],AMSTEL_usagi,source_code_omop,medium
DRUG//START//65//6950,ATC//A02//DRUGS_FOR_ACID_RELATED_DISORDERS,,True,,ATC,21600083,,A02BA02,AMSTEL_source_concepts,source_code_atc,high
DRUG//START//118//20158,,,False,research_or_trial,,,,,AMSTEL_source_concepts,label_context,low
DRUG//START//118//20173,,,False,research_or_trial,,,,,AMSTEL_source_concepts,label_context,low
DRUG//START//118//20746,,,False,research_or_trial,,,,,AMSTEL_source_concepts,label_context,low
DRUG//START//29//16788,,,False,,,,,,AMSTEL_source_concepts,label_context,low
DRUG//START//32//19135,OMOP//OMOP_CONCEPT//40745408,,True,,OMOP_CONCEPT,40745408,,glycopyrronium 0.2 MG/ML Oral Solution,AMSTEL_usagi,source_code_omop,medium
DRUG//START//39//7262,OMOP//OMOP_CONCEPT//36249325,,False,parenteral_nutrition,OMOP_CONCEPT,36249325,,soybean oil 200 MG/ML [Intralipid],AMSTEL_usagi,source_code_omop,medium
DRUG//START//65//7139,OMOP//OMOP_CONCEPT//43728443,,True,,OMOP_CONCEPT,43728443,,Verapamil Injectable Solution [Isoptin],AMSTEL_usagi,source_code_omop,medium
DRUG//START//65//7173,ATC//SFX//C01,,True,,ATC,21600234,,C01AA05,AMSTEL_source_concepts,source_code_atc,high
DRUG//START//118//18733,,,False,research_or_trial,,,,,AMSTEL_source_concepts,label_context,low
DRUG//START//15//16367,,,False,research_or_trial,,,,,AMSTEL_source_concepts,label_context,low
DRUG//START//23//9141,OMOP//OMOP_CONCEPT//43182023,,True,,OMOP_CONCEPT,43182023,,Succinylcholine 50 MG/ML [SUXAMETHONIUM BIOCODEX],AMSTEL_usagi,source_code_omop,medium
DRUG//START//27//6972,,,False,,,,,,AMSTEL_source_concepts,label_context,low
DRUG//START//30//19372,,,False,,,,,,AMSTEL_source_concepts,label_context,low
DRUG//START//32//19210,,,False,,,,,,AMSTEL_source_concepts,label_context,low
DRUG//START//56//14868,OMOP//OMOP_CONCEPT//4037090,,False,oral_food,OMOP_CONCEPT,4037090,,Cooked food,AMSTEL_usagi,source_code_omop,medium
DRUG//START//56//15008,,,False,oral_food,,,,,AMSTEL_source_concepts,label_context,low
DRUG//START//67//7321,OMOP//OMOP_CONCEPT//43255418,,True,,OMOP_CONCEPT,43255418,,Ascorbic Acid 100 MG / Biotin 0.06 MG / Folic Acid 0.4 MG / Niacinamide 42.5 MG / Pantothenic Acid 15 MG / pyridoxine 4.06 MG / Riboflavin 3.4 MG / Thiamine 3 MG / Vitamin B 12 0.005 MG Injection [Soluvit N],AMSTEL_usagi,source_code_omop,medium
DRUG//START//118//20172,,,False,research_or_trial,,,,,AMSTEL_source_concepts,label_context,low
DRUG//START//21//19775,,,False,,,,,,AMSTEL_source_concepts,label_context,low
DRUG//START//55//8942,OMOP//OMOP_CONCEPT//42620284,,True,,OMOP_CONCEPT,42620284,,Metronidazole Injectable Solution [Flagyl],AMSTEL_usagi,source_code_omop,medium
DRUG//START//56//14889,OMOP//OMOP_CONCEPT//4037090,,False,oral_food,OMOP_CONCEPT,4037090,,Cooked food,AMSTEL_usagi,source_code_omop,medium
DRUG//START//118//20284,,,False,research_or_trial,,,,,AMSTEL_source_concepts,label_context,low
DRUG//START//29//9048,,,False,,,,,,AMSTEL_source_concepts,label_context,low
DRUG//START//30//9026,OMOP//OMOP_CONCEPT//40044779,,True,,OMOP_CONCEPT,40044779,,hydralazine Oral Tablet [Apresoline],AMSTEL_usagi,source_code_omop,medium
DRUG//START//30//9059,,,False,,,,,,AMSTEL_source_concepts,label_context,low
DRUG//START//42//15096,,,False,oral_food,,,,,AMSTEL_source_concepts,label_context,low
DRUG//START//56//14888,OMOP//OMOP_CONCEPT//4037090,,False,oral_food,OMOP_CONCEPT,4037090,,Cooked food,AMSTEL_usagi,source_code_omop,medium
DRUG//START//15//16368,,,False,research_or_trial,,,,,AMSTEL_source_concepts,label_context,low
DRUG//START//24//6927,OMOP//OMOP_CONCEPT//2924033,,True,,OMOP_CONCEPT,2924033,,procainamide 100 MG/ML Injection [Pronestyl],AMSTEL_usagi,source_code_omop,medium
DRUG//START//29//19162,,,False,,,,,,AMSTEL_source_concepts,label_context,low
DRUG//START//29//9112,,,False,,,,,,AMSTEL_source_concepts,label_context,low
DRUG//START//42//15107,,,False,oral_food,,,,,AMSTEL_source_concepts,label_context,low
DRUG//START//56//14891,OMOP//OMOP_CONCEPT//4037090,,False,oral_food,OMOP_CONCEPT,4037090,,Cooked food,AMSTEL_usagi,source_code_omop,medium
DRUG//START//65//7064,ATC//J01//ANTIBIOTICS_AND_ANTIBACTERIALS_FOR_SYSTEMIC_USE,,True,,ATC,21603043,,J01XA01,AMSTEL_source_concepts,source_code_atc,high
DRUG//START//118//13476,,,False,research_or_trial,,,,,AMSTEL_source_concepts,label_context,low
DRUG//START//23//9004,OMOP//OMOP_CONCEPT//36250010,,True,,OMOP_CONCEPT,36250010,,pentobarbital Injectable Solution [Nembutal],AMSTEL_usagi,source_code_omop,medium
DRUG//START//27//9091,OMOP//OMOP_CONCEPT//44109975,,True,,OMOP_CONCEPT,44109975,,Methylene blue 10 MG/ML Injectable Solution,AMSTEL_usagi,source_code_omop,medium
DRUG//START//30//20169,,,False,,,,,,AMSTEL_source_concepts,label_context,low
DRUG//START//39//18790,OMOP//OMOP_CONCEPT//2022647,,False,parenteral_nutrition,OMOP_CONCEPT,2022647,,"2000 ML alanine 8.44 MG/ML / arginine 5.7 MG/ML / aspartic acid 1.65 MG/ML / calcium chloride, dihydration 0.516 MG/ML / glucose 115 MG/ML / glutamate 2.84 MG/ML / glycerol mono(di)sodium phosphate 3.67 MG/ML / ... Injectable Solution [OLIMEL N9E]",AMSTEL_usagi,source_code_omop,medium
DRUG//START//55//7254,OMOP//OMOP_CONCEPT//42937947,,False,crystalloid_or_diluent,OMOP_CONCEPT,42937947,,Glucose 100 MG/ML Injectable Solution,AMSTEL_usagi,source_code_omop,medium
DRUG//START//56//14921,OMOP//OMOP_CONCEPT//4332187,,False,oral_food,OMOP_CONCEPT,4332187,,Snack food,AMSTEL_usagi,source_code_omop,medium
DRUG//START//21//19774,,,False,,,,,,AMSTEL_source_concepts,label_context,low
DRUG//START//23//7479,OMOP//OMOP_CONCEPT//19034044,,True,,OMOP_CONCEPT,19034044,,ketamine 10 MG/ML Injectable Solution [Ketalar],AMSTEL_usagi,source_code_omop,medium
DRUG//START//25//20361,,,False,,,,,,AMSTEL_source_concepts,label_context,low
DRUG//START//31//9024,OMOP//OMOP_CONCEPT//43816742,,True,,OMOP_CONCEPT,43816742,,Aluminum Hydroxide Oral Tablet [Algeldrate],AMSTEL_usagi,source_code_omop,medium
DRUG//START//32//6877,,,False,,,,,,AMSTEL_source_concepts,label_context,low
DRUG//START//42//15080,,,False,oral_drink,,,,,AMSTEL_source_concepts,label_context,low
DRUG//START//56//14931,OMOP//OMOP_CONCEPT//4332187,,False,oral_food,OMOP_CONCEPT,4332187,,Snack food,AMSTEL_usagi,source_code_omop,medium
DRUG//START//56//14949,OMOP//OMOP_CONCEPT//4332187,,False,oral_food,OMOP_CONCEPT,4332187,,Snack food,AMSTEL_usagi,source_code_omop,medium
DRUG//START//56//14964,,,False,oral_food,,,,,AMSTEL_source_concepts,label_context,low
DRUG//START//69//9033,,,False,,,,,,AMSTEL_source_concepts,label_context,low
DRUG//START//118//16365,,,False,research_or_trial,,,,,AMSTEL_source_concepts,label_context,low
DRUG//START//15//19773,OMOP//OMOP_CONCEPT//40736859,,True,,OMOP_CONCEPT,40736859,,Daptomycin 500 MG Injectable Solution [Cubicin],AMSTEL_usagi,source_code_omop,medium
DRUG//START//29//9090,,,False,,,,,,AMSTEL_source_concepts,label_context,low
DRUG//START//42//15070,,,False,oral_drink,,,,,AMSTEL_source_concepts,label_context,low
DRUG//START//56//14794,,,False,oral_food,,,,,AMSTEL_source_concepts,label_context,low
DRUG//START//56//14997,,,False,oral_food,,,,,AMSTEL_source_concepts,label_context,low
DRUG//START//63//7311,OMOP//OMOP_CONCEPT//40798859,,False,enteral_nutrition,OMOP_CONCEPT,40798859,,General Nutrients,AMSTEL_usagi,source_code_omop,medium
DRUG//START//65//21222,,,False,research_or_trial,,,,,AMSTEL_source_concepts,label_context,low
DRUG//START//67//7453,OMOP//OMOP_CONCEPT//43185358,,True,,OMOP_CONCEPT,43185358,,Glucagon 1 MG/ML [GlucaGen],AMSTEL_usagi,source_code_omop,medium
DRUG//START//71//12993,,,False,,,,,,AMSTEL_source_concepts,label_context,low
DRUG//START//71//9129,,,False,,,,,,AMSTEL_source_concepts,label_context,low
DRUG//START//118//20629,,,False,research_or_trial,,,,,AMSTEL_source_concepts,label_context,low
DRUG//START//30//7149,ATC//SFX//C02,,True,,ATC,21600446,,C02KD01,AMSTEL_source_concepts,source_code_atc,high
DRUG//START//42//20724,,,False,enteral_nutrition,,,,,AMSTEL_source_concepts,label_context,low
DRUG//START//56//14967,,,False,oral_food,,,,,AMSTEL_source_concepts,label_context,low
DRUG//START//56//14995,,,False,oral_food,,,,,AMSTEL_source_concepts,label_context,low
DRUG//START//56//15000,,,False,oral_food,,,,,AMSTEL_source_concepts,label_context,low
DRUG//START//65//12769,OMOP//OMOP_CONCEPT//35770395,,False,crystalloid_or_diluent,OMOP_CONCEPT,35770395,,potassium bicarbonate Injectable Solution,AMSTEL_usagi,source_code_omop,medium
DRUG//START//71//13050,OMOP//OMOP_CONCEPT//21065827,,True,,OMOP_CONCEPT,21065827,,alanylglutamine Injection [Dipeptiven],AMSTEL_usagi,source_code_omop,medium
DRUG//START//15//9047,OMOP//OMOP_CONCEPT//40023477,,True,,OMOP_CONCEPT,40023477,,chloramphenicol Injectable Solution,AMSTEL_usagi,source_code_omop,medium
DRUG//START//15//9075,OMOP//OMOP_CONCEPT//40988255,,True,,OMOP_CONCEPT,40988255,,Fusidate Injectable Solution [Fucidin],AMSTEL_usagi,source_code_omop,medium
DRUG//START//42//15083,,,False,oral_drink,,,,,AMSTEL_source_concepts,label_context,low
DRUG//START//56//14802,,,False,oral_food,,,,,AMSTEL_source_concepts,label_context,low
DRUG//START//56//14818,,,False,oral_food,,,,,AMSTEL_source_concepts,label_context,low
DRUG//START//56//14860,OMOP//OMOP_CONCEPT//4037090,,False,oral_food,OMOP_CONCEPT,4037090,,Cooked food,AMSTEL_usagi,source_code_omop,medium
DRUG//START//56//14901,OMOP//OMOP_CONCEPT//4037090,,False,oral_food,OMOP_CONCEPT,4037090,,Cooked food,AMSTEL_usagi,source_code_omop,medium
DRUG//START//56//14980,,,False,oral_food,,,,,AMSTEL_source_concepts,label_context,low
DRUG//START//65//7097,ATC//N05//PSYCHOLEPTICS,,True,,ATC,21604516,,N05AD01,AMSTEL_source_concepts,source_code_atc,high
DRUG//START//118//16457,,,False,research_or_trial,,,,,AMSTEL_source_concepts,label_context,low
DRUG//START//29//7407,,,False,,,,,,AMSTEL_source_concepts,label_context,low
DRUG//START//39//12320,OMOP//OMOP_CONCEPT//44203796,,False,parenteral_nutrition,OMOP_CONCEPT,44203796,,2570 ML Acetic Acid 1 MG/ML / Alanine 3.2 MG/ML / Arginine 2.85 MG/ML / Asparagine 0.708 MG/ML / Calcium 0.154 MG/ML / Glucose 68 MG/ML / Glutamine 1.17 MG/ML / Glycerophosphoric Acid 1.04 MG/ML / Glycine 1.75 MG/ML / ... Injectable Solution [Kabiven],AMSTEL_usagi,source_code_omop,medium
DRUG//START//42//15045,,,False,oral_food,,,,,AMSTEL_source_concepts,label_context,low
DRUG//START//56//14925,OMOP//OMOP_CONCEPT//4332187,,False,oral_food,OMOP_CONCEPT,4332187,,Snack food,AMSTEL_usagi,source_code_omop,medium
DRUG//START//118//14199,,,False,research_or_trial,,,,,AMSTEL_source_concepts,label_context,low
DRUG//START//118//19370,,,False,research_or_trial,,,,,AMSTEL_source_concepts,label_context,low
DRUG//START//27//7245,,,False,,,,,,AMSTEL_source_concepts,label_context,low
DRUG//START//42//15051,,,False,oral_food,,,,,AMSTEL_source_concepts,label_context,low
DRUG//START//56//14987,,,False,oral_food,,,,,AMSTEL_source_concepts,label_context,low
DRUG//START//118//17039,,,False,research_or_trial,,,,,AMSTEL_source_concepts,label_context,low
DRUG//START//29//13003,OMOP//OMOP_CONCEPT//43783294,,True,,OMOP_CONCEPT,43783294,,Flurazepam Oral Tablet [Dalmadorm],AMSTEL_usagi,source_code_omop,medium
DRUG//START//29//20754,OMOP//OMOP_CONCEPT//40166958,,True,,OMOP_CONCEPT,40166958,,carbamazepine Extended Release Oral Tablet [Tegretol],AMSTEL_usagi,source_code_omop,medium
DRUG//START//30//19138,,,False,,,,,,AMSTEL_source_concepts,label_context,low
DRUG//START//32//9027,OMOP//OMOP_CONCEPT//19033278,,True,,OMOP_CONCEPT,19033278,,peanut oil,AMSTEL_usagi,source_code_omop,medium
DRUG//START//39//10578,OMOP//OMOP_CONCEPT//41463392,,False,parenteral_nutrition,OMOP_CONCEPT,41463392,,2000 ML Acetic Acid 2.94 MG/ML / Acetylcysteine 1.23 MG/ML / Alanine 6.4 MG/ML / Arginine 4.32 MG/ML / Asparagine 0.449 MG/ML / Aspartic Acid 0.45 MG/ML / Calcium 0.59 MG/ML / Glucose 115 MG/ML / Glutamate 4.3 MG/ML / ... Injectable Solution [Nutriflex],AMSTEL_usagi,source_code_omop,medium
DRUG//START//42//15056,,,False,oral_drink,,,,,AMSTEL_source_concepts,label_context,low
DRUG//START//42//19170,,,False,oral_drink,,,,,AMSTEL_source_concepts,label_context,low
DRUG//START//56//14902,OMOP//OMOP_CONCEPT//4037090,,False,oral_food,OMOP_CONCEPT,4037090,,Cooked food,AMSTEL_usagi,source_code_omop,medium
DRUG//START//56//14933,OMOP//OMOP_CONCEPT//4332187,,False,oral_food,OMOP_CONCEPT,4332187,,Snack food,AMSTEL_usagi,source_code_omop,medium
DRUG//START//56//15004,,,False,oral_food,,,,,AMSTEL_source_concepts,label_context,low
DRUG//START//65//8127,ATC//J01//ANTIBIOTICS_AND_ANTIBACTERIALS_FOR_SYSTEMIC_USE,,True,,ATC,21602921,,J01DH02,AMSTEL_source_concepts,source_code_atc,high
DRUG//START//69//19133,,,False,,,,,,AMSTEL_source_concepts,label_context,low
DRUG//START//71//12999,,,False,,,,,,AMSTEL_source_concepts,label_context,low
DRUG//START//118//13474,,,False,research_or_trial,,,,,AMSTEL_source_concepts,label_context,low
DRUG//START//118//19139,,,False,research_or_trial,,,,,AMSTEL_source_concepts,label_context,low
DRUG//START//21//9117,RICU//ABX_DURATION,,False,,RICU,,,abx_duration,YAIB_ricu,table_itemid,medium
DRUG//START//24//7149,ATC//SFX//C02,,True,,ATC,21600446,,C02KD01,AMSTEL_source_concepts,source_code_atc,high
DRUG//START//31//20753,,,False,,,,,,AMSTEL_source_concepts,label_context,low
DRUG//START//32//19896,,,False,,,,,,AMSTEL_source_concepts,label_context,low
DRUG//START//42//15039,,,False,oral_drink,,,,,AMSTEL_source_concepts,label_context,low
DRUG//START//42//15130,,,False,oral_drink,,,,,AMSTEL_source_concepts,label_context,low
DRUG//START//55//16817,,,False,research_or_trial,,,,,AMSTEL_source_concepts,label_context,low
DRUG//START//55//8943,OMOP//OMOP_CONCEPT//41303738,,False,line_or_device_metadata,OMOP_CONCEPT,41303738,,heparin 5 UNT/ML Injectable Solution,AMSTEL_usagi,source_code_omop,medium
DRUG//START//56//14830,,,False,oral_food,,,,,AMSTEL_source_concepts,label_context,low
DRUG//START//56//14989,,,False,oral_food,,,,,AMSTEL_source_concepts,label_context,low
DRUG//START//65//9010,OMOP//OMOP_CONCEPT//40079395,,True,,OMOP_CONCEPT,40079395,,streptokinase Injectable Solution [Streptase],AMSTEL_usagi,source_code_omop,medium
DRUG//START//118//14608,,,False,research_or_trial,,,,,AMSTEL_source_concepts,label_context,low
DRUG//START//23//6980,OMOP//OMOP_CONCEPT//40162271,,True,,OMOP_CONCEPT,40162271,,dantrolene sodium 0.333 MG/ML Injectable Solution [Dantrium],AMSTEL_usagi,source_code_omop,medium
DRUG//START//32//13002,,,False,,,,,,AMSTEL_source_concepts,label_context,low
DRUG//START//32//19132,,,False,,,,,,AMSTEL_source_concepts,label_context,low
DRUG//START//42//15102,,,False,oral_drink,,,,,AMSTEL_source_concepts,label_context,low
DRUG//START//42//21053,,,False,oral_drink,,,,,AMSTEL_source_concepts,label_context,low
DRUG//START//56//14790,,,False,oral_food,,,,,AMSTEL_source_concepts,label_context,low
DRUG//START//56//14812,,,False,oral_food,,,,,AMSTEL_source_concepts,label_context,low
DRUG//START//56//14899,OMOP//OMOP_CONCEPT//4037090,,False,oral_food,OMOP_CONCEPT,4037090,,Cooked food,AMSTEL_usagi,source_code_omop,medium
DRUG//START//56//14919,OMOP//OMOP_CONCEPT//4332187,,False,oral_food,OMOP_CONCEPT,4332187,,Snack food,AMSTEL_usagi,source_code_omop,medium
DRUG//START//69//9054,,,False,,,,,,AMSTEL_source_concepts,label_context,low
DRUG//START//118//13471,,,False,research_or_trial,,,,,AMSTEL_source_concepts,label_context,low
DRUG//START//118//20630,,,False,research_or_trial,,,,,AMSTEL_source_concepts,label_context,low
DRUG//START//15//19764,OMOP//OMOP_CONCEPT//40734887,,True,,OMOP_CONCEPT,40734887,,tigecycline 50 MG Injectable Solution [Tygacil] by Pfizer,AMSTEL_usagi,source_code_omop,medium
DRUG//START//21//20176,,,False,,,,,,AMSTEL_source_concepts,label_context,low
DRUG//START//23//7014,OMOP//OMOP_CONCEPT//36782200,,True,,OMOP_CONCEPT,36782200,,Sufentanil Injectable Solution [Sufenta],AMSTEL_usagi,source_code_omop,medium
DRUG//START//42//15067,,,False,oral_drink,,,,,AMSTEL_source_concepts,label_context,low
DRUG//START//42//15082,,,False,oral_drink,,,,,AMSTEL_source_concepts,label_context,low
DRUG//START//55//7930,ATC//SFX//B01,,True,,ATC,21600973,,B01AB01,AMSTEL_source_concepts,source_code_atc,high
DRUG//START//56//14798,,,False,oral_food,,,,,AMSTEL_source_concepts,label_context,low
DRUG//START//56//14894,OMOP//OMOP_CONCEPT//4037090,,False,oral_food,OMOP_CONCEPT,4037090,,Cooked food,AMSTEL_usagi,source_code_omop,medium
DRUG//START//56//14897,OMOP//OMOP_CONCEPT//4037090,,False,oral_food,OMOP_CONCEPT,4037090,,Cooked food,AMSTEL_usagi,source_code_omop,medium
DRUG//START//71//19892,OMOP//OMOP_CONCEPT//40039834,,True,,OMOP_CONCEPT,40039834,,finasteride Oral Tablet [Proscar],AMSTEL_usagi,source_code_omop,medium
DRUG//START//118//13475,,,False,research_or_trial,,,,,AMSTEL_source_concepts,label_context,low
DRUG//START//118//21018,,,False,research_or_trial,,,,,AMSTEL_source_concepts,label_context,low
DRUG//START//15//7243,OMOP//OMOP_CONCEPT//35606304,,True,,OMOP_CONCEPT,35606304,,foscarnet sodium 24 MG/ML Injection [Foscavir],AMSTEL_usagi,source_code_omop,medium
DRUG//START//27//9105,OMOP//OMOP_CONCEPT//36882929,,True,,OMOP_CONCEPT,36882929,,sodium thiosulfate 250 MG/ML Injectable Solution,AMSTEL_usagi,source_code_omop,medium
DRUG//START//32//19214,,,False,,,,,,AMSTEL_source_concepts,label_context,low
DRUG//START//42//15053,,,False,oral_drink,,,,,AMSTEL_source_concepts,label_context,low
DRUG//START//42//15054,,,False,oral_drink,,,,,AMSTEL_source_concepts,label_context,low
DRUG//START//42//15108,,,False,oral_food,,,,,AMSTEL_source_concepts,label_context,low
DRUG//START//42//20737,,,False,enteral_nutrition,,,,,AMSTEL_source_concepts,label_context,low
DRUG//START//56//14788,,,False,oral_food,,,,,AMSTEL_source_concepts,label_context,low
DRUG//START//56//14893,OMOP//OMOP_CONCEPT//4037090,,False,oral_food,OMOP_CONCEPT,4037090,,Cooked food,AMSTEL_usagi,source_code_omop,medium
DRUG//START//56//14932,OMOP//OMOP_CONCEPT//4332187,,False,oral_food,OMOP_CONCEPT,4332187,,Snack food,AMSTEL_usagi,source_code_omop,medium
DRUG//START//56//15003,,,False,oral_food,,,,,AMSTEL_source_concepts,label_context,low
DRUG//START//65//21221,,,False,research_or_trial,,,,,AMSTEL_source_concepts,label_context,low
DRUG//START//65//8132,ATC//H02//CORTICOSTEROIDS_FOR_SYSTEMIC_USE,,True,,ATC,21602732,,H02AB04,AMSTEL_source_concepts,source_code_atc,high
DRUG//START//69//19217,OMOP//OMOP_CONCEPT//21031071,,True,,OMOP_CONCEPT,21031071,,bimatoprost 0.3 MG/ML / Timolol 5 MG/ML [Ganfort],AMSTEL_usagi,source_code_omop,medium
DRUG//START//70//19161,OMOP//OMOP_CONCEPT//21045905,,True,,OMOP_CONCEPT,21045905,,tiotropium 0.0025 MG/ACTUAT Inhalant Solution [Spiriva Respimat],AMSTEL_usagi,source_code_omop,medium
DRUG//START//25//18776,,,False,,,,,,AMSTEL_source_concepts,label_context,low
DRUG//START//29//9082,,,False,,,,,,AMSTEL_source_concepts,label_context,low
DRUG//START//56//14892,OMOP//OMOP_CONCEPT//4037090,,False,oral_food,OMOP_CONCEPT,4037090,,Cooked food,AMSTEL_usagi,source_code_omop,medium
DRUG//START//56//14895,OMOP//OMOP_CONCEPT//4037090,,False,oral_food,OMOP_CONCEPT,4037090,,Cooked food,AMSTEL_usagi,source_code_omop,medium
DRUG//START//56//14930,OMOP//OMOP_CONCEPT//4332187,,False,oral_food,OMOP_CONCEPT,4332187,,Snack food,AMSTEL_usagi,source_code_omop,medium
DRUG//START//56//14963,,,False,oral_food,,,,,AMSTEL_source_concepts,label_context,low
DRUG//START//56//14979,,,False,oral_food,,,,,AMSTEL_source_concepts,label_context,low
DRUG//START//56//14981,,,False,oral_food,,,,,AMSTEL_source_concepts,label_context,low
DRUG//START//56//14999,,,False,oral_food,,,,,AMSTEL_source_concepts,label_context,low
DRUG//START//56//15012,,,False,oral_food,,,,,AMSTEL_source_concepts,label_context,low
DRUG//START//69//19224,OMOP//OMOP_CONCEPT//21110441,,True,,OMOP_CONCEPT,21110441,,Carboxymethylcellulose 10 MG/ML [Celluvisc],AMSTEL_usagi,source_code_omop,medium
DRUG//START//71//9041,,,False,,,,,,AMSTEL_source_concepts,label_context,low
DRUG//START//118//16366,,,False,research_or_trial,,,,,AMSTEL_source_concepts,label_context,low
DRUG//START//118//16893,,,False,research_or_trial,,,,,AMSTEL_source_concepts,label_context,low
DRUG//START//21//20357,,,False,,,,,,AMSTEL_source_concepts,label_context,low
DRUG//START//23//7020,OMOP//OMOP_CONCEPT//41207482,,True,,OMOP_CONCEPT,41207482,,Droperidol / Fentanyl Injectable Solution [Thalamonal],AMSTEL_usagi,source_code_omop,medium
DRUG//START//27//7217,,,False,,,,,,AMSTEL_source_concepts,label_context,low
DRUG//START//29//13056,OMOP//OMOP_CONCEPT//40080009,,True,,OMOP_CONCEPT,40080009,,selegiline Oral Tablet [Eldepryl],AMSTEL_usagi,source_code_omop,medium
DRUG//START//29//19894,,,False,,,,,,AMSTEL_source_concepts,label_context,low
DRUG//START//31//9066,,,False,,,,,,AMSTEL_source_concepts,label_context,low
DRUG//START//32//9084,,,False,,,,,,AMSTEL_source_concepts,label_context,low
DRUG//START//56//14783,,,False,oral_food,,,,,AMSTEL_source_concepts,label_context,low
DRUG//START//56//14822,,,False,oral_food,,,,,AMSTEL_source_concepts,label_context,low
DRUG//START//56//14898,OMOP//OMOP_CONCEPT//4037090,,False,oral_food,OMOP_CONCEPT,4037090,,Cooked food,AMSTEL_usagi,source_code_omop,medium
DRUG//START//56//14903,OMOP//OMOP_CONCEPT//4037090,,False,oral_food,OMOP_CONCEPT,4037090,,Cooked food,AMSTEL_usagi,source_code_omop,medium
DRUG//START//56//15005,,,False,oral_food,,,,,AMSTEL_source_concepts,label_context,low
DRUG//START//56//15009,,,False,oral_food,,,,,AMSTEL_source_concepts,label_context,low
DRUG//START//67//12552,,,False,,,,,,AMSTEL_source_concepts,label_context,low
DRUG//START//118//14773,,,False,research_or_trial,,,,,AMSTEL_source_concepts,label_context,low
DRUG//START//118//19692,,,False,research_or_trial,,,,,AMSTEL_source_concepts,label_context,low
DRUG//START//118//19747,,,False,research_or_trial,,,,,AMSTEL_source_concepts,label_context,low
DRUG//START//21//19891,OMOP//RXNORM_EXTENSION//2917525,,True,,RxNorm Extension,2917525,,atovaquone Oral Tablet [Wellvone],AMSTEL_usagi,source_code_omop,medium
DRUG//START//23//12750,OMOP//OMOP_CONCEPT//40166326,,True,,OMOP_CONCEPT,40166326,,methadone hydrochloride 10 MG/ML Injectable Solution,AMSTEL_usagi,source_code_omop,medium
DRUG//START//27//15256,,,False,,,,,,AMSTEL_source_concepts,label_context,low
DRUG//START//27//9420,OMOP//OMOP_CONCEPT//19079524,,True,,OMOP_CONCEPT,19079524,,sodium chloride 9 MG/ML Injectable Solution,AMSTEL_usagi,source_code_omop,medium
DRUG//START//30//9067,,,False,,,,,,AMSTEL_source_concepts,label_context,low
DRUG//START//42//15055,,,False,oral_drink,,,,,AMSTEL_source_concepts,label_context,low
DRUG//START//56//14789,,,False,oral_food,,,,,AMSTEL_source_concepts,label_context,low
DRUG//START//56//14819,,,False,oral_food,,,,,AMSTEL_source_concepts,label_context,low
DRUG//START//56//14896,OMOP//OMOP_CONCEPT//4037090,,False,oral_food,OMOP_CONCEPT,4037090,,Cooked food,AMSTEL_usagi,source_code_omop,medium
DRUG//START//56//15007,,,False,oral_food,,,,,AMSTEL_source_concepts,label_context,low
DRUG//START//118//14609,,,False,research_or_trial,,,,,AMSTEL_source_concepts,label_context,low
DRUG//START//118//16853,,,False,research_or_trial,,,,,AMSTEL_source_concepts,label_context,low
DRUG//START//118//16907,,,False,research_or_trial,,,,,AMSTEL_source_concepts,label_context,low
DRUG//START//23//8190,OMOP//OMOP_CONCEPT//700266,,True,,OMOP_CONCEPT,700266,,thiopental 25 MG/ML Injectable Solution,AMSTEL_usagi,source_code_omop,medium
DRUG//START//23//9007,OMOP//OMOP_CONCEPT//40087624,,True,,OMOP_CONCEPT,40087624,,vecuronium Injectable Solution [Norcuron],AMSTEL_usagi,source_code_omop,medium
DRUG//START//25//18779,,,False,,,,,,AMSTEL_source_concepts,label_context,low
DRUG//START//27//7118,,,False,,,,,,AMSTEL_source_concepts,label_context,low
DRUG//START//42//15084,,,False,oral_drink,,,,,AMSTEL_source_concepts,label_context,low
DRUG//START//42//19172,,,False,oral_drink,,,,,AMSTEL_source_concepts,label_context,low
DRUG//START//42//20731,,,False,enteral_nutrition,,,,,AMSTEL_source_concepts,label_context,low
DRUG//START//56//14785,,,False,oral_food,,,,,AMSTEL_source_concepts,label_context,low
DRUG//START//56//14787,,,False,oral_food,,,,,AMSTEL_source_concepts,label_context,low
DRUG//START//56//14795,,,False,oral_food,,,,,AMSTEL_source_concepts,label_context,low
DRUG//START//56//14811,,,False,oral_food,,,,,AMSTEL_source_concepts,label_context,low
DRUG//START//56//14923,OMOP//OMOP_CONCEPT//4332187,,False,oral_food,OMOP_CONCEPT,4332187,,Snack food,AMSTEL_usagi,source_code_omop,medium
DRUG//START//65//15317,,,False,research_or_trial,,,,,AMSTEL_source_concepts,label_context,low
DRUG//START//69//12786,,,False,,,,,,AMSTEL_source_concepts,label_context,low
DRUG//START//69//7626,,,False,,,,,,AMSTEL_source_concepts,label_context,low
DRUG//START//118//14184,,,False,research_or_trial,,,,,AMSTEL_source_concepts,label_context,low
DRUG//START//118//16914,,,False,research_or_trial,,,,,AMSTEL_source_concepts,label_context,low
DRUG//START//21//19052,OMOP//OMOP_CONCEPT//40097505,,True,,OMOP_CONCEPT,40097505,,abacavir Oral Tablet [Ziagen],AMSTEL_usagi,source_code_omop,medium
DRUG//START//23//9039,OMOP//OMOP_CONCEPT//41181162,,True,,OMOP_CONCEPT,41181162,,Bupivacaine 25 MG/ML Injectable Solution,AMSTEL_usagi,source_code_omop,medium
DRUG//START//25//18754,,,False,,,,,,AMSTEL_source_concepts,label_context,low
DRUG//START//25//6799,OMOP//OMOP_CONCEPT//46275863,,True,,OMOP_CONCEPT,46275863,,abciximab Injection [ReoPro],AMSTEL_usagi,source_code_omop,medium
DRUG//START//30//10625,,,False,,,,,,AMSTEL_source_concepts,label_context,low
DRUG//START//30//20177,,,False,,,,,,AMSTEL_source_concepts,label_context,low
DRUG//START//42//21052,,,False,oral_drink,,,,,AMSTEL_source_concepts,label_context,low
DRUG//START//56//14831,,,False,oral_food,,,,,AMSTEL_source_concepts,label_context,low
DRUG//START//56//14832,,,False,oral_food,,,,,AMSTEL_source_concepts,label_context,low
DRUG//START//56//14904,OMOP//OMOP_CONCEPT//4037090,,False,oral_food,OMOP_CONCEPT,4037090,,Cooked food,AMSTEL_usagi,source_code_omop,medium
DRUG//START//56//15001,,,False,oral_food,,,,,AMSTEL_source_concepts,label_context,low
DRUG//START//61//8944,OMOP//OMOP_CONCEPT//36274739,,False,blood_product,OMOP_CONCEPT,36274739,,Factor VIII Injection [OCTANATE],AMSTEL_usagi,source_code_omop,medium
DRUG//START//65//7170,OMOP//OMOP_CONCEPT//19024263,,True,,OMOP_CONCEPT,19024263,,diazepam 5 MG/ML Injectable Solution [Valium],AMSTEL_usagi,source_code_omop,medium
DRUG//START//69//9126,ATC//SFX//C01,,True,,ATC,21600286,,C01CA06,AMSTEL_source_concepts,source_code_atc,high
DRUG//START//70//9031,OMOP//OMOP_CONCEPT//21139149,,True,,OMOP_CONCEPT,21139149,,Beclomethasone 0.25 MG/ACTUAT [Becloforte],AMSTEL_usagi,source_code_omop,medium
DRUG//START//71//19054,OMOP//OMOP_CONCEPT//21125875,,True,,OMOP_CONCEPT,21125875,,Multivitamin preparation Oral Tablet,AMSTEL_usagi,source_code_omop,medium
DRUG//START//118//19140,,,False,research_or_trial,,,,,AMSTEL_source_concepts,label_context,low
DRUG//START//118//19915,,,False,research_or_trial,,,,,AMSTEL_source_concepts,label_context,low
DRUG//START//118//20093,,,False,research_or_trial,,,,,AMSTEL_source_concepts,label_context,low
DRUG//START//118//21219,,,False,research_or_trial,,,,,AMSTEL_source_concepts,label_context,low
DRUG//START//24//19226,OMOP//OMOP_CONCEPT//44114816,,True,,OMOP_CONCEPT,44114816,,ibutilide 0.1 MG/ML Injection [Corvert] by Pfizer,AMSTEL_usagi,source_code_omop,medium
DRUG//START//27//13490,OMOP//OMOP_CONCEPT//44109975,,True,,OMOP_CONCEPT,44109975,,Methylene blue 10 MG/ML Injectable Solution,AMSTEL_usagi,source_code_omop,medium
DRUG//START//29//12466,,,False,,,,,,AMSTEL_source_concepts,label_context,low
DRUG//START//29//19930,,,False,,,,,,AMSTEL_source_concepts,label_context,low
DRUG//START//42//15073,,,False,oral_drink,,,,,AMSTEL_source_concepts,label_context,low
DRUG//START//42//20732,,,False,enteral_nutrition,,,,,AMSTEL_source_concepts,label_context,low
DRUG//START//42//20734,,,False,enteral_nutrition,,,,,AMSTEL_source_concepts,label_context,low
DRUG//START//42//20738,,,False,enteral_nutrition,,,,,AMSTEL_source_concepts,label_context,low
DRUG//START//56//14797,,,False,oral_food,,,,,AMSTEL_source_concepts,label_context,low
DRUG//START//56//14806,,,False,oral_food,,,,,AMSTEL_source_concepts,label_context,low
DRUG//START//56//14813,,,False,oral_food,,,,,AMSTEL_source_concepts,label_context,low
DRUG//START//56//14826,,,False,oral_food,,,,,AMSTEL_source_concepts,label_context,low
DRUG//START//56//14927,OMOP//OMOP_CONCEPT//4332187,,False,oral_food,OMOP_CONCEPT,4332187,,Snack food,AMSTEL_usagi,source_code_omop,medium
DRUG//START//56//14937,OMOP//OMOP_CONCEPT//4332187,,False,oral_food,OMOP_CONCEPT,4332187,,Snack food,AMSTEL_usagi,source_code_omop,medium
DRUG//START//56//14965,,,False,oral_food,,,,,AMSTEL_source_concepts,label_context,low
DRUG//START//56//15011,,,False,oral_food,,,,,AMSTEL_source_concepts,label_context,low
DRUG//START//65//9007,OMOP//OMOP_CONCEPT//41182645,,True,,OMOP_CONCEPT,41182645,,Vecuronium 4 MG/ML Injectable Solution [Norcuron],AMSTEL_usagi,source_code_omop,medium
DRUG//START//70//9032,OMOP//OMOP_CONCEPT//21060621,,True,,OMOP_CONCEPT,21060621,,Beclomethasone 0.4 MG Dry Powder Inhaler [Becotide] by Glaxosmithkline,AMSTEL_usagi,source_code_omop,medium
DRUG//START//70//9049,OMOP//OMOP_CONCEPT//1134439,,True,,OMOP_CONCEPT,1134439,,caffeine,AMSTEL_usagi,source_code_omop,medium
DRUG//START//118//16750,,,False,research_or_trial,,,,,AMSTEL_source_concepts,label_context,low
DRUG//START//118//16913,,,False,research_or_trial,,,,,AMSTEL_source_concepts,label_context,low
DRUG//START//118//19744,,,False,research_or_trial,,,,,AMSTEL_source_concepts,label_context,low
DRUG//START//118//20704,,,False,research_or_trial,,,,,AMSTEL_source_concepts,label_context,low
DRUG//START//118//21019,,,False,research_or_trial,,,,,AMSTEL_source_concepts,label_context,low
DRUG//START//118//21055,,,False,research_or_trial,,,,,AMSTEL_source_concepts,label_context,low
DRUG//START//118//21218,,,False,research_or_trial,,,,,AMSTEL_source_concepts,label_context,low
DRUG//START//15//8229,OMOP//OMOP_CONCEPT//43744909,,True,,OMOP_CONCEPT,43744909,,Ethambutol Injectable Solution [Myambutol],AMSTEL_usagi,source_code_omop,medium
DRUG//START//15//8374,OMOP//OMOP_CONCEPT//1760659,,True,,OMOP_CONCEPT,1760659,,quinine 300 MG/ML Injectable Solution,AMSTEL_usagi,source_code_omop,medium
DRUG//START//21//12990,,,False,,,,,,AMSTEL_source_concepts,label_context,low
DRUG//START//21//19051,,,False,,,,,,AMSTEL_source_concepts,label_context,low
DRUG//START//21//19137,OMOP//OMOP_CONCEPT//40058965,,True,,OMOP_CONCEPT,40058965,,linezolid Oral Tablet [Zyvox],AMSTEL_usagi,source_code_omop,medium
DRUG//START//21//8449,,,False,,,,,,AMSTEL_source_concepts,label_context,low
DRUG//START//25//18746,,,False,,,,,,AMSTEL_source_concepts,label_context,low
DRUG//START//30//20170,,,False,,,,,,AMSTEL_source_concepts,label_context,low
DRUG//START//30//9058,,,False,,,,,,AMSTEL_source_concepts,label_context,low
DRUG//START//32//12470,OMOP//OMOP_CONCEPT//19004040,,True,,OMOP_CONCEPT,19004040,,mycophenolate mofetil 200 MG/ML Oral Suspension [Cellcept],AMSTEL_usagi,source_code_omop,medium
DRUG//START//32//14755,,,False,research_or_trial,,,,,AMSTEL_source_concepts,label_context,low
DRUG//START//32//19918,OMOP//OMOP_CONCEPT//1107885,,True,,OMOP_CONCEPT,1107885,,loratadine 10 MG,AMSTEL_usagi,source_code_omop,medium
DRUG//START//39//8947,OMOP//OMOP_CONCEPT//1718633,,False,parenteral_nutrition,OMOP_CONCEPT,1718633,,soybean oil 100 MG/ML Injection [Intralipid],AMSTEL_usagi,source_code_omop,medium
DRUG//START//42//15057,,,False,oral_drink,,,,,AMSTEL_source_concepts,label_context,low
DRUG//START//56//14778,,,False,oral_food,,,,,AMSTEL_source_concepts,label_context,low
DRUG//START//56//14784,,,False,oral_food,,,,,AMSTEL_source_concepts,label_context,low
DRUG//START//56//14792,,,False,oral_food,,,,,AMSTEL_source_concepts,label_context,low
DRUG//START//56//14796,,,False,oral_food,,,,,AMSTEL_source_concepts,label_context,low
DRUG//START//56//14816,,,False,oral_food,,,,,AMSTEL_source_concepts,label_context,low
DRUG//START//56//14820,,,False,oral_food,,,,,AMSTEL_source_concepts,label_context,low
DRUG//START//56//14918,OMOP//OMOP_CONCEPT//4332187,,False,oral_food,OMOP_CONCEPT,4332187,,Snack food,AMSTEL_usagi,source_code_omop,medium
DRUG//START//56//14922,OMOP//OMOP_CONCEPT//4332187,,False,oral_food,OMOP_CONCEPT,4332187,,Snack food,AMSTEL_usagi,source_code_omop,medium
DRUG//START//56//14924,OMOP//OMOP_CONCEPT//4332187,,False,oral_food,OMOP_CONCEPT,4332187,,Snack food,AMSTEL_usagi,source_code_omop,medium
DRUG//START//61//8946,OMOP//OMOP_CONCEPT//21021528,,False,blood_product,OMOP_CONCEPT,21021528,,von Willebrand factor Injection,AMSTEL_usagi,source_code_omop,medium
DRUG//START//67//9042,,,False,,,,,,AMSTEL_source_concepts,label_context,low
DRUG//START//70//16361,OMOP//OMOP_CONCEPT//19020937,,True,,OMOP_CONCEPT,19020937,,dornase alfa 1 MG/ML [Pulmozyme],AMSTEL_usagi,source_code_omop,medium
DRUG//START//118//13473,,,False,research_or_trial,,,,,AMSTEL_source_concepts,label_context,low
DRUG//START//118//13477,,,False,research_or_trial,,,,,AMSTEL_source_concepts,label_context,low
DRUG//START//118//15313,,,False,research_or_trial,,,,,AMSTEL_source_concepts,label_context,low
DRUG//START//118//15794,,,False,research_or_trial,,,,,AMSTEL_source_concepts,label_context,low
DRUG//START//118//19525,,,False,research_or_trial,,,,,AMSTEL_source_concepts,label_context,low
DRUG//START//118//20640,,,False,research_or_trial,,,,,AMSTEL_source_concepts,label_context,low
DRUG//START//15//9030,OMOP//OMOP_CONCEPT//40740535,,True,,OMOP_CONCEPT,40740535,,Aztreonam Injectable Solution [Azactam],AMSTEL_usagi,source_code_omop,medium
DRUG//START//21//13026,OMOP//OMOP_CONCEPT//40160004,,True,,OMOP_CONCEPT,40160004,,lopinavir / ritonavir Oral Tablet [Kaletra],AMSTEL_usagi,source_code_omop,medium
DRUG//START//21//9076,,,False,,,,,,AMSTEL_source_concepts,label_context,low
DRUG//START//23//7221,OMOP//OMOP_CONCEPT//37493800,,True,,OMOP_CONCEPT,37493800,,Nicomorphine hydrochloride,AMSTEL_usagi,source_code_omop,medium
DRUG//START//24//6933,OMOP//OMOP_CONCEPT//36889646,,True,,OMOP_CONCEPT,36889646,,Propranolol 1 MG/ML Injectable Solution,AMSTEL_usagi,source_code_omop,medium
DRUG//START//27//9121,,,False,,,,,,AMSTEL_source_concepts,label_context,low
DRUG//START//29//9099,,,False,,,,,,AMSTEL_source_concepts,label_context,low
DRUG//START//29//9134,OMOP//OMOP_CONCEPT//21074904,,True,,OMOP_CONCEPT,21074904,,Flunitrazepam Oral Tablet [Rohypnol],AMSTEL_usagi,source_code_omop,medium
DRUG//START//31//12978,,,False,,,,,,AMSTEL_source_concepts,label_context,low
DRUG//START//31//6945,OMOP//OMOP_CONCEPT//40028268,,True,,OMOP_CONCEPT,40028268,,cimetidine Oral Tablet [Tagamet],AMSTEL_usagi,source_code_omop,medium
DRUG//START//32//9050,OMOP//OMOP_CONCEPT//42970610,,True,,OMOP_CONCEPT,42970610,,Diatrizoate / Meglumine / Sodium Hydroxide Oral Suspension,AMSTEL_usagi,source_code_omop,medium
DRUG//START//42//19171,,,False,oral_drink,,,,,AMSTEL_source_concepts,label_context,low
DRUG//START//55//7256,OMOP//OMOP_CONCEPT//35129866,,False,crystalloid_or_diluent,OMOP_CONCEPT,35129866,,Glucose 300 MG/ML Injectable Solution,AMSTEL_usagi,source_code_omop,medium
DRUG//START//56//14793,,,False,oral_food,,,,,AMSTEL_source_concepts,label_context,low
DRUG//START//56//14804,,,False,oral_food,,,,,AMSTEL_source_concepts,label_context,low
DRUG//START//56//14807,,,False,oral_food,,,,,AMSTEL_source_concepts,label_context,low
DRUG//START//56//14815,,,False,oral_food,,,,,AMSTEL_source_concepts,label_context,low
DRUG//START//56//14817,,,False,oral_food,,,,,AMSTEL_source_concepts,label_context,low
DRUG//START//56//14828,,,False,oral_food,,,,,AMSTEL_source_concepts,label_context,low
DRUG//START//56//14833,,,False,oral_food,,,,,AMSTEL_source_concepts,label_context,low
DRUG//START//56//14926,OMOP//OMOP_CONCEPT//4332187,,False,oral_food,OMOP_CONCEPT,4332187,,Snack food,AMSTEL_usagi,source_code_omop,medium
DRUG//START//56//14928,OMOP//OMOP_CONCEPT//4332187,,False,oral_food,OMOP_CONCEPT,4332187,,Snack food,AMSTEL_usagi,source_code_omop,medium
DRUG//START//56//14934,OMOP//OMOP_CONCEPT//4332187,,False,oral_food,OMOP_CONCEPT,4332187,,Snack food,AMSTEL_usagi,source_code_omop,medium
DRUG//START//56//14945,OMOP//OMOP_CONCEPT//4332187,,False,oral_food,OMOP_CONCEPT,4332187,,Snack food,AMSTEL_usagi,source_code_omop,medium
DRUG//START//56//14950,OMOP//OMOP_CONCEPT//4332187,,False,oral_food,OMOP_CONCEPT,4332187,,Snack food,AMSTEL_usagi,source_code_omop,medium
DRUG//START//56//15013,,,False,oral_food,,,,,AMSTEL_source_concepts,label_context,low
DRUG//START//67//18771,,,False,,,,,,AMSTEL_source_concepts,label_context,low
DRUG//START//71//7240,,,False,,,,,,AMSTEL_source_concepts,label_context,low
DRUG//START//118//16364,,,False,research_or_trial,,,,,AMSTEL_source_concepts,label_context,low
DRUG//START//118//21020,,,False,research_or_trial,,,,,AMSTEL_source_concepts,label_context,low
DRUG//START//17//7194,ATC//N05//PSYCHOLEPTICS,,True,,ATC,21604643,,N05CD08,AMSTEL_source_concepts,source_code_atc,high
DRUG//START//17//7480,ATC//N01//ANESTHETICS,,True,,ATC,21604214,,N01AX10,AMSTEL_source_concepts,source_code_atc,high
DRUG//START//21//19740,,,False,,,,,,AMSTEL_source_concepts,label_context,low
DRUG//START//21//9014,ATC//A10//DRUGS_USED_IN_DIABETES,,True,,ATC,21600715,,A10AB01,AMSTEL_source_concepts,source_code_atc,high
DRUG//START//21//9539,OMOP//OMOP_CONCEPT//1717240,,True,,OMOP_CONCEPT,1717240,,amphotericin B,AMSTEL_usagi,source_code_omop,medium
DRUG//START//21//9618,,,False,,,,,,AMSTEL_source_concepts,label_context,low
DRUG//START//23//6887,OMOP//OMOP_CONCEPT//40069794,,True,,OMOP_CONCEPT,40069794,,pancuronium Injectable Solution [Pavulon],AMSTEL_usagi,source_code_omop,medium
DRUG//START//24//12952,OMOP//OMOP_CONCEPT//41122534,,True,,OMOP_CONCEPT,41122534,,Phentolamine 10 MG/ML Injectable Solution [Regitin],AMSTEL_usagi,source_code_omop,medium
DRUG//START//24//7135,ATC//SFX//C01,,True,,ATC,21600282,,C01CA02,AMSTEL_source_concepts,source_code_atc,high
DRUG//START//24//9065,OMOP//OMOP_CONCEPT//40909206,,True,,OMOP_CONCEPT,40909206,,dopexamine 10 MG/ML Injectable Solution [Dopacard],AMSTEL_usagi,source_code_omop,medium
DRUG//START//25//18751,OMOP//OMOP_CONCEPT//42929589,,True,,OMOP_CONCEPT,42929589,,alemtuzumab 10 MG/ML Injectable Solution [Lemtrada],AMSTEL_usagi,source_code_omop,medium
DRUG//START//25//18753,,,False,,,,,,AMSTEL_source_concepts,label_context,low
DRUG//START//25//20360,OMOP//OMOP_CONCEPT//46275904,,True,,OMOP_CONCEPT,46275904,,anti-inhibitor coagulant complex 1 UNT Injection [Feiba],AMSTEL_usagi,source_code_omop,medium
DRUG//START//25//7991,,,False,,,,,,AMSTEL_source_concepts,label_context,low
DRUG//START//25//9621,,,False,,,,,,AMSTEL_source_concepts,label_context,low
DRUG//START//27//9622,,,False,,,,,,AMSTEL_source_concepts,label_context,low
DRUG//START//29//7229,ATC//SFX//C01,,True,,ATC,21600283,,C01CA03,AMSTEL_source_concepts,source_code_atc,high
DRUG//START//32//7162,OMOP//OMOP_CONCEPT//40087181,,True,,OMOP_CONCEPT,40087181,,liothyronine Oral Tablet [Cytomel],AMSTEL_usagi,source_code_omop,medium
DRUG//START//42//15037,,,False,oral_drink,,,,,AMSTEL_source_concepts,label_context,low
DRUG//START//42//15085,,,False,oral_drink,,,,,AMSTEL_source_concepts,label_context,low
DRUG//START//56//14799,,,False,oral_food,,,,,AMSTEL_source_concepts,label_context,low
DRUG//START//56//14800,,,False,oral_food,,,,,AMSTEL_source_concepts,label_context,low
DRUG//START//56//14803,,,False,oral_food,,,,,AMSTEL_source_concepts,label_context,low
DRUG//START//56//14824,,,False,oral_food,,,,,AMSTEL_source_concepts,label_context,low
DRUG//START//56//14920,OMOP//OMOP_CONCEPT//4332187,,False,oral_food,OMOP_CONCEPT,4332187,,Snack food,AMSTEL_usagi,source_code_omop,medium
DRUG//START//56//14935,OMOP//OMOP_CONCEPT//4332187,,False,oral_food,OMOP_CONCEPT,4332187,,Snack food,AMSTEL_usagi,source_code_omop,medium
DRUG//START//56//14938,OMOP//OMOP_CONCEPT//4332187,,False,oral_food,OMOP_CONCEPT,4332187,,Snack food,AMSTEL_usagi,source_code_omop,medium
DRUG//START//56//14939,OMOP//OMOP_CONCEPT//4332187,,False,oral_food,OMOP_CONCEPT,4332187,,Snack food,AMSTEL_usagi,source_code_omop,medium
DRUG//START//56//14947,OMOP//OMOP_CONCEPT//4332187,,False,oral_food,OMOP_CONCEPT,4332187,,Snack food,AMSTEL_usagi,source_code_omop,medium
DRUG//START//56//14948,OMOP//OMOP_CONCEPT//4332187,,False,oral_food,OMOP_CONCEPT,4332187,,Snack food,AMSTEL_usagi,source_code_omop,medium
DRUG//START//56//14951,OMOP//OMOP_CONCEPT//4332187,,False,oral_food,OMOP_CONCEPT,4332187,,Snack food,AMSTEL_usagi,source_code_omop,medium
DRUG//START//56//14952,OMOP//OMOP_CONCEPT//4332187,,False,oral_food,OMOP_CONCEPT,4332187,,Snack food,AMSTEL_usagi,source_code_omop,medium
DRUG//START//65//13490,OMOP//OMOP_CONCEPT//44109975,,True,,OMOP_CONCEPT,44109975,,Methylene blue 10 MG/ML Injectable Solution,AMSTEL_usagi,source_code_omop,medium
DRUG//START//65//9013,OMOP//OMOP_CONCEPT//40010924,,True,,OMOP_CONCEPT,40010924,,atracurium Injectable Solution [Tracrium],AMSTEL_usagi,source_code_omop,medium
DRUG//START//67//19211,OMOP//OMOP_CONCEPT//46221381,,True,,OMOP_CONCEPT,46221381,,somatropin 10 MG/ML Injectable Solution [Zomacton],AMSTEL_usagi,source_code_omop,medium
DRUG//START//70//7023,OMOP//OMOP_CONCEPT//40007627,,True,,OMOP_CONCEPT,40007627,,aminophylline Injectable Solution,AMSTEL_usagi,source_code_omop,medium
DRUG//START//71//19895,,,False,,,,,,AMSTEL_source_concepts,label_context,low
FREETEXT//11646//1,LOINC//3053213,,False,,LOINC,3053213,,3053213,AMSTEL,source_code,low
FREETEXT//10890//1,LOINC//3037185,,False,,LOINC,3037185,,3037185,AMSTEL,source_code,low
FREETEXT//10906//1,LOINC//3003344,,False,,LOINC,3003344,,3003344,AMSTEL,source_code,low
FREETEXT//14281//1,LOINC//3045414,,False,,LOINC,3045414,,3045414,AMSTEL,source_code,low
FREETEXT//14278//1,LOINC//3042812,,False,,LOINC,3042812,,3042812,AMSTEL,source_code,low
FREETEXT//10891//1,LOINC//3020650,,False,,LOINC,3020650,,3020650,AMSTEL,source_code,low
FREETEXT//11636//1,LOINC//3045424,,False,,LOINC,3045424,,3045424,AMSTEL,source_code,low
FREETEXT//10948//1,OMOP//OMOP_CONCEPT//44809913,,False,,OMOP_CONCEPT,44809913,,Save sample for later serum analysis,AMSTEL,itemid,low
FREETEXT//10858//1,LOINC//3048453,,False,,LOINC,3048453,,3048453,AMSTEL,source_code,low
FREETEXT//11220//1,OMOP//OMOP_CONCEPT//44809913,,False,,OMOP_CONCEPT,44809913,,Save sample for later serum analysis,AMSTEL,itemid,low
FREETEXT//10885//1,LOINC//3022525,,False,,LOINC,3022525,,3022525,AMSTEL,source_code,low
FREETEXT//10901//1,LOINC//36304419,,False,,LOINC,36304419,,36304419,AMSTEL,source_code,low
FREETEXT//10886//1,LOINC//46235616,,False,,LOINC,46235616,,46235616,AMSTEL,source_code,low
FREETEXT//11641//1,LOINC//36303790,,False,,LOINC,36303790,,36303790,AMSTEL,source_code,low
FREETEXT//10900//1,LOINC//36304079,,False,,LOINC,36304079,,36304079,AMSTEL,source_code,low
FREETEXT//18886//1,LOINC//40771087,,False,,LOINC,40771087,,40771087,AMSTEL,source_code,low
FREETEXT//14683//1,OMOP//OMOP_CONCEPT//4258677,,False,,OMOP_CONCEPT,4258677,,Blood group typing,AMSTEL,itemid,low
FREETEXT//10968//1,LOINC//3032068,,False,,LOINC,3032068,,3032068,AMSTEL,source_code,low
FREETEXT//14310//1,,,False,,,,,,,,unmapped
FREETEXT//10888//1,,,False,,,,,,,,unmapped
FREETEXT//12242//1,,,False,,,,,,,,unmapped
FREETEXT//11386//1,LOINC//3017797,,False,,LOINC,3017797,,3017797,AMSTEL,source_code,low
FREETEXT//14311//1,,,False,,,,,,,,unmapped
FREETEXT//10898//1,,,False,,,,,,,,unmapped
FREETEXT//11631//1,,,False,,,,,,,,unmapped
FREETEXT//14343//1,,,False,,,,,,,,unmapped
FREETEXT//17055//1,,,False,,,,,,,,unmapped
FREETEXT//11644//1,,,False,,,,,,,,unmapped
FREETEXT//10899//1,,,False,,,,,,,,unmapped
FREETEXT//11634//1,,,False,,,,,,,,unmapped
FREETEXT//11295//1,,,False,,,,,,,,unmapped
FREETEXT//17586//1,,,False,,,,,,,,unmapped
FREETEXT//11408//1,LOINC//40760007,,False,,LOINC,40760007,,40760007,AMSTEL,source_code,low
FREETEXT//17054//1,,,False,,,,,,,,unmapped
FREETEXT//15435//1,LOINC//37021170,,False,,LOINC,37021170,,37021170,AMSTEL,source_code,low
FREETEXT//11395//1,LOINC//3017143,,False,,LOINC,3017143,,3017143,AMSTEL,source_code,low
FREETEXT//11648//1,,,False,,,,,,,,unmapped
FREETEXT//17330//1,LOINC//3021879,,False,,LOINC,3021879,,3021879,AMSTEL,source_code,low
FREETEXT//11108//1,LOINC//3024974,,False,,LOINC,3024974,,3024974,AMSTEL,source_code,low
FREETEXT//17403//1,,,False,,,,,,,,unmapped
FREETEXT//10897//1,,,False,,,,,,,,unmapped
FREETEXT//17246//1,,,False,,,,,,,,unmapped
FREETEXT//17053//1,,,False,,,,,,,,unmapped
FREETEXT//11124//1,,,False,,,,,,,,unmapped
FREETEXT//10970//1,,,False,,,,,,,,unmapped
FREETEXT//20383//1,LOINC//36304170,,False,,LOINC,36304170,,36304170,AMSTEL,source_code,low
FREETEXT//20387//1,LOINC//3051552,,False,,LOINC,3051552,,3051552,AMSTEL,source_code,low
FREETEXT//11128//1,,,False,,,,,,,,unmapped
FREETEXT//10892//1,,,False,,,,,,,,unmapped
FREETEXT//12205//1,,,False,,,,,,,,unmapped
FREETEXT//11266//1,,,False,,,,,,,,unmapped
FREETEXT//11400//1,LOINC//3016816,,False,,LOINC,3016816,,3016816,AMSTEL,source_code,low
FREETEXT//17453//1,,,False,,,,,,,,unmapped
FREETEXT//11270//1,LOINC//3035069,,False,,LOINC,3035069,,3035069,AMSTEL,source_code,low
FREETEXT//11387//1,LOINC//3021879,,False,,LOINC,3021879,,3021879,AMSTEL,source_code,low
FREETEXT//11272//1,LOINC//3019978,,False,,LOINC,3019978,,3019978,AMSTEL,source_code,low
FREETEXT//17738//1,,,False,,,,,,,,unmapped
FREETEXT//11370//1,,,False,,,,,,,,unmapped
FREETEXT//11402//1,LOINC//3013332,,False,,LOINC,3013332,,3013332,AMSTEL,source_code,low
FREETEXT//17942//1,,,False,,,,,,,,unmapped
FREETEXT//11378//1,LOINC//3006585,,False,,LOINC,3006585,,3006585,AMSTEL,source_code,low
FREETEXT//11285//1,,,False,,,,,,,,unmapped
FREETEXT//11254//1,LOINC//3044802,,False,,LOINC,3044802,,3044802,AMSTEL,source_code,low
FREETEXT//11284//1,,,False,,,,,,,,unmapped
FREETEXT//11271//1,LOINC//21493357,,False,,LOINC,21493357,,21493357,AMSTEL,source_code,low
FREETEXT//11127//1,,,False,,,,,,,,unmapped
FREETEXT//11269//1,LOINC//3023671,,False,,LOINC,3023671,,3023671,AMSTEL,source_code,low
FREETEXT//15389//1,LOINC//21492394,,False,,LOINC,21492394,,21492394,AMSTEL,source_code,low
FREETEXT//11379//1,,,False,,,,,,,,unmapped
FREETEXT//15478//1,LOINC//3033966,,False,,LOINC,3033966,,3033966,AMSTEL,source_code,low
FREETEXT//15476//1,LOINC//1175793,,False,,LOINC,1175793,,1175793,AMSTEL,source_code,low
FREETEXT//15477//1,LOINC//3033966,,False,,LOINC,3033966,,3033966,AMSTEL,source_code,low
FREETEXT//11277//1,,,False,,,,,,,,unmapped
FREETEXT//17301//1,,,False,,,,,,,,unmapped
FREETEXT//11280//1,,,False,,,,,,,,unmapped
FREETEXT//14553//1,LOINC//46235756,,False,,LOINC,46235756,,46235756,AMSTEL,source_code,low
FREETEXT//14559//1,LOINC//46235758,,False,,LOINC,46235758,,46235758,AMSTEL,source_code,low
FREETEXT//15449//1,LOINC//46235767,,False,,LOINC,46235767,,46235767,AMSTEL,source_code,low
FREETEXT//15455//1,LOINC//1176113,,False,,LOINC,1176113,,1176113,AMSTEL,source_code,low
FREETEXT//15656//1,LOINC//36305681,,False,,LOINC,36305681,,36305681,AMSTEL,source_code,low
FREETEXT//14305//1,,,False,,,,,,,,unmapped
FREETEXT//17943//1,,,False,,,,,,,,unmapped
FREETEXT//11278//1,,,False,,,,,,,,unmapped
FREETEXT//15382//1,LOINC//3027813,,False,,LOINC,3027813,,3027813,AMSTEL,source_code,low
FREETEXT//19000//1,LOINC//36303355,,False,,LOINC,36303355,,36303355,AMSTEL,source_code,low
FREETEXT//19001//1,LOINC//1175203,,False,,LOINC,1175203,,1175203,AMSTEL,source_code,low
FREETEXT//17404//1,,,False,,,,,,,,unmapped
FREETEXT//11279//1,,,False,,,,,,,,unmapped
FREETEXT//11281//1,,,False,,,,,,,,unmapped
FREETEXT//11382//1,LOINC//3012570,,False,,LOINC,3012570,,3012570,AMSTEL,source_code,low
FREETEXT//17673//1,LOINC//36304319,,False,,LOINC,36304319,,36304319,AMSTEL,source_code,low
FREETEXT//17685//1,LOINC//36303784,,False,,LOINC,36303784,,36303784,AMSTEL,source_code,low
FREETEXT//17697//1,LOINC//36304298,,False,,LOINC,36304298,,36304298,AMSTEL,source_code,low
FREETEXT//17610//1,,,False,,,,,,,,unmapped
FREETEXT//14551//1,LOINC//46235757,,False,,LOINC,46235757,,46235757,AMSTEL,source_code,low
FREETEXT//14557//1,LOINC//46235759,,False,,LOINC,46235759,,46235759,AMSTEL,source_code,low
FREETEXT//11282//1,,,False,,,,,,,,unmapped
FREETEXT//15447//1,LOINC//46235794,,False,,LOINC,46235794,,46235794,AMSTEL,source_code,low
FREETEXT//15453//1,LOINC//46236734,,False,,LOINC,46236734,,46236734,AMSTEL,source_code,low
FREETEXT//15654//1,LOINC//46235763,,False,,LOINC,46235763,,46235763,AMSTEL,source_code,low
FREETEXT//17211//1,,,False,,,,,,,,unmapped
FREETEXT//14684//1,,,False,,,,,,,,unmapped
FREETEXT//19082//1,LOINC//36304988,,False,,LOINC,36304988,,36304988,AMSTEL,source_code,low
FREETEXT//19083//1,,,False,,,,,,,,unmapped
FREETEXT//19165//1,LOINC//36304562,,False,,LOINC,36304562,,36304562,AMSTEL,source_code,low
FREETEXT//12206//1,,,False,,,,,,,,unmapped
FREETEXT//17536//1,,,False,,,,,,,,unmapped
FREETEXT//11418//1,LOINC//3020134,,False,,LOINC,3020134,,3020134,AMSTEL,source_code,low
FREETEXT//14307//1,,,False,,,,,,,,unmapped
FREETEXT//17549//1,,,False,,,,,,,,unmapped
FREETEXT//17941//1,,,False,,,,,,,,unmapped
FREETEXT//15393//1,LOINC//3014639,,False,,LOINC,3014639,,3014639,AMSTEL,source_code,low
FREETEXT//10812//1,LOINC//3026395,,False,,LOINC,3026395,,3026395,AMSTEL,source_code,low
FREETEXT//19028//1,LOINC//3006631,,False,,LOINC,3006631,,3006631,AMSTEL,source_code,low
FREETEXT//17675//1,LOINC//46235764,,False,,LOINC,46235764,,46235764,AMSTEL,source_code,low
FREETEXT//17687//1,LOINC//46235765,,False,,LOINC,46235765,,46235765,AMSTEL,source_code,low
FREETEXT//17699//1,LOINC//46235766,,False,,LOINC,46235766,,46235766,AMSTEL,source_code,low
FREETEXT//10780//1,,,False,,,,,,,,unmapped
FREETEXT//10814//1,LOINC//37019853,,False,,LOINC,37019853,,37019853,AMSTEL,source_code,low
FREETEXT//14401//1,LOINC//46235749,,False,,LOINC,46235749,,46235749,AMSTEL,source_code,low
FREETEXT//11015//1,,,False,,,,,,,,unmapped
FREETEXT//14552//1,,,False,,,,,,,,unmapped
FREETEXT//15454//1,,,False,,,,,,,,unmapped
FREETEXT//11385//1,,,False,,,,,,,,unmapped
FREETEXT//14558//1,,,False,,,,,,,,unmapped
FREETEXT//15655//1,,,False,,,,,,,,unmapped
FREETEXT//15448//1,,,False,,,,,,,,unmapped
FREETEXT//11110//1,,,False,,,,,,,,unmapped
FREETEXT//11017//1,,,False,,,,,,,,unmapped
FREETEXT//17305//1,LOINC//36303951,,False,,LOINC,36303951,,36303951,AMSTEL,source_code,low
FREETEXT//14372//1,,,False,,,,,,,,unmapped
FREETEXT//10946//1,,,False,,,,,,,,unmapped
FREETEXT//11229//1,,,False,,,,,,,,unmapped
FREETEXT//17308//1,,,False,,,,,,,,unmapped
FREETEXT//15403//1,,,False,,,,,,,,unmapped
FREETEXT//19090//1,,,False,,,,,,,,unmapped
FREETEXT//19091//1,,,False,,,,,,,,unmapped
FREETEXT//10813//1,,,False,,,,,,,,unmapped
FREETEXT//11136//1,,,False,,,,,,,,unmapped
FREETEXT//11414//1,,,False,,,,,,,,unmapped
FREETEXT//12150//1,,,False,,,,,,,,unmapped
FREETEXT//14402//1,,,False,,,,,,,,unmapped
FREETEXT//17056//1,LOINC//3006453,,False,,LOINC,3006453,,3006453,AMSTEL,source_code,low
FREETEXT//10816//1,,,False,,,,,,,,unmapped
FREETEXT//12243//1,,,False,,,,,,,,unmapped
FREETEXT//11384//1,,,False,,,,,,,,unmapped
FREETEXT//15384//1,,,False,,,,,,,,unmapped
FREETEXT//15537//1,,,False,,,,,,,,unmapped
FREETEXT//19701//1,,,False,,,,,,,,unmapped
FREETEXT//15538//1,,,False,,,,,,,,unmapped
FREETEXT//17744//1,,,False,,,,,,,,unmapped
FREETEXT//11019//1,,,False,,,,,,,,unmapped
FREETEXT//11283//1,,,False,,,,,,,,unmapped
FREETEXT//17845//1,,,False,,,,,,,,unmapped
FREETEXT//10971//1,,,False,,,,,,,,unmapped
FREETEXT//10766//1,,,False,,,,,,,,unmapped
FREETEXT//11018//1,,,False,,,,,,,,unmapped
FREETEXT//15422//1,,,False,,,,,,,,unmapped
FREETEXT//19580//1,,,False,,,,,,,,unmapped
FREETEXT//14312//1,,,False,,,,,,,,unmapped
FREETEXT//14549//1,,,False,,,,,,,,unmapped
FREETEXT//14556//1,,,False,,,,,,,,unmapped
FREETEXT//15446//1,,,False,,,,,,,,unmapped
FREETEXT//15452//1,,,False,,,,,,,,unmapped
FREETEXT//10815//1,,,False,,,,,,,,unmapped
FREETEXT//15653//1,,,False,,,,,,,,unmapped
FREETEXT//17677//1,,,False,,,,,,,,unmapped
FREETEXT//17689//1,,,False,,,,,,,,unmapped
FREETEXT//17701//1,,,False,,,,,,,,unmapped
FREETEXT//15383//1,,,False,,,,,,,,unmapped
FREETEXT//17078//1,,,False,,,,,,,,unmapped
FREETEXT//19117//1,,,False,,,,,,,,unmapped
FREETEXT//11415//1,,,False,,,,,,,,unmapped
FREETEXT//12168//1,,,False,,,,,,,,unmapped
FREETEXT//15611//1,,,False,,,,,,,,unmapped
FREETEXT//19118//1,,,False,,,,,,,,unmapped
FREETEXT//11104//1,,,False,,,,,,,,unmapped
FREETEXT//15421//1,,,False,,,,,,,,unmapped
FREETEXT//15745//1,,,False,,,,,,,,unmapped
FREETEXT//15748//1,,,False,,,,,,,,unmapped
FREETEXT//11120//1,,,False,,,,,,,,unmapped
FREETEXT//14380//1,,,False,,,,,,,,unmapped
FREETEXT//17743//1,,,False,,,,,,,,unmapped
FREETEXT//11118//1,,,False,,,,,,,,unmapped
FREETEXT//11119//1,,,False,,,,,,,,unmapped
FREETEXT//11122//1,,,False,,,,,,,,unmapped
FREETEXT//11247//1,,,False,,,,,,,,unmapped
FREETEXT//17682//1,,,False,,,,,,,,unmapped
FREETEXT//17694//1,,,False,,,,,,,,unmapped
FREETEXT//17706//1,,,False,,,,,,,,unmapped
FREETEXT//14360//1,,,False,,,,,,,,unmapped
FREETEXT//17883//1,,,False,,,,,,,,unmapped
FREETEXT//20371//1,,,False,,,,,,,,unmapped
FREETEXT//10923//1,,,False,,,,,,,,unmapped
FREETEXT//11300//1,,,False,,,,,,,,unmapped
FREETEXT//14403//1,,,False,,,,,,,,unmapped
FREETEXT//15790//1,,,False,,,,,,,,unmapped
FREETEXT//15791//1,,,False,,,,,,,,unmapped
FREETEXT//17846//1,,,False,,,,,,,,unmapped
FREETEXT//12244//1,,,False,,,,,,,,unmapped
FREETEXT//14383//1,,,False,,,,,,,,unmapped
FREETEXT//10943//1,,,False,,,,,,,,unmapped
FREETEXT//15423//1,,,False,,,,,,,,unmapped
FREETEXT//11327//1,,,False,,,,,,,,unmapped
FREETEXT//11419//1,,,False,,,,,,,,unmapped
FREETEXT//12166//1,,,False,,,,,,,,unmapped
FREETEXT//17884//1,,,False,,,,,,,,unmapped
FREETEXT//10859//1,,,False,,,,,,,,unmapped
FREETEXT//10861//1,,,False,,,,,,,,unmapped
FREETEXT//11353//1,,,False,,,,,,,,unmapped
FREETEXT//11362//1,SNOMED//865971000000100,,False,,SNOMED,44809913,,Save sample for later serum analysis,AmsterdamUMCdb_dictionary,label_exact,low
FREETEXT//10896//1,,,False,,,,,,,,unmapped
FREETEXT//11328//1,,,False,,,,,,,,unmapped
FREETEXT//14308//1,,,False,,,,,,,,unmapped
FREETEXT//11107//1,,,False,,,,,,,,unmapped
FREETEXT//11375//1,,,False,,,,,,,,unmapped
FREETEXT//10768//1,,,False,,,,,,,,unmapped
FREETEXT//15385//1,,,False,,,,,,,,unmapped
FREETEXT//17354//1,,,False,,,,,,,,unmapped
FREETEXT//11391//1,,,False,,,,,,,,unmapped
FREETEXT//14404//1,,,False,,,,,,,,unmapped
FREETEXT//11257//1,,,False,,,,,,,,unmapped
FREETEXT//11259//1,,,False,,,,,,,,unmapped
FREETEXT//15397//1,,,False,,,,,,,,unmapped
FREETEXT//11207//1,,,False,,,,,,,,unmapped
FREETEXT//11263//1,,,False,,,,,,,,unmapped
FREETEXT//11407//1,,,False,,,,,,,,unmapped
FREETEXT//14381//1,,,False,,,,,,,,unmapped
FREETEXT//15587//1,,,False,,,,,,,,unmapped
FREETEXT//11232//1,,,False,,,,,,,,unmapped
FREETEXT//11406//1,,,False,,,,,,,,unmapped
FREETEXT//14398//1,,,False,,,,,,,,unmapped
FREETEXT//15431//1,,,False,,,,,,,,unmapped
FREETEXT//11390//1,,,False,,,,,,,,unmapped
FREETEXT//11409//1,,,False,,,,,,,,unmapped
FREETEXT//15392//1,,,False,,,,,,,,unmapped
FREETEXT//17405//1,,,False,,,,,,,,unmapped
FREETEXT//10771//1,,,False,,,,,,,,unmapped
FREETEXT//10969//1,,,False,,,,,,,,unmapped
FREETEXT//14382//1,,,False,,,,,,,,unmapped
FREETEXT//11016//1,,,False,,,,,,,,unmapped
FREETEXT//11111//1,,,False,,,,,,,,unmapped
FREETEXT//15388//1,,,False,,,,,,,,unmapped
FREETEXT//15429//1,,,False,,,,,,,,unmapped
FREETEXT//17580//1,,,False,,,,,,,,unmapped
FREETEXT//17663//1,,,False,,,,,,,,unmapped
FREETEXT//17939//1,,,False,,,,,,,,unmapped
FREETEXT//17275//1,,,False,,,,,,,,unmapped
FREETEXT//17886//1,,,False,,,,,,,,unmapped
FREETEXT//11286//1,,,False,,,,,,,,unmapped
FREETEXT//10877//1,,,False,,,,,,,,unmapped
FREETEXT//10880//1,,,False,,,,,,,,unmapped
FREETEXT//11401//1,,,False,,,,,,,,unmapped
FREETEXT//14378//1,,,False,,,,,,,,unmapped
FREETEXT//17923//1,,,False,,,,,,,,unmapped
FREETEXT//11116//1,,,False,,,,,,,,unmapped
FREETEXT//11649//1,,,False,,,,,,,,unmapped
FREETEXT//10895//1,,,False,,,,,,,,unmapped
FREETEXT//15428//1,,,False,,,,,,,,unmapped
FREETEXT//17451//1,,,False,,,,,,,,unmapped
FREETEXT//18922//1,,,False,,,,,,,,unmapped
FREETEXT//10944//1,,,False,,,,,,,,unmapped
FREETEXT//11114//1,,,False,,,,,,,,unmapped
FREETEXT//11305//1,,,False,,,,,,,,unmapped
FREETEXT//15390//1,,,False,,,,,,,,unmapped
FREETEXT//12183//1,,,False,,,,,,,,unmapped
FREETEXT//14297//1,,,False,,,,,,,,unmapped
FREETEXT//17932//1,,,False,,,,,,,,unmapped
FREETEXT//19010//1,,,False,,,,,,,,unmapped
FREETEXT//19011//1,,,False,,,,,,,,unmapped
FREETEXT//10869//1,,,False,,,,,,,,unmapped
FREETEXT//11264//1,,,False,,,,,,,,unmapped
FREETEXT//15430//1,,,False,,,,,,,,unmapped
FREETEXT//15591//1,,,False,,,,,,,,unmapped
FREETEXT//19078//1,,,False,,,,,,,,unmapped
FREETEXT//19079//1,,,False,,,,,,,,unmapped
FREETEXT//10967//1,,,False,,,,,,,,unmapped
FREETEXT//14373//1,,,False,,,,,,,,unmapped
FREETEXT//15387//1,,,False,,,,,,,,unmapped
FREETEXT//15398//1,,,False,,,,,,,,unmapped
FREETEXT//17346//1,,,False,,,,,,,,unmapped
FREETEXT//17347//1,,,False,,,,,,,,unmapped
FREETEXT//10848//1,,,False,,,,,,,,unmapped
FREETEXT//11021//1,,,False,,,,,,,,unmapped
FREETEXT//11129//1,,,False,,,,,,,,unmapped
FREETEXT//11314//1,,,False,,,,,,,,unmapped
FREETEXT//11337//1,,,False,,,,,,,,unmapped
FREETEXT//17228//1,,,False,,,,,,,,unmapped
FREETEXT//11289//1,,,False,,,,,,,,unmapped
FREETEXT//11317//1,,,False,,,,,,,,unmapped
FREETEXT//10920//1,,,False,,,,,,,,unmapped
FREETEXT//10921//1,,,False,,,,,,,,unmapped
FREETEXT//11123//1,,,False,,,,,,,,unmapped
FREETEXT//11308//1,,,False,,,,,,,,unmapped
FREETEXT//11311//1,,,False,,,,,,,,unmapped
FREETEXT//15746//1,,,False,,,,,,,,unmapped
FREETEXT//15749//1,,,False,,,,,,,,unmapped
FREETEXT//17901//1,,,False,,,,,,,,unmapped
FREETEXT//11213//1,,,False,,,,,,,,unmapped
FREETEXT//11287//1,,,False,,,,,,,,unmapped
FREETEXT//11334//1,,,False,,,,,,,,unmapped
FREETEXT//11389//1,,,False,,,,,,,,unmapped
FREETEXT//17482//1,,,False,,,,,,,,unmapped
FREETEXT//10932//1,,,False,,,,,,,,unmapped
FREETEXT//11211//1,,,False,,,,,,,,unmapped
FREETEXT//11215//1,,,False,,,,,,,,unmapped
FREETEXT//11217//1,,,False,,,,,,,,unmapped
FREETEXT//12169//1,,,False,,,,,,,,unmapped
FREETEXT//15743//1,,,False,,,,,,,,unmapped
FREETEXT//17366//1,,,False,,,,,,,,unmapped
FREETEXT//17934//1,,,False,,,,,,,,unmapped
FREETEXT//17935//1,,,False,,,,,,,,unmapped
FREETEXT//17945//1,,,False,,,,,,,,unmapped
FREETEXT//10823//1,,,False,,,,,,,,unmapped
FREETEXT//10826//1,,,False,,,,,,,,unmapped
FREETEXT//11099//1,,,False,,,,,,,,unmapped
FREETEXT//11252//1,,,False,,,,,,,,unmapped
FREETEXT//11304//1,,,False,,,,,,,,unmapped
FREETEXT//11404//1,,,False,,,,,,,,unmapped
FREETEXT//12202//1,,,False,,,,,,,,unmapped
FREETEXT//14377//1,,,False,,,,,,,,unmapped
FREETEXT//15752//1,,,False,,,,,,,,unmapped
FREETEXT//17526//1,,,False,,,,,,,,unmapped
FREETEXT//19074//1,,,False,,,,,,,,unmapped
FREETEXT//12185//1,,,False,,,,,,,,unmapped
FREETEXT//14385//1,,,False,,,,,,,,unmapped
FREETEXT//15540//1,,,False,,,,,,,,unmapped
FREETEXT//19399//1,,,False,,,,,,,,unmapped
FREETEXT//19404//1,,,False,,,,,,,,unmapped
FREETEXT//10802//1,,,False,,,,,,,,unmapped
FREETEXT//10918//1,,,False,,,,,,,,unmapped
FREETEXT//11369//1,,,False,,,,,,,,unmapped
FREETEXT//14345//1,,,False,,,,,,,,unmapped
FREETEXT//14555//1,,,False,,,,,,,,unmapped
FREETEXT//14561//1,,,False,,,,,,,,unmapped
FREETEXT//15394//1,,,False,,,,,,,,unmapped
FREETEXT//15396//1,,,False,,,,,,,,unmapped
FREETEXT//15451//1,,,False,,,,,,,,unmapped
FREETEXT//15457//1,,,False,,,,,,,,unmapped
FREETEXT//15615//1,,,False,,,,,,,,unmapped
FREETEXT//15658//1,,,False,,,,,,,,unmapped
FREETEXT//17304//1,,,False,,,,,,,,unmapped
FREETEXT//17531//1,,,False,,,,,,,,unmapped
FREETEXT//17563//1,,,False,,,,,,,,unmapped
FREETEXT//17938//1,,,False,,,,,,,,unmapped
FREETEXT//19042//1,,,False,,,,,,,,unmapped
FREETEXT//19049//1,,,False,,,,,,,,unmapped
FREETEXT//10959//1,,,False,,,,,,,,unmapped
FREETEXT//11255//1,,,False,,,,,,,,unmapped
FREETEXT//12209//1,,,False,,,,,,,,unmapped
FREETEXT//15375//1,,,False,,,,,,,,unmapped
FREETEXT//15425//1,,,False,,,,,,,,unmapped
FREETEXT//17679//1,,,False,,,,,,,,unmapped
FREETEXT//17691//1,,,False,,,,,,,,unmapped
FREETEXT//17703//1,,,False,,,,,,,,unmapped
FREETEXT//17914//1,,,False,,,,,,,,unmapped
FREETEXT//10910//1,,,False,,,,,,,,unmapped
FREETEXT//11267//1,,,False,,,,,,,,unmapped
FREETEXT//11330//1,,,False,,,,,,,,unmapped
FREETEXT//11405//1,,,False,,,,,,,,unmapped
FREETEXT//12158//1,,,False,,,,,,,,unmapped
FREETEXT//15698//1,,,False,,,,,,,,unmapped
FREETEXT//17388//1,,,False,,,,,,,,unmapped
FREETEXT//17557//1,,,False,,,,,,,,unmapped
FREETEXT//17618//1,,,False,,,,,,,,unmapped
FREETEXT//17838//1,,,False,,,,,,,,unmapped
FREETEXT//17873//1,,,False,,,,,,,,unmapped
FREETEXT//10972//1,,,False,,,,,,,,unmapped
FREETEXT//11313//1,,,False,,,,,,,,unmapped
FREETEXT//11372//1,,,False,,,,,,,,unmapped
FREETEXT//14371//1,,,False,,,,,,,,unmapped
FREETEXT//14379//1,,,False,,,,,,,,unmapped
FREETEXT//14405//1,,,False,,,,,,,,unmapped
FREETEXT//15386//1,,,False,,,,,,,,unmapped
FREETEXT//15556//1,,,False,,,,,,,,unmapped
FREETEXT//17042//1,,,False,,,,,,,,unmapped
FREETEXT//17340//1,,,False,,,,,,,,unmapped
FREETEXT//17711//1,,,False,,,,,,,,unmapped
FREETEXT//18928//1,,,False,,,,,,,,unmapped
FREETEXT//18944//1,,,False,,,,,,,,unmapped
FREETEXT//10773//1,,,False,,,,,,,,unmapped
FREETEXT//10835//1,,,False,,,,,,,,unmapped
FREETEXT//10945//1,,,False,,,,,,,,unmapped
FREETEXT//10956//1,,,False,,,,,,,,unmapped
FREETEXT//11307//1,,,False,,,,,,,,unmapped
FREETEXT//11310//1,,,False,,,,,,,,unmapped
FREETEXT//11316//1,,,False,,,,,,,,unmapped
FREETEXT//11388//1,,,False,,,,,,,,unmapped
FREETEXT//12171//1,,,False,,,,,,,,unmapped
FREETEXT//15614//1,,,False,,,,,,,,unmapped
FREETEXT//17197//1,,,False,,,,,,,,unmapped
FREETEXT//17379//1,,,False,,,,,,,,unmapped
FREETEXT//17383//1,,,False,,,,,,,,unmapped
FREETEXT//17513//1,,,False,,,,,,,,unmapped
FREETEXT//17577//1,,,False,,,,,,,,unmapped
FREETEXT//17844//1,,,False,,,,,,,,unmapped
FREETEXT//17936//1,,,False,,,,,,,,unmapped
FREETEXT//19450//1,,,False,,,,,,,,unmapped
FREETEXT//10821//1,,,False,,,,,,,,unmapped
FREETEXT//10846//1,,,False,,,,,,,,unmapped
FREETEXT//10949//1,,,False,,,,,,,,unmapped
FREETEXT//10977//1,,,False,,,,,,,,unmapped
FREETEXT//11294//1,,,False,,,,,,,,unmapped
FREETEXT//11340//1,,,False,,,,,,,,unmapped
FREETEXT//12184//1,,,False,,,,,,,,unmapped
FREETEXT//15433//1,,,False,,,,,,,,unmapped
FREETEXT//15466//1,,,False,,,,,,,,unmapped
FREETEXT//15468//1,,,False,,,,,,,,unmapped
FREETEXT//15695//1,,,False,,,,,,,,unmapped
FREETEXT//15697//1,,,False,,,,,,,,unmapped
FREETEXT//17192//1,,,False,,,,,,,,unmapped
FREETEXT//17472//1,,,False,,,,,,,,unmapped
FREETEXT//17480//1,,,False,,,,,,,,unmapped
FREETEXT//17481//1,,,False,,,,,,,,unmapped
FREETEXT//17518//1,,,False,,,,,,,,unmapped
FREETEXT//17596//1,,,False,,,,,,,,unmapped
FREETEXT//19166//1,,,False,,,,,,,,unmapped
FREETEXT//19907//1,,,False,,,,,,,,unmapped
FREETEXT//11225//1,,,False,,,,,,,,unmapped
FREETEXT//11248//1,,,False,,,,,,,,unmapped
FREETEXT//11373//1,,,False,,,,,,,,unmapped
FREETEXT//11399//1,,,False,,,,,,,,unmapped
FREETEXT//12160//1,,,False,,,,,,,,unmapped
FREETEXT//12167//1,,,False,,,,,,,,unmapped
FREETEXT//14374//1,,,False,,,,,,,,unmapped
FREETEXT//15400//1,,,False,,,,,,,,unmapped
FREETEXT//15480//1,,,False,,,,,,,,unmapped
FREETEXT//15643//1,,,False,,,,,,,,unmapped
FREETEXT//15644//1,,,False,,,,,,,,unmapped
FREETEXT//15754//1,,,False,,,,,,,,unmapped
FREETEXT//17060//1,,,False,,,,,,,,unmapped
FREETEXT//17061//1,,,False,,,,,,,,unmapped
FREETEXT//17062//1,,,False,,,,,,,,unmapped
FREETEXT//17064//1,,,False,,,,,,,,unmapped
FREETEXT//17079//1,,,False,,,,,,,,unmapped
FREETEXT//17120//1,,,False,,,,,,,,unmapped
FREETEXT//17148//1,,,False,,,,,,,,unmapped
FREETEXT//17193//1,,,False,,,,,,,,unmapped
FREETEXT//17218//1,,,False,,,,,,,,unmapped
FREETEXT//17219//1,,,False,,,,,,,,unmapped
FREETEXT//17222//1,,,False,,,,,,,,unmapped
FREETEXT//17223//1,,,False,,,,,,,,unmapped
FREETEXT//17224//1,,,False,,,,,,,,unmapped
FREETEXT//17226//1,,,False,,,,,,,,unmapped
FREETEXT//17247//1,,,False,,,,,,,,unmapped
FREETEXT//17248//1,,,False,,,,,,,,unmapped
FREETEXT//17249//1,,,False,,,,,,,,unmapped
FREETEXT//17260//1,,,False,,,,,,,,unmapped
FREETEXT//17261//1,,,False,,,,,,,,unmapped
FREETEXT//17262//1,,,False,,,,,,,,unmapped
FREETEXT//17286//1,,,False,,,,,,,,unmapped
FREETEXT//17313//1,,,False,,,,,,,,unmapped
FREETEXT//17314//1,,,False,,,,,,,,unmapped
FREETEXT//17336//1,,,False,,,,,,,,unmapped
FREETEXT//17406//1,,,False,,,,,,,,unmapped
FREETEXT//17407//1,,,False,,,,,,,,unmapped
FREETEXT//17441//1,,,False,,,,,,,,unmapped
FREETEXT//17446//1,,,False,,,,,,,,unmapped
FREETEXT//17551//1,,,False,,,,,,,,unmapped
FREETEXT//17591//1,,,False,,,,,,,,unmapped
FREETEXT//17592//1,,,False,,,,,,,,unmapped
FREETEXT//17609//1,,,False,,,,,,,,unmapped
FREETEXT//17664//1,,,False,,,,,,,,unmapped
FREETEXT//17739//1,,,False,,,,,,,,unmapped
FREETEXT//17740//1,,,False,,,,,,,,unmapped
FREETEXT//17745//1,,,False,,,,,,,,unmapped
FREETEXT//17771//1,,,False,,,,,,,,unmapped
FREETEXT//17818//1,,,False,,,,,,,,unmapped
FREETEXT//17819//1,,,False,,,,,,,,unmapped
FREETEXT//17820//1,,,False,,,,,,,,unmapped
FREETEXT//17821//1,,,False,,,,,,,,unmapped
FREETEXT//17839//1,,,False,,,,,,,,unmapped
FREETEXT//17882//1,,,False,,,,,,,,unmapped
FREETEXT//18947//1,,,False,,,,,,,,unmapped
FREETEXT//18949//1,,,False,,,,,,,,unmapped
FREETEXT//20024//1,,,False,,,,,,,,unmapped
FREETEXT//20054//1,,,False,,,,,,,,unmapped
FREETEXT//20290//1,,,False,,,,,,,,unmapped
FREETEXT//20308//1,,,False,,,,,,,,unmapped
FREETEXT//20330//1,,,False,,,,,,,,unmapped
FREETEXT//20333//1,,,False,,,,,,,,unmapped
FREETEXT//10765//1,,,False,,,,,,,,unmapped
FREETEXT//10908//1,,,False,,,,,,,,unmapped
FREETEXT//10951//1,,,False,,,,,,,,unmapped
FREETEXT//11008//1,,,False,,,,,,,,unmapped
FREETEXT//11103//1,,,False,,,,,,,,unmapped
FREETEXT//11105//1,,,False,,,,,,,,unmapped
FREETEXT//11190//1,,,False,,,,,,,,unmapped
FREETEXT//11338//1,,,False,,,,,,,,unmapped
FREETEXT//11354//1,,,False,,,,,,,,unmapped
FREETEXT//11394//1,,,False,,,,,,,,unmapped
FREETEXT//15367//1,,,False,,,,,,,,unmapped
FREETEXT//15374//1,,,False,,,,,,,,unmapped
FREETEXT//15412//1,,,False,,,,,,,,unmapped
FREETEXT//15415//1,,,False,,,,,,,,unmapped
FREETEXT//15479//1,,,False,,,,,,,,unmapped
FREETEXT//15744//1,,,False,,,,,,,,unmapped
FREETEXT//15747//1,,,False,,,,,,,,unmapped
FREETEXT//17043//1,,,False,,,,,,,,unmapped
FREETEXT//17044//1,,,False,,,,,,,,unmapped
FREETEXT//17046//1,,,False,,,,,,,,unmapped
FREETEXT//17173//1,,,False,,,,,,,,unmapped
FREETEXT//17182//1,,,False,,,,,,,,unmapped
FREETEXT//17204//1,,,False,,,,,,,,unmapped
FREETEXT//17213//1,,,False,,,,,,,,unmapped
FREETEXT//17220//1,,,False,,,,,,,,unmapped
FREETEXT//17221//1,,,False,,,,,,,,unmapped
FREETEXT//17382//1,,,False,,,,,,,,unmapped
FREETEXT//17386//1,,,False,,,,,,,,unmapped
FREETEXT//17603//1,,,False,,,,,,,,unmapped
FREETEXT//17619//1,,,False,,,,,,,,unmapped
FREETEXT//17720//1,,,False,,,,,,,,unmapped
FREETEXT//19077//1,,,False,,,,,,,,unmapped
FREETEXT//19386//1,,,False,,,,,,,,unmapped
FREETEXT//19908//1,,,False,,,,,,,,unmapped
FREETEXT//20055//1,,,False,,,,,,,,unmapped
FREETEXT//20382//1,,,False,,,,,,,,unmapped
FREETEXT//20384//1,,,False,,,,,,,,unmapped
FREETEXT//20388//1,,,False,,,,,,,,unmapped
FREETEXT//10779//1,,,False,,,,,,,,unmapped
FREETEXT//10927//1,,,False,,,,,,,,unmapped
FREETEXT//10950//1,,,False,,,,,,,,unmapped
FREETEXT//10958//1,,,False,,,,,,,,unmapped
FREETEXT//11088//1,,,False,,,,,,,,unmapped
FREETEXT//11112//1,,,False,,,,,,,,unmapped
FREETEXT//11148//1,,,False,,,,,,,,unmapped
FREETEXT//11183//1,,,False,,,,,,,,unmapped
FREETEXT//11228//1,,,False,,,,,,,,unmapped
FREETEXT//11348//1,,,False,,,,,,,,unmapped
FREETEXT//12170//1,,,False,,,,,,,,unmapped
FREETEXT//12201//1,,,False,,,,,,,,unmapped
FREETEXT//14392//1,,,False,,,,,,,,unmapped
FREETEXT//14400//1,,,False,,,,,,,,unmapped
FREETEXT//15376//1,,,False,,,,,,,,unmapped
FREETEXT//15391//1,,,False,,,,,,,,unmapped
FREETEXT//15413//1,,,False,,,,,,,,unmapped
FREETEXT//15751//1,,,False,,,,,,,,unmapped
FREETEXT//15764//1,,,False,,,,,,,,unmapped
FREETEXT//15782//1,,,False,,,,,,,,unmapped
FREETEXT//17057//1,,,False,,,,,,,,unmapped
FREETEXT//17159//1,,,False,,,,,,,,unmapped
FREETEXT//17201//1,,,False,,,,,,,,unmapped
FREETEXT//17271//1,,,False,,,,,,,,unmapped
FREETEXT//17326//1,,,False,,,,,,,,unmapped
FREETEXT//17327//1,,,False,,,,,,,,unmapped
FREETEXT//17337//1,,,False,,,,,,,,unmapped
FREETEXT//17512//1,,,False,,,,,,,,unmapped
FREETEXT//17525//1,,,False,,,,,,,,unmapped
FREETEXT//17575//1,,,False,,,,,,,,unmapped
FREETEXT//17811//1,,,False,,,,,,,,unmapped
FREETEXT//17813//1,,,False,,,,,,,,unmapped
FREETEXT//17815//1,,,False,,,,,,,,unmapped
FREETEXT//17861//1,,,False,,,,,,,,unmapped
FREETEXT//19159//1,,,False,,,,,,,,unmapped
FREETEXT//19761//1,,,False,,,,,,,,unmapped
FREETEXT//20037//1,,,False,,,,,,,,unmapped
FREETEXT//20053//1,,,False,,,,,,,,unmapped
FREETEXT//10800//1,,,False,,,,,,,,unmapped
FREETEXT//10870//1,,,False,,,,,,,,unmapped
FREETEXT//10882//1,,,False,,,,,,,,unmapped
FREETEXT//10960//1,,,False,,,,,,,,unmapped
FREETEXT//10963//1,,,False,,,,,,,,unmapped
FREETEXT//10988//1,,,False,,,,,,,,unmapped
FREETEXT//11024//1,,,False,,,,,,,,unmapped
FREETEXT//11130//1,,,False,,,,,,,,unmapped
FREETEXT//11131//1,,,False,,,,,,,,unmapped
FREETEXT//11181//1,,,False,,,,,,,,unmapped
FREETEXT//11206//1,,,False,,,,,,,,unmapped
FREETEXT//11209//1,,,False,,,,,,,,unmapped
FREETEXT//11227//1,,,False,,,,,,,,unmapped
FREETEXT//11256//1,,,False,,,,,,,,unmapped
FREETEXT//11258//1,,,False,,,,,,,,unmapped
FREETEXT//11260//1,,,False,,,,,,,,unmapped
FREETEXT//11261//1,,,False,,,,,,,,unmapped
FREETEXT//11262//1,,,False,,,,,,,,unmapped
FREETEXT//11288//1,,,False,,,,,,,,unmapped
FREETEXT//11339//1,,,False,,,,,,,,unmapped
FREETEXT//11411//1,,,False,,,,,,,,unmapped
FREETEXT//11417//1,,,False,,,,,,,,unmapped
FREETEXT//11421//1,,,False,,,,,,,,unmapped
FREETEXT//12200//1,,,False,,,,,,,,unmapped
FREETEXT//12204//1,,,False,,,,,,,,unmapped
FREETEXT//14414//1,,,False,,,,,,,,unmapped
FREETEXT//15368//1,,,False,,,,,,,,unmapped
FREETEXT//15377//1,,,False,,,,,,,,unmapped
FREETEXT//15399//1,,,False,,,,,,,,unmapped
FREETEXT//15401//1,,,False,,,,,,,,unmapped
FREETEXT//15405//1,,,False,,,,,,,,unmapped
FREETEXT//15408//1,,,False,,,,,,,,unmapped
FREETEXT//15409//1,,,False,,,,,,,,unmapped
FREETEXT//15418//1,,,False,,,,,,,,unmapped
FREETEXT//15503//1,,,False,,,,,,,,unmapped
FREETEXT//15504//1,,,False,,,,,,,,unmapped
FREETEXT//15642//1,,,False,,,,,,,,unmapped
FREETEXT//15694//1,,,False,,,,,,,,unmapped
FREETEXT//15763//1,,,False,,,,,,,,unmapped
FREETEXT//15792//1,,,False,,,,,,,,unmapped
FREETEXT//15873//1,,,False,,,,,,,,unmapped
FREETEXT//17058//1,,,False,,,,,,,,unmapped
FREETEXT//17210//1,,,False,,,,,,,,unmapped
FREETEXT//17238//1,,,False,,,,,,,,unmapped
FREETEXT//17239//1,,,False,,,,,,,,unmapped
FREETEXT//17296//1,,,False,,,,,,,,unmapped
FREETEXT//17297//1,,,False,,,,,,,,unmapped
FREETEXT//17333//1,,,False,,,,,,,,unmapped
FREETEXT//17353//1,,,False,,,,,,,,unmapped
FREETEXT//17389//1,,,False,,,,,,,,unmapped
FREETEXT//17560//1,,,False,,,,,,,,unmapped
FREETEXT//17608//1,,,False,,,,,,,,unmapped
FREETEXT//17617//1,,,False,,,,,,,,unmapped
FREETEXT//17644//1,,,False,,,,,,,,unmapped
FREETEXT//17655//1,,,False,,,,,,,,unmapped
FREETEXT//17657//1,,,False,,,,,,,,unmapped
FREETEXT//17891//1,,,False,,,,,,,,unmapped
FREETEXT//17892//1,,,False,,,,,,,,unmapped
FREETEXT//17930//1,,,False,,,,,,,,unmapped
FREETEXT//19401//1,,,False,,,,,,,,unmapped
FREETEXT//19406//1,,,False,,,,,,,,unmapped
FREETEXT//20302//1,,,False,,,,,,,,unmapped
FREETEXT//10871//1,,,False,,,,,,,,unmapped
FREETEXT//10872//1,,,False,,,,,,,,unmapped
FREETEXT//10887//1,,,False,,,,,,,,unmapped
FREETEXT//10893//1,,,False,,,,,,,,unmapped
FREETEXT//10926//1,,,False,,,,,,,,unmapped
FREETEXT//10957//1,,,False,,,,,,,,unmapped
FREETEXT//10961//1,,,False,,,,,,,,unmapped
FREETEXT//10973//1,,,False,,,,,,,,unmapped
FREETEXT//11138//1,,,False,,,,,,,,unmapped
FREETEXT//11160//1,,,False,,,,,,,,unmapped
FREETEXT//11178//1,,,False,,,,,,,,unmapped
FREETEXT//11221//1,,,False,,,,,,,,unmapped
FREETEXT//11224//1,,,False,,,,,,,,unmapped
FREETEXT//11231//1,,,False,,,,,,,,unmapped
FREETEXT//11381//1,,,False,,,,,,,,unmapped
FREETEXT//11422//1,,,False,,,,,,,,unmapped
FREETEXT//12159//1,,,False,,,,,,,,unmapped
FREETEXT//14313//1,,,False,,,,,,,,unmapped
FREETEXT//14397//1,,,False,,,,,,,,unmapped
FREETEXT//14407//1,,,False,,,,,,,,unmapped
FREETEXT//14685//1,,,False,,,,,,,,unmapped
FREETEXT//15417//1,,,False,,,,,,,,unmapped
FREETEXT//15462//1,,,False,,,,,,,,unmapped
FREETEXT//15510//1,,,False,,,,,,,,unmapped
FREETEXT//15588//1,,,False,,,,,,,,unmapped
FREETEXT//15659//1,,,False,,,,,,,,unmapped
FREETEXT//17059//1,,,False,,,,,,,,unmapped
FREETEXT//17109//1,,,False,,,,,,,,unmapped
FREETEXT//17202//1,,,False,,,,,,,,unmapped
FREETEXT//17203//1,,,False,,,,,,,,unmapped
FREETEXT//17205//1,,,False,,,,,,,,unmapped
FREETEXT//17212//1,,,False,,,,,,,,unmapped
FREETEXT//17227//1,,,False,,,,,,,,unmapped
FREETEXT//17236//1,,,False,,,,,,,,unmapped
FREETEXT//17265//1,,,False,,,,,,,,unmapped
FREETEXT//17266//1,,,False,,,,,,,,unmapped
FREETEXT//17306//1,,,False,,,,,,,,unmapped
FREETEXT//17341//1,,,False,,,,,,,,unmapped
FREETEXT//17361//1,,,False,,,,,,,,unmapped
FREETEXT//17426//1,,,False,,,,,,,,unmapped
FREETEXT//17436//1,,,False,,,,,,,,unmapped
FREETEXT//17447//1,,,False,,,,,,,,unmapped
FREETEXT//17459//1,,,False,,,,,,,,unmapped
FREETEXT//17470//1,,,False,,,,,,,,unmapped
FREETEXT//17471//1,,,False,,,,,,,,unmapped
FREETEXT//17590//1,,,False,,,,,,,,unmapped
FREETEXT//17600//1,,,False,,,,,,,,unmapped
FREETEXT//17602//1,,,False,,,,,,,,unmapped
FREETEXT//17604//1,,,False,,,,,,,,unmapped
FREETEXT//17631//1,,,False,,,,,,,,unmapped
FREETEXT//17666//1,,,False,,,,,,,,unmapped
FREETEXT//17672//1,,,False,,,,,,,,unmapped
FREETEXT//17684//1,,,False,,,,,,,,unmapped
FREETEXT//17696//1,,,False,,,,,,,,unmapped
FREETEXT//17773//1,,,False,,,,,,,,unmapped
FREETEXT//17847//1,,,False,,,,,,,,unmapped
FREETEXT//17902//1,,,False,,,,,,,,unmapped
FREETEXT//17929//1,,,False,,,,,,,,unmapped
FREETEXT//18950//1,,,False,,,,,,,,unmapped
FREETEXT//19017//1,,,False,,,,,,,,unmapped
FREETEXT//19019//1,,,False,,,,,,,,unmapped
FREETEXT//19021//1,,,False,,,,,,,,unmapped
FREETEXT//19044//1,,,False,,,,,,,,unmapped
FREETEXT//19392//1,,,False,,,,,,,,unmapped
FREETEXT//19415//1,,,False,,,,,,,,unmapped
FREETEXT//19905//1,,,False,,,,,,,,unmapped
FREETEXT//20049//1,,,False,,,,,,,,unmapped
FREETEXT//20297//1,,,False,,,,,,,,unmapped
FREETEXT//10775//1,,,False,,,,,,,,unmapped
FREETEXT//10786//1,,,False,,,,,,,,unmapped
FREETEXT//10788//1,,,False,,,,,,,,unmapped
FREETEXT//10792//1,,,False,,,,,,,,unmapped
FREETEXT//10808//1,,,False,,,,,,,,unmapped
FREETEXT//10818//1,,,False,,,,,,,,unmapped
FREETEXT//10828//1,,,False,,,,,,,,unmapped
FREETEXT//10849//1,,,False,,,,,,,,unmapped
FREETEXT//10863//1,,,False,,,,,,,,unmapped
FREETEXT//10866//1,,,False,,,,,,,,unmapped
FREETEXT//10867//1,,,False,,,,,,,,unmapped
FREETEXT//10902//1,,,False,,,,,,,,unmapped
FREETEXT//10904//1,,,False,,,,,,,,unmapped
FREETEXT//10942//1,,,False,,,,,,,,unmapped
FREETEXT//10953//1,,,False,,,,,,,,unmapped
FREETEXT//10954//1,,,False,,,,,,,,unmapped
FREETEXT//10962//1,,,False,,,,,,,,unmapped
FREETEXT//10964//1,,,False,,,,,,,,unmapped
FREETEXT//10966//1,,,False,,,,,,,,unmapped
FREETEXT//11000//1,,,False,,,,,,,,unmapped
FREETEXT//11013//1,,,False,,,,,,,,unmapped
FREETEXT//11031//1,,,False,,,,,,,,unmapped
FREETEXT//11086//1,,,False,,,,,,,,unmapped
FREETEXT//11091//1,,,False,,,,,,,,unmapped
FREETEXT//11101//1,,,False,,,,,,,,unmapped
FREETEXT//11139//1,,,False,,,,,,,,unmapped
FREETEXT//11140//1,,,False,,,,,,,,unmapped
FREETEXT//11141//1,,,False,,,,,,,,unmapped
FREETEXT//11143//1,,,False,,,,,,,,unmapped
FREETEXT//11144//1,,,False,,,,,,,,unmapped
FREETEXT//11147//1,,,False,,,,,,,,unmapped
FREETEXT//11151//1,,,False,,,,,,,,unmapped
FREETEXT//11192//1,,,False,,,,,,,,unmapped
FREETEXT//11197//1,,,False,,,,,,,,unmapped
FREETEXT//11208//1,,,False,,,,,,,,unmapped
FREETEXT//11233//1,,,False,,,,,,,,unmapped
FREETEXT//11234//1,,,False,,,,,,,,unmapped
FREETEXT//11265//1,,,False,,,,,,,,unmapped
FREETEXT//11333//1,,,False,,,,,,,,unmapped
FREETEXT//11342//1,,,False,,,,,,,,unmapped
FREETEXT//11356//1,,,False,,,,,,,,unmapped
FREETEXT//11361//1,,,False,,,,,,,,unmapped
FREETEXT//11396//1,,,False,,,,,,,,unmapped
FREETEXT//11410//1,,,False,,,,,,,,unmapped
FREETEXT//11412//1,,,False,,,,,,,,unmapped
FREETEXT//11416//1,,,False,,,,,,,,unmapped
FREETEXT//12208//1,,,False,,,,,,,,unmapped
FREETEXT//14219//1,,,False,,,,,,,,unmapped
FREETEXT//14220//1,,,False,,,,,,,,unmapped
FREETEXT//14375//1,,,False,,,,,,,,unmapped
FREETEXT//14376//1,,,False,,,,,,,,unmapped
FREETEXT//14406//1,,,False,,,,,,,,unmapped
FREETEXT//14416//1,,,False,,,,,,,,unmapped
FREETEXT//14554//1,,,False,,,,,,,,unmapped
FREETEXT//14560//1,,,False,,,,,,,,unmapped
FREETEXT//15410//1,,,False,,,,,,,,unmapped
FREETEXT//15434//1,,,False,,,,,,,,unmapped
FREETEXT//15438//1,,,False,,,,,,,,unmapped
FREETEXT//15439//1,,,False,,,,,,,,unmapped
FREETEXT//15450//1,,,False,,,,,,,,unmapped
FREETEXT//15456//1,,,False,,,,,,,,unmapped
FREETEXT//15471//1,,,False,,,,,,,,unmapped
FREETEXT//15472//1,,,False,,,,,,,,unmapped
FREETEXT//15516//1,,,False,,,,,,,,unmapped
FREETEXT//15532//1,,,False,,,,,,,,unmapped
FREETEXT//15550//1,,,False,,,,,,,,unmapped
FREETEXT//15605//1,,,False,,,,,,,,unmapped
FREETEXT//15610//1,,,False,,,,,,,,unmapped
FREETEXT//15626//1,,,False,,,,,,,,unmapped
FREETEXT//15657//1,,,False,,,,,,,,unmapped
FREETEXT//15686//1,,,False,,,,,,,,unmapped
FREETEXT//15759//1,,,False,,,,,,,,unmapped
FREETEXT//15765//1,,,False,,,,,,,,unmapped
FREETEXT//15766//1,,,False,,,,,,,,unmapped
FREETEXT//15789//1,,,False,,,,,,,,unmapped
FREETEXT//15872//1,,,False,,,,,,,,unmapped
FREETEXT//17075//1,,,False,,,,,,,,unmapped
FREETEXT//17077//1,,,False,,,,,,,,unmapped
FREETEXT//17097//1,,,False,,,,,,,,unmapped
FREETEXT//17103//1,,,False,,,,,,,,unmapped
FREETEXT//17104//1,,,False,,,,,,,,unmapped
FREETEXT//17115//1,,,False,,,,,,,,unmapped
FREETEXT//17116//1,,,False,,,,,,,,unmapped
FREETEXT//17117//1,,,False,,,,,,,,unmapped
FREETEXT//17124//1,,,False,,,,,,,,unmapped
FREETEXT//17129//1,,,False,,,,,,,,unmapped
FREETEXT//17134//1,,,False,,,,,,,,unmapped
FREETEXT//17139//1,,,False,,,,,,,,unmapped
FREETEXT//17156//1,,,False,,,,,,,,unmapped
FREETEXT//17157//1,,,False,,,,,,,,unmapped
FREETEXT//17177//1,,,False,,,,,,,,unmapped
FREETEXT//17208//1,,,False,,,,,,,,unmapped
FREETEXT//17225//1,,,False,,,,,,,,unmapped
FREETEXT//17232//1,,,False,,,,,,,,unmapped
FREETEXT//17242//1,,,False,,,,,,,,unmapped
FREETEXT//17245//1,,,False,,,,,,,,unmapped
FREETEXT//17251//1,,,False,,,,,,,,unmapped
FREETEXT//17252//1,,,False,,,,,,,,unmapped
FREETEXT//17268//1,,,False,,,,,,,,unmapped
FREETEXT//17280//1,,,False,,,,,,,,unmapped
FREETEXT//17352//1,,,False,,,,,,,,unmapped
FREETEXT//17357//1,,,False,,,,,,,,unmapped
FREETEXT//17360//1,,,False,,,,,,,,unmapped
FREETEXT//17390//1,,,False,,,,,,,,unmapped
FREETEXT//17397//1,,,False,,,,,,,,unmapped
FREETEXT//17422//1,,,False,,,,,,,,unmapped
FREETEXT//17425//1,,,False,,,,,,,,unmapped
FREETEXT//17432//1,,,False,,,,,,,,unmapped
FREETEXT//17435//1,,,False,,,,,,,,unmapped
FREETEXT//17458//1,,,False,,,,,,,,unmapped
FREETEXT//17493//1,,,False,,,,,,,,unmapped
FREETEXT//17502//1,,,False,,,,,,,,unmapped
FREETEXT//17516//1,,,False,,,,,,,,unmapped
FREETEXT//17521//1,,,False,,,,,,,,unmapped
FREETEXT//17529//1,,,False,,,,,,,,unmapped
FREETEXT//17537//1,,,False,,,,,,,,unmapped
FREETEXT//17556//1,,,False,,,,,,,,unmapped
FREETEXT//17559//1,,,False,,,,,,,,unmapped
FREETEXT//17561//1,,,False,,,,,,,,unmapped
FREETEXT//17562//1,,,False,,,,,,,,unmapped
FREETEXT//17564//1,,,False,,,,,,,,unmapped
FREETEXT//17574//1,,,False,,,,,,,,unmapped
FREETEXT//17601//1,,,False,,,,,,,,unmapped
FREETEXT//17606//1,,,False,,,,,,,,unmapped
FREETEXT//17614//1,,,False,,,,,,,,unmapped
FREETEXT//17615//1,,,False,,,,,,,,unmapped
FREETEXT//17642//1,,,False,,,,,,,,unmapped
FREETEXT//17645//1,,,False,,,,,,,,unmapped
FREETEXT//17646//1,,,False,,,,,,,,unmapped
FREETEXT//17650//1,,,False,,,,,,,,unmapped
FREETEXT//17652//1,,,False,,,,,,,,unmapped
FREETEXT//17665//1,,,False,,,,,,,,unmapped
FREETEXT//17671//1,,,False,,,,,,,,unmapped
FREETEXT//17678//1,,,False,,,,,,,,unmapped
FREETEXT//17683//1,,,False,,,,,,,,unmapped
FREETEXT//17690//1,,,False,,,,,,,,unmapped
FREETEXT//17695//1,,,False,,,,,,,,unmapped
FREETEXT//17702//1,,,False,,,,,,,,unmapped
FREETEXT//17708//1,,,False,,,,,,,,unmapped
FREETEXT//17767//1,,,False,,,,,,,,unmapped
FREETEXT//17768//1,,,False,,,,,,,,unmapped
FREETEXT//17772//1,,,False,,,,,,,,unmapped
FREETEXT//17790//1,,,False,,,,,,,,unmapped
FREETEXT//17791//1,,,False,,,,,,,,unmapped
FREETEXT//17795//1,,,False,,,,,,,,unmapped
FREETEXT//17797//1,,,False,,,,,,,,unmapped
FREETEXT//17799//1,,,False,,,,,,,,unmapped
FREETEXT//17840//1,,,False,,,,,,,,unmapped
FREETEXT//17848//1,,,False,,,,,,,,unmapped
FREETEXT//17853//1,,,False,,,,,,,,unmapped
FREETEXT//17862//1,,,False,,,,,,,,unmapped
FREETEXT//17863//1,,,False,,,,,,,,unmapped
FREETEXT//17869//1,,,False,,,,,,,,unmapped
FREETEXT//17870//1,,,False,,,,,,,,unmapped
FREETEXT//17871//1,,,False,,,,,,,,unmapped
FREETEXT//17894//1,,,False,,,,,,,,unmapped
FREETEXT//17924//1,,,False,,,,,,,,unmapped
FREETEXT//18918//1,,,False,,,,,,,,unmapped
FREETEXT//18929//1,,,False,,,,,,,,unmapped
FREETEXT//18931//1,,,False,,,,,,,,unmapped
FREETEXT//18938//1,,,False,,,,,,,,unmapped
FREETEXT//18945//1,,,False,,,,,,,,unmapped
FREETEXT//18946//1,,,False,,,,,,,,unmapped
FREETEXT//19003//1,,,False,,,,,,,,unmapped
FREETEXT//19007//1,,,False,,,,,,,,unmapped
FREETEXT//19076//1,,,False,,,,,,,,unmapped
FREETEXT//19092//1,,,False,,,,,,,,unmapped
FREETEXT//19095//1,,,False,,,,,,,,unmapped
FREETEXT//19096//1,,,False,,,,,,,,unmapped
FREETEXT//19148//1,,,False,,,,,,,,unmapped
FREETEXT//19167//1,,,False,,,,,,,,unmapped
FREETEXT//19398//1,,,False,,,,,,,,unmapped
FREETEXT//19403//1,,,False,,,,,,,,unmapped
FREETEXT//19410//1,,,False,,,,,,,,unmapped
FREETEXT//19912//1,,,False,,,,,,,,unmapped
FREETEXT//20028//1,,,False,,,,,,,,unmapped
FREETEXT//20048//1,,,False,,,,,,,,unmapped
FREETEXT//20310//1,,,False,,,,,,,,unmapped
FREETEXT//20315//1,,,False,,,,,,,,unmapped
FREETEXT//20352//1,,,False,,,,,,,,unmapped
FREETEXT//20372//1,,,False,,,,,,,,unmapped
FREETEXT//20375//1,,,False,,,,,,,,unmapped
FREETEXT//20378//1,,,False,,,,,,,,unmapped
FREETEXT//20972//1,,,False,,,,,,,,unmapped
FREETEXT//20975//1,,,False,,,,,,,,unmapped
FREETEXT//20976//1,,,False,,,,,,,,unmapped
FREETEXT//20977//1,,,False,,,,,,,,unmapped
FREETEXT//21084//1,,,False,,,,,,,,unmapped
FREETEXT//21114//1,,,False,,,,,,,,unmapped
FREETEXT//21205//1,,,False,,,,,,,,unmapped
FREETEXT//21207//1,,,False,,,,,,,,unmapped
MEASUREMENT_CATEGORICAL//12290//8,OMOP//OMOP//3004921,,True,,OMOP,3004921,,ventilator_mode,BlendedICU,label_exact,high
MEASUREMENT_CATEGORICAL//12290//2,OMOP//OMOP//3004921,,True,,OMOP,3004921,,ventilator_mode,BlendedICU,label_exact,high
MEASUREMENT_CATEGORICAL//6671//1,OMOP//OMOP_CONCEPT//4276669,,True,,OMOP_CONCEPT,4276669,,Normal sinus rhythm,AMSTEL,itemid_valueid,high
MEASUREMENT_CATEGORICAL//14846//2,LOINC//1988717,,True,,LOINC,1988717,,1988717,AMSTEL,source_code,high
MEASUREMENT_CATEGORICAL//14846//3,LOINC//1988717,,True,,LOINC,1988717,,1988717,AMSTEL,source_code,high
MEASUREMENT_CATEGORICAL//12290//10,OMOP//OMOP//3004921,,True,,OMOP,3004921,,ventilator_mode,BlendedICU,label_exact,high
MEASUREMENT_CATEGORICAL//12290//13,OMOP//OMOP//3004921,,True,,OMOP,3004921,,ventilator_mode,BlendedICU,label_exact,high
MEASUREMENT_CATEGORICAL//6671//21,SNOMED//4091457,,True,,SNOMED,4091457,,4091457,AMSTEL,source_code,high
MEASUREMENT_CATEGORICAL//12560//2,OMOP//OMOP_CONCEPT//36662365,,True,,OMOP_CONCEPT,36662365,,Ventilation,AMSTEL,itemid_valueid,high
MEASUREMENT_CATEGORICAL//12290//17,OMOP//OMOP//3004921,,True,,OMOP,3004921,,ventilator_mode,BlendedICU,label_exact,high
MEASUREMENT_CATEGORICAL//8189//7,OMOP//OMOP_CONCEPT//4224038,,True,,OMOP_CONCEPT,4224038,,Oxygen nasal cannula,AMSTEL,itemid_valueid,high
MEASUREMENT_CATEGORICAL//12290//3,OMOP//OMOP//3004921,,True,,OMOP,3004921,,ventilator_mode,BlendedICU,label_exact,high
MEASUREMENT_CATEGORICAL//9233//1,OMOP//OMOP_CONCEPT//4221822,,True,,OMOP_CONCEPT,4221822,,Supine body position,AMSTEL,itemid_valueid,high
MEASUREMENT_CATEGORICAL//9233//9,SNOMED//4287468,,True,,SNOMED,4287468,,4287468,AMSTEL,source_code,high
MEASUREMENT_CATEGORICAL//8829//1,LOINC//21491763,,True,,LOINC,21491763,,21491763,AMSTEL,source_code,high
MEASUREMENT_CATEGORICAL//8830//1,LOINC//21490963,,True,,LOINC,21490963,,21490963,AMSTEL,source_code,high
MEASUREMENT_CATEGORICAL//6671//13,OMOP//OMOP_CONCEPT//313217,,True,,OMOP_CONCEPT,313217,,Atrial fibrillation,AMSTEL,itemid_valueid,high
MEASUREMENT_CATEGORICAL//9233//2,SNOMED//4287468,,True,,SNOMED,4287468,,4287468,AMSTEL,source_code,high
MEASUREMENT_CATEGORICAL//12519//2,OMOP//OMOP_CONCEPT//21498935,,True,,OMOP_CONCEPT,21498935,,Mucoid,AMSTEL,itemid_valueid,high
MEASUREMENT_CATEGORICAL//8892//1,OMOP//OMOP_CONCEPT//45877935,,True,,OMOP_CONCEPT,45877935,,Performed,AMSTEL,itemid_valueid,high
MEASUREMENT_CATEGORICAL//9233//3,SNOMED//4287468,,True,,SNOMED,4287468,,4287468,AMSTEL,source_code,high
MEASUREMENT_CATEGORICAL//8889//1,OMOP//OMOP_CONCEPT//4035566,,True,,OMOP_CONCEPT,4035566,,Text value,AMSTEL,itemid_valueid,high
MEASUREMENT_CATEGORICAL//9233//4,OMOP//OMOP_CONCEPT//4147052,,True,,OMOP_CONCEPT,4147052,,Fowler's position,AMSTEL,itemid_valueid,high
MEASUREMENT_CATEGORICAL//8895//1,OMOP//OMOP_CONCEPT//4323492,,True,,OMOP_CONCEPT,4323492,,White sputum,AMSTEL,itemid_valueid,high
MEASUREMENT_CATEGORICAL//12290//7,OMOP//OMOP//3004921,,True,,OMOP,3004921,,ventilator_mode,BlendedICU,label_exact,high
MEASUREMENT_CATEGORICAL//8695//2,OMOP//OMOP_CONCEPT//45878583,,True,,OMOP_CONCEPT,45878583,,Negative,AMSTEL,itemid_valueid,high
MEASUREMENT_CATEGORICAL//8894//3,OMOP//OMOP_CONCEPT//4055980,,True,,OMOP_CONCEPT,4055980,,Sputum appears normal,AMSTEL,itemid_valueid,high
MEASUREMENT_CATEGORICAL//10587//2,OMOP//OMOP_CONCEPT//45884084,,True,,OMOP_CONCEPT,45884084,,Positive,AMSTEL,itemid_valueid,high
MEASUREMENT_CATEGORICAL//8895//5,OMOP//OMOP_CONCEPT//4080265,,True,,OMOP_CONCEPT,4080265,,Yellow sputum,AMSTEL,itemid_valueid,high
MEASUREMENT_CATEGORICAL//6734//1,LOINC//3008223,,True,,LOINC,3008223,,3008223,AMSTEL,source_code,high
MEASUREMENT_CATEGORICAL//8691//4,SNOMED//4122997,,True,,SNOMED,4122997,,4122997,AMSTEL,source_code,high
MEASUREMENT_CATEGORICAL//8833//2,LOINC//3010321,,True,,LOINC,3010321,,3010321,AMSTEL,source_code,high
MEASUREMENT_CATEGORICAL//8832//2,LOINC//3026611,,True,,LOINC,3026611,,3026611,AMSTEL,source_code,high
MEASUREMENT_CATEGORICAL//8668//3,LOINC//3004779,,True,,LOINC,3004779,,3004779,AMSTEL,source_code,high
MEASUREMENT_CATEGORICAL//8889//2,SNOMED//4239191,,True,,SNOMED,4239191,,4239191,AMSTEL,source_code,high
MEASUREMENT_CATEGORICAL//6732//1,LOINC//3016335,,True,,LOINC,3016335,,3016335,AMSTEL,source_code,high
MEASUREMENT_CATEGORICAL//6735//8,LOINC//3009094,,True,,LOINC,3009094,,3009094,AMSTEL,source_code,high
MEASUREMENT_CATEGORICAL//8189//4,OMOP//OMOP_CONCEPT//4178391,,True,,OMOP_CONCEPT,4178391,,Heat and moisture exchanger,AMSTEL,itemid_valueid,high
MEASUREMENT_CATEGORICAL//8825//5,OMOP//OMOP_CONCEPT//4088985,,True,,OMOP_CONCEPT,4088985,,Multiple premature ventricular complexes,AMSTEL,itemid_valueid,high
MEASUREMENT_CATEGORICAL//6671//20,OMOP//OMOP_CONCEPT//4171683,,True,,OMOP_CONCEPT,4171683,,Sinus bradycardia,AMSTEL,itemid_valueid,high
MEASUREMENT_CATEGORICAL//8663//1,LOINC//3024265,,True,,LOINC,3024265,,3024265,AMSTEL,source_code,high
MEASUREMENT_CATEGORICAL//8899//2,OMOP//OMOP_CONCEPT//4047639,,True,,OMOP_CONCEPT,4047639,,Cough impulse impaired,AMSTEL,itemid_valueid,high
MEASUREMENT_CATEGORICAL//8891//2,OMOP//OMOP_CONCEPT//45884119,,True,,OMOP_CONCEPT,45884119,,Not performed,AMSTEL,itemid_valueid,high
MEASUREMENT_CATEGORICAL//8899//1,OMOP//OMOP_CONCEPT//4117281,,True,,OMOP_CONCEPT,4117281,,Cough reflex present,AMSTEL,itemid_valueid,high
MEASUREMENT_CATEGORICAL//8647//1,SNOMED//4044874,,True,,SNOMED,4044874,,4044874,AMSTEL,source_code,high
MEASUREMENT_CATEGORICAL//8832//3,LOINC//3026611,,True,,LOINC,3026611,,3026611,AMSTEL,source_code,high
MEASUREMENT_CATEGORICAL//8833//3,LOINC//3010321,,True,,LOINC,3010321,,3010321,AMSTEL,source_code,high
MEASUREMENT_CATEGORICAL//8897//9,OMOP//OMOP_CONCEPT//45884119,,True,,OMOP_CONCEPT,45884119,,Not performed,AMSTEL,itemid_valueid,high
MEASUREMENT_CATEGORICAL//18814//4,,,False,,,,,,,,unmapped
MEASUREMENT_CATEGORICAL//8894//4,OMOP//OMOP_CONCEPT//4089232,,True,,OMOP_CONCEPT,4089232,,Copious sputum,AMSTEL,itemid_valueid,high
MEASUREMENT_CATEGORICAL//12290//18,OMOP//OMOP//3004921,,True,,OMOP,3004921,,ventilator_mode,BlendedICU,label_exact,high
MEASUREMENT_CATEGORICAL//19608//1,,,False,,,,,,,,unmapped
MEASUREMENT_CATEGORICAL//18841//3,,,False,,,,,,,,unmapped
MEASUREMENT_CATEGORICAL//6658//1,SNOMED//4044874,,True,,SNOMED,4044874,,4044874,AMSTEL,source_code,high
MEASUREMENT_CATEGORICAL//12810//1,LOINC//21491507,,True,,LOINC,21491507,,21491507,AMSTEL,source_code,high
MEASUREMENT_CATEGORICAL//19606//1,,,False,,,,,,,,unmapped
MEASUREMENT_CATEGORICAL//16993//4,OMOP//OMOP_CONCEPT//8717,,True,,OMOP_CONCEPT,8717,,Inpatient Hospital,AMSTEL,itemid_valueid,high
MEASUREMENT_CATEGORICAL//18842//4,,,False,,,,,,,,unmapped
MEASUREMENT_CATEGORICAL//12810//7,LOINC//21491507,,True,,LOINC,21491507,,21491507,AMSTEL,source_code,high
MEASUREMENT_CATEGORICAL//8891//1,OMOP//OMOP_CONCEPT//45877935,,True,,OMOP_CONCEPT,45877935,,Performed,AMSTEL,itemid_valueid,high
MEASUREMENT_CATEGORICAL//6735//1,LOINC//3009094,,True,,LOINC,3009094,,3009094,AMSTEL,source_code,high
MEASUREMENT_CATEGORICAL//6671//33,OMOP//OMOP_CONCEPT//4304202,,True,,OMOP_CONCEPT,4304202,,Rhythm from artificial pacing,AMSTEL,itemid_valueid,high
MEASUREMENT_CATEGORICAL//8189//19,OMOP//OMOP_CONCEPT//45772284,,True,,OMOP_CONCEPT,45772284,,Tracheostomy tube speech valve,AMSTEL,itemid_valueid,high
MEASUREMENT_CATEGORICAL//15172//1,OMOP//OMOP_CONCEPT//45880017,,True,,OMOP_CONCEPT,45880017,,0 - no pain,AMSTEL,itemid_valueid,high
MEASUREMENT_CATEGORICAL//9232//6,SNOMED//4105091,,True,,SNOMED,4105091,,4105091,AMSTEL,source_code,high
MEASUREMENT_CATEGORICAL//18840//4,,,False,,,,,,,,unmapped
MEASUREMENT_CATEGORICAL//8899//7,OMOP//OMOP_CONCEPT//4047639,,True,,OMOP_CONCEPT,4047639,,Cough impulse impaired,AMSTEL,itemid_valueid,high
MEASUREMENT_CATEGORICAL//16995//1,SNOMED//37154585,,True,,SNOMED,37154585,,37154585,AMSTEL,source_code,high
MEASUREMENT_CATEGORICAL//8893//1,OMOP//OMOP_CONCEPT//45877935,,True,,OMOP_CONCEPT,45877935,,Performed,AMSTEL,itemid_valueid,high
MEASUREMENT_CATEGORICAL//8189//3,OMOP//OMOP_CONCEPT//4322904,,True,,OMOP_CONCEPT,4322904,,Venturi mask,AMSTEL,itemid_valueid,high
MEASUREMENT_CATEGORICAL//9358//1,OMOP//OMOP_CONCEPT//763006,,True,,OMOP_CONCEPT,763006,,Open,AMSTEL,itemid_valueid,high
MEASUREMENT_CATEGORICAL//15808//2,OMOP//OMOP_CONCEPT//9189,,True,,OMOP_CONCEPT,9189,,Negative,AMSTEL,itemid_valueid,high
MEASUREMENT_CATEGORICAL//19640//20,LOINC//3009094,,True,,LOINC,3009094,,3009094,AMSTEL,source_code,high
MEASUREMENT_CATEGORICAL//6732//2,LOINC//3016335,,True,,LOINC,3016335,,3016335,AMSTEL,source_code,high
MEASUREMENT_CATEGORICAL//19607//1,,,False,,,,,,,,unmapped
MEASUREMENT_CATEGORICAL//16993//3,OMOP//OMOP_CONCEPT//8870,,True,,OMOP_CONCEPT,8870,,Emergency Room - Hospital,AMSTEL,itemid_valueid,high
MEASUREMENT_CATEGORICAL//8825//4,OMOP//OMOP_CONCEPT//3656145,,True,,OMOP_CONCEPT,3656145,,Multiple atrial ectopics,AMSTEL,itemid_valueid,high
MEASUREMENT_CATEGORICAL//9232//5,SNOMED//4105091,,True,,SNOMED,4105091,,4105091,AMSTEL,source_code,high
MEASUREMENT_CATEGORICAL//16054//3,OMOP//OMOP_CONCEPT//4116701,,True,,OMOP_CONCEPT,4116701,,Hemorrhagic,AMSTEL,itemid_valueid,high
MEASUREMENT_CATEGORICAL//6732//4,LOINC//3016335,,True,,LOINC,3016335,,3016335,AMSTEL,source_code,high
MEASUREMENT_CATEGORICAL//8894//2,OMOP//OMOP_CONCEPT//4088598,,True,,OMOP_CONCEPT,4088598,,Scanty sputum,AMSTEL,itemid_valueid,high
MEASUREMENT_CATEGORICAL//12519//1,OMOP//OMOP_CONCEPT//36308163,,True,,OMOP_CONCEPT,36308163,,Watery,AMSTEL,itemid_valueid,high
MEASUREMENT_CATEGORICAL//9232//4,SNOMED//4105091,,True,,SNOMED,4105091,,4105091,AMSTEL,source_code,high
MEASUREMENT_CATEGORICAL//18839//5,,,False,,,,,,,,unmapped
MEASUREMENT_CATEGORICAL//14139//2,OMOP//OMOP_CONCEPT//45878574,,True,,OMOP_CONCEPT,45878574,,Operating room,AMSTEL,itemid_valueid,high
MEASUREMENT_CATEGORICAL//19639//18,LOINC//3008223,,True,,LOINC,3008223,,3008223,AMSTEL,source_code,high
MEASUREMENT_CATEGORICAL//19638//12,LOINC//3016335,,True,,LOINC,3016335,,3016335,AMSTEL,source_code,high
MEASUREMENT_CATEGORICAL//9233//6,SNOMED//4287468,,True,,SNOMED,4287468,,4287468,AMSTEL,source_code,high
MEASUREMENT_CATEGORICAL//8189//17,OMOP//OMOP_CONCEPT//4145528,,True,,OMOP_CONCEPT,4145528,,Nonrebreather oxygen mask,AMSTEL,itemid_valueid,high
MEASUREMENT_CATEGORICAL//8893//2,OMOP//OMOP_CONCEPT//45884119,,True,,OMOP_CONCEPT,45884119,,Not performed,AMSTEL,itemid_valueid,high
MEASUREMENT_CATEGORICAL//9233//5,OMOP//OMOP_CONCEPT//4142787,,True,,OMOP_CONCEPT,4142787,,Sitting position,AMSTEL,itemid_valueid,high
MEASUREMENT_CATEGORICAL//18619//1,,,False,,,,,,,,unmapped
MEASUREMENT_CATEGORICAL//18646//1,,,False,,,,,,,,unmapped
MEASUREMENT_CATEGORICAL//16054//1,OMOP//OMOP_CONCEPT//4105064,,True,,OMOP_CONCEPT,4105064,,Serous,AMSTEL,itemid_valueid,high
MEASUREMENT_CATEGORICAL//18647//1,,,False,,,,,,,,unmapped
MEASUREMENT_CATEGORICAL//6734//6,LOINC//3008223,,True,,LOINC,3008223,,3008223,AMSTEL,source_code,high
MEASUREMENT_CATEGORICAL//14770//7,SNOMED//4093203,,True,,SNOMED,4093203,,4093203,AMSTEL,source_code,high
MEASUREMENT_CATEGORICAL//14772//19,SNOMED//4093203,,True,,SNOMED,4093203,,4093203,AMSTEL,source_code,high
MEASUREMENT_CATEGORICAL//13110//6,,,False,,,,,,,,unmapped
MEASUREMENT_CATEGORICAL//8668//2,LOINC//3004779,,True,,LOINC,3004779,,3004779,AMSTEL,source_code,high
MEASUREMENT_CATEGORICAL//14769//1,SNOMED//4093203,,True,,SNOMED,4093203,,4093203,AMSTEL,source_code,high
MEASUREMENT_CATEGORICAL//14771//13,SNOMED//4093203,,True,,SNOMED,4093203,,4093203,AMSTEL,source_code,high
MEASUREMENT_CATEGORICAL//18645//1,,,False,,,,,,,,unmapped
MEASUREMENT_CATEGORICAL//8895//6,OMOP//OMOP_CONCEPT//4172486,,True,,OMOP_CONCEPT,4172486,,Purulent sputum,AMSTEL,itemid_valueid,high
MEASUREMENT_CATEGORICAL//16995//3,SNOMED//37154585,,True,,SNOMED,37154585,,37154585,AMSTEL,source_code,high
MEASUREMENT_CATEGORICAL//12810//8,LOINC//21491507,,True,,LOINC,21491507,,21491507,AMSTEL,source_code,high
MEASUREMENT_CATEGORICAL//8832//4,LOINC//3026611,,True,,LOINC,3026611,,3026611,AMSTEL,source_code,high
MEASUREMENT_CATEGORICAL//18839//4,,,False,,,,,,,,unmapped
MEASUREMENT_CATEGORICAL//12810//4,LOINC//21491507,,True,,LOINC,21491507,,21491507,AMSTEL,source_code,high
MEASUREMENT_CATEGORICAL//9232//2,SNOMED//4105091,,True,,SNOMED,4105091,,4105091,AMSTEL,source_code,high
MEASUREMENT_CATEGORICAL//8833//4,LOINC//3010321,,True,,LOINC,3010321,,3010321,AMSTEL,source_code,high
MEASUREMENT_CATEGORICAL//6685//11,LOINC//3004921,,True,,LOINC,3004921,,3004921,AMSTEL,source_code,high
MEASUREMENT_CATEGORICAL//8897//1,OMOP//OMOP_CONCEPT//4035566,,True,,OMOP_CONCEPT,4035566,,Text value,AMSTEL,itemid_valueid,high
MEASUREMENT_CATEGORICAL//13110//2,,,False,,,,,,,,unmapped
MEASUREMENT_CATEGORICAL//7432//1,LOINC//3053213,,True,,LOINC,3053213,,3053213,AMSTEL,source_code,high
MEASUREMENT_CATEGORICAL//8668//1,LOINC//3004779,,True,,LOINC,3004779,,3004779,AMSTEL,source_code,high
MEASUREMENT_CATEGORICAL//19607//2,,,False,,,,,,,,unmapped
MEASUREMENT_CATEGORICAL//6734//3,LOINC//3008223,,True,,LOINC,3008223,,3008223,AMSTEL,source_code,high
MEASUREMENT_CATEGORICAL//9534//9,LOINC//3004921,,True,,LOINC,3004921,,3004921,AMSTEL,source_code,high
MEASUREMENT_CATEGORICAL//10604//1,OMOP//OMOP_CONCEPT//4139810,,True,,OMOP_CONCEPT,4139810,,Clear,AMSTEL,itemid_valueid,high
MEASUREMENT_CATEGORICAL//13110//1,,,False,,,,,,,,unmapped
MEASUREMENT_CATEGORICAL//8830//2,LOINC//21490963,,True,,LOINC,21490963,,21490963,AMSTEL,source_code,high
MEASUREMENT_CATEGORICAL//14444//5,OMOP//OMOP_CONCEPT//45884808,,True,,OMOP_CONCEPT,45884808,,Normal baseline for patient,AMSTEL,itemid_valueid,high
MEASUREMENT_CATEGORICAL//18644//2,,,False,,,,,,,,unmapped
MEASUREMENT_CATEGORICAL//8663//2,LOINC//3024265,,True,,LOINC,3024265,,3024265,AMSTEL,source_code,high
MEASUREMENT_CATEGORICAL//16995//2,SNOMED//37154585,,True,,SNOMED,37154585,,37154585,AMSTEL,source_code,high
MEASUREMENT_CATEGORICAL//8833//1,LOINC//3010321,,True,,LOINC,3010321,,3010321,AMSTEL,source_code,high
MEASUREMENT_CATEGORICAL//8829//2,LOINC//21491763,,True,,LOINC,21491763,,21491763,AMSTEL,source_code,high
MEASUREMENT_CATEGORICAL//8832//1,LOINC//3026611,,True,,LOINC,3026611,,3026611,AMSTEL,source_code,high
MEASUREMENT_CATEGORICAL//8691//2,OMOP//OMOP_CONCEPT//4035566,,True,,OMOP_CONCEPT,4035566,,Text value,AMSTEL,itemid_valueid,high
MEASUREMENT_CATEGORICAL//6671//2,OMOP//OMOP_CONCEPT//314379,,True,,OMOP_CONCEPT,314379,,First degree atrioventricular block,AMSTEL,itemid_valueid,high
MEASUREMENT_CATEGORICAL//8889//3,SNOMED//4239191,,True,,SNOMED,4239191,,4239191,AMSTEL,source_code,high
MEASUREMENT_CATEGORICAL//6734//2,LOINC//3008223,,True,,LOINC,3008223,,3008223,AMSTEL,source_code,high
MEASUREMENT_CATEGORICAL//15172//4,OMOP//OMOP_CONCEPT//46238085,,True,,OMOP_CONCEPT,46238085,,3 - Very mild pain,AMSTEL,itemid_valueid,high
MEASUREMENT_CATEGORICAL//8691//3,SNOMED//4122997,,True,,SNOMED,4122997,,4122997,AMSTEL,source_code,high
MEASUREMENT_CATEGORICAL//12290//6,OMOP//OMOP//3004921,,True,,OMOP,3004921,,ventilator_mode,BlendedICU,label_exact,high
MEASUREMENT_CATEGORICAL//8696//2,OMOP//OMOP_CONCEPT//45878583,,True,,OMOP_CONCEPT,45878583,,Negative,AMSTEL,itemid_valueid,high
MEASUREMENT_CATEGORICAL//8894//5,OMOP//OMOP_CONCEPT//4089232,,True,,OMOP_CONCEPT,4089232,,Copious sputum,AMSTEL,itemid_valueid,high
MEASUREMENT_CATEGORICAL//6735//5,LOINC//3009094,,True,,LOINC,3009094,,3009094,AMSTEL,source_code,high
MEASUREMENT_CATEGORICAL//12519//3,OMOP//OMOP_CONCEPT//4103346,,True,,OMOP_CONCEPT,4103346,,Pluggy sputum,AMSTEL,itemid_valueid,high
MEASUREMENT_CATEGORICAL//8895//2,OMOP//OMOP_CONCEPT//4088600,,True,,OMOP_CONCEPT,4088600,,Clear sputum,AMSTEL,itemid_valueid,high
MEASUREMENT_CATEGORICAL//15172//3,OMOP//OMOP_CONCEPT//46237318,,True,,OMOP_CONCEPT,46237318,,2 - No pain,AMSTEL,itemid_valueid,high
MEASUREMENT_CATEGORICAL//8895//9,OMOP//OMOP_CONCEPT//4283806,,True,,OMOP_CONCEPT,4283806,,Blood streaked sputum,AMSTEL,itemid_valueid,high
MEASUREMENT_CATEGORICAL//8895//10,OMOP//OMOP_CONCEPT//4117288,,True,,OMOP_CONCEPT,4117288,,Frank blood in sputum,AMSTEL,itemid_valueid,high
MEASUREMENT_CATEGORICAL//12290//16,OMOP//OMOP//3004921,,True,,OMOP,3004921,,ventilator_mode,BlendedICU,label_exact,high
MEASUREMENT_CATEGORICAL//10604//2,OMOP//OMOP_CONCEPT//4159775,,True,,OMOP_CONCEPT,4159775,,Pink color,AMSTEL,itemid_valueid,high
MEASUREMENT_CATEGORICAL//8899//3,OMOP//OMOP_CONCEPT//4048218,,True,,OMOP_CONCEPT,4048218,,Cough reflex absent,AMSTEL,itemid_valueid,high
MEASUREMENT_CATEGORICAL//10588//2,OMOP//OMOP_CONCEPT//45884084,,True,,OMOP_CONCEPT,45884084,,Positive,AMSTEL,itemid_valueid,high
MEASUREMENT_CATEGORICAL//14444//6,OMOP//OMOP_CONCEPT//45877871,,True,,OMOP_CONCEPT,45877871,,Slightly limited - Lethargic,AMSTEL,itemid_valueid,high
MEASUREMENT_CATEGORICAL//10587//1,OMOP//OMOP_CONCEPT//45878583,,True,,OMOP_CONCEPT,45878583,,Negative,AMSTEL,itemid_valueid,high
MEASUREMENT_CATEGORICAL//12810//3,LOINC//21491507,,True,,LOINC,21491507,,21491507,AMSTEL,source_code,high
MEASUREMENT_CATEGORICAL//10469//1,OMOP//OMOP_CONCEPT//8507,,True,,OMOP_CONCEPT,8507,,MALE,AMSTEL,itemid_valueid,high
MEASUREMENT_CATEGORICAL//6658//2,SNOMED//4044874,,True,,SNOMED,4044874,,4044874,AMSTEL,source_code,high
MEASUREMENT_CATEGORICAL//8189//18,OMOP//OMOP_CONCEPT//45772284,,True,,OMOP_CONCEPT,45772284,,Tracheostomy tube speech valve,AMSTEL,itemid_valueid,high
MEASUREMENT_CATEGORICAL//20351//2,,,False,,,,,,,,unmapped
MEASUREMENT_CATEGORICAL//8896//3,OMOP//OMOP_CONCEPT//4080153,,False,,OMOP_CONCEPT,4080153,,Thick sputum,AMSTEL,itemid_valueid,low
MEASUREMENT_CATEGORICAL//8189//1,OMOP//OMOP_CONCEPT//45759142,,True,,OMOP_CONCEPT,45759142,,Oxygen administration nasal catheter,AMSTEL,itemid_valueid,high
MEASUREMENT_CATEGORICAL//19637//14,LOINC//3009094,,True,,LOINC,3009094,,3009094,AMSTEL,source_code,high
MEASUREMENT_CATEGORICAL//8897//2,SNOMED//4337734,,True,,SNOMED,4337734,,4337734,AMSTEL,source_code,high
MEASUREMENT_CATEGORICAL//19636//12,LOINC//3008223,,True,,LOINC,3008223,,3008223,AMSTEL,source_code,high
MEASUREMENT_CATEGORICAL//19635//8,LOINC//3016335,,True,,LOINC,3016335,,3016335,AMSTEL,source_code,high
MEASUREMENT_CATEGORICAL//8892//2,OMOP//OMOP_CONCEPT//45884119,,True,,OMOP_CONCEPT,45884119,,Not performed,AMSTEL,itemid_valueid,high
MEASUREMENT_CATEGORICAL//12830//2,OMOP//OMOP_CONCEPT//37156238,,True,,OMOP_CONCEPT,37156238,,Pressure injury stage I,AMSTEL,itemid_valueid,high
MEASUREMENT_CATEGORICAL//6671//14,OMOP//OMOP_CONCEPT//314665,,True,,OMOP_CONCEPT,314665,,Atrial flutter,AMSTEL,itemid_valueid,high
MEASUREMENT_CATEGORICAL//18840//5,,,False,,,,,,,,unmapped
MEASUREMENT_CATEGORICAL//15708//2,SNOMED//4199531,,True,,SNOMED,4199531,,4199531,AMSTEL,source_code,high
MEASUREMENT_CATEGORICAL//12130//2,OMOP//OMOP_CONCEPT//36307912,,True,,OMOP_CONCEPT,36307912,,Hospital ward,AMSTEL,itemid_valueid,high
MEASUREMENT_CATEGORICAL//8663//4,LOINC//3024265,,True,,LOINC,3024265,,3024265,AMSTEL,source_code,high
MEASUREMENT_CATEGORICAL//6735//2,LOINC//3009094,,True,,LOINC,3009094,,3009094,AMSTEL,source_code,high
MEASUREMENT_CATEGORICAL//8692//4,SNOMED//4122997,,True,,SNOMED,4122997,,4122997,AMSTEL,source_code,high
MEASUREMENT_CATEGORICAL//18668//2,LOINC//40761433,,True,,LOINC,40761433,,40761433,AMSTEL,source_code,high
MEASUREMENT_CATEGORICAL//8189//12,OMOP//OMOP_CONCEPT//45879331,,True,,OMOP_CONCEPT,45879331,,Zero,AMSTEL,itemid_valueid,high
MEASUREMENT_CATEGORICAL//15172//5,OMOP//OMOP_CONCEPT//46237738,,True,,OMOP_CONCEPT,46237738,,4 - Very mild pain,AMSTEL,itemid_valueid,high
MEASUREMENT_CATEGORICAL//8898//1,OMOP//OMOP_CONCEPT//45878582,,True,,OMOP_CONCEPT,45878582,,45878582,AMSTEL,itemid_valueid,high
MEASUREMENT_CATEGORICAL//8652//2,OMOP//OMOP_CONCEPT//37312090,,True,,OMOP_CONCEPT,37312090,,Pulse present in right posterior tibial artery,AMSTEL,itemid_valueid,high
MEASUREMENT_CATEGORICAL//10470//1,OMOP//OMOP_CONCEPT//36310832,,True,,OMOP_CONCEPT,36310832,,Discharge ready,AMSTEL,itemid_valueid,high
MEASUREMENT_CATEGORICAL//18644//1,,,False,,,,,,,,unmapped
MEASUREMENT_CATEGORICAL//6732//3,LOINC//3016335,,True,,LOINC,3016335,,3016335,AMSTEL,source_code,high
MEASUREMENT_CATEGORICAL//8651//2,OMOP//OMOP_CONCEPT//37312087,,True,,OMOP_CONCEPT,37312087,,Pulse present in left posterior tibial artery,AMSTEL,itemid_valueid,high
MEASUREMENT_CATEGORICAL//15295//1,LOINC//40771868,,True,,LOINC,40771868,,40771868,AMSTEL,source_code,high
MEASUREMENT_CATEGORICAL//9232//1,SNOMED//4105091,,True,,SNOMED,4105091,,4105091,AMSTEL,source_code,high
MEASUREMENT_CATEGORICAL//12611//2,LOINC//3016384,,True,,LOINC,3016384,,3016384,AMSTEL,source_code,high
MEASUREMENT_CATEGORICAL//12613//1,LOINC//3015853,,True,,LOINC,3015853,,3015853,AMSTEL,source_code,high
MEASUREMENT_CATEGORICAL//13111//1,,,False,,,,,,,,unmapped
MEASUREMENT_CATEGORICAL//8691//6,SNOMED//4122997,,True,,SNOMED,4122997,,4122997,AMSTEL,source_code,high
MEASUREMENT_CATEGORICAL//19608//2,,,False,,,,,,,,unmapped
MEASUREMENT_CATEGORICAL//15708//3,SNOMED//4199531,,True,,SNOMED,4199531,,4199531,AMSTEL,source_code,high
MEASUREMENT_CATEGORICAL//12615//1,LOINC//3016384,,True,,LOINC,3016384,,3016384,AMSTEL,source_code,high
MEASUREMENT_CATEGORICAL//14444//9,OMOP//OMOP_CONCEPT//45879434,,True,,OMOP_CONCEPT,45879434,,Stupor,AMSTEL,itemid_valueid,high
MEASUREMENT_CATEGORICAL//8652//1,OMOP//OMOP_CONCEPT//44814093,,False,,OMOP_CONCEPT,44814093,,Right posterior tibial pulse palpable,AMSTEL,itemid_valueid,low
MEASUREMENT_CATEGORICAL//15172//2,OMOP//OMOP_CONCEPT//46237898,,True,,OMOP_CONCEPT,46237898,,1 - No pain,AMSTEL,itemid_valueid,high
MEASUREMENT_CATEGORICAL//8669//3,LOINC//3004779,,True,,LOINC,3004779,,3004779,AMSTEL,source_code,high
MEASUREMENT_CATEGORICAL//8898//6,OMOP//OMOP_CONCEPT//45876622,,False,,OMOP_CONCEPT,45876622,,Hypertension,AMSTEL,itemid_valueid,low
MEASUREMENT_CATEGORICAL//8651//1,OMOP//OMOP_CONCEPT//44814094,,False,,OMOP_CONCEPT,44814094,,Left posterior tibial pulse palpable,AMSTEL,itemid_valueid,low
MEASUREMENT_CATEGORICAL//19606//2,,,False,,,,,,,,unmapped
MEASUREMENT_CATEGORICAL//19638//9,LOINC//3016335,,True,,LOINC,3016335,,3016335,AMSTEL,source_code,high
MEASUREMENT_CATEGORICAL//14444//4,OMOP//OMOP_CONCEPT//45881739,,True,,OMOP_CONCEPT,45881739,,Restless,AMSTEL,itemid_valueid,high
MEASUREMENT_CATEGORICAL//15295//2,LOINC//40771868,,True,,LOINC,40771868,,40771868,AMSTEL,source_code,high
MEASUREMENT_CATEGORICAL//18842//5,,,False,,,,,,,,unmapped
MEASUREMENT_CATEGORICAL//15172//6,OMOP//OMOP_CONCEPT//46237273,,True,,OMOP_CONCEPT,46237273,,5 - Mild pain,AMSTEL,itemid_valueid,high
MEASUREMENT_CATEGORICAL//15155//8,,,False,,,,,,,,unmapped
MEASUREMENT_CATEGORICAL//8647//2,SNOMED//4044874,,True,,SNOMED,4044874,,4044874,AMSTEL,source_code,high
MEASUREMENT_CATEGORICAL//12621//2,SNOMED//4025210,,True,,SNOMED,4025210,,4025210,AMSTEL,source_code,high
MEASUREMENT_CATEGORICAL//10469//3,OMOP//OMOP_CONCEPT//8532,,True,,OMOP_CONCEPT,8532,,FEMALE,AMSTEL,itemid_valueid,high
MEASUREMENT_CATEGORICAL//8695//1,OMOP//OMOP_CONCEPT//45884084,,True,,OMOP_CONCEPT,45884084,,Positive,AMSTEL,itemid_valueid,high
MEASUREMENT_CATEGORICAL//15715//2,,,False,,,,,,,,unmapped
MEASUREMENT_CATEGORICAL//6735//4,LOINC//3009094,,True,,LOINC,3009094,,3009094,AMSTEL,source_code,high
MEASUREMENT_CATEGORICAL//8189//8,OMOP//OMOP_CONCEPT//4138487,,True,,OMOP_CONCEPT,4138487,,Face tent oxygen delivery device,AMSTEL,itemid_valueid,high
MEASUREMENT_CATEGORICAL//14139//1,OMOP//OMOP_CONCEPT//32037,,True,,OMOP_CONCEPT,32037,,Intensive Care,AMSTEL,itemid_valueid,high
MEASUREMENT_CATEGORICAL//9233//7,OMOP//OMOP_CONCEPT//4050473,,True,,OMOP_CONCEPT,4050473,,Prone body position,AMSTEL,itemid_valueid,high
MEASUREMENT_CATEGORICAL//8669//2,LOINC//3004779,,True,,LOINC,3004779,,3004779,AMSTEL,source_code,high
MEASUREMENT_CATEGORICAL//19640//16,LOINC//3009094,,True,,LOINC,3009094,,3009094,AMSTEL,source_code,high
MEASUREMENT_CATEGORICAL//12290//9,OMOP//OMOP//3004921,,True,,OMOP,3004921,,ventilator_mode,BlendedICU,label_exact,high
MEASUREMENT_CATEGORICAL//8833//5,LOINC//3010321,,True,,LOINC,3010321,,3010321,AMSTEL,source_code,high
MEASUREMENT_CATEGORICAL//9593//1,LOINC//3024265,,True,,LOINC,3024265,,3024265,AMSTEL,source_code,high
MEASUREMENT_CATEGORICAL//15163//7,,,False,,,,,,,,unmapped
MEASUREMENT_CATEGORICAL//12751//1,OMOP//OMOP_CONCEPT//4047484,,True,,OMOP_CONCEPT,4047484,,Structure of angle of mouth,AMSTEL,itemid_valueid,high
MEASUREMENT_CATEGORICAL//12625//1,SNOMED//4097216,,True,,SNOMED,4097216,,4097216,AMSTEL,source_code,high
MEASUREMENT_CATEGORICAL//8669//1,LOINC//3004779,,True,,LOINC,3004779,,3004779,AMSTEL,source_code,high
MEASUREMENT_CATEGORICAL//8896//2,OMOP//OMOP_CONCEPT//4174288,,False,,OMOP_CONCEPT,4174288,,Thin sputum,AMSTEL,itemid_valueid,low
MEASUREMENT_CATEGORICAL//12830//3,OMOP//OMOP_CONCEPT//37156240,,True,,OMOP_CONCEPT,37156240,,Pressure injury stage II,AMSTEL,itemid_valueid,high
MEASUREMENT_CATEGORICAL//12830//1,OMOP//OMOP_CONCEPT//608209,,True,,OMOP_CONCEPT,608209,,No pressure injury,AMSTEL,itemid_valueid,high
MEASUREMENT_CATEGORICAL//9534//4,LOINC//3004921,,True,,LOINC,3004921,,3004921,AMSTEL,source_code,high
MEASUREMENT_CATEGORICAL//15711//2,,,False,,,,,,,,unmapped
MEASUREMENT_CATEGORICAL//15709//2,,,False,,,,,,,,unmapped
MEASUREMENT_CATEGORICAL//8832//5,LOINC//3026611,,True,,LOINC,3026611,,3026611,AMSTEL,source_code,high
MEASUREMENT_CATEGORICAL//15712//2,,,False,,,,,,,,unmapped
MEASUREMENT_CATEGORICAL//15162//7,,,False,,,,,,,,unmapped
MEASUREMENT_CATEGORICAL//15152//1,,,False,,,,,,,,unmapped
MEASUREMENT_CATEGORICAL//13077//4,LOINC//3026019,,True,,LOINC,3026019,,3026019,AMSTEL,source_code,high
MEASUREMENT_CATEGORICAL//13072//6,LOINC//3026549,,True,,LOINC,3026549,,3026549,AMSTEL,source_code,high
MEASUREMENT_CATEGORICAL//15710//2,,,False,,,,,,,,unmapped
MEASUREMENT_CATEGORICAL//15713//2,,,False,,,,,,,,unmapped
MEASUREMENT_CATEGORICAL//8730//4,OMOP//OMOP_CONCEPT//4307671,,True,,OMOP_CONCEPT,4307671,,Peritoneal cavity structure,AMSTEL,itemid_valueid,high
MEASUREMENT_CATEGORICAL//13066//5,LOINC//3013144,,True,,LOINC,3013144,,3013144,AMSTEL,source_code,high
MEASUREMENT_CATEGORICAL//13110//3,,,False,,,,,,,,unmapped
MEASUREMENT_CATEGORICAL//12611//1,LOINC//3016384,,True,,LOINC,3016384,,3016384,AMSTEL,source_code,high
MEASUREMENT_CATEGORICAL//14138//1,,,False,,,,,,,,unmapped
MEASUREMENT_CATEGORICAL//16997//11,,,False,,,,,,,,unmapped
MEASUREMENT_CATEGORICAL//19639//13,LOINC//3008223,,True,,LOINC,3008223,,3008223,AMSTEL,source_code,high
MEASUREMENT_CATEGORICAL//15164//7,,,False,,,,,,,,unmapped
MEASUREMENT_CATEGORICAL//10604//3,OMOP//OMOP_CONCEPT//4116701,,True,,OMOP_CONCEPT,4116701,,Hemorrhagic,AMSTEL,itemid_valueid,high
MEASUREMENT_CATEGORICAL//15159//11,,,False,,,,,,,,unmapped
MEASUREMENT_CATEGORICAL//18588//1,,,False,,,,,,,,unmapped
MEASUREMENT_CATEGORICAL//15153//4,,,False,,,,,,,,unmapped
MEASUREMENT_CATEGORICAL//6734//5,LOINC//3008223,,True,,LOINC,3008223,,3008223,AMSTEL,source_code,high
MEASUREMENT_CATEGORICAL//12809//1,OMOP//OMOP_CONCEPT//608209,,True,,OMOP_CONCEPT,608209,,No pressure injury,AMSTEL,itemid_valueid,high
MEASUREMENT_CATEGORICAL//12822//2,OMOP//OMOP_CONCEPT//37156238,,True,,OMOP_CONCEPT,37156238,,Pressure injury stage I,AMSTEL,itemid_valueid,high
MEASUREMENT_CATEGORICAL//6685//22,LOINC//3004921,,True,,LOINC,3004921,,3004921,AMSTEL,source_code,high
MEASUREMENT_CATEGORICAL//15160//14,,,False,,,,,,,,unmapped
MEASUREMENT_CATEGORICAL//12130//3,OMOP//OMOP_CONCEPT//45884373,,True,,OMOP_CONCEPT,45884373,,Emergency room,AMSTEL,itemid_valueid,high
MEASUREMENT_CATEGORICAL//12821//2,OMOP//OMOP_CONCEPT//37156238,,True,,OMOP_CONCEPT,37156238,,Pressure injury stage I,AMSTEL,itemid_valueid,high
MEASUREMENT_CATEGORICAL//19376//1,OMOP//OMOP_CONCEPT//45878245,,True,,OMOP_CONCEPT,45878245,,No,AMSTEL,itemid_valueid,high
MEASUREMENT_CATEGORICAL//9232//3,SNOMED//4105091,,True,,SNOMED,4105091,,4105091,AMSTEL,source_code,high
MEASUREMENT_CATEGORICAL//6685//14,LOINC//3004921,,True,,LOINC,3004921,,3004921,AMSTEL,source_code,high
MEASUREMENT_CATEGORICAL//15161//4,,,False,,,,,,,,unmapped
MEASUREMENT_CATEGORICAL//12822//1,OMOP//OMOP_CONCEPT//608209,,True,,OMOP_CONCEPT,608209,,No pressure injury,AMSTEL,itemid_valueid,high
MEASUREMENT_CATEGORICAL//16055//5,OMOP//OMOP_CONCEPT//4105064,,True,,OMOP_CONCEPT,4105064,,Serous,AMSTEL,itemid_valueid,high
MEASUREMENT_CATEGORICAL//15172//7,OMOP//OMOP_CONCEPT//46237319,,True,,OMOP_CONCEPT,46237319,,6 - Mild pain,AMSTEL,itemid_valueid,high
MEASUREMENT_CATEGORICAL//15154//4,,,False,,,,,,,,unmapped
MEASUREMENT_CATEGORICAL//13115//2,,,False,,,,,,,,unmapped
MEASUREMENT_CATEGORICAL//12821//1,OMOP//OMOP_CONCEPT//608209,,True,,OMOP_CONCEPT,608209,,No pressure injury,AMSTEL,itemid_valueid,high
MEASUREMENT_CATEGORICAL//15152//2,,,False,,,,,,,,unmapped
MEASUREMENT_CATEGORICAL//8895//3,OMOP//OMOP_CONCEPT//4174289,,True,,OMOP_CONCEPT,4174289,,Green sputum,AMSTEL,itemid_valueid,high
MEASUREMENT_CATEGORICAL//15715//3,,,False,,,,,,,,unmapped
MEASUREMENT_CATEGORICAL//13115//1,,,False,,,,,,,,unmapped
MEASUREMENT_CATEGORICAL//15808//1,OMOP//OMOP_CONCEPT//132797,,True,,OMOP_CONCEPT,132797,,Sepsis,AMSTEL,itemid_valueid,high
MEASUREMENT_CATEGORICAL//12614//1,OMOP//OMOP_CONCEPT//4038679,,True,,OMOP_CONCEPT,4038679,,Transoral approach,AMSTEL,itemid_valueid,high
MEASUREMENT_CATEGORICAL//13116//1,OMOP//OMOP_CONCEPT//317576,,True,,OMOP_CONCEPT,317576,,Coronary arteriosclerosis,AMSTEL,itemid_valueid,high
MEASUREMENT_CATEGORICAL//18841//4,,,False,,,,,,,,unmapped
MEASUREMENT_CATEGORICAL//15156//4,,,False,,,,,,,,unmapped
MEASUREMENT_CATEGORICAL//15713//3,,,False,,,,,,,,unmapped
MEASUREMENT_CATEGORICAL//8899//4,OMOP//OMOP_CONCEPT//4102774,,True,,OMOP_CONCEPT,4102774,,Productive cough,AMSTEL,itemid_valueid,high
MEASUREMENT_CATEGORICAL//8730//8,OMOP//OMOP_CONCEPT//4169248,,True,,OMOP_CONCEPT,4169248,,Structure of left lower leg,AMSTEL,itemid_valueid,high
MEASUREMENT_CATEGORICAL//15711//3,,,False,,,,,,,,unmapped
MEASUREMENT_CATEGORICAL//15157//5,,,False,,,,,,,,unmapped
MEASUREMENT_CATEGORICAL//15712//3,,,False,,,,,,,,unmapped
MEASUREMENT_CATEGORICAL//15709//3,,,False,,,,,,,,unmapped
MEASUREMENT_CATEGORICAL//8692//3,SNOMED//4122997,,True,,SNOMED,4122997,,4122997,AMSTEL,source_code,high
MEASUREMENT_CATEGORICAL//8200//3,LOINC//1989388,,True,,LOINC,1989388,,1989388,AMSTEL,source_code,high
MEASUREMENT_CATEGORICAL//15710//3,,,False,,,,,,,,unmapped
MEASUREMENT_CATEGORICAL//15158//4,,,False,,,,,,,,unmapped
MEASUREMENT_CATEGORICAL//14444//7,SNOMED//36684829,,True,,SNOMED,36684829,,36684829,AMSTEL,source_code,high
MEASUREMENT_CATEGORICAL//16993//12,OMOP//OMOP_CONCEPT//581383,,True,,OMOP_CONCEPT,581383,,Inpatient Cardiac Care Facility,AMSTEL,itemid_valueid,high
MEASUREMENT_CATEGORICAL//8825//8,OMOP//OMOP_CONCEPT//4008580,,True,,OMOP_CONCEPT,4008580,,Ventricular bigeminy,AMSTEL,itemid_valueid,high
MEASUREMENT_CATEGORICAL//10673//2,LOINC//1761496,,True,,LOINC,1761496,,1761496,AMSTEL,source_code,high
MEASUREMENT_CATEGORICAL//8692//2,OMOP//OMOP_CONCEPT//4035566,,True,,OMOP_CONCEPT,4035566,,Text value,AMSTEL,itemid_valueid,high
MEASUREMENT_CATEGORICAL//12621//1,SNOMED//4025210,,True,,SNOMED,4025210,,4025210,AMSTEL,source_code,high
MEASUREMENT_CATEGORICAL//14444//8,SNOMED//36684829,,True,,SNOMED,36684829,,36684829,AMSTEL,source_code,high
MEASUREMENT_CATEGORICAL//9534//13,LOINC//3004921,,True,,LOINC,3004921,,3004921,AMSTEL,source_code,high
MEASUREMENT_CATEGORICAL//19376//2,OMOP//OMOP_CONCEPT//38004447,,False,,OMOP_CONCEPT,38004447,,General Surgery,AMSTEL,itemid_valueid,high
MEASUREMENT_CATEGORICAL//10588//1,OMOP//OMOP_CONCEPT//45878583,,True,,OMOP_CONCEPT,45878583,,Negative,AMSTEL,itemid_valueid,high
MEASUREMENT_CATEGORICAL//15157//4,,,False,,,,,,,,unmapped
MEASUREMENT_CATEGORICAL//9358//2,OMOP//OMOP_CONCEPT//4104200,,True,,OMOP_CONCEPT,4104200,,Closed,AMSTEL,itemid_valueid,high
MEASUREMENT_CATEGORICAL//13112//9,,,False,,,,,,,,unmapped
MEASUREMENT_CATEGORICAL//19596//3,SNOMED//4178501,,True,,SNOMED,4178501,,4178501,AMSTEL,source_code,high
MEASUREMENT_CATEGORICAL//18669//1,OMOP//OMOP_CONCEPT//134057,,True,,OMOP_CONCEPT,134057,,Disorder of cardiovascular system,AMSTEL,itemid_valueid,high
MEASUREMENT_CATEGORICAL//8895//7,OMOP//OMOP_CONCEPT//4086357,,True,,OMOP_CONCEPT,4086357,,Rusty sputum,AMSTEL,itemid_valueid,high
MEASUREMENT_CATEGORICAL//15161//5,,,False,,,,,,,,unmapped
MEASUREMENT_CATEGORICAL//15164//9,,,False,,,,,,,,unmapped
MEASUREMENT_CATEGORICAL//13112//5,,,False,,,,,,,,unmapped
MEASUREMENT_CATEGORICAL//8731//4,OMOP//OMOP_CONCEPT//4307671,,True,,OMOP_CONCEPT,4307671,,Peritoneal cavity structure,AMSTEL,itemid_valueid,high
MEASUREMENT_CATEGORICAL//12623//5,LOINC//3046004,,True,,LOINC,3046004,,3046004,AMSTEL,source_code,high
MEASUREMENT_CATEGORICAL//12128//1,OMOP//OMOP_CONCEPT//38004497,,False,,OMOP_CONCEPT,38004497,,Cardiac Surgery,AMSTEL,itemid_valueid,high
MEASUREMENT_CATEGORICAL//12810//5,LOINC//21491507,,True,,LOINC,21491507,,21491507,AMSTEL,source_code,high
MEASUREMENT_CATEGORICAL//12809//3,OMOP//OMOP_CONCEPT//37156240,,True,,OMOP_CONCEPT,37156240,,Pressure injury stage II,AMSTEL,itemid_valueid,high
MEASUREMENT_CATEGORICAL//14444//10,OMOP//OMOP_CONCEPT//45880051,,True,,OMOP_CONCEPT,45880051,,Unresponsive,AMSTEL,itemid_valueid,high
MEASUREMENT_CATEGORICAL//8200//5,LOINC//1989388,,True,,LOINC,1989388,,1989388,AMSTEL,source_code,high
MEASUREMENT_CATEGORICAL//8189//16,OMOP//OMOP_CONCEPT//45767337,,True,,OMOP_CONCEPT,45767337,,CPAP/BPAP oral mask,AMSTEL,itemid_valueid,high
MEASUREMENT_CATEGORICAL//18814//5,,,False,,,,,,,,unmapped
MEASUREMENT_CATEGORICAL//19376//3,OMOP//OMOP_CONCEPT//38004497,,False,,OMOP_CONCEPT,38004497,,Cardiac Surgery,AMSTEL,itemid_valueid,high
MEASUREMENT_CATEGORICAL//19639//17,LOINC//3008223,,True,,LOINC,3008223,,3008223,AMSTEL,source_code,high
MEASUREMENT_CATEGORICAL//10470//12,SNOMED//763892,,True,,SNOMED,763892,,763892,AMSTEL,source_code,high
MEASUREMENT_CATEGORICAL//15172//8,OMOP//OMOP_CONCEPT//46237842,,True,,OMOP_CONCEPT,46237842,,7 - Moderate pain,AMSTEL,itemid_valueid,high
MEASUREMENT_CATEGORICAL//14138//2,,,False,,,,,,,,unmapped
MEASUREMENT_CATEGORICAL//18645//2,,,False,,,,,,,,unmapped
MEASUREMENT_CATEGORICAL//15156//5,,,False,,,,,,,,unmapped
MEASUREMENT_CATEGORICAL//13110//4,,,False,,,,,,,,unmapped
MEASUREMENT_CATEGORICAL//14139//3,OMOP//OMOP_CONCEPT//8870,,True,,OMOP_CONCEPT,8870,,Emergency Room - Hospital,AMSTEL,itemid_valueid,high
MEASUREMENT_CATEGORICAL//15154//5,,,False,,,,,,,,unmapped
MEASUREMENT_CATEGORICAL//8889//4,SNOMED//4239191,,True,,SNOMED,4239191,,4239191,AMSTEL,source_code,high
MEASUREMENT_CATEGORICAL//6671//17,OMOP//OMOP_CONCEPT//4313053,,True,,OMOP_CONCEPT,4313053,,Normal sinus arrhythmia,AMSTEL,itemid_valueid,high
MEASUREMENT_CATEGORICAL//18671//233,OMOP//OMOP_CONCEPT//317576,,True,,OMOP_CONCEPT,317576,,Coronary arteriosclerosis,AMSTEL,itemid_valueid,high
MEASUREMENT_CATEGORICAL//15172//12,OMOP//OMOP_CONCEPT//45880107,,True,,OMOP_CONCEPT,45880107,,45880107,AMSTEL,itemid_valueid,high
MEASUREMENT_CATEGORICAL//10659//1,OMOP//OMOP_CONCEPT//4129930,,True,,OMOP_CONCEPT,4129930,,Before the filter,AMSTEL,itemid_valueid,high
MEASUREMENT_CATEGORICAL//15153//5,,,False,,,,,,,,unmapped
MEASUREMENT_CATEGORICAL//12809//2,OMOP//OMOP_CONCEPT//37156238,,True,,OMOP_CONCEPT,37156238,,Pressure injury stage I,AMSTEL,itemid_valueid,high
MEASUREMENT_CATEGORICAL//9593//2,LOINC//3024265,,True,,LOINC,3024265,,3024265,AMSTEL,source_code,high
MEASUREMENT_CATEGORICAL//8832//9,LOINC//3026611,,True,,LOINC,3026611,,3026611,AMSTEL,source_code,high
MEASUREMENT_CATEGORICAL//8833//9,LOINC//3010321,,True,,LOINC,3010321,,3010321,AMSTEL,source_code,high
MEASUREMENT_CATEGORICAL//16993//5,OMOP//OMOP_CONCEPT//581383,,True,,OMOP_CONCEPT,581383,,Inpatient Cardiac Care Facility,AMSTEL,itemid_valueid,high
MEASUREMENT_CATEGORICAL//19640//15,LOINC//3009094,,True,,LOINC,3009094,,3009094,AMSTEL,source_code,high
MEASUREMENT_CATEGORICAL//6735//3,LOINC//3009094,,True,,LOINC,3009094,,3009094,AMSTEL,source_code,high
MEASUREMENT_CATEGORICAL//18840//6,,,False,,,,,,,,unmapped
MEASUREMENT_CATEGORICAL//8730//9,OMOP//OMOP_CONCEPT//4138674,,True,,OMOP_CONCEPT,4138674,,Structure of right lower leg,AMSTEL,itemid_valueid,high
MEASUREMENT_CATEGORICAL//6658//3,SNOMED//4044874,,True,,SNOMED,4044874,,4044874,AMSTEL,source_code,high
MEASUREMENT_CATEGORICAL//14139//4,OMOP//OMOP_CONCEPT//8717,,True,,OMOP_CONCEPT,8717,,Inpatient Hospital,AMSTEL,itemid_valueid,high
MEASUREMENT_CATEGORICAL//18669//50,OMOP//OMOP_CONCEPT//4112341,,True,,OMOP_CONCEPT,4112341,,Acute respiratory infections,AMSTEL,itemid_valueid,high
MEASUREMENT_CATEGORICAL//19796//1,,,False,,,,,,,,unmapped
MEASUREMENT_CATEGORICAL//8189//2,OMOP//OMOP_CONCEPT//45759142,,True,,OMOP_CONCEPT,45759142,,Oxygen administration nasal catheter,AMSTEL,itemid_valueid,high
MEASUREMENT_CATEGORICAL//13133//8,OMOP//OMOP_CONCEPT//44783658,,True,,OMOP_CONCEPT,44783658,,Cardiorespiratory arrest with successful resuscitation,AMSTEL,itemid_valueid,high
MEASUREMENT_CATEGORICAL//15808//3,OMOP//OMOP_CONCEPT//45877986,,True,,OMOP_CONCEPT,45877986,,Unknown,AMSTEL,itemid_valueid,high
MEASUREMENT_CATEGORICAL//12830//4,OMOP//OMOP_CONCEPT//37156241,,True,,OMOP_CONCEPT,37156241,,Pressure injury stage III,AMSTEL,itemid_valueid,high
MEASUREMENT_CATEGORICAL//8894//1,OMOP//OMOP_CONCEPT//4088599,,True,,OMOP_CONCEPT,4088599,,No sputum,AMSTEL,itemid_valueid,high
MEASUREMENT_CATEGORICAL//12624//6,LOINC//21491186,,True,,LOINC,21491186,,21491186,AMSTEL,source_code,high
MEASUREMENT_CATEGORICAL//15160//15,,,False,,,,,,,,unmapped
MEASUREMENT_CATEGORICAL//6734//4,LOINC//3008223,,True,,LOINC,3008223,,3008223,AMSTEL,source_code,high
MEASUREMENT_CATEGORICAL//17008//13,OMOP//OMOP_CONCEPT//317576,,True,,OMOP_CONCEPT,317576,,Coronary arteriosclerosis,AMSTEL,itemid_valueid,high
MEASUREMENT_CATEGORICAL//9534//8,LOINC//3004921,,True,,LOINC,3004921,,3004921,AMSTEL,source_code,high
MEASUREMENT_CATEGORICAL//12623//3,LOINC//3046004,,True,,LOINC,3046004,,3046004,AMSTEL,source_code,high
MEASUREMENT_CATEGORICAL//8698//2,OMOP//OMOP_CONCEPT//45878583,,True,,OMOP_CONCEPT,45878583,,Negative,AMSTEL,itemid_valueid,high
MEASUREMENT_CATEGORICAL//15162//8,,,False,,,,,,,,unmapped
MEASUREMENT_CATEGORICAL//19596//2,SNOMED//4178501,,True,,SNOMED,4178501,,4178501,AMSTEL,source_code,high
MEASUREMENT_CATEGORICAL//8898//11,,,False,,,,,,,,unmapped
MEASUREMENT_CATEGORICAL//8896//4,OMOP//OMOP_CONCEPT//4080153,,True,,OMOP_CONCEPT,4080153,,Thick sputum,AMSTEL,itemid_valueid,high
MEASUREMENT_CATEGORICAL//16993//6,OMOP//OMOP_CONCEPT//581379,,True,,OMOP_CONCEPT,581379,,Inpatient Critical Care Facility,AMSTEL,itemid_valueid,high
MEASUREMENT_CATEGORICAL//19640//19,LOINC//3009094,,True,,LOINC,3009094,,3009094,AMSTEL,source_code,high
MEASUREMENT_CATEGORICAL//19638//11,LOINC//3016335,,True,,LOINC,3016335,,3016335,AMSTEL,source_code,high
MEASUREMENT_CATEGORICAL//8895//11,OMOP//OMOP_CONCEPT//4082813,,True,,OMOP_CONCEPT,4082813,,Brown sputum,AMSTEL,itemid_valueid,high
MEASUREMENT_CATEGORICAL//8692//6,SNOMED//4122997,,True,,SNOMED,4122997,,4122997,AMSTEL,source_code,high
MEASUREMENT_CATEGORICAL//14769//2,SNOMED//4093203,,True,,SNOMED,4093203,,4093203,AMSTEL,source_code,high
MEASUREMENT_CATEGORICAL//18839//6,,,False,,,,,,,,unmapped
MEASUREMENT_CATEGORICAL//8832//6,LOINC//3026611,,True,,LOINC,3026611,,3026611,AMSTEL,source_code,high
MEASUREMENT_CATEGORICAL//14771//14,SNOMED//4093203,,True,,SNOMED,4093203,,4093203,AMSTEL,source_code,high
MEASUREMENT_CATEGORICAL//14770//8,SNOMED//4093203,,True,,SNOMED,4093203,,4093203,AMSTEL,source_code,high
MEASUREMENT_CATEGORICAL//6671//34,OMOP//OMOP_CONCEPT//4038688,,True,,OMOP_CONCEPT,4038688,,AV junctional rhythm,AMSTEL,itemid_valueid,high
MEASUREMENT_CATEGORICAL//18597//1,OMOP//OMOP_CONCEPT//134057,,True,,OMOP_CONCEPT,134057,,Disorder of cardiovascular system,AMSTEL,itemid_valueid,high
MEASUREMENT_CATEGORICAL//9359//1,OMOP//OMOP_CONCEPT//763006,,True,,OMOP_CONCEPT,763006,,Open,AMSTEL,itemid_valueid,high
MEASUREMENT_CATEGORICAL//8696//1,OMOP//OMOP_CONCEPT//45884084,,True,,OMOP_CONCEPT,45884084,,Positive,AMSTEL,itemid_valueid,high
MEASUREMENT_CATEGORICAL//15158//5,,,False,,,,,,,,unmapped
MEASUREMENT_CATEGORICAL//13112//1,,,False,,,,,,,,unmapped
MEASUREMENT_CATEGORICAL//8650//1,OMOP//OMOP_CONCEPT//4161976,,False,,OMOP_CONCEPT,4161976,,Patient on intra-aortic balloon pump assist,AMSTEL,itemid_valueid,low
MEASUREMENT_CATEGORICAL//9593//5,LOINC//3024265,,True,,LOINC,3024265,,3024265,AMSTEL,source_code,high
MEASUREMENT_CATEGORICAL//12560//3,OMOP//OMOP_CONCEPT//45882367,,True,,OMOP_CONCEPT,45882367,,Disconnected,AMSTEL,itemid_valueid,high
MEASUREMENT_CATEGORICAL//12807//1,OMOP//OMOP_CONCEPT//608209,,True,,OMOP_CONCEPT,608209,,No pressure injury,AMSTEL,itemid_valueid,high
MEASUREMENT_CATEGORICAL//15158//6,,,False,,,,,,,,unmapped
MEASUREMENT_CATEGORICAL//19872//1,OMOP//OMOP_CONCEPT//45876716,,True,,OMOP_CONCEPT,45876716,,Glasses,AMSTEL,itemid_valueid,high
MEASUREMENT_CATEGORICAL//16997//1,,,False,,,,,,,,unmapped
MEASUREMENT_CATEGORICAL//18669//49,OMOP//OMOP_CONCEPT//320136,,True,,OMOP_CONCEPT,320136,,Disorder of respiratory system,AMSTEL,itemid_valueid,high
MEASUREMENT_CATEGORICAL//16055//7,OMOP//OMOP_CONCEPT//4116701,,True,,OMOP_CONCEPT,4116701,,Hemorrhagic,AMSTEL,itemid_valueid,high
MEASUREMENT_CATEGORICAL//13397//1,LOINC//40758173,,True,,LOINC,40758173,,40758173,AMSTEL,source_code,high
MEASUREMENT_CATEGORICAL//18588//8,,,False,,,,,,,,unmapped
MEASUREMENT_CATEGORICAL//10697//1,LOINC//3025315,,True,,LOINC,3025315,,3025315,AMSTEL,source_code,high
MEASUREMENT_CATEGORICAL//12614//3,OMOP//OMOP_CONCEPT//4050374,,True,,OMOP_CONCEPT,4050374,,Transnasal approach,AMSTEL,itemid_valueid,high
MEASUREMENT_CATEGORICAL//19232//2,,,False,,,,,,,,unmapped
MEASUREMENT_CATEGORICAL//12825//1,OMOP//OMOP_CONCEPT//608209,,True,,OMOP_CONCEPT,608209,,No pressure injury,AMSTEL,itemid_valueid,high
MEASUREMENT_CATEGORICAL//12826//1,OMOP//OMOP_CONCEPT//608209,,True,,OMOP_CONCEPT,608209,,No pressure injury,AMSTEL,itemid_valueid,high
MEASUREMENT_CATEGORICAL//10673//1,LOINC//1761496,,True,,LOINC,1761496,,1761496,AMSTEL,source_code,high
MEASUREMENT_CATEGORICAL//14769//3,SNOMED//4093203,,True,,SNOMED,4093203,,4093203,AMSTEL,source_code,high
MEASUREMENT_CATEGORICAL//18669//37,OMOP//OMOP_CONCEPT//4120088,,True,,OMOP_CONCEPT,4120088,,Cardiac arrest with successful resuscitation,AMSTEL,itemid_valueid,high
MEASUREMENT_CATEGORICAL//8833//6,LOINC//3010321,,True,,LOINC,3010321,,3010321,AMSTEL,source_code,high
MEASUREMENT_CATEGORICAL//12623//4,LOINC//3046004,,True,,LOINC,3046004,,3046004,AMSTEL,source_code,high
MEASUREMENT_CATEGORICAL//12817//1,OMOP//OMOP_CONCEPT//608209,,True,,OMOP_CONCEPT,608209,,No pressure injury,AMSTEL,itemid_valueid,high
MEASUREMENT_CATEGORICAL//8825//2,OMOP//OMOP_CONCEPT//4023336,,True,,OMOP_CONCEPT,4023336,,Multifocal premature ventricular complexes,AMSTEL,itemid_valueid,high
MEASUREMENT_CATEGORICAL//8898//8,,,False,,,,,,,,unmapped
MEASUREMENT_CATEGORICAL//15159//12,,,False,,,,,,,,unmapped
MEASUREMENT_CATEGORICAL//12623//6,LOINC//3046004,,True,,LOINC,3046004,,3046004,AMSTEL,source_code,high
MEASUREMENT_CATEGORICAL//12815//1,OMOP//OMOP_CONCEPT//608209,,True,,OMOP_CONCEPT,608209,,No pressure injury,AMSTEL,itemid_valueid,high
MEASUREMENT_CATEGORICAL//18671//6,OMOP//OMOP_CONCEPT//4120088,,True,,OMOP_CONCEPT,4120088,,Cardiac arrest with successful resuscitation,AMSTEL,itemid_valueid,high
MEASUREMENT_CATEGORICAL//14772//21,SNOMED//4093203,,True,,SNOMED,4093203,,4093203,AMSTEL,source_code,high
MEASUREMENT_CATEGORICAL//12818//1,OMOP//OMOP_CONCEPT//608209,,True,,OMOP_CONCEPT,608209,,No pressure injury,AMSTEL,itemid_valueid,high
MEASUREMENT_CATEGORICAL//10589//2,OMOP//OMOP_CONCEPT//45884084,,True,,OMOP_CONCEPT,45884084,,Positive,AMSTEL,itemid_valueid,high
MEASUREMENT_CATEGORICAL//8895//8,OMOP//OMOP_CONCEPT//4287098,,True,,OMOP_CONCEPT,4287098,,Frothy sputum,AMSTEL,itemid_valueid,high
MEASUREMENT_CATEGORICAL//15172//9,OMOP//OMOP_CONCEPT//46237274,,True,,OMOP_CONCEPT,46237274,,8 - Moderate pain,AMSTEL,itemid_valueid,high
MEASUREMENT_CATEGORICAL//14771//15,SNOMED//4093203,,True,,SNOMED,4093203,,4093203,AMSTEL,source_code,high
MEASUREMENT_CATEGORICAL//18669//6,OMOP//OMOP_CONCEPT//4012185,,True,,OMOP_CONCEPT,4012185,,Cardiovascular surgical procedure,AMSTEL,itemid_valueid,high
MEASUREMENT_CATEGORICAL//6671//15,OMOP//OMOP_CONCEPT//4178444,,True,,OMOP_CONCEPT,4178444,,Junctional,AMSTEL,itemid_valueid,high
MEASUREMENT_CATEGORICAL//12827//1,OMOP//OMOP_CONCEPT//608209,,True,,OMOP_CONCEPT,608209,,No pressure injury,AMSTEL,itemid_valueid,high
MEASUREMENT_CATEGORICAL//19640//17,LOINC//3009094,,True,,LOINC,3009094,,3009094,AMSTEL,source_code,high
MEASUREMENT_CATEGORICAL//8670//2,LOINC//3004779,,True,,LOINC,3004779,,3004779,AMSTEL,source_code,high
MEASUREMENT_CATEGORICAL//13134//1,OMOP//OMOP_CONCEPT//255848,,True,,OMOP_CONCEPT,255848,,Pneumonia,AMSTEL,itemid_valueid,high
MEASUREMENT_CATEGORICAL//14770//9,SNOMED//4093203,,True,,SNOMED,4093203,,4093203,AMSTEL,source_code,high
MEASUREMENT_CATEGORICAL//12816//1,OMOP//OMOP_CONCEPT//608209,,True,,OMOP_CONCEPT,608209,,No pressure injury,AMSTEL,itemid_valueid,high
MEASUREMENT_CATEGORICAL//13116//3,OMOP//OMOP_CONCEPT//314054,,True,,OMOP_CONCEPT,314054,,Aortic valve disorder,AMSTEL,itemid_valueid,high
MEASUREMENT_CATEGORICAL//13943//6,OMOP//OMOP_CONCEPT//4139810,,True,,OMOP_CONCEPT,4139810,,Clear,AMSTEL,itemid_valueid,high
MEASUREMENT_CATEGORICAL//6685//9,LOINC//3004921,,True,,LOINC,3004921,,3004921,AMSTEL,source_code,high
MEASUREMENT_CATEGORICAL//12832//1,OMOP//OMOP_CONCEPT//608209,,True,,OMOP_CONCEPT,608209,,No pressure injury,AMSTEL,itemid_valueid,high
MEASUREMENT_CATEGORICAL//14772//20,SNOMED//4093203,,True,,SNOMED,4093203,,4093203,AMSTEL,source_code,high
MEASUREMENT_CATEGORICAL//12831//1,OMOP//OMOP_CONCEPT//608209,,True,,OMOP_CONCEPT,608209,,No pressure injury,AMSTEL,itemid_valueid,high
MEASUREMENT_CATEGORICAL//6671//25,OMOP//OMOP_CONCEPT//4103295,,True,,OMOP_CONCEPT,4103295,,Ventricular tachycardia,AMSTEL,itemid_valueid,high
MEASUREMENT_CATEGORICAL//12624//4,LOINC//21491186,,True,,LOINC,21491186,,21491186,AMSTEL,source_code,high
MEASUREMENT_CATEGORICAL//18588//14,,,False,,,,,,,,unmapped
MEASUREMENT_CATEGORICAL//19797//3,,,False,,,,,,,,unmapped
MEASUREMENT_CATEGORICAL//13113//3,,,False,,,,,,,,unmapped
MEASUREMENT_CATEGORICAL//16993//10,OMOP//OMOP_CONCEPT//8870,,True,,OMOP_CONCEPT,8870,,Emergency Room - Hospital,AMSTEL,itemid_valueid,high
MEASUREMENT_CATEGORICAL//8663//6,LOINC//3024265,,True,,LOINC,3024265,,3024265,AMSTEL,source_code,high
MEASUREMENT_CATEGORICAL//12821//3,OMOP//OMOP_CONCEPT//37156240,,True,,OMOP_CONCEPT,37156240,,Pressure injury stage II,AMSTEL,itemid_valueid,high
MEASUREMENT_CATEGORICAL//18669//3,OMOP//OMOP_CONCEPT//4249161,,True,,OMOP_CONCEPT,4249161,,Operation on heart valve,AMSTEL,itemid_valueid,high
MEASUREMENT_CATEGORICAL//12820//1,OMOP//OMOP_CONCEPT//608209,,True,,OMOP_CONCEPT,608209,,No pressure injury,AMSTEL,itemid_valueid,high
MEASUREMENT_CATEGORICAL//8731//8,OMOP//OMOP_CONCEPT//4169248,,True,,OMOP_CONCEPT,4169248,,Structure of left lower leg,AMSTEL,itemid_valueid,high
MEASUREMENT_CATEGORICAL//8200//2,LOINC//1989388,,True,,LOINC,1989388,,1989388,AMSTEL,source_code,high
MEASUREMENT_CATEGORICAL//12819//1,OMOP//OMOP_CONCEPT//608209,,True,,OMOP_CONCEPT,608209,,No pressure injury,AMSTEL,itemid_valueid,high
MEASUREMENT_CATEGORICAL//8899//6,OMOP//OMOP_CONCEPT//4038519,,True,,OMOP_CONCEPT,4038519,,Dry cough,AMSTEL,itemid_valueid,high
MEASUREMENT_CATEGORICAL//12822//3,OMOP//OMOP_CONCEPT//37156240,,True,,OMOP_CONCEPT,37156240,,Pressure injury stage II,AMSTEL,itemid_valueid,high
MEASUREMENT_CATEGORICAL//8691//7,SNOMED//4122997,,True,,SNOMED,4122997,,4122997,AMSTEL,source_code,high
MEASUREMENT_CATEGORICAL//12614//2,OMOP//OMOP_CONCEPT//4050374,,True,,OMOP_CONCEPT,4050374,,Transnasal approach,AMSTEL,itemid_valueid,high
MEASUREMENT_CATEGORICAL//16997//8,,,False,,,,,,,,unmapped
MEASUREMENT_CATEGORICAL//8730//5,OMOP//OMOP_CONCEPT//44783500,,True,,OMOP_CONCEPT,44783500,,Structure of retroperitoneal space,AMSTEL,itemid_valueid,high
MEASUREMENT_CATEGORICAL//18588//6,,,False,,,,,,,,unmapped
MEASUREMENT_CATEGORICAL//18597//6,OMOP//OMOP_CONCEPT//4012185,,True,,OMOP_CONCEPT,4012185,,Cardiovascular surgical procedure,AMSTEL,itemid_valueid,high
MEASUREMENT_CATEGORICAL//8663//7,LOINC//3024265,,True,,LOINC,3024265,,3024265,AMSTEL,source_code,high
MEASUREMENT_CATEGORICAL//8825//7,OMOP//OMOP_CONCEPT//4088505,,True,,OMOP_CONCEPT,4088505,,Ventricular trigeminy,AMSTEL,itemid_valueid,high
MEASUREMENT_CATEGORICAL//13134//4,OMOP//OMOP_CONCEPT//4256228,,True,,OMOP_CONCEPT,4256228,,Respiratory failure,AMSTEL,itemid_valueid,high
MEASUREMENT_CATEGORICAL//10702//1,LOINC//42527659,,True,,LOINC,42527659,,42527659,AMSTEL,source_code,high
MEASUREMENT_CATEGORICAL//13116//10,OMOP//OMOP_CONCEPT//317576,,True,,OMOP_CONCEPT,317576,,Coronary arteriosclerosis,AMSTEL,itemid_valueid,high
MEASUREMENT_CATEGORICAL//13943//7,OMOP//OMOP_CONCEPT//4159775,,True,,OMOP_CONCEPT,4159775,,Pink color,AMSTEL,itemid_valueid,high
MEASUREMENT_CATEGORICAL//10697//2,LOINC//3025315,,True,,LOINC,3025315,,3025315,AMSTEL,source_code,high
MEASUREMENT_CATEGORICAL//8670//1,LOINC//3004779,,True,,LOINC,3004779,,3004779,AMSTEL,source_code,high
MEASUREMENT_CATEGORICAL//8898//4,,,False,,,,,,,,unmapped
MEASUREMENT_CATEGORICAL//18647//2,,,False,,,,,,,,unmapped
MEASUREMENT_CATEGORICAL//9233//10,SNOMED//4287468,,True,,SNOMED,4287468,,4287468,AMSTEL,source_code,high
MEASUREMENT_CATEGORICAL//6671//22,OMOP//OMOP_CONCEPT//4275423,,True,,OMOP_CONCEPT,4275423,,Supraventricular tachycardia,AMSTEL,itemid_valueid,high
MEASUREMENT_CATEGORICAL//16997//17,,,False,,,,,,,,unmapped
MEASUREMENT_CATEGORICAL//8898//9,,,False,,,,,,,,unmapped
MEASUREMENT_CATEGORICAL//8897//3,SNOMED//4337734,,True,,SNOMED,4337734,,4337734,AMSTEL,source_code,high
MEASUREMENT_CATEGORICAL//8732//4,OMOP//OMOP_CONCEPT//4027911,,True,,OMOP_CONCEPT,4027911,,Structure of peritoneal fold,AMSTEL,itemid_valueid,high
MEASUREMENT_CATEGORICAL//13114//2,,,False,,,,,,,,unmapped
MEASUREMENT_CATEGORICAL//8654//2,OMOP//OMOP_CONCEPT//4103200,,False,,OMOP_CONCEPT,4103200,,Peripheral pulse present,AMSTEL,itemid_valueid,low
MEASUREMENT_CATEGORICAL//12624//5,LOINC//21491186,,True,,LOINC,21491186,,21491186,AMSTEL,source_code,high
MEASUREMENT_CATEGORICAL//16675//5,OMOP//OMOP_CONCEPT//9189,,True,,OMOP_CONCEPT,9189,,Negative,AMSTEL,itemid_valueid,high
MEASUREMENT_CATEGORICAL//15142//1,LOINC//3041564,,True,,LOINC,3041564,,3041564,AMSTEL,source_code,high
MEASUREMENT_CATEGORICAL//13944//3,OMOP//OMOP_CONCEPT//763006,,True,,OMOP_CONCEPT,763006,,Open,AMSTEL,itemid_valueid,high
MEASUREMENT_CATEGORICAL//8730//7,OMOP//OMOP_CONCEPT//4008238,,True,,OMOP_CONCEPT,4008238,,Structure of right thigh,AMSTEL,itemid_valueid,high
MEASUREMENT_CATEGORICAL//19239//2,OMOP//OMOP_CONCEPT//45884084,,True,,OMOP_CONCEPT,45884084,,Positive,AMSTEL,itemid_valueid,high
MEASUREMENT_CATEGORICAL//13410//3,LOINC//40758173,,True,,LOINC,40758173,,40758173,AMSTEL,source_code,high
MEASUREMENT_CATEGORICAL//20348//11,,,False,,,,,,,,unmapped
MEASUREMENT_CATEGORICAL//12827//2,OMOP//OMOP_CONCEPT//37156238,,True,,OMOP_CONCEPT,37156238,,Pressure injury stage I,AMSTEL,itemid_valueid,high
MEASUREMENT_CATEGORICAL//13066//1,LOINC//3013144,,True,,LOINC,3013144,,3013144,AMSTEL,source_code,high
MEASUREMENT_CATEGORICAL//8730//1,OMOP//OMOP_CONCEPT//4207210,,True,,OMOP_CONCEPT,4207210,,Structure of rectouterine pouch,AMSTEL,itemid_valueid,high
MEASUREMENT_CATEGORICAL//20351//1,OMOP//OMOP_CONCEPT//373995,,False,,OMOP_CONCEPT,373995,,Delirium,AMSTEL,itemid_valueid,low
MEASUREMENT_CATEGORICAL//15164//8,,,False,,,,,,,,unmapped
MEASUREMENT_CATEGORICAL//8896//1,OMOP//OMOP_CONCEPT//4174288,,True,,OMOP_CONCEPT,4174288,,Thin sputum,AMSTEL,itemid_valueid,high
MEASUREMENT_CATEGORICAL//13410//2,LOINC//40758173,,True,,LOINC,40758173,,40758173,AMSTEL,source_code,high
MEASUREMENT_CATEGORICAL//6685//10,LOINC//3004921,,True,,LOINC,3004921,,3004921,AMSTEL,source_code,high
MEASUREMENT_CATEGORICAL//12751//2,SNOMED//4097216,,True,,SNOMED,4097216,,4097216,AMSTEL,source_code,high
MEASUREMENT_CATEGORICAL//8730//16,OMOP//OMOP_CONCEPT//4014996,,True,,OMOP_CONCEPT,4014996,,Structure of right half of neck,AMSTEL,itemid_valueid,high
MEASUREMENT_CATEGORICAL//15163//8,,,False,,,,,,,,unmapped
MEASUREMENT_CATEGORICAL//19635//5,LOINC//3016335,,True,,LOINC,3016335,,3016335,AMSTEL,source_code,high
MEASUREMENT_CATEGORICAL//12809//4,OMOP//OMOP_CONCEPT//37156241,,True,,OMOP_CONCEPT,37156241,,Pressure injury stage III,AMSTEL,itemid_valueid,high
MEASUREMENT_CATEGORICAL//16993//11,OMOP//OMOP_CONCEPT//8717,,True,,OMOP_CONCEPT,8717,,Inpatient Hospital,AMSTEL,itemid_valueid,high
MEASUREMENT_CATEGORICAL//12810//2,LOINC//21491507,,True,,LOINC,21491507,,21491507,AMSTEL,source_code,high
MEASUREMENT_CATEGORICAL//15163//9,,,False,,,,,,,,unmapped
MEASUREMENT_CATEGORICAL//12833//1,OMOP//OMOP_CONCEPT//608209,,True,,OMOP_CONCEPT,608209,,No pressure injury,AMSTEL,itemid_valueid,high
MEASUREMENT_CATEGORICAL//14577//2,SNOMED//4202832,,True,,SNOMED,4202832,,4202832,AMSTEL,source_code,high
MEASUREMENT_CATEGORICAL//16628//8,LOINC//3026019,,True,,LOINC,3026019,,3026019,AMSTEL,source_code,high
MEASUREMENT_CATEGORICAL//12128//2,OMOP//OMOP_CONCEPT//38004459,,False,,OMOP_CONCEPT,38004459,,Neurosurgery,AMSTEL,itemid_valueid,high
MEASUREMENT_CATEGORICAL//16634//12,LOINC//3026549,,True,,LOINC,3026549,,3026549,AMSTEL,source_code,high
MEASUREMENT_CATEGORICAL//12810//6,LOINC//21491507,,True,,LOINC,21491507,,21491507,AMSTEL,source_code,high
MEASUREMENT_CATEGORICAL//18588//13,,,False,,,,,,,,unmapped
MEASUREMENT_CATEGORICAL//12623//7,LOINC//3046004,,True,,LOINC,3046004,,3046004,AMSTEL,source_code,high
MEASUREMENT_CATEGORICAL//10702//3,LOINC//42527659,,True,,LOINC,42527659,,42527659,AMSTEL,source_code,high
MEASUREMENT_CATEGORICAL//16640//10,LOINC//3013144,,True,,LOINC,3013144,,3013144,AMSTEL,source_code,high
MEASUREMENT_CATEGORICAL//18669//35,OMOP//OMOP_CONCEPT//132797,,True,,OMOP_CONCEPT,132797,,Sepsis,AMSTEL,itemid_valueid,high
MEASUREMENT_CATEGORICAL//8730//17,OMOP//OMOP_CONCEPT//4300776,,True,,OMOP_CONCEPT,4300776,,Structure of back of trunk,AMSTEL,itemid_valueid,high
MEASUREMENT_CATEGORICAL//13077//1,LOINC//3026019,,True,,LOINC,3026019,,3026019,AMSTEL,source_code,high
MEASUREMENT_CATEGORICAL//8899//5,OMOP//OMOP_CONCEPT//4038519,,True,,OMOP_CONCEPT,4038519,,Dry cough,AMSTEL,itemid_valueid,high
MEASUREMENT_CATEGORICAL//12132//1,SNOMED//4152283,,True,,SNOMED,4152283,,4152283,AMSTEL,source_code,high
MEASUREMENT_CATEGORICAL//13115//4,,,False,,,,,,,,unmapped
MEASUREMENT_CATEGORICAL//14771//18,SNOMED//4093203,,True,,SNOMED,4093203,,4093203,AMSTEL,source_code,high
MEASUREMENT_CATEGORICAL//12613//2,LOINC//3015853,,True,,LOINC,3015853,,3015853,AMSTEL,source_code,high
MEASUREMENT_CATEGORICAL//18603//15,,,False,,,,,,,,unmapped
MEASUREMENT_CATEGORICAL//14772//24,SNOMED//4093203,,True,,SNOMED,4093203,,4093203,AMSTEL,source_code,high
MEASUREMENT_CATEGORICAL//13121//4,OMOP//OMOP_CONCEPT//4112603,,True,,OMOP_CONCEPT,4112603,,"Tumor of esophagus, stomach and duodenum",AMSTEL,itemid_valueid,high
MEASUREMENT_CATEGORICAL//6671//12,OMOP//OMOP_CONCEPT//4171269,,True,,OMOP_CONCEPT,4171269,,Atrial tachycardia,AMSTEL,itemid_valueid,high
MEASUREMENT_CATEGORICAL//8730//6,OMOP//OMOP_CONCEPT//4264018,,True,,OMOP_CONCEPT,4264018,,Structure of left thigh,AMSTEL,itemid_valueid,high
MEASUREMENT_CATEGORICAL//12824//1,OMOP//OMOP_CONCEPT//608209,,True,,OMOP_CONCEPT,608209,,No pressure injury,AMSTEL,itemid_valueid,high
MEASUREMENT_CATEGORICAL//8896//5,OMOP//OMOP_CONCEPT//4174287,,False,,OMOP_CONCEPT,4174287,,Stringy sputum,AMSTEL,itemid_valueid,low
MEASUREMENT_CATEGORICAL//9233//11,OMOP//OMOP_CONCEPT//4132147,,True,,OMOP_CONCEPT,4132147,,Inverse Trendelenburg position,AMSTEL,itemid_valueid,high
MEASUREMENT_CATEGORICAL//12130//1,OMOP//OMOP_CONCEPT//21499119,,True,,OMOP_CONCEPT,21499119,,Transfer from a different hospital,AMSTEL,itemid_valueid,high
MEASUREMENT_CATEGORICAL//12834//1,OMOP//OMOP_CONCEPT//608209,,True,,OMOP_CONCEPT,608209,,No pressure injury,AMSTEL,itemid_valueid,high
MEASUREMENT_CATEGORICAL//12827//3,OMOP//OMOP_CONCEPT//37156240,,True,,OMOP_CONCEPT,37156240,,Pressure injury stage II,AMSTEL,itemid_valueid,high
MEASUREMENT_CATEGORICAL//19831//1,,,False,,,,,,,,unmapped
MEASUREMENT_CATEGORICAL//12128//6,OMOP//OMOP_CONCEPT//38004451,,False,,OMOP_CONCEPT,38004451,,Cardiology,AMSTEL,itemid_valueid,high
MEASUREMENT_CATEGORICAL//8693//3,SNOMED//4122997,,True,,SNOMED,4122997,,4122997,AMSTEL,source_code,high
MEASUREMENT_CATEGORICAL//8654//1,OMOP//OMOP_CONCEPT//4116641,,False,,OMOP_CONCEPT,4116641,,Peripheral pulse palpable,AMSTEL,itemid_valueid,low
MEASUREMENT_CATEGORICAL//14769//6,SNOMED//4093203,,True,,SNOMED,4093203,,4093203,AMSTEL,source_code,high
MEASUREMENT_CATEGORICAL//19798//5,,,False,,,,,,,,unmapped
MEASUREMENT_CATEGORICAL//18671//163,OMOP//OMOP_CONCEPT//257315,,True,,OMOP_CONCEPT,257315,,Bacterial pneumonia,AMSTEL,itemid_valueid,high
MEASUREMENT_CATEGORICAL//10470//3,SNOMED//763892,,True,,SNOMED,763892,,763892,AMSTEL,source_code,high
MEASUREMENT_CATEGORICAL//13130//5,OMOP//OMOP_CONCEPT//4041193,,True,,OMOP_CONCEPT,4041193,,Operation on nervous system,AMSTEL,itemid_valueid,high
MEASUREMENT_CATEGORICAL//8730//2,OMOP//OMOP_CONCEPT//4164795,,True,,OMOP_CONCEPT,4164795,,Structure of subhepatic region,AMSTEL,itemid_valueid,high
MEASUREMENT_CATEGORICAL//15159//10,,,False,,,,,,,,unmapped
MEASUREMENT_CATEGORICAL//12611//3,LOINC//3016384,,True,,LOINC,3016384,,3016384,AMSTEL,source_code,high
MEASUREMENT_CATEGORICAL//15154//6,,,False,,,,,,,,unmapped
MEASUREMENT_CATEGORICAL//12828//1,OMOP//OMOP_CONCEPT//608209,,True,,OMOP_CONCEPT,608209,,No pressure injury,AMSTEL,itemid_valueid,high
MEASUREMENT_CATEGORICAL//8189//11,OMOP//OMOP_CONCEPT//4044008,,True,,OMOP_CONCEPT,4044008,,Tracheostomy tube,AMSTEL,itemid_valueid,high
MEASUREMENT_CATEGORICAL//18669//44,OMOP//OMOP_CONCEPT//376337,,True,,OMOP_CONCEPT,376337,,Disorder of nervous system,AMSTEL,itemid_valueid,high
MEASUREMENT_CATEGORICAL//19636//7,LOINC//3008223,,True,,LOINC,3008223,,3008223,AMSTEL,source_code,high
MEASUREMENT_CATEGORICAL//18597//3,OMOP//OMOP_CONCEPT//4249161,,True,,OMOP_CONCEPT,4249161,,Operation on heart valve,AMSTEL,itemid_valueid,high
MEASUREMENT_CATEGORICAL//8616//1,,,False,,,,,,,,unmapped
MEASUREMENT_CATEGORICAL//14444//3,OMOP//OMOP_CONCEPT//46237198,,True,,OMOP_CONCEPT,46237198,,Agitation,AMSTEL,itemid_valueid,high
MEASUREMENT_CATEGORICAL//12128//14,OMOP//OMOP_CONCEPT//38004456,,False,,OMOP_CONCEPT,38004456,,Internal Medicine,AMSTEL,itemid_valueid,high
MEASUREMENT_CATEGORICAL//16997//12,,,False,,,,,,,,unmapped
MEASUREMENT_CATEGORICAL//18588//2,,,False,,,,,,,,unmapped
MEASUREMENT_CATEGORICAL//18669//45,OMOP//OMOP_CONCEPT//375415,,True,,OMOP_CONCEPT,375415,,Injury of head,AMSTEL,itemid_valueid,high
MEASUREMENT_CATEGORICAL//19288//1,OMOP//OMOP_CONCEPT//45884084,,True,,OMOP_CONCEPT,45884084,,Positive,AMSTEL,itemid_valueid,high
MEASUREMENT_CATEGORICAL//19816//1,,,False,,,,,,,,unmapped
MEASUREMENT_CATEGORICAL//13115//3,,,False,,,,,,,,unmapped
MEASUREMENT_CATEGORICAL//12829//1,OMOP//OMOP_CONCEPT//608209,,True,,OMOP_CONCEPT,608209,,No pressure injury,AMSTEL,itemid_valueid,high
MEASUREMENT_CATEGORICAL//19712//1,,,False,,,,,,,,unmapped
MEASUREMENT_CATEGORICAL//16997//7,,,False,,,,,,,,unmapped
MEASUREMENT_CATEGORICAL//13124//1,OMOP//OMOP_CONCEPT//4096313,,True,,OMOP_CONCEPT,4096313,,Multiple injuries,AMSTEL,itemid_valueid,high
MEASUREMENT_CATEGORICAL//15156//6,,,False,,,,,,,,unmapped
MEASUREMENT_CATEGORICAL//19639//16,LOINC//3008223,,True,,LOINC,3008223,,3008223,AMSTEL,source_code,high
MEASUREMENT_CATEGORICAL//19637//10,LOINC//3009094,,True,,LOINC,3009094,,3009094,AMSTEL,source_code,high
MEASUREMENT_CATEGORICAL//8693//4,SNOMED//4122997,,True,,SNOMED,4122997,,4122997,AMSTEL,source_code,high
MEASUREMENT_CATEGORICAL//15142//2,LOINC//3041564,,True,,LOINC,3041564,,3041564,AMSTEL,source_code,high
MEASUREMENT_CATEGORICAL//13113//1,,,False,,,,,,,,unmapped
MEASUREMENT_CATEGORICAL//12823//1,OMOP//OMOP_CONCEPT//608209,,True,,OMOP_CONCEPT,608209,,No pressure injury,AMSTEL,itemid_valueid,high
MEASUREMENT_CATEGORICAL//13072//1,LOINC//3026549,,True,,LOINC,3026549,,3026549,AMSTEL,source_code,high
MEASUREMENT_CATEGORICAL//18669//10,OMOP//OMOP_CONCEPT//4130373,,True,,OMOP_CONCEPT,4130373,,Neoplasm of gastrointestinal tract,AMSTEL,itemid_valueid,high
MEASUREMENT_CATEGORICAL//6671//3,OMOP//OMOP_CONCEPT//318448,,True,,OMOP_CONCEPT,318448,,Second degree atrioventricular block,AMSTEL,itemid_valueid,high
MEASUREMENT_CATEGORICAL//19607//3,,,False,,,,,,,,unmapped
MEASUREMENT_CATEGORICAL//14770//12,SNOMED//4093203,,True,,SNOMED,4093203,,4093203,AMSTEL,source_code,high
MEASUREMENT_CATEGORICAL//15149//2,SNOMED//4131228,,True,,SNOMED,4131228,,4131228,AMSTEL,source_code,high
MEASUREMENT_CATEGORICAL//8832//7,LOINC//3026611,,True,,LOINC,3026611,,3026611,AMSTEL,source_code,high
MEASUREMENT_CATEGORICAL//18669//38,OMOP//OMOP_CONCEPT//4000610,,True,,OMOP_CONCEPT,4000610,,Disorder of gastrointestinal tract,AMSTEL,itemid_valueid,high
MEASUREMENT_CATEGORICAL//12615//2,LOINC//3016384,,True,,LOINC,3016384,,3016384,AMSTEL,source_code,high
MEASUREMENT_CATEGORICAL//13113//2,,,False,,,,,,,,unmapped
MEASUREMENT_CATEGORICAL//18669//12,OMOP//OMOP_CONCEPT//4129389,,True,,OMOP_CONCEPT,4129389,,Gastrointestinal obstruction,AMSTEL,itemid_valueid,high
MEASUREMENT_CATEGORICAL//12128//13,OMOP//OMOP_CONCEPT//38004500,,False,,OMOP_CONCEPT,38004500,,Critical care (intensivist),AMSTEL,itemid_valueid,high
MEASUREMENT_CATEGORICAL//12128//5,OMOP//OMOP_CONCEPT//38004016,,False,,OMOP_CONCEPT,38004016,,Trauma Surgery,AMSTEL,itemid_valueid,high
MEASUREMENT_CATEGORICAL//13124//2,OMOP//OMOP_CONCEPT//4096313,,True,,OMOP_CONCEPT,4096313,,Multiple injuries,AMSTEL,itemid_valueid,high
MEASUREMENT_CATEGORICAL//13111//5,,,False,,,,,,,,unmapped
MEASUREMENT_CATEGORICAL//8731//5,OMOP//OMOP_CONCEPT//44783500,,True,,OMOP_CONCEPT,44783500,,Structure of retroperitoneal space,AMSTEL,itemid_valueid,high
MEASUREMENT_CATEGORICAL//15160//13,,,False,,,,,,,,unmapped
MEASUREMENT_CATEGORICAL//10589//1,OMOP//OMOP_CONCEPT//45878583,,True,,OMOP_CONCEPT,45878583,,Negative,AMSTEL,itemid_valueid,high
MEASUREMENT_CATEGORICAL//16651//9,,,False,,,,,,,,unmapped
MEASUREMENT_CATEGORICAL//6671//4,OMOP//OMOP_CONCEPT//320744,,True,,OMOP_CONCEPT,320744,,Complete atrioventricular block,AMSTEL,itemid_valueid,high
MEASUREMENT_CATEGORICAL//8693//2,OMOP//OMOP_CONCEPT//4035566,,True,,OMOP_CONCEPT,4035566,,Text value,AMSTEL,itemid_valueid,high
MEASUREMENT_CATEGORICAL//18668//1,LOINC//40761433,,True,,LOINC,40761433,,40761433,AMSTEL,source_code,high
MEASUREMENT_CATEGORICAL//18669//20,OMOP//OMOP_CONCEPT//375415,,True,,OMOP_CONCEPT,375415,,Injury of head,AMSTEL,itemid_valueid,high
MEASUREMENT_CATEGORICAL//8200//4,LOINC//1989388,,True,,LOINC,1989388,,1989388,AMSTEL,source_code,high
MEASUREMENT_CATEGORICAL//16993//7,OMOP//OMOP_CONCEPT//581379,,True,,OMOP_CONCEPT,581379,,Inpatient Critical Care Facility,AMSTEL,itemid_valueid,high
MEASUREMENT_CATEGORICAL//18669//21,OMOP//OMOP_CONCEPT//4019540,,True,,OMOP_CONCEPT,4019540,,Evacuation of intracerebral hematoma,AMSTEL,itemid_valueid,high
MEASUREMENT_CATEGORICAL//12826//2,OMOP//OMOP_CONCEPT//37156238,,True,,OMOP_CONCEPT,37156238,,Pressure injury stage I,AMSTEL,itemid_valueid,high
MEASUREMENT_CATEGORICAL//18646//2,,,False,,,,,,,,unmapped
MEASUREMENT_CATEGORICAL//13115//7,,,False,,,,,,,,unmapped
MEASUREMENT_CATEGORICAL//19638//10,LOINC//3016335,,True,,LOINC,3016335,,3016335,AMSTEL,source_code,high
MEASUREMENT_CATEGORICAL//12816//2,OMOP//OMOP_CONCEPT//37156238,,True,,OMOP_CONCEPT,37156238,,Pressure injury stage I,AMSTEL,itemid_valueid,high
MEASUREMENT_CATEGORICAL//12830//6,OMOP//OMOP_CONCEPT//37156242,,True,,OMOP_CONCEPT,37156242,,Pressure injury stage IV,AMSTEL,itemid_valueid,high
MEASUREMENT_CATEGORICAL//13112//8,,,False,,,,,,,,unmapped
MEASUREMENT_CATEGORICAL//13111//3,,,False,,,,,,,,unmapped
MEASUREMENT_CATEGORICAL//16448//9,SNOMED//4052413,,True,,SNOMED,4052413,,4052413,AMSTEL,source_code,high
MEASUREMENT_CATEGORICAL//15155//7,,,False,,,,,,,,unmapped
MEASUREMENT_CATEGORICAL//16056//9,OMOP//OMOP_CONCEPT//4105064,,True,,OMOP_CONCEPT,4105064,,Serous,AMSTEL,itemid_valueid,high
MEASUREMENT_CATEGORICAL//13121//5,OMOP//OMOP_CONCEPT//193242,,True,,OMOP_CONCEPT,193242,,Perforation of intestine,AMSTEL,itemid_valueid,high
MEASUREMENT_CATEGORICAL//8652//3,OMOP//OMOP_CONCEPT//604316,,True,,OMOP_CONCEPT,604316,,Absence of pulse in right foot,AMSTEL,itemid_valueid,high
MEASUREMENT_CATEGORICAL//18669//4,OMOP//OMOP_CONCEPT//321052,,True,,OMOP_CONCEPT,321052,,Peripheral vascular disease,AMSTEL,itemid_valueid,high
MEASUREMENT_CATEGORICAL//13115//5,,,False,,,,,,,,unmapped
MEASUREMENT_CATEGORICAL//12109//2,LOINC//36203284,,True,,LOINC,36203284,,36203284,AMSTEL,source_code,high
MEASUREMENT_CATEGORICAL//19243//9,OMOP//OMOP_CONCEPT//45878583,,True,,OMOP_CONCEPT,45878583,,Negative,AMSTEL,itemid_valueid,high
MEASUREMENT_CATEGORICAL//16998//6,OMOP//OMOP_CONCEPT//44783658,,True,,OMOP_CONCEPT,44783658,,Cardiorespiratory arrest with successful resuscitation,AMSTEL,itemid_valueid,high
MEASUREMENT_CATEGORICAL//7672//1,LOINC//1988427,,True,,LOINC,1988427,,1988427,AMSTEL,source_code,high
MEASUREMENT_CATEGORICAL//8651//3,OMOP//OMOP_CONCEPT//4226246,,True,,OMOP_CONCEPT,4226246,,Foot pulse absent,AMSTEL,itemid_valueid,high
MEASUREMENT_CATEGORICAL//8731//9,OMOP//OMOP_CONCEPT//4138674,,True,,OMOP_CONCEPT,4138674,,Structure of right lower leg,AMSTEL,itemid_valueid,high
MEASUREMENT_CATEGORICAL//6671//26,OMOP//OMOP_CONCEPT//4321877,,True,,OMOP_CONCEPT,4321877,,Wide QRS complex,AMSTEL,itemid_valueid,high
MEASUREMENT_CATEGORICAL//12825//2,OMOP//OMOP_CONCEPT//37156238,,True,,OMOP_CONCEPT,37156238,,Pressure injury stage I,AMSTEL,itemid_valueid,high
MEASUREMENT_CATEGORICAL//15708//1,SNOMED//4199531,,True,,SNOMED,4199531,,4199531,AMSTEL,source_code,high
MEASUREMENT_CATEGORICAL//14646//1,,,False,,,,,,,,unmapped
MEASUREMENT_CATEGORICAL//19731//1,,,False,,,,,,,,unmapped
MEASUREMENT_CATEGORICAL//18671//231,OMOP//OMOP_CONCEPT//314054,,True,,OMOP_CONCEPT,314054,,Aortic valve disorder,AMSTEL,itemid_valueid,high
MEASUREMENT_CATEGORICAL//19718//1,,,False,,,,,,,,unmapped
MEASUREMENT_CATEGORICAL//12128//10,OMOP//OMOP_CONCEPT//38004447,,False,,OMOP_CONCEPT,38004447,,General Surgery,AMSTEL,itemid_valueid,high
MEASUREMENT_CATEGORICAL//19640//18,LOINC//3009094,,True,,LOINC,3009094,,3009094,AMSTEL,source_code,high
MEASUREMENT_CATEGORICAL//19232//1,,,False,,,,,,,,unmapped
MEASUREMENT_CATEGORICAL//18589//11,OMOP//OMOP_CONCEPT//44783658,,True,,OMOP_CONCEPT,44783658,,Cardiorespiratory arrest with successful resuscitation,AMSTEL,itemid_valueid,high
MEASUREMENT_CATEGORICAL//16993//15,OMOP//OMOP_CONCEPT//581476,,True,,OMOP_CONCEPT,581476,,Home Visit,AMSTEL,itemid_valueid,high
MEASUREMENT_CATEGORICAL//8833//7,LOINC//3010321,,True,,LOINC,3010321,,3010321,AMSTEL,source_code,high
MEASUREMENT_CATEGORICAL//7672//2,LOINC//1988427,,True,,LOINC,1988427,,1988427,AMSTEL,source_code,high
MEASUREMENT_CATEGORICAL//19596//1,SNOMED//4178501,,True,,SNOMED,4178501,,4178501,AMSTEL,source_code,high
MEASUREMENT_CATEGORICAL//18619//2,,,False,,,,,,,,unmapped
MEASUREMENT_CATEGORICAL//19717//1,,,False,,,,,,,,unmapped
MEASUREMENT_CATEGORICAL//19719//4,,,False,,,,,,,,unmapped
MEASUREMENT_CATEGORICAL//13120//1,OMOP//OMOP_CONCEPT//4027369,,True,,OMOP_CONCEPT,4027369,,Vascular disease of abdomen,AMSTEL,itemid_valueid,high
MEASUREMENT_CATEGORICAL//19291//10,OMOP//OMOP_CONCEPT//45884084,,True,,OMOP_CONCEPT,45884084,,Positive,AMSTEL,itemid_valueid,high
MEASUREMENT_CATEGORICAL//17018//31,,,False,,,,,,,,unmapped
MEASUREMENT_CATEGORICAL//12826//3,OMOP//OMOP_CONCEPT//37156240,,True,,OMOP_CONCEPT,37156240,,Pressure injury stage II,AMSTEL,itemid_valueid,high
MEASUREMENT_CATEGORICAL//19608//3,,,False,,,,,,,,unmapped
MEASUREMENT_CATEGORICAL//18669//18,OMOP//OMOP_CONCEPT//376337,,True,,OMOP_CONCEPT,376337,,Disorder of nervous system,AMSTEL,itemid_valueid,high
MEASUREMENT_CATEGORICAL//18595//1,OMOP//OMOP_CONCEPT//320136,,True,,OMOP_CONCEPT,320136,,Disorder of respiratory system,AMSTEL,itemid_valueid,high
MEASUREMENT_CATEGORICAL//12627//4,LOINC//36305611,,True,,LOINC,36305611,,36305611,AMSTEL,source_code,high
MEASUREMENT_CATEGORICAL//18669//19,OMOP//OMOP_CONCEPT//40490927,,True,,OMOP_CONCEPT,40490927,,Craniotomy and excision of neoplasm of brain,AMSTEL,itemid_valueid,high
MEASUREMENT_CATEGORICAL//12128//23,OMOP//OMOP_CONCEPT//38004496,,False,,OMOP_CONCEPT,38004496,,Vascular Surgery,AMSTEL,itemid_valueid,high
MEASUREMENT_CATEGORICAL//13078//1,SNOMED//37154585,,True,,SNOMED,37154585,,37154585,AMSTEL,source_code,high
MEASUREMENT_CATEGORICAL//8730//15,OMOP//OMOP_CONCEPT//4015940,,True,,OMOP_CONCEPT,4015940,,Structure of left half of neck,AMSTEL,itemid_valueid,high
MEASUREMENT_CATEGORICAL//12815//2,OMOP//OMOP_CONCEPT//37156238,,True,,OMOP_CONCEPT,37156238,,Pressure injury stage I,AMSTEL,itemid_valueid,high
MEASUREMENT_CATEGORICAL//13136//5,OMOP//OMOP_CONCEPT//432250,,True,,OMOP_CONCEPT,432250,,Infectious disease,AMSTEL,itemid_valueid,high
MEASUREMENT_CATEGORICAL//12821//4,OMOP//OMOP_CONCEPT//37156241,,True,,OMOP_CONCEPT,37156241,,Pressure injury stage III,AMSTEL,itemid_valueid,high
MEASUREMENT_CATEGORICAL//16993//16,SNOMED//4144257,,True,,SNOMED,4144257,,4144257,AMSTEL,source_code,high
MEASUREMENT_CATEGORICAL//19241//6,OMOP//OMOP_CONCEPT//45884084,,True,,OMOP_CONCEPT,45884084,,Positive,AMSTEL,itemid_valueid,high
MEASUREMENT_CATEGORICAL//13133//4,OMOP//OMOP_CONCEPT//319835,,True,,OMOP_CONCEPT,319835,,Congestive heart failure,AMSTEL,itemid_valueid,high
MEASUREMENT_CATEGORICAL//12825//3,OMOP//OMOP_CONCEPT//37156240,,True,,OMOP_CONCEPT,37156240,,Pressure injury stage II,AMSTEL,itemid_valueid,high
MEASUREMENT_CATEGORICAL//15153//6,,,False,,,,,,,,unmapped
MEASUREMENT_CATEGORICAL//18669//23,OMOP//OMOP_CONCEPT//320136,,True,,OMOP_CONCEPT,320136,,Disorder of respiratory system,AMSTEL,itemid_valueid,high
MEASUREMENT_CATEGORICAL//8616//3,,,False,,,,,,,,unmapped
MEASUREMENT_CATEGORICAL//8731//1,OMOP//OMOP_CONCEPT//4207210,,True,,OMOP_CONCEPT,4207210,,Structure of rectouterine pouch,AMSTEL,itemid_valueid,high
MEASUREMENT_CATEGORICAL//13116//12,OMOP//OMOP_CONCEPT//317576,,True,,OMOP_CONCEPT,317576,,Coronary arteriosclerosis,AMSTEL,itemid_valueid,high
MEASUREMENT_CATEGORICAL//10467//1,LOINC//3046344,,True,,LOINC,3046344,,3046344,AMSTEL,source_code,high
MEASUREMENT_CATEGORICAL//8731//17,OMOP//OMOP_CONCEPT//4300776,,True,,OMOP_CONCEPT,4300776,,Structure of back of trunk,AMSTEL,itemid_valueid,high
MEASUREMENT_CATEGORICAL//8889//5,SNOMED//4239191,,True,,SNOMED,4239191,,4239191,AMSTEL,source_code,high
MEASUREMENT_CATEGORICAL//19242//7,OMOP//OMOP_CONCEPT//45878583,,True,,OMOP_CONCEPT,45878583,,Negative,AMSTEL,itemid_valueid,high
MEASUREMENT_CATEGORICAL//17008//11,OMOP//OMOP_CONCEPT//314054,,True,,OMOP_CONCEPT,314054,,Aortic valve disorder,AMSTEL,itemid_valueid,high
MEASUREMENT_CATEGORICAL//19799//7,,,False,,,,,,,,unmapped
MEASUREMENT_CATEGORICAL//12818//2,OMOP//OMOP_CONCEPT//37156238,,True,,OMOP_CONCEPT,37156238,,Pressure injury stage I,AMSTEL,itemid_valueid,high
MEASUREMENT_CATEGORICAL//12809//6,OMOP//OMOP_CONCEPT//37156242,,True,,OMOP_CONCEPT,37156242,,Pressure injury stage IV,AMSTEL,itemid_valueid,high
MEASUREMENT_CATEGORICAL//13111//2,,,False,,,,,,,,unmapped
MEASUREMENT_CATEGORICAL//19727//1,,,False,,,,,,,,unmapped
MEASUREMENT_CATEGORICAL//20139//5,,,False,,,,,,,,unmapped
MEASUREMENT_CATEGORICAL//8698//1,OMOP//OMOP_CONCEPT//45884084,,True,,OMOP_CONCEPT,45884084,,Positive,AMSTEL,itemid_valueid,high
MEASUREMENT_CATEGORICAL//19729//1,,,False,,,,,,,,unmapped
MEASUREMENT_CATEGORICAL//16997//10,,,False,,,,,,,,unmapped
MEASUREMENT_CATEGORICAL//15172//10,OMOP//OMOP_CONCEPT//46237739,,True,,OMOP_CONCEPT,46237739,,9 - Severe pain,AMSTEL,itemid_valueid,high
MEASUREMENT_CATEGORICAL//18595//2,OMOP//OMOP_CONCEPT//4170143,,True,,OMOP_CONCEPT,4170143,,Respiratory tract infection,AMSTEL,itemid_valueid,high
MEASUREMENT_CATEGORICAL//8693//6,SNOMED//4122997,,True,,SNOMED,4122997,,4122997,AMSTEL,source_code,high
MEASUREMENT_CATEGORICAL//16955//1,SNOMED//44808681,,True,,SNOMED,44808681,,44808681,AMSTEL,source_code,high
MEASUREMENT_CATEGORICAL//13114//1,,,False,,,,,,,,unmapped
MEASUREMENT_CATEGORICAL//19637//9,LOINC//3009094,,True,,LOINC,3009094,,3009094,AMSTEL,source_code,high
MEASUREMENT_CATEGORICAL//6671//35,OMOP//OMOP_CONCEPT//4218242,,True,,OMOP_CONCEPT,4218242,,Ventricular escape rhythm,AMSTEL,itemid_valueid,high
MEASUREMENT_CATEGORICAL//16959//1,,,False,,,,,,,,unmapped
MEASUREMENT_CATEGORICAL//15149//6,SNOMED//4131228,,True,,SNOMED,4131228,,4131228,AMSTEL,source_code,high
MEASUREMENT_CATEGORICAL//12624//3,LOINC//21491186,,True,,LOINC,21491186,,21491186,AMSTEL,source_code,high
MEASUREMENT_CATEGORICAL//18669//27,OMOP//OMOP_CONCEPT//134057,,True,,OMOP_CONCEPT,134057,,Disorder of cardiovascular system,AMSTEL,itemid_valueid,high
MEASUREMENT_CATEGORICAL//8691//1,SNOMED//4122997,,True,,SNOMED,4122997,,4122997,AMSTEL,source_code,high
MEASUREMENT_CATEGORICAL//8833//10,LOINC//3010321,,True,,LOINC,3010321,,3010321,AMSTEL,source_code,high
MEASUREMENT_CATEGORICAL//19290//7,OMOP//OMOP_CONCEPT//45884084,,True,,OMOP_CONCEPT,45884084,,Positive,AMSTEL,itemid_valueid,high
MEASUREMENT_CATEGORICAL//9233//8,SNOMED//4287468,,True,,SNOMED,4287468,,4287468,AMSTEL,source_code,high
MEASUREMENT_CATEGORICAL//19724//2,,,False,,,,,,,,unmapped
MEASUREMENT_CATEGORICAL//13139//4,OMOP//OMOP_CONCEPT//4147164,,True,,OMOP_CONCEPT,4147164,,Malignant tumor of lymphoid hemopoietic and related tissue,AMSTEL,itemid_valueid,high
MEASUREMENT_CATEGORICAL//8663//9,LOINC//3024265,,True,,LOINC,3024265,,3024265,AMSTEL,source_code,high
MEASUREMENT_CATEGORICAL//8731//7,OMOP//OMOP_CONCEPT//4008238,,True,,OMOP_CONCEPT,4008238,,Structure of right thigh,AMSTEL,itemid_valueid,high
MEASUREMENT_CATEGORICAL//13121//8,OMOP//OMOP_CONCEPT//4130373,,True,,OMOP_CONCEPT,4130373,,Neoplasm of gastrointestinal tract,AMSTEL,itemid_valueid,high
MEASUREMENT_CATEGORICAL//19243//10,OMOP//OMOP_CONCEPT//45884084,,True,,OMOP_CONCEPT,45884084,,Positive,AMSTEL,itemid_valueid,high
MEASUREMENT_CATEGORICAL//12623//2,LOINC//3046004,,True,,LOINC,3046004,,3046004,AMSTEL,source_code,high
MEASUREMENT_CATEGORICAL//12629//2,,,False,,,,,,,,unmapped
MEASUREMENT_CATEGORICAL//13313//3,,,False,,,,,,,,unmapped
MEASUREMENT_CATEGORICAL//18671//375,OMOP//OMOP_CONCEPT//40490927,,True,,OMOP_CONCEPT,40490927,,Craniotomy and excision of neoplasm of brain,AMSTEL,itemid_valueid,high
MEASUREMENT_CATEGORICAL//12128//3,OMOP//OMOP_CONCEPT//38004458,,False,,OMOP_CONCEPT,38004458,,Neurology,AMSTEL,itemid_valueid,high
MEASUREMENT_CATEGORICAL//18603//22,,,False,,,,,,,,unmapped
MEASUREMENT_CATEGORICAL//19239//1,OMOP//OMOP_CONCEPT//45878583,,True,,OMOP_CONCEPT,45878583,,Negative,AMSTEL,itemid_valueid,high
MEASUREMENT_CATEGORICAL//19240//4,OMOP//OMOP_CONCEPT//45884084,,True,,OMOP_CONCEPT,45884084,,Positive,AMSTEL,itemid_valueid,high
MEASUREMENT_CATEGORICAL//21233//1,,,False,,,,,,,,unmapped
MEASUREMENT_CATEGORICAL//10673//3,LOINC//1761496,,True,,LOINC,1761496,,1761496,AMSTEL,source_code,high
MEASUREMENT_CATEGORICAL//19720//1,,,False,,,,,,,,unmapped
MEASUREMENT_CATEGORICAL//19289//4,OMOP//OMOP_CONCEPT//45884084,,True,,OMOP_CONCEPT,45884084,,Positive,AMSTEL,itemid_valueid,high
MEASUREMENT_CATEGORICAL//18842//6,,,False,,,,,,,,unmapped
MEASUREMENT_CATEGORICAL//19732//2,,,False,,,,,,,,unmapped
MEASUREMENT_CATEGORICAL//12817//2,OMOP//OMOP_CONCEPT//37156238,,True,,OMOP_CONCEPT,37156238,,Pressure injury stage I,AMSTEL,itemid_valueid,high
MEASUREMENT_CATEGORICAL//16651//8,,,False,,,,,,,,unmapped
MEASUREMENT_CATEGORICAL//13064//1,OMOP//OMOP_CONCEPT//4320144,,False,,OMOP_CONCEPT,4320144,,Structure of left foot,AMSTEL,itemid_valueid,low
MEASUREMENT_CATEGORICAL//8832//10,LOINC//3026611,,True,,LOINC,3026611,,3026611,AMSTEL,source_code,high
MEASUREMENT_CATEGORICAL//16948//1,,,False,,,,,,,,unmapped
MEASUREMENT_CATEGORICAL//19240//3,OMOP//OMOP_CONCEPT//45878583,,True,,OMOP_CONCEPT,45878583,,Negative,AMSTEL,itemid_valueid,high
MEASUREMENT_CATEGORICAL//8732//1,OMOP//OMOP_CONCEPT//4207210,,True,,OMOP_CONCEPT,4207210,,Structure of rectouterine pouch,AMSTEL,itemid_valueid,high
MEASUREMENT_CATEGORICAL//13112//7,,,False,,,,,,,,unmapped
MEASUREMENT_CATEGORICAL//18669//9,OMOP//OMOP_CONCEPT//4000610,,True,,OMOP_CONCEPT,4000610,,Disorder of gastrointestinal tract,AMSTEL,itemid_valueid,high
MEASUREMENT_CATEGORICAL//8731//6,OMOP//OMOP_CONCEPT//4264018,,True,,OMOP_CONCEPT,4264018,,Structure of left thigh,AMSTEL,itemid_valueid,high
MEASUREMENT_CATEGORICAL//18596//2,OMOP//OMOP_CONCEPT//4130373,,True,,OMOP_CONCEPT,4130373,,Neoplasm of gastrointestinal tract,AMSTEL,itemid_valueid,high
MEASUREMENT_CATEGORICAL//20139//1,,,False,,,,,,,,unmapped
MEASUREMENT_CATEGORICAL//18612//9,OMOP//OMOP_CONCEPT//134057,,True,,OMOP_CONCEPT,134057,,Disorder of cardiovascular system,AMSTEL,itemid_valueid,high
MEASUREMENT_CATEGORICAL//18600//2,OMOP//OMOP_CONCEPT//40490927,,True,,OMOP_CONCEPT,40490927,,Craniotomy and excision of neoplasm of brain,AMSTEL,itemid_valueid,high
MEASUREMENT_CATEGORICAL//18644//3,,,False,,,,,,,,unmapped
MEASUREMENT_CATEGORICAL//13064//2,OMOP//OMOP_CONCEPT//4298982,,False,,OMOP_CONCEPT,4298982,,Structure of right foot,AMSTEL,itemid_valueid,low
MEASUREMENT_CATEGORICAL//19607//4,,,False,,,,,,,,unmapped
MEASUREMENT_CATEGORICAL//12821//6,OMOP//OMOP_CONCEPT//37156242,,True,,OMOP_CONCEPT,37156242,,Pressure injury stage IV,AMSTEL,itemid_valueid,high
MEASUREMENT_CATEGORICAL//19730//3,,,False,,,,,,,,unmapped
MEASUREMENT_CATEGORICAL//8895//12,OMOP//OMOP_CONCEPT//4174286,,True,,OMOP_CONCEPT,4174286,,Gray sputum,AMSTEL,itemid_valueid,high
MEASUREMENT_CATEGORICAL//18670//58,OMOP//OMOP_CONCEPT//134057,,True,,OMOP_CONCEPT,134057,,Disorder of cardiovascular system,AMSTEL,itemid_valueid,high
MEASUREMENT_CATEGORICAL//13133//3,OMOP//OMOP_CONCEPT//132797,,True,,OMOP_CONCEPT,132797,,Sepsis,AMSTEL,itemid_valueid,high
MEASUREMENT_CATEGORICAL//19635//7,LOINC//3016335,,True,,LOINC,3016335,,3016335,AMSTEL,source_code,high
MEASUREMENT_CATEGORICAL//12820//2,OMOP//OMOP_CONCEPT//37156238,,True,,OMOP_CONCEPT,37156238,,Pressure injury stage I,AMSTEL,itemid_valueid,high
MEASUREMENT_CATEGORICAL//12110//7,LOINC//36203284,,True,,LOINC,36203284,,36203284,AMSTEL,source_code,high
MEASUREMENT_CATEGORICAL//15713//1,,,False,,,,,,,,unmapped
MEASUREMENT_CATEGORICAL//18669//31,OMOP//OMOP_CONCEPT//4023479,,True,,OMOP_CONCEPT,4023479,,Acute congestive heart failure,AMSTEL,itemid_valueid,high
MEASUREMENT_CATEGORICAL//15155//9,,,False,,,,,,,,unmapped
MEASUREMENT_CATEGORICAL//16651//11,,,False,,,,,,,,unmapped
MEASUREMENT_CATEGORICAL//18669//39,OMOP//OMOP_CONCEPT//192671,,True,,OMOP_CONCEPT,192671,,Gastrointestinal hemorrhage,AMSTEL,itemid_valueid,high
MEASUREMENT_CATEGORICAL//18588//7,,,False,,,,,,,,unmapped
MEASUREMENT_CATEGORICAL//16054//2,OMOP//OMOP_CONCEPT//4081767,,True,,OMOP_CONCEPT,4081767,,Chyle,AMSTEL,itemid_valueid,high
MEASUREMENT_CATEGORICAL//18671//237,OMOP//OMOP_CONCEPT//314054,,True,,OMOP_CONCEPT,314054,,Aortic valve disorder,AMSTEL,itemid_valueid,high
MEASUREMENT_CATEGORICAL//8730//3,OMOP//OMOP_CONCEPT//4352789,,True,,OMOP_CONCEPT,4352789,,Suprahepatic area,AMSTEL,itemid_valueid,high
MEASUREMENT_CATEGORICAL//18671//165,OMOP//OMOP_CONCEPT//255848,,True,,OMOP_CONCEPT,255848,,Pneumonia,AMSTEL,itemid_valueid,high
MEASUREMENT_CATEGORICAL//19637//13,LOINC//3009094,,True,,LOINC,3009094,,3009094,AMSTEL,source_code,high
MEASUREMENT_CATEGORICAL//14444//1,OMOP//OMOP_CONCEPT//45877463,,True,,OMOP_CONCEPT,45877463,,Combative,AMSTEL,itemid_valueid,high
MEASUREMENT_CATEGORICAL//13122//3,OMOP//OMOP_CONCEPT//37018761,,True,,OMOP_CONCEPT,37018761,,Chronic kidney disease stage 5 with transplant,AMSTEL,itemid_valueid,high
MEASUREMENT_CATEGORICAL//17018//21,,,False,,,,,,,,unmapped
MEASUREMENT_CATEGORICAL//19242//8,OMOP//OMOP_CONCEPT//45884084,,True,,OMOP_CONCEPT,45884084,,Positive,AMSTEL,itemid_valueid,high
MEASUREMENT_CATEGORICAL//13117//12,OMOP//OMOP_CONCEPT//321588,,True,,OMOP_CONCEPT,321588,,Heart disease,AMSTEL,itemid_valueid,high
MEASUREMENT_CATEGORICAL//18671//169,OMOP//OMOP_CONCEPT//320136,,True,,OMOP_CONCEPT,320136,,Disorder of respiratory system,AMSTEL,itemid_valueid,high
MEASUREMENT_CATEGORICAL//12497//2,OMOP//OMOP_CONCEPT//45878583,,True,,OMOP_CONCEPT,45878583,,Negative,AMSTEL,itemid_valueid,high
MEASUREMENT_CATEGORICAL//18671//373,OMOP//OMOP_CONCEPT//4019540,,True,,OMOP_CONCEPT,4019540,,Evacuation of intracerebral hematoma,AMSTEL,itemid_valueid,high
MEASUREMENT_CATEGORICAL//12832//2,OMOP//OMOP_CONCEPT//37156238,,True,,OMOP_CONCEPT,37156238,,Pressure injury stage I,AMSTEL,itemid_valueid,high
MEASUREMENT_CATEGORICAL//17014//16,OMOP//OMOP_CONCEPT//40490927,,True,,OMOP_CONCEPT,40490927,,Craniotomy and excision of neoplasm of brain,AMSTEL,itemid_valueid,high
MEASUREMENT_CATEGORICAL//13135//5,OMOP//OMOP_CONCEPT//37311947,,True,,OMOP_CONCEPT,37311947,,Hemorrhage of digestive system,AMSTEL,itemid_valueid,high
MEASUREMENT_CATEGORICAL//12109//7,LOINC//36203284,,True,,LOINC,36203284,,36203284,AMSTEL,source_code,high
MEASUREMENT_CATEGORICAL//16956//1,,,False,,,,,,,,unmapped
MEASUREMENT_CATEGORICAL//8733//4,OMOP//OMOP_CONCEPT//4307671,,True,,OMOP_CONCEPT,4307671,,Peritoneal cavity structure,AMSTEL,itemid_valueid,high
MEASUREMENT_CATEGORICAL//13130//3,OMOP//OMOP_CONCEPT//376337,,True,,OMOP_CONCEPT,376337,,Disorder of nervous system,AMSTEL,itemid_valueid,high
MEASUREMENT_CATEGORICAL//19726//1,,,False,,,,,,,,unmapped
MEASUREMENT_CATEGORICAL//12807//4,OMOP//OMOP_CONCEPT//37156241,,True,,OMOP_CONCEPT,37156241,,Pressure injury stage III,AMSTEL,itemid_valueid,high
MEASUREMENT_CATEGORICAL//12830//5,OMOP//OMOP_CONCEPT//37156242,,True,,OMOP_CONCEPT,37156242,,Pressure injury stage IV,AMSTEL,itemid_valueid,high
MEASUREMENT_CATEGORICAL//18669//41,OMOP//OMOP_CONCEPT//198124,,True,,OMOP_CONCEPT,198124,,Kidney disease,AMSTEL,itemid_valueid,high
MEASUREMENT_CATEGORICAL//20004//1,,,False,,,,,,,,unmapped
MEASUREMENT_CATEGORICAL//12623//8,LOINC//3046004,,True,,LOINC,3046004,,3046004,AMSTEL,source_code,high
MEASUREMENT_CATEGORICAL//19722//3,,,False,,,,,,,,unmapped
MEASUREMENT_CATEGORICAL//12807//3,OMOP//OMOP_CONCEPT//37156240,,True,,OMOP_CONCEPT,37156240,,Pressure injury stage II,AMSTEL,itemid_valueid,high
MEASUREMENT_CATEGORICAL//12822//4,OMOP//OMOP_CONCEPT//37156241,,True,,OMOP_CONCEPT,37156241,,Pressure injury stage III,AMSTEL,itemid_valueid,high
MEASUREMENT_CATEGORICAL//19796//2,,,False,,,,,,,,unmapped
MEASUREMENT_CATEGORICAL//9593//6,LOINC//3024265,,True,,LOINC,3024265,,3024265,AMSTEL,source_code,high
MEASUREMENT_CATEGORICAL//12816//3,OMOP//OMOP_CONCEPT//37156240,,True,,OMOP_CONCEPT,37156240,,Pressure injury stage II,AMSTEL,itemid_valueid,high
MEASUREMENT_CATEGORICAL//15157//6,,,False,,,,,,,,unmapped
MEASUREMENT_CATEGORICAL//19725//1,,,False,,,,,,,,unmapped
MEASUREMENT_CATEGORICAL//8692//7,SNOMED//4122997,,True,,SNOMED,4122997,,4122997,AMSTEL,source_code,high
MEASUREMENT_CATEGORICAL//12560//1,SNOMED//4224130,,True,,SNOMED,4224130,,4224130,AMSTEL,source_code,high
MEASUREMENT_CATEGORICAL//18669//22,OMOP//OMOP_CONCEPT//135526,,True,,OMOP_CONCEPT,135526,,Spinal cord disease,AMSTEL,itemid_valueid,high
MEASUREMENT_CATEGORICAL//12807//2,OMOP//OMOP_CONCEPT//37156238,,True,,OMOP_CONCEPT,37156238,,Pressure injury stage I,AMSTEL,itemid_valueid,high
MEASUREMENT_CATEGORICAL//13124//4,OMOP//OMOP_CONCEPT//375415,,True,,OMOP_CONCEPT,375415,,Injury of head,AMSTEL,itemid_valueid,high
MEASUREMENT_CATEGORICAL//9534//7,LOINC//3004921,,True,,LOINC,3004921,,3004921,AMSTEL,source_code,high
MEASUREMENT_CATEGORICAL//19606//3,,,False,,,,,,,,unmapped
MEASUREMENT_CATEGORICAL//18600//1,OMOP//OMOP_CONCEPT//376337,,True,,OMOP_CONCEPT,376337,,Disorder of nervous system,AMSTEL,itemid_valueid,high
MEASUREMENT_CATEGORICAL//12623//1,LOINC//3046004,,True,,LOINC,3046004,,3046004,AMSTEL,source_code,high
MEASUREMENT_CATEGORICAL//13116//7,OMOP//OMOP_CONCEPT//319843,,True,,OMOP_CONCEPT,319843,,Mitral valve disorder,AMSTEL,itemid_valueid,high
MEASUREMENT_CATEGORICAL//12110//6,LOINC//36203284,,True,,LOINC,36203284,,36203284,AMSTEL,source_code,high
MEASUREMENT_CATEGORICAL//13135//2,OMOP//OMOP_CONCEPT//195856,,True,,OMOP_CONCEPT,195856,,Cholangitis,AMSTEL,itemid_valueid,high
MEASUREMENT_CATEGORICAL//18669//40,OMOP//OMOP_CONCEPT//4044013,,True,,OMOP_CONCEPT,4044013,,Hematologic neoplasm,AMSTEL,itemid_valueid,high
MEASUREMENT_CATEGORICAL//13119//8,OMOP//OMOP_CONCEPT//257907,,True,,OMOP_CONCEPT,257907,,Disorder of lung,AMSTEL,itemid_valueid,high
MEASUREMENT_CATEGORICAL//16997//2,,,False,,,,,,,,unmapped
MEASUREMENT_CATEGORICAL//19636//11,LOINC//3008223,,True,,LOINC,3008223,,3008223,AMSTEL,source_code,high
MEASUREMENT_CATEGORICAL//8898//2,,,False,,,,,,,,unmapped
MEASUREMENT_CATEGORICAL//18603//28,,,False,,,,,,,,unmapped
MEASUREMENT_CATEGORICAL//13140//3,,,False,,,,,,,,unmapped
MEASUREMENT_CATEGORICAL//13115//8,,,False,,,,,,,,unmapped
MEASUREMENT_CATEGORICAL//10697//3,LOINC//3025315,,True,,LOINC,3025315,,3025315,AMSTEL,source_code,high
MEASUREMENT_CATEGORICAL//18588//9,,,False,,,,,,,,unmapped
MEASUREMENT_CATEGORICAL//13066//4,LOINC//3013144,,True,,LOINC,3013144,,3013144,AMSTEL,source_code,high
MEASUREMENT_CATEGORICAL//14444//2,SNOMED//36684829,,True,,SNOMED,36684829,,36684829,AMSTEL,source_code,high
MEASUREMENT_CATEGORICAL//16997//18,,,False,,,,,,,,unmapped
MEASUREMENT_CATEGORICAL//6671//18,OMOP//OMOP_CONCEPT//4313053,,True,,OMOP_CONCEPT,4313053,,Normal sinus arrhythmia,AMSTEL,itemid_valueid,high
MEASUREMENT_CATEGORICAL//13072//5,LOINC//3026549,,True,,LOINC,3026549,,3026549,AMSTEL,source_code,high
MEASUREMENT_CATEGORICAL//13112//10,,,False,,,,,,,,unmapped
MEASUREMENT_CATEGORICAL//16997//20,,,False,,,,,,,,unmapped
MEASUREMENT_CATEGORICAL//19800//9,,,False,,,,,,,,unmapped
MEASUREMENT_CATEGORICAL//20549//2,,,False,,,,,,,,unmapped
MEASUREMENT_CATEGORICAL//12819//2,OMOP//OMOP_CONCEPT//37156238,,True,,OMOP_CONCEPT,37156238,,Pressure injury stage I,AMSTEL,itemid_valueid,high
MEASUREMENT_CATEGORICAL//8825//3,OMOP//OMOP_CONCEPT//4088985,,True,,OMOP_CONCEPT,4088985,,Multiple premature ventricular complexes,AMSTEL,itemid_valueid,high
MEASUREMENT_CATEGORICAL//8663//8,LOINC//3024265,,True,,LOINC,3024265,,3024265,AMSTEL,source_code,high
MEASUREMENT_CATEGORICAL//16962//1,,,False,,,,,,,,unmapped
MEASUREMENT_CATEGORICAL//13403//3,,,False,,,,,,,,unmapped
MEASUREMENT_CATEGORICAL//8848//1,,,False,,,,,,,,unmapped
MEASUREMENT_CATEGORICAL//18671//162,OMOP//OMOP_CONCEPT//4309106,,True,,OMOP_CONCEPT,4309106,,Aspiration pneumonia,AMSTEL,itemid_valueid,high
MEASUREMENT_CATEGORICAL//15152//3,,,False,,,,,,,,unmapped
MEASUREMENT_CATEGORICAL//13129//1,OMOP//OMOP_CONCEPT//4116092,,True,,OMOP_CONCEPT,4116092,,Intracranial tumor,AMSTEL,itemid_valueid,high
MEASUREMENT_CATEGORICAL//13128//15,OMOP//OMOP_CONCEPT//376713,,True,,OMOP_CONCEPT,376713,,Cerebral hemorrhage,AMSTEL,itemid_valueid,high
MEASUREMENT_CATEGORICAL//8670//3,LOINC//3004779,,True,,LOINC,3004779,,3004779,AMSTEL,source_code,high
MEASUREMENT_CATEGORICAL//13145//2,OMOP//OMOP_CONCEPT//4089218,,True,,OMOP_CONCEPT,4089218,,Partially obstructed airway,AMSTEL,itemid_valueid,high
MEASUREMENT_CATEGORICAL//19249//4,OMOP//OMOP_CONCEPT//4092731,,True,,OMOP_CONCEPT,4092731,,Movement against gravity,AMSTEL,itemid_valueid,high
MEASUREMENT_CATEGORICAL//7969//3,,,False,,,,,,,,unmapped
MEASUREMENT_CATEGORICAL//9534//12,LOINC//3004921,,True,,LOINC,3004921,,3004921,AMSTEL,source_code,high
MEASUREMENT_CATEGORICAL//18669//2,OMOP//OMOP_CONCEPT//4096313,,True,,OMOP_CONCEPT,4096313,,Multiple injuries,AMSTEL,itemid_valueid,high
MEASUREMENT_CATEGORICAL//18593//2,OMOP//OMOP_CONCEPT//375415,,True,,OMOP_CONCEPT,375415,,Injury of head,AMSTEL,itemid_valueid,high
MEASUREMENT_CATEGORICAL//18669//33,OMOP//OMOP_CONCEPT//44784217,,True,,OMOP_CONCEPT,44784217,,Cardiac arrhythmia,AMSTEL,itemid_valueid,high
MEASUREMENT_CATEGORICAL//13120//6,OMOP//OMOP_CONCEPT//198177,,True,,OMOP_CONCEPT,198177,,Abdominal aortic aneurysm,AMSTEL,itemid_valueid,high
MEASUREMENT_CATEGORICAL//15149//5,SNOMED//4131228,,True,,SNOMED,4131228,,4131228,AMSTEL,source_code,high
MEASUREMENT_CATEGORICAL//13112//3,,,False,,,,,,,,unmapped
MEASUREMENT_CATEGORICAL//13128//13,OMOP//OMOP_CONCEPT//4242877,,True,,OMOP_CONCEPT,4242877,,Evacuation of subdural hematoma,AMSTEL,itemid_valueid,high
MEASUREMENT_CATEGORICAL//18814//6,,,False,,,,,,,,unmapped
MEASUREMENT_CATEGORICAL//18671//14,OMOP//OMOP_CONCEPT//4023479,,True,,OMOP_CONCEPT,4023479,,Acute congestive heart failure,AMSTEL,itemid_valueid,high
MEASUREMENT_CATEGORICAL//13077//3,LOINC//3026019,,True,,LOINC,3026019,,3026019,AMSTEL,source_code,high
MEASUREMENT_CATEGORICAL//12831//2,OMOP//OMOP_CONCEPT//37156238,,True,,OMOP_CONCEPT,37156238,,Pressure injury stage I,AMSTEL,itemid_valueid,high
MEASUREMENT_CATEGORICAL//15149//7,SNOMED//4131228,,True,,SNOMED,4131228,,4131228,AMSTEL,source_code,high
MEASUREMENT_CATEGORICAL//18588//4,,,False,,,,,,,,unmapped
MEASUREMENT_CATEGORICAL//13943//5,OMOP//OMOP_CONCEPT//45880455,,True,,OMOP_CONCEPT,45880455,,Hemorrhagic,AMSTEL,itemid_valueid,high
MEASUREMENT_CATEGORICAL//18671//372,OMOP//OMOP_CONCEPT//4242877,,True,,OMOP_CONCEPT,4242877,,Evacuation of subdural hematoma,AMSTEL,itemid_valueid,high
MEASUREMENT_CATEGORICAL//16961//1,,,False,,,,,,,,unmapped
MEASUREMENT_CATEGORICAL//16055//6,OMOP//OMOP_CONCEPT//4081767,,True,,OMOP_CONCEPT,4081767,,Chyle,AMSTEL,itemid_valueid,high
MEASUREMENT_CATEGORICAL//8731//2,OMOP//OMOP_CONCEPT//4164795,,True,,OMOP_CONCEPT,4164795,,Structure of subhepatic region,AMSTEL,itemid_valueid,high
MEASUREMENT_CATEGORICAL//8898//10,,,False,,,,,,,,unmapped
MEASUREMENT_CATEGORICAL//18669//16,OMOP//OMOP_CONCEPT//37018761,,True,,OMOP_CONCEPT,37018761,,Chronic kidney disease stage 5 with transplant,AMSTEL,itemid_valueid,high
MEASUREMENT_CATEGORICAL//19241//5,OMOP//OMOP_CONCEPT//45878583,,True,,OMOP_CONCEPT,45878583,,Negative,AMSTEL,itemid_valueid,high
MEASUREMENT_CATEGORICAL//17008//17,OMOP//OMOP_CONCEPT//314054,,True,,OMOP_CONCEPT,314054,,Aortic valve disorder,AMSTEL,itemid_valueid,high
MEASUREMENT_CATEGORICAL//20662//1,OMOP//OMOP_CONCEPT//4128124,,True,,OMOP_CONCEPT,4128124,,Venoarterial,AMSTEL,itemid_valueid,high
MEASUREMENT_CATEGORICAL//10702//2,LOINC//42527659,,True,,LOINC,42527659,,42527659,AMSTEL,source_code,high
MEASUREMENT_CATEGORICAL//12822//6,OMOP//OMOP_CONCEPT//37156242,,True,,OMOP_CONCEPT,37156242,,Pressure injury stage IV,AMSTEL,itemid_valueid,high
MEASUREMENT_CATEGORICAL//12109//6,LOINC//36203284,,True,,LOINC,36203284,,36203284,AMSTEL,source_code,high
MEASUREMENT_CATEGORICAL//18593//1,OMOP//OMOP_CONCEPT//376337,,True,,OMOP_CONCEPT,376337,,Disorder of nervous system,AMSTEL,itemid_valueid,high
MEASUREMENT_CATEGORICAL//18597//4,OMOP//OMOP_CONCEPT//321052,,True,,OMOP_CONCEPT,321052,,Peripheral vascular disease,AMSTEL,itemid_valueid,high
MEASUREMENT_CATEGORICAL//13116//5,OMOP//OMOP_CONCEPT//319843,,True,,OMOP_CONCEPT,319843,,Mitral valve disorder,AMSTEL,itemid_valueid,high
MEASUREMENT_CATEGORICAL//13124//6,OMOP//OMOP_CONCEPT//4094683,,True,,OMOP_CONCEPT,4094683,,Chest injury,AMSTEL,itemid_valueid,high
MEASUREMENT_CATEGORICAL//10604//4,OMOP//OMOP_CONCEPT//4136247,,True,,OMOP_CONCEPT,4136247,,Turbid,AMSTEL,itemid_valueid,high
MEASUREMENT_CATEGORICAL//12510//2,OMOP//OMOP_CONCEPT//45884084,,True,,OMOP_CONCEPT,45884084,,Positive,AMSTEL,itemid_valueid,high
MEASUREMENT_CATEGORICAL//8730//20,OMOP//OMOP_CONCEPT//4091412,,True,,OMOP_CONCEPT,4091412,,Subphrenic region,AMSTEL,itemid_valueid,high
MEASUREMENT_CATEGORICAL//17005//18,OMOP//OMOP_CONCEPT//257315,,True,,OMOP_CONCEPT,257315,,Bacterial pneumonia,AMSTEL,itemid_valueid,high
MEASUREMENT_CATEGORICAL//18645//3,,,False,,,,,,,,unmapped
MEASUREMENT_CATEGORICAL//12109//1,LOINC//36203284,,True,,LOINC,36203284,,36203284,AMSTEL,source_code,high
MEASUREMENT_CATEGORICAL//7672//4,LOINC//1988427,,True,,LOINC,1988427,,1988427,AMSTEL,source_code,high
MEASUREMENT_CATEGORICAL//13115//6,,,False,,,,,,,,unmapped
MEASUREMENT_CATEGORICAL//16448//7,SNOMED//4052413,,True,,SNOMED,4052413,,4052413,AMSTEL,source_code,high
MEASUREMENT_CATEGORICAL//18669//56,OMOP//OMOP_CONCEPT//257004,,True,,OMOP_CONCEPT,257004,,Acute exacerbation of chronic obstructive airways disease,AMSTEL,itemid_valueid,high
MEASUREMENT_CATEGORICAL//18671//303,OMOP//OMOP_CONCEPT//4202064,,True,,OMOP_CONCEPT,4202064,,Gastrointestinal perforation,AMSTEL,itemid_valueid,high
MEASUREMENT_CATEGORICAL//16951//1,,,False,,,,,,,,unmapped
MEASUREMENT_CATEGORICAL//9359//2,OMOP//OMOP_CONCEPT//4104200,,True,,OMOP_CONCEPT,4104200,,Closed,AMSTEL,itemid_valueid,high
MEASUREMENT_CATEGORICAL//20626//1,,,False,,,,,,,,unmapped
MEASUREMENT_CATEGORICAL//17018//28,,,False,,,,,,,,unmapped
MEASUREMENT_CATEGORICAL//10468//8,SNOMED//4087925,,True,,SNOMED,4087925,,4087925,AMSTEL,source_code,high
MEASUREMENT_CATEGORICAL//13078//2,OMOP//OMOP_CONCEPT//45882241,,True,,OMOP_CONCEPT,45882241,,Scheduled surgical procedure,AMSTEL,itemid_valueid,high
MEASUREMENT_CATEGORICAL//8895//4,OMOP//OMOP_CONCEPT//4174289,,True,,OMOP_CONCEPT,4174289,,Green sputum,AMSTEL,itemid_valueid,high
MEASUREMENT_CATEGORICAL//16953//1,,,False,,,,,,,,unmapped
MEASUREMENT_CATEGORICAL//19712//2,,,False,,,,,,,,unmapped
MEASUREMENT_CATEGORICAL//18589//9,OMOP//OMOP_CONCEPT//132797,,True,,OMOP_CONCEPT,132797,,Sepsis,AMSTEL,itemid_valueid,high
MEASUREMENT_CATEGORICAL//13112//6,,,False,,,,,,,,unmapped
MEASUREMENT_CATEGORICAL//10470//4,SNOMED//763892,,True,,SNOMED,763892,,763892,AMSTEL,source_code,high
MEASUREMENT_CATEGORICAL//12825//4,OMOP//OMOP_CONCEPT//37156241,,True,,OMOP_CONCEPT,37156241,,Pressure injury stage III,AMSTEL,itemid_valueid,high
MEASUREMENT_CATEGORICAL//13126//3,OMOP//OMOP_CONCEPT//197331,,True,,OMOP_CONCEPT,197331,,Disorder of urinary tract,AMSTEL,itemid_valueid,high
MEASUREMENT_CATEGORICAL//8896//6,OMOP//OMOP_CONCEPT//4103346,,True,,OMOP_CONCEPT,4103346,,Pluggy sputum,AMSTEL,itemid_valueid,high
MEASUREMENT_CATEGORICAL//8832//8,LOINC//3026611,,True,,LOINC,3026611,,3026611,AMSTEL,source_code,high
MEASUREMENT_CATEGORICAL//12128//26,OMOP//OMOP_CONCEPT//38004472,,False,,OMOP_CONCEPT,38004472,,Pulmonary Disease,AMSTEL,itemid_valueid,high
MEASUREMENT_CATEGORICAL//19797//4,,,False,,,,,,,,unmapped
MEASUREMENT_CATEGORICAL//18603//27,,,False,,,,,,,,unmapped
MEASUREMENT_CATEGORICAL//12827//4,OMOP//OMOP_CONCEPT//37156241,,True,,OMOP_CONCEPT,37156241,,Pressure injury stage III,AMSTEL,itemid_valueid,high
MEASUREMENT_CATEGORICAL//15149//3,SNOMED//4131228,,True,,SNOMED,4131228,,4131228,AMSTEL,source_code,high
MEASUREMENT_CATEGORICAL//13129//6,OMOP//OMOP_CONCEPT//4046919,,True,,OMOP_CONCEPT,4046919,,Focal excision of brain tissue tumor,AMSTEL,itemid_valueid,high
MEASUREMENT_CATEGORICAL//16054//4,OMOP//OMOP_CONCEPT//4113272,,True,,OMOP_CONCEPT,4113272,,Purulent,AMSTEL,itemid_valueid,high
MEASUREMENT_CATEGORICAL//18669//42,OMOP//OMOP_CONCEPT//436670,,True,,OMOP_CONCEPT,436670,,Metabolic disease,AMSTEL,itemid_valueid,high
MEASUREMENT_CATEGORICAL//13138//4,OMOP//OMOP_CONCEPT//198124,,True,,OMOP_CONCEPT,198124,,Kidney disease,AMSTEL,itemid_valueid,high
MEASUREMENT_CATEGORICAL//12109//3,LOINC//36203284,,True,,LOINC,36203284,,36203284,AMSTEL,source_code,high
MEASUREMENT_CATEGORICAL//12627//6,LOINC//36305611,,True,,LOINC,36305611,,36305611,AMSTEL,source_code,high
MEASUREMENT_CATEGORICAL//8833//8,LOINC//3010321,,True,,LOINC,3010321,,3010321,AMSTEL,source_code,high
MEASUREMENT_CATEGORICAL//13120//9,OMOP//OMOP_CONCEPT//4148948,,True,,OMOP_CONCEPT,4148948,,Vascular surgery procedure,AMSTEL,itemid_valueid,high
MEASUREMENT_CATEGORICAL//18669//46,OMOP//OMOP_CONCEPT//602985,,True,,OMOP_CONCEPT,602985,,Intoxication,AMSTEL,itemid_valueid,high
MEASUREMENT_CATEGORICAL//10659//2,OMOP//OMOP_CONCEPT//4136124,,True,,OMOP_CONCEPT,4136124,,After the filter,AMSTEL,itemid_valueid,high
MEASUREMENT_CATEGORICAL//18673//685,OMOP//OMOP_CONCEPT//317576,,True,,OMOP_CONCEPT,317576,,Coronary arteriosclerosis,AMSTEL,itemid_valueid,high
MEASUREMENT_CATEGORICAL//8848//3,,,False,,,,,,,,unmapped
MEASUREMENT_CATEGORICAL//19817//3,,,False,,,,,,,,unmapped
MEASUREMENT_CATEGORICAL//13134//9,OMOP//OMOP_CONCEPT//257004,,True,,OMOP_CONCEPT,257004,,Acute exacerbation of chronic obstructive airways disease,AMSTEL,itemid_valueid,high
MEASUREMENT_CATEGORICAL//18669//24,OMOP//OMOP_CONCEPT//252280,,True,,OMOP_CONCEPT,252280,,Neoplasm of respiratory tract,AMSTEL,itemid_valueid,high
MEASUREMENT_CATEGORICAL//18671//128,OMOP//OMOP_CONCEPT//439847,,True,,OMOP_CONCEPT,439847,,Intracranial hemorrhage,AMSTEL,itemid_valueid,high
MEASUREMENT_CATEGORICAL//16448//1,SNOMED//4052413,,True,,SNOMED,4052413,,4052413,AMSTEL,source_code,high
MEASUREMENT_CATEGORICAL//13134//11,OMOP//OMOP_CONCEPT//257907,,True,,OMOP_CONCEPT,257907,,Disorder of lung,AMSTEL,itemid_valueid,high
MEASUREMENT_CATEGORICAL//18671//408,OMOP//OMOP_CONCEPT//37018761,,True,,OMOP_CONCEPT,37018761,,Chronic kidney disease stage 5 with transplant,AMSTEL,itemid_valueid,high
MEASUREMENT_CATEGORICAL//13118//5,OMOP//OMOP_CONCEPT//4138183,,True,,OMOP_CONCEPT,4138183,,Aneurysm of ascending aorta,AMSTEL,itemid_valueid,high
MEASUREMENT_CATEGORICAL//13137//4,OMOP//OMOP_CONCEPT//436670,,True,,OMOP_CONCEPT,436670,,Metabolic disease,AMSTEL,itemid_valueid,high
MEASUREMENT_CATEGORICAL//12815//3,OMOP//OMOP_CONCEPT//37156240,,True,,OMOP_CONCEPT,37156240,,Pressure injury stage II,AMSTEL,itemid_valueid,high
MEASUREMENT_CATEGORICAL//7969//2,,,False,,,,,,,,unmapped
MEASUREMENT_CATEGORICAL//12629//1,,,False,,,,,,,,unmapped
MEASUREMENT_CATEGORICAL//13137//1,OMOP//OMOP_CONCEPT//602985,,True,,OMOP_CONCEPT,602985,,Intoxication,AMSTEL,itemid_valueid,high
MEASUREMENT_CATEGORICAL//19832//3,,,False,,,,,,,,unmapped
MEASUREMENT_CATEGORICAL//16667//5,,,False,,,,,,,,unmapped
MEASUREMENT_CATEGORICAL//20006//3,,,False,,,,,,,,unmapped
MEASUREMENT_CATEGORICAL//18671//290,OMOP//OMOP_CONCEPT//4170058,,True,,OMOP_CONCEPT,4170058,,Operation on esophagus,AMSTEL,itemid_valueid,high
MEASUREMENT_CATEGORICAL//18671//227,OMOP//OMOP_CONCEPT//436136,,True,,OMOP_CONCEPT,436136,,Dissection of thoracic aorta,AMSTEL,itemid_valueid,high
MEASUREMENT_CATEGORICAL//19726//2,,,False,,,,,,,,unmapped
MEASUREMENT_CATEGORICAL//8730//19,OMOP//OMOP_CONCEPT//4140696,,True,,OMOP_CONCEPT,4140696,,Structure of substernal region,AMSTEL,itemid_valueid,high
MEASUREMENT_CATEGORICAL//13313//2,,,False,,,,,,,,unmapped
MEASUREMENT_CATEGORICAL//12817//3,OMOP//OMOP_CONCEPT//37156240,,True,,OMOP_CONCEPT,37156240,,Pressure injury stage II,AMSTEL,itemid_valueid,high
MEASUREMENT_CATEGORICAL//18671//38,OMOP//OMOP_CONCEPT//132797,,True,,OMOP_CONCEPT,132797,,Sepsis,AMSTEL,itemid_valueid,high
MEASUREMENT_CATEGORICAL//13133//5,OMOP//OMOP_CONCEPT//4329847,,True,,OMOP_CONCEPT,4329847,,Myocardial infarction,AMSTEL,itemid_valueid,high
MEASUREMENT_CATEGORICAL//18669//48,OMOP//OMOP_CONCEPT//4197485,,True,,OMOP_CONCEPT,4197485,,Epileptic seizure,AMSTEL,itemid_valueid,high
MEASUREMENT_CATEGORICAL//12831//3,OMOP//OMOP_CONCEPT//37156240,,True,,OMOP_CONCEPT,37156240,,Pressure injury stage II,AMSTEL,itemid_valueid,high
MEASUREMENT_CATEGORICAL//13121//10,OMOP//OMOP_CONCEPT//4000610,,True,,OMOP_CONCEPT,4000610,,Disorder of gastrointestinal tract,AMSTEL,itemid_valueid,high
MEASUREMENT_CATEGORICAL//20000//2,,,False,,,,,,,,unmapped
MEASUREMENT_CATEGORICAL//13120//2,OMOP//OMOP_CONCEPT//4199966,,True,,OMOP_CONCEPT,4199966,,Repair of thoracoabdominal aortic aneurysm,AMSTEL,itemid_valueid,high
MEASUREMENT_CATEGORICAL//14577//1,OMOP//OMOP_CONCEPT//4189328,,True,,OMOP_CONCEPT,4189328,,Macintosh laryngoscope blade,AMSTEL,itemid_valueid,high
MEASUREMENT_CATEGORICAL//17029//76,OMOP//OMOP_CONCEPT//317576,,True,,OMOP_CONCEPT,317576,,Coronary arteriosclerosis,AMSTEL,itemid_valueid,high
MEASUREMENT_CATEGORICAL//13119//2,OMOP//OMOP_CONCEPT//35610239,,True,,OMOP_CONCEPT,35610239,,Malignant neoplasm of bronchus or lung,AMSTEL,itemid_valueid,high
MEASUREMENT_CATEGORICAL//18596//4,OMOP//OMOP_CONCEPT//4129389,,True,,OMOP_CONCEPT,4129389,,Gastrointestinal obstruction,AMSTEL,itemid_valueid,high
MEASUREMENT_CATEGORICAL//8731//3,OMOP//OMOP_CONCEPT//4352789,,True,,OMOP_CONCEPT,4352789,,Suprahepatic area,AMSTEL,itemid_valueid,high
MEASUREMENT_CATEGORICAL//8848//2,,,False,,,,,,,,unmapped
MEASUREMENT_CATEGORICAL//19248//3,,,False,,,,,,,,unmapped
MEASUREMENT_CATEGORICAL//8731//15,OMOP//OMOP_CONCEPT//4015940,,True,,OMOP_CONCEPT,4015940,,Structure of left half of neck,AMSTEL,itemid_valueid,high
MEASUREMENT_CATEGORICAL//18602//1,OMOP//OMOP_CONCEPT//320136,,True,,OMOP_CONCEPT,320136,,Disorder of respiratory system,AMSTEL,itemid_valueid,high
MEASUREMENT_CATEGORICAL//8731//20,OMOP//OMOP_CONCEPT//4091412,,True,,OMOP_CONCEPT,4091412,,Subphrenic region,AMSTEL,itemid_valueid,high
MEASUREMENT_CATEGORICAL//12832//3,OMOP//OMOP_CONCEPT//37156240,,True,,OMOP_CONCEPT,37156240,,Pressure injury stage II,AMSTEL,itemid_valueid,high
MEASUREMENT_CATEGORICAL//13132//8,OMOP//OMOP_CONCEPT//376337,,True,,OMOP_CONCEPT,376337,,Disorder of nervous system,AMSTEL,itemid_valueid,high
MEASUREMENT_CATEGORICAL//19233//5,,,False,,,,,,,,unmapped
MEASUREMENT_CATEGORICAL//8730//18,OMOP//OMOP_CONCEPT//4287390,,True,,OMOP_CONCEPT,4287390,,Head structure,AMSTEL,itemid_valueid,high
MEASUREMENT_CATEGORICAL//17018//27,,,False,,,,,,,,unmapped
MEASUREMENT_CATEGORICAL//16955//2,SNOMED//44808681,,True,,SNOMED,44808681,,44808681,AMSTEL,source_code,high
MEASUREMENT_CATEGORICAL//12809//5,OMOP//OMOP_CONCEPT//37156242,,True,,OMOP_CONCEPT,37156242,,Pressure injury stage IV,AMSTEL,itemid_valueid,high
MEASUREMENT_CATEGORICAL//16997//19,,,False,,,,,,,,unmapped
MEASUREMENT_CATEGORICAL//18600//4,OMOP//OMOP_CONCEPT//4019540,,True,,OMOP_CONCEPT,4019540,,Evacuation of intracerebral hematoma,AMSTEL,itemid_valueid,high
MEASUREMENT_CATEGORICAL//12500//2,LOINC//3004779,,True,,LOINC,3004779,,3004779,AMSTEL,source_code,high
MEASUREMENT_CATEGORICAL//19994//5,,,False,,,,,,,,unmapped
MEASUREMENT_CATEGORICAL//12629//4,,,False,,,,,,,,unmapped
MEASUREMENT_CATEGORICAL//8897//4,SNOMED//4337734,,True,,SNOMED,4337734,,4337734,AMSTEL,source_code,high
MEASUREMENT_CATEGORICAL//18669//47,OMOP//OMOP_CONCEPT//439847,,True,,OMOP_CONCEPT,439847,,Intracranial hemorrhage,AMSTEL,itemid_valueid,high
MEASUREMENT_CATEGORICAL//19249//5,OMOP//OMOP_CONCEPT//4179292,,True,,OMOP_CONCEPT,4179292,,Muscle movement against resistance incomplete,AMSTEL,itemid_valueid,high
MEASUREMENT_CATEGORICAL//13120//3,OMOP//OMOP_CONCEPT//321052,,True,,OMOP_CONCEPT,321052,,Peripheral vascular disease,AMSTEL,itemid_valueid,high
MEASUREMENT_CATEGORICAL//13133//2,OMOP//OMOP_CONCEPT//198571,,True,,OMOP_CONCEPT,198571,,Cardiogenic shock,AMSTEL,itemid_valueid,high
MEASUREMENT_CATEGORICAL//18601//3,OMOP//OMOP_CONCEPT//37018761,,True,,OMOP_CONCEPT,37018761,,Chronic kidney disease stage 5 with transplant,AMSTEL,itemid_valueid,high
MEASUREMENT_CATEGORICAL//19725//2,,,False,,,,,,,,unmapped
MEASUREMENT_CATEGORICAL//18671//68,OMOP//OMOP_CONCEPT//4192640,,True,,OMOP_CONCEPT,4192640,,Pancreatitis,AMSTEL,itemid_valueid,high
MEASUREMENT_CATEGORICAL//19237//5,,,False,,,,,,,,unmapped
MEASUREMENT_CATEGORICAL//13410//1,LOINC//40758173,,True,,LOINC,40758173,,40758173,AMSTEL,source_code,high
MEASUREMENT_CATEGORICAL//15710//1,,,False,,,,,,,,unmapped
MEASUREMENT_CATEGORICAL//19608//4,,,False,,,,,,,,unmapped
MEASUREMENT_CATEGORICAL//21234//34,,,False,,,,,,,,unmapped
MEASUREMENT_CATEGORICAL//13121//2,OMOP//OMOP_CONCEPT//4030150,,True,,OMOP_CONCEPT,4030150,,Excision of liver,AMSTEL,itemid_valueid,high
MEASUREMENT_CATEGORICAL//19260//70,OMOP//OMOP_CONCEPT//4092731,,True,,OMOP_CONCEPT,4092731,,Movement against gravity,AMSTEL,itemid_valueid,high
MEASUREMENT_CATEGORICAL//13134//5,OMOP//OMOP_CONCEPT//440417,,True,,OMOP_CONCEPT,440417,,Pulmonary embolism,AMSTEL,itemid_valueid,high
MEASUREMENT_CATEGORICAL//19249//1,OMOP//OMOP_CONCEPT//4092729,,True,,OMOP_CONCEPT,4092729,,No active muscle contraction,AMSTEL,itemid_valueid,high
MEASUREMENT_CATEGORICAL//16950//1,,,False,,,,,,,,unmapped
MEASUREMENT_CATEGORICAL//7432//3,LOINC//3053213,,True,,LOINC,3053213,,3053213,AMSTEL,source_code,high
MEASUREMENT_CATEGORICAL//9534//3,LOINC//3004921,,True,,LOINC,3004921,,3004921,AMSTEL,source_code,high
MEASUREMENT_CATEGORICAL//16448//8,SNOMED//4052413,,True,,SNOMED,4052413,,4052413,AMSTEL,source_code,high
MEASUREMENT_CATEGORICAL//16997//5,,,False,,,,,,,,unmapped
MEASUREMENT_CATEGORICAL//18669//34,OMOP//OMOP_CONCEPT//198571,,True,,OMOP_CONCEPT,198571,,Cardiogenic shock,AMSTEL,itemid_valueid,high
MEASUREMENT_CATEGORICAL//12128//12,OMOP//OMOP_CONCEPT//38004508,,False,,OMOP_CONCEPT,38004508,,Surgical Oncology,AMSTEL,itemid_valueid,high
MEASUREMENT_CATEGORICAL//19639//15,LOINC//3008223,,True,,LOINC,3008223,,3008223,AMSTEL,source_code,high
MEASUREMENT_CATEGORICAL//17016//4,OMOP//OMOP_CONCEPT//37018761,,True,,OMOP_CONCEPT,37018761,,Chronic kidney disease stage 5 with transplant,AMSTEL,itemid_valueid,high
MEASUREMENT_CATEGORICAL//18671//352,OMOP//OMOP_CONCEPT//4159949,,True,,OMOP_CONCEPT,4159949,,Surgical procedure on soft tissue,AMSTEL,itemid_valueid,high
MEASUREMENT_CATEGORICAL//8731//16,OMOP//OMOP_CONCEPT//4014996,,True,,OMOP_CONCEPT,4014996,,Structure of right half of neck,AMSTEL,itemid_valueid,high
MEASUREMENT_CATEGORICAL//12099//1,LOINC//3003680,,True,,LOINC,3003680,,3003680,AMSTEL,source_code,high
MEASUREMENT_CATEGORICAL//15172//11,OMOP//OMOP_CONCEPT//46237547,,True,,OMOP_CONCEPT,46237547,,10 - worst imaginable pain,AMSTEL,itemid_valueid,high
MEASUREMENT_CATEGORICAL//12832//4,OMOP//OMOP_CONCEPT//37156241,,True,,OMOP_CONCEPT,37156241,,Pressure injury stage III,AMSTEL,itemid_valueid,high
MEASUREMENT_CATEGORICAL//13121//6,OMOP//OMOP_CONCEPT//4241033,,True,,OMOP_CONCEPT,4241033,,Acute abdomen,AMSTEL,itemid_valueid,high
MEASUREMENT_CATEGORICAL//19837//1,,,False,,,,,,,,unmapped
MEASUREMENT_CATEGORICAL//18669//5,OMOP//OMOP_CONCEPT//4042641,,True,,OMOP_CONCEPT,4042641,,Procedure on cardiovascular system,AMSTEL,itemid_valueid,high
MEASUREMENT_CATEGORICAL//20137//2,,,False,,,,,,,,unmapped
MEASUREMENT_CATEGORICAL//13397//2,LOINC//40758173,,True,,LOINC,40758173,,40758173,AMSTEL,source_code,high
MEASUREMENT_CATEGORICAL//14161//1,SNOMED//4134745,,True,,SNOMED,4134745,,4134745,AMSTEL,source_code,high
MEASUREMENT_CATEGORICAL//16956//2,,,False,,,,,,,,unmapped
MEASUREMENT_CATEGORICAL//19732//1,,,False,,,,,,,,unmapped
MEASUREMENT_CATEGORICAL//6685//8,LOINC//3004921,,True,,LOINC,3004921,,3004921,AMSTEL,source_code,high
MEASUREMENT_CATEGORICAL//13131//5,OMOP//OMOP_CONCEPT//376713,,True,,OMOP_CONCEPT,376713,,Cerebral hemorrhage,AMSTEL,itemid_valueid,high
MEASUREMENT_CATEGORICAL//15712//1,,,False,,,,,,,,unmapped
MEASUREMENT_CATEGORICAL//8889//6,SNOMED//4239191,,True,,SNOMED,4239191,,4239191,AMSTEL,source_code,high
MEASUREMENT_CATEGORICAL//13137//2,OMOP//OMOP_CONCEPT//602985,,True,,OMOP_CONCEPT,602985,,Intoxication,AMSTEL,itemid_valueid,high
MEASUREMENT_CATEGORICAL//18612//14,OMOP//OMOP_CONCEPT//4012185,,True,,OMOP_CONCEPT,4012185,,Cardiovascular surgical procedure,AMSTEL,itemid_valueid,high
MEASUREMENT_CATEGORICAL//18671//225,OMOP//OMOP_CONCEPT//195559,,True,,OMOP_CONCEPT,195559,,Ruptured abdominal aortic aneurysm,AMSTEL,itemid_valueid,high
MEASUREMENT_CATEGORICAL//19257//52,OMOP//OMOP_CONCEPT//4092731,,True,,OMOP_CONCEPT,4092731,,Movement against gravity,AMSTEL,itemid_valueid,high
MEASUREMENT_CATEGORICAL//20628//1,,,False,,,,,,,,unmapped
MEASUREMENT_CATEGORICAL//13066//2,LOINC//3013144,,True,,LOINC,3013144,,3013144,AMSTEL,source_code,high
MEASUREMENT_CATEGORICAL//13141//6,OMOP//OMOP_CONCEPT//4301351,,True,,OMOP_CONCEPT,4301351,,Surgical procedure,AMSTEL,itemid_valueid,high
MEASUREMENT_CATEGORICAL//18669//29,OMOP//OMOP_CONCEPT//317576,,True,,OMOP_CONCEPT,317576,,Coronary arteriosclerosis,AMSTEL,itemid_valueid,high
MEASUREMENT_CATEGORICAL//12500//1,LOINC//3004779,,True,,LOINC,3004779,,3004779,AMSTEL,source_code,high
MEASUREMENT_CATEGORICAL//16957//1,,,False,,,,,,,,unmapped
MEASUREMENT_CATEGORICAL//19258//58,OMOP//OMOP_CONCEPT//4092731,,True,,OMOP_CONCEPT,4092731,,Movement against gravity,AMSTEL,itemid_valueid,high
MEASUREMENT_CATEGORICAL//18600//3,OMOP//OMOP_CONCEPT//375415,,True,,OMOP_CONCEPT,375415,,Injury of head,AMSTEL,itemid_valueid,high
MEASUREMENT_CATEGORICAL//16949//1,,,False,,,,,,,,unmapped
MEASUREMENT_CATEGORICAL//18588//12,,,False,,,,,,,,unmapped
MEASUREMENT_CATEGORICAL//18671//155,OMOP//OMOP_CONCEPT//440417,,True,,OMOP_CONCEPT,440417,,Pulmonary embolism,AMSTEL,itemid_valueid,high
MEASUREMENT_CATEGORICAL//8650//2,OMOP//OMOP_CONCEPT//4125330,,False,,OMOP_CONCEPT,4125330,,Inadequate aortic balloon augmentation,AMSTEL,itemid_valueid,low
MEASUREMENT_CATEGORICAL//19251//16,OMOP//OMOP_CONCEPT//4092731,,True,,OMOP_CONCEPT,4092731,,Movement against gravity,AMSTEL,itemid_valueid,high
MEASUREMENT_CATEGORICAL//19259//64,OMOP//OMOP_CONCEPT//4092731,,True,,OMOP_CONCEPT,4092731,,Movement against gravity,AMSTEL,itemid_valueid,high
MEASUREMENT_CATEGORICAL//19637//11,LOINC//3009094,,True,,LOINC,3009094,,3009094,AMSTEL,source_code,high
MEASUREMENT_CATEGORICAL//8691//5,SNOMED//4122997,,True,,SNOMED,4122997,,4122997,AMSTEL,source_code,high
MEASUREMENT_CATEGORICAL//18671//223,OMOP//OMOP_CONCEPT//198177,,True,,OMOP_CONCEPT,198177,,Abdominal aortic aneurysm,AMSTEL,itemid_valueid,high
MEASUREMENT_CATEGORICAL//16055//8,OMOP//OMOP_CONCEPT//4113272,,True,,OMOP_CONCEPT,4113272,,Purulent,AMSTEL,itemid_valueid,high
MEASUREMENT_CATEGORICAL//18669//52,OMOP//OMOP_CONCEPT//440417,,True,,OMOP_CONCEPT,440417,,Pulmonary embolism,AMSTEL,itemid_valueid,high
MEASUREMENT_CATEGORICAL//18590//2,OMOP//OMOP_CONCEPT//192671,,True,,OMOP_CONCEPT,192671,,Gastrointestinal hemorrhage,AMSTEL,itemid_valueid,high
MEASUREMENT_CATEGORICAL//12128//4,OMOP//OMOP_CONCEPT//38004449,,False,,OMOP_CONCEPT,38004449,,Otolaryngology,AMSTEL,itemid_valueid,high
MEASUREMENT_CATEGORICAL//18589//5,OMOP//OMOP_CONCEPT//319835,,True,,OMOP_CONCEPT,319835,,Congestive heart failure,AMSTEL,itemid_valueid,high
MEASUREMENT_CATEGORICAL//7969//12,,,False,,,,,,,,unmapped
MEASUREMENT_CATEGORICAL//12130//4,OMOP//OMOP_CONCEPT//45879101,,True,,OMOP_CONCEPT,45879101,,Emergency Department,AMSTEL,itemid_valueid,high
MEASUREMENT_CATEGORICAL//12819//3,OMOP//OMOP_CONCEPT//37156240,,True,,OMOP_CONCEPT,37156240,,Pressure injury stage II,AMSTEL,itemid_valueid,high
MEASUREMENT_CATEGORICAL//18612//11,OMOP//OMOP_CONCEPT//4249161,,True,,OMOP_CONCEPT,4249161,,Operation on heart valve,AMSTEL,itemid_valueid,high
MEASUREMENT_CATEGORICAL//18671//226,OMOP//OMOP_CONCEPT//4000088,,True,,OMOP_CONCEPT,4000088,,Repair of thoracic aortic aneurysm,AMSTEL,itemid_valueid,high
MEASUREMENT_CATEGORICAL//12818//3,OMOP//OMOP_CONCEPT//37156240,,True,,OMOP_CONCEPT,37156240,,Pressure injury stage II,AMSTEL,itemid_valueid,high
MEASUREMENT_CATEGORICAL//19246//6,,,False,,,,,,,,unmapped
MEASUREMENT_CATEGORICAL//19252//22,OMOP//OMOP_CONCEPT//4092731,,True,,OMOP_CONCEPT,4092731,,Movement against gravity,AMSTEL,itemid_valueid,high
MEASUREMENT_CATEGORICAL//18596//1,OMOP//OMOP_CONCEPT//4000610,,True,,OMOP_CONCEPT,4000610,,Disorder of gastrointestinal tract,AMSTEL,itemid_valueid,high
MEASUREMENT_CATEGORICAL//16998//14,OMOP//OMOP_CONCEPT//319835,,True,,OMOP_CONCEPT,319835,,Congestive heart failure,AMSTEL,itemid_valueid,high
MEASUREMENT_CATEGORICAL//18671//245,OMOP//OMOP_CONCEPT//134057,,True,,OMOP_CONCEPT,134057,,Disorder of cardiovascular system,AMSTEL,itemid_valueid,high
MEASUREMENT_CATEGORICAL//21233//3,,,False,,,,,,,,unmapped
MEASUREMENT_CATEGORICAL//20006//1,,,False,,,,,,,,unmapped
MEASUREMENT_CATEGORICAL//12824//2,OMOP//OMOP_CONCEPT//37156238,,True,,OMOP_CONCEPT,37156238,,Pressure injury stage I,AMSTEL,itemid_valueid,high
MEASUREMENT_CATEGORICAL//16952//1,,,False,,,,,,,,unmapped
MEASUREMENT_CATEGORICAL//13072//4,LOINC//3026549,,True,,LOINC,3026549,,3026549,AMSTEL,source_code,high
MEASUREMENT_CATEGORICAL//21234//18,,,False,,,,,,,,unmapped
MEASUREMENT_CATEGORICAL//17005//24,OMOP//OMOP_CONCEPT//320136,,True,,OMOP_CONCEPT,320136,,Disorder of respiratory system,AMSTEL,itemid_valueid,high
MEASUREMENT_CATEGORICAL//18590//1,OMOP//OMOP_CONCEPT//4000610,,True,,OMOP_CONCEPT,4000610,,Disorder of gastrointestinal tract,AMSTEL,itemid_valueid,high
MEASUREMENT_CATEGORICAL//19798//6,,,False,,,,,,,,unmapped
MEASUREMENT_CATEGORICAL//13134//3,OMOP//OMOP_CONCEPT//4286507,,True,,OMOP_CONCEPT,4286507,,Upper respiratory tract obstruction,AMSTEL,itemid_valueid,high
MEASUREMENT_CATEGORICAL//18671//156,OMOP//OMOP_CONCEPT//257004,,True,,OMOP_CONCEPT,257004,,Acute exacerbation of chronic obstructive airways disease,AMSTEL,itemid_valueid,high
MEASUREMENT_CATEGORICAL//19801//11,,,False,,,,,,,,unmapped
MEASUREMENT_CATEGORICAL//21234//20,,,False,,,,,,,,unmapped
MEASUREMENT_CATEGORICAL//18589//1,OMOP//OMOP_CONCEPT//134057,,True,,OMOP_CONCEPT,134057,,Disorder of cardiovascular system,AMSTEL,itemid_valueid,high
MEASUREMENT_CATEGORICAL//18603//16,,,False,,,,,,,,unmapped
MEASUREMENT_CATEGORICAL//16448//2,SNOMED//4052413,,True,,SNOMED,4052413,,4052413,AMSTEL,source_code,high
MEASUREMENT_CATEGORICAL//18670//63,OMOP//OMOP_CONCEPT//4012185,,True,,OMOP_CONCEPT,4012185,,Cardiovascular surgical procedure,AMSTEL,itemid_valueid,high
MEASUREMENT_CATEGORICAL//18671//296,OMOP//OMOP_CONCEPT//4178810,,True,,OMOP_CONCEPT,4178810,,Gastrointestinal complication of procedure,AMSTEL,itemid_valueid,high
MEASUREMENT_CATEGORICAL//12510//1,OMOP//OMOP_CONCEPT//45878583,,True,,OMOP_CONCEPT,45878583,,Negative,AMSTEL,itemid_valueid,high
MEASUREMENT_CATEGORICAL//18670//60,OMOP//OMOP_CONCEPT//4249161,,True,,OMOP_CONCEPT,4249161,,Operation on heart valve,AMSTEL,itemid_valueid,high
MEASUREMENT_CATEGORICAL//13132//5,OMOP//OMOP_CONCEPT//4197485,,True,,OMOP_CONCEPT,4197485,,Epileptic seizure,AMSTEL,itemid_valueid,high
MEASUREMENT_CATEGORICAL//18671//35,OMOP//OMOP_CONCEPT//132797,,True,,OMOP_CONCEPT,132797,,Sepsis,AMSTEL,itemid_valueid,high
MEASUREMENT_CATEGORICAL//12832//6,OMOP//OMOP_CONCEPT//37156242,,True,,OMOP_CONCEPT,37156242,,Pressure injury stage IV,AMSTEL,itemid_valueid,high
MEASUREMENT_CATEGORICAL//16954//3,,,False,,,,,,,,unmapped
MEASUREMENT_CATEGORICAL//9593//7,LOINC//3024265,,True,,LOINC,3024265,,3024265,AMSTEL,source_code,high
MEASUREMENT_CATEGORICAL//13139//5,OMOP//OMOP_CONCEPT//4044013,,True,,OMOP_CONCEPT,4044013,,Hematologic neoplasm,AMSTEL,itemid_valueid,high
MEASUREMENT_CATEGORICAL//19722//2,,,False,,,,,,,,unmapped
MEASUREMENT_CATEGORICAL//19995//1,,,False,,,,,,,,unmapped
MEASUREMENT_CATEGORICAL//13118//2,OMOP//OMOP_CONCEPT//4138183,,True,,OMOP_CONCEPT,4138183,,Aneurysm of ascending aorta,AMSTEL,itemid_valueid,high
MEASUREMENT_CATEGORICAL//13124//13,OMOP//OMOP_CONCEPT//4301351,,True,,OMOP_CONCEPT,4301351,,Surgical procedure,AMSTEL,itemid_valueid,high
MEASUREMENT_CATEGORICAL//19260//71,OMOP//OMOP_CONCEPT//4179292,,True,,OMOP_CONCEPT,4179292,,Muscle movement against resistance incomplete,AMSTEL,itemid_valueid,high
MEASUREMENT_CATEGORICAL//13131//6,OMOP//OMOP_CONCEPT//381591,,True,,OMOP_CONCEPT,381591,,Cerebrovascular disease,AMSTEL,itemid_valueid,high
MEASUREMENT_CATEGORICAL//19250//10,OMOP//OMOP_CONCEPT//4092731,,True,,OMOP_CONCEPT,4092731,,Movement against gravity,AMSTEL,itemid_valueid,high
MEASUREMENT_CATEGORICAL//12500//3,LOINC//3004779,,True,,LOINC,3004779,,3004779,AMSTEL,source_code,high
MEASUREMENT_CATEGORICAL//19256//46,OMOP//OMOP_CONCEPT//4092731,,True,,OMOP_CONCEPT,4092731,,Movement against gravity,AMSTEL,itemid_valueid,high
MEASUREMENT_CATEGORICAL//15149//1,SNOMED//4131228,,True,,SNOMED,4131228,,4131228,AMSTEL,source_code,high
MEASUREMENT_CATEGORICAL//18671//51,OMOP//OMOP_CONCEPT//4291649,,True,,OMOP_CONCEPT,4291649,,Upper gastrointestinal bleeding,AMSTEL,itemid_valueid,high
MEASUREMENT_CATEGORICAL//19255//40,OMOP//OMOP_CONCEPT//4092731,,True,,OMOP_CONCEPT,4092731,,Movement against gravity,AMSTEL,itemid_valueid,high
MEASUREMENT_CATEGORICAL//15715//1,,,False,,,,,,,,unmapped
MEASUREMENT_CATEGORICAL//16084//1,OMOP//OMOP_CONCEPT//313217,,True,,OMOP_CONCEPT,313217,,Atrial fibrillation,AMSTEL,itemid_valueid,high
MEASUREMENT_CATEGORICAL//12513//3,SNOMED//4122997,,True,,SNOMED,4122997,,4122997,AMSTEL,source_code,high
MEASUREMENT_CATEGORICAL//18671//133,OMOP//OMOP_CONCEPT//376337,,True,,OMOP_CONCEPT,376337,,Disorder of nervous system,AMSTEL,itemid_valueid,high
MEASUREMENT_CATEGORICAL//18592//1,OMOP//OMOP_CONCEPT//31821,,True,,OMOP_CONCEPT,31821,,Disorder of endocrine system,AMSTEL,itemid_valueid,high
MEASUREMENT_CATEGORICAL//8189//9,OMOP//OMOP_CONCEPT//4219814,,True,,OMOP_CONCEPT,4219814,,Nebulizer,AMSTEL,itemid_valueid,high
MEASUREMENT_CATEGORICAL//18593//3,OMOP//OMOP_CONCEPT//602985,,True,,OMOP_CONCEPT,602985,,Intoxication,AMSTEL,itemid_valueid,high
MEASUREMENT_CATEGORICAL//18600//5,OMOP//OMOP_CONCEPT//135526,,True,,OMOP_CONCEPT,135526,,Spinal cord disease,AMSTEL,itemid_valueid,high
MEASUREMENT_CATEGORICAL//18671//398,OMOP//OMOP_CONCEPT//258369,,True,,OMOP_CONCEPT,258369,,Primary malignant neoplasm of lung,AMSTEL,itemid_valueid,high
MEASUREMENT_CATEGORICAL//13124//11,OMOP//OMOP_CONCEPT//133468,,True,,OMOP_CONCEPT,133468,,Disorder of limb,AMSTEL,itemid_valueid,high
MEASUREMENT_CATEGORICAL//16056//12,OMOP//OMOP_CONCEPT//4113272,,True,,OMOP_CONCEPT,4113272,,Purulent,AMSTEL,itemid_valueid,high
MEASUREMENT_CATEGORICAL//18669//57,OMOP//OMOP_CONCEPT//4306082,,True,,OMOP_CONCEPT,4306082,,Aspiration pneumonitis,AMSTEL,itemid_valueid,high
MEASUREMENT_CATEGORICAL//18671//76,OMOP//OMOP_CONCEPT//197320,,True,,OMOP_CONCEPT,197320,,Acute kidney injury,AMSTEL,itemid_valueid,high
MEASUREMENT_CATEGORICAL//18671//291,OMOP//OMOP_CONCEPT//199744,,True,,OMOP_CONCEPT,199744,,Carcinoma liver and/or biliary system,AMSTEL,itemid_valueid,high
MEASUREMENT_CATEGORICAL//15709//1,,,False,,,,,,,,unmapped
MEASUREMENT_CATEGORICAL//8732//7,SNOMED//4085985,,False,,SNOMED,4085985,,4085985,AMSTEL,source_code,high
MEASUREMENT_CATEGORICAL//13145//6,OMOP//OMOP_CONCEPT//4298484,,True,,OMOP_CONCEPT,4298484,,Operation on oral cavity,AMSTEL,itemid_valueid,high
MEASUREMENT_CATEGORICAL//18671//377,OMOP//OMOP_CONCEPT//376337,,True,,OMOP_CONCEPT,376337,,Disorder of nervous system,AMSTEL,itemid_valueid,high
MEASUREMENT_CATEGORICAL//20141//4,,,False,,,,,,,,unmapped
MEASUREMENT_CATEGORICAL//13121//9,OMOP//OMOP_CONCEPT//4000610,,True,,OMOP_CONCEPT,4000610,,Disorder of gastrointestinal tract,AMSTEL,itemid_valueid,high
MEASUREMENT_CATEGORICAL//16997//13,,,False,,,,,,,,unmapped
MEASUREMENT_CATEGORICAL//13121//1,OMOP//OMOP_CONCEPT//40488822,,True,,OMOP_CONCEPT,40488822,,Laparotomy and decompression of intestine,AMSTEL,itemid_valueid,high
MEASUREMENT_CATEGORICAL//16997//16,,,False,,,,,,,,unmapped
MEASUREMENT_CATEGORICAL//19253//28,OMOP//OMOP_CONCEPT//4092731,,True,,OMOP_CONCEPT,4092731,,Movement against gravity,AMSTEL,itemid_valueid,high
MEASUREMENT_CATEGORICAL//8732//9,SNOMED//4085985,,False,,SNOMED,4085985,,4085985,AMSTEL,source_code,high
MEASUREMENT_CATEGORICAL//16651//7,,,False,,,,,,,,unmapped
MEASUREMENT_CATEGORICAL//18671//120,OMOP//OMOP_CONCEPT//380834,,True,,OMOP_CONCEPT,380834,,Coma,AMSTEL,itemid_valueid,high
MEASUREMENT_CATEGORICAL//18671//264,OMOP//OMOP_CONCEPT//319843,,True,,OMOP_CONCEPT,319843,,Mitral valve disorder,AMSTEL,itemid_valueid,high
MEASUREMENT_CATEGORICAL//19254//34,OMOP//OMOP_CONCEPT//4092731,,True,,OMOP_CONCEPT,4092731,,Movement against gravity,AMSTEL,itemid_valueid,high
MEASUREMENT_CATEGORICAL//12128//9,OMOP//OMOP_CONCEPT//38004501,,False,,OMOP_CONCEPT,38004501,,Hematology,AMSTEL,itemid_valueid,high
MEASUREMENT_CATEGORICAL//16954//2,,,False,,,,,,,,unmapped
MEASUREMENT_CATEGORICAL//18671//154,OMOP//OMOP_CONCEPT//254061,,True,,OMOP_CONCEPT,254061,,Pleural effusion,AMSTEL,itemid_valueid,high
MEASUREMENT_CATEGORICAL//8732//8,SNOMED//4085985,,False,,SNOMED,4085985,,4085985,AMSTEL,source_code,high
MEASUREMENT_CATEGORICAL//18603//20,,,False,,,,,,,,unmapped
MEASUREMENT_CATEGORICAL//16627//5,SNOMED//37154585,,True,,SNOMED,37154585,,37154585,AMSTEL,source_code,high
MEASUREMENT_CATEGORICAL//16665//13,,,False,,,,,,,,unmapped
MEASUREMENT_CATEGORICAL//17009//7,OMOP//OMOP_CONCEPT//4170058,,True,,OMOP_CONCEPT,4170058,,Operation on esophagus,AMSTEL,itemid_valueid,high
MEASUREMENT_CATEGORICAL//19252//23,OMOP//OMOP_CONCEPT//4179292,,True,,OMOP_CONCEPT,4179292,,Muscle movement against resistance incomplete,AMSTEL,itemid_valueid,high
MEASUREMENT_CATEGORICAL//19258//59,OMOP//OMOP_CONCEPT//4179292,,True,,OMOP_CONCEPT,4179292,,Muscle movement against resistance incomplete,AMSTEL,itemid_valueid,high
MEASUREMENT_CATEGORICAL//13120//4,OMOP//OMOP_CONCEPT//312337,,True,,OMOP_CONCEPT,312337,,Arterial embolus and thrombosis,AMSTEL,itemid_valueid,high
MEASUREMENT_CATEGORICAL//19636//10,LOINC//3008223,,True,,LOINC,3008223,,3008223,AMSTEL,source_code,high
MEASUREMENT_CATEGORICAL//12828//6,OMOP//OMOP_CONCEPT//37156242,,True,,OMOP_CONCEPT,37156242,,Pressure injury stage IV,AMSTEL,itemid_valueid,high
MEASUREMENT_CATEGORICAL//13078//3,SNOMED//37154585,,True,,SNOMED,37154585,,37154585,AMSTEL,source_code,high
MEASUREMENT_CATEGORICAL//19260//67,OMOP//OMOP_CONCEPT//4092729,,True,,OMOP_CONCEPT,4092729,,No active muscle contraction,AMSTEL,itemid_valueid,high
MEASUREMENT_CATEGORICAL//12128//16,OMOP//OMOP_CONCEPT//38004479,,False,,OMOP_CONCEPT,38004479,,Nephrology,AMSTEL,itemid_valueid,high
MEASUREMENT_CATEGORICAL//8895//13,SNOMED//37397754,,True,,SNOMED,37397754,,37397754,AMSTEL,source_code,high
MEASUREMENT_CATEGORICAL//18669//25,OMOP//OMOP_CONCEPT//318459,,True,,OMOP_CONCEPT,318459,,Respiratory insufficiency,AMSTEL,itemid_valueid,high
MEASUREMENT_CATEGORICAL//13403//4,,,False,,,,,,,,unmapped
MEASUREMENT_CATEGORICAL//19257//53,OMOP//OMOP_CONCEPT//4179292,,True,,OMOP_CONCEPT,4179292,,Muscle movement against resistance incomplete,AMSTEL,itemid_valueid,high
MEASUREMENT_CATEGORICAL//20139//7,,,False,,,,,,,,unmapped
MEASUREMENT_CATEGORICAL//14565//66,,,False,,,,,,,,unmapped
MEASUREMENT_CATEGORICAL//19994//2,,,False,,,,,,,,unmapped
MEASUREMENT_CATEGORICAL//20145//1,,,False,,,,,,,,unmapped
MEASUREMENT_CATEGORICAL//16056//11,OMOP//OMOP_CONCEPT//4116701,,True,,OMOP_CONCEPT,4116701,,Hemorrhagic,AMSTEL,itemid_valueid,high
MEASUREMENT_CATEGORICAL//20149//1,,,False,,,,,,,,unmapped
MEASUREMENT_CATEGORICAL//18671//289,OMOP//OMOP_CONCEPT//3654354,,True,,OMOP_CONCEPT,3654354,,Administration of hyperthermic antineoplastic agent into peritoneal cavity,AMSTEL,itemid_valueid,high
MEASUREMENT_CATEGORICAL//8731//19,OMOP//OMOP_CONCEPT//4140696,,True,,OMOP_CONCEPT,4140696,,Structure of substernal region,AMSTEL,itemid_valueid,high
MEASUREMENT_CATEGORICAL//18594//1,OMOP//OMOP_CONCEPT//198124,,True,,OMOP_CONCEPT,198124,,Kidney disease,AMSTEL,itemid_valueid,high
MEASUREMENT_CATEGORICAL//18671//161,OMOP//OMOP_CONCEPT//4286507,,True,,OMOP_CONCEPT,4286507,,Upper respiratory tract obstruction,AMSTEL,itemid_valueid,high
MEASUREMENT_CATEGORICAL//18671//143,OMOP//OMOP_CONCEPT//4197485,,True,,OMOP_CONCEPT,4197485,,Epileptic seizure,AMSTEL,itemid_valueid,high
MEASUREMENT_CATEGORICAL//12128//7,OMOP//OMOP_CONCEPT//38004455,,False,,OMOP_CONCEPT,38004455,,Gastroenterology,AMSTEL,itemid_valueid,high
MEASUREMENT_CATEGORICAL//18593//5,OMOP//OMOP_CONCEPT//4197485,,True,,OMOP_CONCEPT,4197485,,Epileptic seizure,AMSTEL,itemid_valueid,high
MEASUREMENT_CATEGORICAL//7969//4,,,False,,,,,,,,unmapped
MEASUREMENT_CATEGORICAL//16959//2,,,False,,,,,,,,unmapped
MEASUREMENT_CATEGORICAL//20536//1,,,False,,,,,,,,unmapped
MEASUREMENT_CATEGORICAL//12109//9,LOINC//36203284,,True,,LOINC,36203284,,36203284,AMSTEL,source_code,high
MEASUREMENT_CATEGORICAL//12513//4,SNOMED//4122997,,True,,SNOMED,4122997,,4122997,AMSTEL,source_code,high
MEASUREMENT_CATEGORICAL//8732//2,SNOMED//4085985,,False,,SNOMED,4085985,,4085985,AMSTEL,source_code,high
MEASUREMENT_CATEGORICAL//8825//9,SNOMED//4239407,,True,,SNOMED,4239407,,4239407,AMSTEL,source_code,high
MEASUREMENT_CATEGORICAL//18588//11,,,False,,,,,,,,unmapped
MEASUREMENT_CATEGORICAL//18669//7,OMOP//OMOP_CONCEPT//132797,,True,,OMOP_CONCEPT,132797,,Sepsis,AMSTEL,itemid_valueid,high
MEASUREMENT_CATEGORICAL//18602//2,OMOP//OMOP_CONCEPT//252280,,True,,OMOP_CONCEPT,252280,,Neoplasm of respiratory tract,AMSTEL,itemid_valueid,high
MEASUREMENT_CATEGORICAL//13132//3,OMOP//OMOP_CONCEPT//376337,,True,,OMOP_CONCEPT,376337,,Disorder of nervous system,AMSTEL,itemid_valueid,high
MEASUREMENT_CATEGORICAL//13944//4,OMOP//OMOP_CONCEPT//4104200,,True,,OMOP_CONCEPT,4104200,,Closed,AMSTEL,itemid_valueid,high
MEASUREMENT_CATEGORICAL//19249//3,OMOP//OMOP_CONCEPT//4097166,,True,,OMOP_CONCEPT,4097166,,Movement with gravity eliminated,AMSTEL,itemid_valueid,high
MEASUREMENT_CATEGORICAL//19635//6,LOINC//3016335,,True,,LOINC,3016335,,3016335,AMSTEL,source_code,high
MEASUREMENT_CATEGORICAL//19250//11,OMOP//OMOP_CONCEPT//4179292,,True,,OMOP_CONCEPT,4179292,,Muscle movement against resistance incomplete,AMSTEL,itemid_valueid,high
MEASUREMENT_CATEGORICAL//15162//9,,,False,,,,,,,,unmapped
MEASUREMENT_CATEGORICAL//18671//63,OMOP//OMOP_CONCEPT//4202064,,True,,OMOP_CONCEPT,4202064,,Gastrointestinal perforation,AMSTEL,itemid_valueid,high
MEASUREMENT_CATEGORICAL//20141//3,,,False,,,,,,,,unmapped
MEASUREMENT_CATEGORICAL//20149//4,,,False,,,,,,,,unmapped
MEASUREMENT_CATEGORICAL//16993//14,OMOP//OMOP_CONCEPT//581379,,True,,OMOP_CONCEPT,581379,,Inpatient Critical Care Facility,AMSTEL,itemid_valueid,high
MEASUREMENT_CATEGORICAL//19256//47,OMOP//OMOP_CONCEPT//4179292,,True,,OMOP_CONCEPT,4179292,,Muscle movement against resistance incomplete,AMSTEL,itemid_valueid,high
MEASUREMENT_CATEGORICAL//16997//3,,,False,,,,,,,,unmapped
MEASUREMENT_CATEGORICAL//6685//3,LOINC//3004921,,True,,LOINC,3004921,,3004921,AMSTEL,source_code,high
MEASUREMENT_CATEGORICAL//10472//15,SNOMED//44810687,,True,,SNOMED,44810687,,44810687,AMSTEL,source_code,high
MEASUREMENT_CATEGORICAL//12815//4,OMOP//OMOP_CONCEPT//37156241,,True,,OMOP_CONCEPT,37156241,,Pressure injury stage III,AMSTEL,itemid_valueid,high
MEASUREMENT_CATEGORICAL//12829//2,OMOP//OMOP_CONCEPT//37156238,,True,,OMOP_CONCEPT,37156238,,Pressure injury stage I,AMSTEL,itemid_valueid,high
MEASUREMENT_CATEGORICAL//15711//1,,,False,,,,,,,,unmapped
MEASUREMENT_CATEGORICAL//17018//32,,,False,,,,,,,,unmapped
MEASUREMENT_CATEGORICAL//19259//61,OMOP//OMOP_CONCEPT//4092729,,True,,OMOP_CONCEPT,4092729,,No active muscle contraction,AMSTEL,itemid_valueid,high
MEASUREMENT_CATEGORICAL//18669//17,OMOP//OMOP_CONCEPT//4194964,,True,,OMOP_CONCEPT,4194964,,Operation on endocrine system,AMSTEL,itemid_valueid,high
MEASUREMENT_CATEGORICAL//8652//4,OMOP//OMOP_CONCEPT//45878602,,True,,OMOP_CONCEPT,45878602,,Not tested,AMSTEL,itemid_valueid,high
MEASUREMENT_CATEGORICAL//18669//14,OMOP//OMOP_CONCEPT//198124,,True,,OMOP_CONCEPT,198124,,Kidney disease,AMSTEL,itemid_valueid,high
MEASUREMENT_CATEGORICAL//13129//3,OMOP//OMOP_CONCEPT//4116092,,True,,OMOP_CONCEPT,4116092,,Intracranial tumor,AMSTEL,itemid_valueid,high
MEASUREMENT_CATEGORICAL//17014//14,OMOP//OMOP_CONCEPT//4019540,,True,,OMOP_CONCEPT,4019540,,Evacuation of intracerebral hematoma,AMSTEL,itemid_valueid,high
MEASUREMENT_CATEGORICAL//19251//17,OMOP//OMOP_CONCEPT//4179292,,True,,OMOP_CONCEPT,4179292,,Muscle movement against resistance incomplete,AMSTEL,itemid_valueid,high
MEASUREMENT_CATEGORICAL//10467//3,LOINC//3046344,,True,,LOINC,3046344,,3046344,AMSTEL,source_code,high
MEASUREMENT_CATEGORICAL//13133//11,OMOP//OMOP_CONCEPT//134057,,True,,OMOP_CONCEPT,134057,,Disorder of cardiovascular system,AMSTEL,itemid_valueid,high
MEASUREMENT_CATEGORICAL//19250//7,OMOP//OMOP_CONCEPT//4092729,,True,,OMOP_CONCEPT,4092729,,No active muscle contraction,AMSTEL,itemid_valueid,high
MEASUREMENT_CATEGORICAL//20671//3,,,False,,,,,,,,unmapped
MEASUREMENT_CATEGORICAL//19254//35,OMOP//OMOP_CONCEPT//4179292,,True,,OMOP_CONCEPT,4179292,,Muscle movement against resistance incomplete,AMSTEL,itemid_valueid,high
MEASUREMENT_CATEGORICAL//13077//2,LOINC//3026019,,True,,LOINC,3026019,,3026019,AMSTEL,source_code,high
MEASUREMENT_CATEGORICAL//19724//1,,,False,,,,,,,,unmapped
MEASUREMENT_CATEGORICAL//20548//1,,,False,,,,,,,,unmapped
MEASUREMENT_CATEGORICAL//12627//1,LOINC//36305611,,True,,LOINC,36305611,,36305611,AMSTEL,source_code,high
MEASUREMENT_CATEGORICAL//16954//1,,,False,,,,,,,,unmapped
MEASUREMENT_CATEGORICAL//12818//4,OMOP//OMOP_CONCEPT//37156241,,True,,OMOP_CONCEPT,37156241,,Pressure injury stage III,AMSTEL,itemid_valueid,high
MEASUREMENT_CATEGORICAL//12820//3,OMOP//OMOP_CONCEPT//37156240,,True,,OMOP_CONCEPT,37156240,,Pressure injury stage II,AMSTEL,itemid_valueid,high
MEASUREMENT_CATEGORICAL//19639//14,LOINC//3008223,,True,,LOINC,3008223,,3008223,AMSTEL,source_code,high
MEASUREMENT_CATEGORICAL//19995//3,,,False,,,,,,,,unmapped
MEASUREMENT_CATEGORICAL//13119//9,OMOP//OMOP_CONCEPT//320136,,True,,OMOP_CONCEPT,320136,,Disorder of respiratory system,AMSTEL,itemid_valueid,high
MEASUREMENT_CATEGORICAL//13136//3,OMOP//OMOP_CONCEPT//132797,,True,,OMOP_CONCEPT,132797,,Sepsis,AMSTEL,itemid_valueid,high
MEASUREMENT_CATEGORICAL//8200//1,LOINC//1989388,,True,,LOINC,1989388,,1989388,AMSTEL,source_code,high
MEASUREMENT_CATEGORICAL//18589//7,OMOP//OMOP_CONCEPT//44784217,,True,,OMOP_CONCEPT,44784217,,Cardiac arrhythmia,AMSTEL,itemid_valueid,high
MEASUREMENT_CATEGORICAL//19255//41,OMOP//OMOP_CONCEPT//4179292,,True,,OMOP_CONCEPT,4179292,,Muscle movement against resistance incomplete,AMSTEL,itemid_valueid,high
MEASUREMENT_CATEGORICAL//19799//8,,,False,,,,,,,,unmapped
MEASUREMENT_CATEGORICAL//13130//4,OMOP//OMOP_CONCEPT//376337,,True,,OMOP_CONCEPT,376337,,Disorder of nervous system,AMSTEL,itemid_valueid,high
MEASUREMENT_CATEGORICAL//12128//11,OMOP//OMOP_CONCEPT//38004473,,False,,OMOP_CONCEPT,38004473,,Thoracic Surgery,AMSTEL,itemid_valueid,high
MEASUREMENT_CATEGORICAL//19254//31,OMOP//OMOP_CONCEPT//4092729,,True,,OMOP_CONCEPT,4092729,,No active muscle contraction,AMSTEL,itemid_valueid,high
MEASUREMENT_CATEGORICAL//12290//1,OMOP//OMOP//3004921,,True,,OMOP,3004921,,ventilator_mode,BlendedICU,label_exact,high
MEASUREMENT_CATEGORICAL//19253//25,OMOP//OMOP_CONCEPT//4092729,,True,,OMOP_CONCEPT,4092729,,No active muscle contraction,AMSTEL,itemid_valueid,high
MEASUREMENT_CATEGORICAL//19256//43,OMOP//OMOP_CONCEPT//4092729,,True,,OMOP_CONCEPT,4092729,,No active muscle contraction,AMSTEL,itemid_valueid,high
MEASUREMENT_CATEGORICAL//19730//2,,,False,,,,,,,,unmapped
MEASUREMENT_CATEGORICAL//6671//11,OMOP//OMOP_CONCEPT//4216773,,True,,OMOP_CONCEPT,4216773,,Asystole,AMSTEL,itemid_valueid,high
MEASUREMENT_CATEGORICAL//8651//4,OMOP//OMOP_CONCEPT//45878602,,True,,OMOP_CONCEPT,45878602,,Not tested,AMSTEL,itemid_valueid,high
MEASUREMENT_CATEGORICAL//21233//17,,,False,,,,,,,,unmapped
MEASUREMENT_CATEGORICAL//10470//2,SNOMED//763892,,True,,SNOMED,763892,,763892,AMSTEL,source_code,high
MEASUREMENT_CATEGORICAL//18669//11,OMOP//OMOP_CONCEPT//192671,,True,,OMOP_CONCEPT,192671,,Gastrointestinal hemorrhage,AMSTEL,itemid_valueid,high
MEASUREMENT_CATEGORICAL//13105//3,,,False,,,,,,,,unmapped
MEASUREMENT_CATEGORICAL//13118//3,OMOP//OMOP_CONCEPT//44783222,,True,,OMOP_CONCEPT,44783222,,Aortic arch replacement,AMSTEL,itemid_valueid,high
MEASUREMENT_CATEGORICAL//13125//1,OMOP//OMOP_CONCEPT//4010109,,True,,OMOP_CONCEPT,4010109,,Operation on joint,AMSTEL,itemid_valueid,high
MEASUREMENT_CATEGORICAL//17008//3,OMOP//OMOP_CONCEPT//198177,,True,,OMOP_CONCEPT,198177,,Abdominal aortic aneurysm,AMSTEL,itemid_valueid,high
MEASUREMENT_CATEGORICAL//18610//11,OMOP//OMOP_CONCEPT//4170143,,True,,OMOP_CONCEPT,4170143,,Respiratory tract infection,AMSTEL,itemid_valueid,high
MEASUREMENT_CATEGORICAL//12513//2,OMOP//OMOP_CONCEPT//4035566,,True,,OMOP_CONCEPT,4035566,,Text value,AMSTEL,itemid_valueid,high
MEASUREMENT_CATEGORICAL//18670//107,OMOP//OMOP_CONCEPT//4112341,,True,,OMOP_CONCEPT,4112341,,Acute respiratory infections,AMSTEL,itemid_valueid,high
MEASUREMENT_CATEGORICAL//18671//121,OMOP//OMOP_CONCEPT//381316,,True,,OMOP_CONCEPT,381316,,Cerebrovascular accident,AMSTEL,itemid_valueid,high
MEASUREMENT_CATEGORICAL//7969//1,,,False,,,,,,,,unmapped
MEASUREMENT_CATEGORICAL//19816//2,,,False,,,,,,,,unmapped
MEASUREMENT_CATEGORICAL//12831//4,OMOP//OMOP_CONCEPT//37156241,,True,,OMOP_CONCEPT,37156241,,Pressure injury stage III,AMSTEL,itemid_valueid,high
MEASUREMENT_CATEGORICAL//21234//21,,,False,,,,,,,,unmapped
MEASUREMENT_CATEGORICAL//6671//31,OMOP//OMOP_CONCEPT//4008859,,True,,OMOP_CONCEPT,4008859,,Prolonged QT interval,AMSTEL,itemid_valueid,high
MEASUREMENT_CATEGORICAL//19846//21,,,False,,,,,,,,unmapped
MEASUREMENT_CATEGORICAL//12110//9,LOINC//36203284,,True,,LOINC,36203284,,36203284,AMSTEL,source_code,high
MEASUREMENT_CATEGORICAL//18669//51,OMOP//OMOP_CONCEPT//252280,,True,,OMOP_CONCEPT,252280,,Neoplasm of respiratory tract,AMSTEL,itemid_valueid,high
MEASUREMENT_CATEGORICAL//6671//8,SNOMED//4091457,,True,,SNOMED,4091457,,4091457,AMSTEL,source_code,high
MEASUREMENT_CATEGORICAL//17008//6,OMOP//OMOP_CONCEPT//4000088,,True,,OMOP_CONCEPT,4000088,,Repair of thoracic aortic aneurysm,AMSTEL,itemid_valueid,high
MEASUREMENT_CATEGORICAL//19802//13,,,False,,,,,,,,unmapped
MEASUREMENT_CATEGORICAL//12826//4,OMOP//OMOP_CONCEPT//37156241,,True,,OMOP_CONCEPT,37156241,,Pressure injury stage III,AMSTEL,itemid_valueid,high
MEASUREMENT_CATEGORICAL//16667//6,,,False,,,,,,,,unmapped
MEASUREMENT_CATEGORICAL//17008//44,OMOP//OMOP_CONCEPT//319843,,True,,OMOP_CONCEPT,319843,,Mitral valve disorder,AMSTEL,itemid_valueid,high
MEASUREMENT_CATEGORICAL//19637//12,LOINC//3009094,,True,,LOINC,3009094,,3009094,AMSTEL,source_code,high
MEASUREMENT_CATEGORICAL//19845//17,,,False,,,,,,,,unmapped
MEASUREMENT_CATEGORICAL//19872//2,OMOP//OMOP_CONCEPT//45879205,,True,,OMOP_CONCEPT,45879205,,Contact lenses,AMSTEL,itemid_valueid,high
MEASUREMENT_CATEGORICAL//12623//9,LOINC//3046004,,True,,LOINC,3046004,,3046004,AMSTEL,source_code,high
MEASUREMENT_CATEGORICAL//17004//26,OMOP//OMOP_CONCEPT//380378,,True,,OMOP_CONCEPT,380378,,Epilepsy,AMSTEL,itemid_valueid,high
MEASUREMENT_CATEGORICAL//18671//280,OMOP//OMOP_CONCEPT//134057,,True,,OMOP_CONCEPT,134057,,Disorder of cardiovascular system,AMSTEL,itemid_valueid,high
MEASUREMENT_CATEGORICAL//19841//9,,,False,,,,,,,,unmapped
MEASUREMENT_CATEGORICAL//8663//10,LOINC//3024265,,True,,LOINC,3024265,,3024265,AMSTEL,source_code,high
MEASUREMENT_CATEGORICAL//12613//3,LOINC//3015853,,True,,LOINC,3015853,,3015853,AMSTEL,source_code,high
MEASUREMENT_CATEGORICAL//18610//10,OMOP//OMOP_CONCEPT//320136,,True,,OMOP_CONCEPT,320136,,Disorder of respiratory system,AMSTEL,itemid_valueid,high
MEASUREMENT_CATEGORICAL//8896//7,OMOP//OMOP_CONCEPT//4287098,,True,,OMOP_CONCEPT,4287098,,Frothy sputum,AMSTEL,itemid_valueid,high
MEASUREMENT_CATEGORICAL//14182//2,SNOMED//4141919,,True,,SNOMED,4141919,,4141919,AMSTEL,source_code,high
MEASUREMENT_CATEGORICAL//16628//7,LOINC//3026019,,True,,LOINC,3026019,,3026019,AMSTEL,source_code,high
MEASUREMENT_CATEGORICAL//16634//11,LOINC//3026549,,True,,LOINC,3026549,,3026549,AMSTEL,source_code,high
MEASUREMENT_CATEGORICAL//20141//1,,,False,,,,,,,,unmapped
MEASUREMENT_CATEGORICAL//16665//12,,,False,,,,,,,,unmapped
MEASUREMENT_CATEGORICAL//18593//4,OMOP//OMOP_CONCEPT//42872434,,True,,OMOP_CONCEPT,42872434,,Intracranial hematoma,AMSTEL,itemid_valueid,high
MEASUREMENT_CATEGORICAL//19259//65,OMOP//OMOP_CONCEPT//4119892,,True,,OMOP_CONCEPT,4119892,,Right hip region structure,AMSTEL,itemid_valueid,high
MEASUREMENT_CATEGORICAL//8825//6,OMOP//OMOP_CONCEPT//4218242,,True,,OMOP_CONCEPT,4218242,,Ventricular escape rhythm,AMSTEL,itemid_valueid,high
MEASUREMENT_CATEGORICAL//15149//4,SNOMED//4131228,,True,,SNOMED,4131228,,4131228,AMSTEL,source_code,high
MEASUREMENT_CATEGORICAL//16057//13,OMOP//OMOP_CONCEPT//4105064,,True,,OMOP_CONCEPT,4105064,,Serous,AMSTEL,itemid_valueid,high
MEASUREMENT_CATEGORICAL//18608//6,OMOP//OMOP_CONCEPT//376337,,True,,OMOP_CONCEPT,376337,,Disorder of nervous system,AMSTEL,itemid_valueid,high
MEASUREMENT_CATEGORICAL//20542//2,,,False,,,,,,,,unmapped
MEASUREMENT_CATEGORICAL//13145//4,OMOP//OMOP_CONCEPT//320136,,True,,OMOP_CONCEPT,320136,,Disorder of respiratory system,AMSTEL,itemid_valueid,high
MEASUREMENT_CATEGORICAL//8889//8,SNOMED//4239191,,True,,SNOMED,4239191,,4239191,AMSTEL,source_code,high
MEASUREMENT_CATEGORICAL//8898//7,,,False,,,,,,,,unmapped
MEASUREMENT_CATEGORICAL//13134//6,OMOP//OMOP_CONCEPT//252280,,True,,OMOP_CONCEPT,252280,,Neoplasm of respiratory tract,AMSTEL,itemid_valueid,high
MEASUREMENT_CATEGORICAL//18595//8,OMOP//OMOP_CONCEPT//257004,,True,,OMOP_CONCEPT,257004,,Acute exacerbation of chronic obstructive airways disease,AMSTEL,itemid_valueid,high
MEASUREMENT_CATEGORICAL//19249//2,OMOP//OMOP_CONCEPT//4093683,,True,,OMOP_CONCEPT,4093683,,Visible muscle contraction only,AMSTEL,itemid_valueid,high
MEASUREMENT_CATEGORICAL//13133//7,OMOP//OMOP_CONCEPT//44784217,,True,,OMOP_CONCEPT,44784217,,Cardiac arrhythmia,AMSTEL,itemid_valueid,high
MEASUREMENT_CATEGORICAL//18671//34,OMOP//OMOP_CONCEPT//132797,,True,,OMOP_CONCEPT,132797,,Sepsis,AMSTEL,itemid_valueid,high
MEASUREMENT_CATEGORICAL//20147//1,,,False,,,,,,,,unmapped
MEASUREMENT_CATEGORICAL//12376//2,LOINC//3004921,,True,,LOINC,3004921,,3004921,AMSTEL,source_code,high
MEASUREMENT_CATEGORICAL//19844//13,,,False,,,,,,,,unmapped
MEASUREMENT_CATEGORICAL//12828//3,OMOP//OMOP_CONCEPT//37156240,,True,,OMOP_CONCEPT,37156240,,Pressure injury stage II,AMSTEL,itemid_valueid,high
MEASUREMENT_CATEGORICAL//13123//1,OMOP//OMOP_CONCEPT//31821,,True,,OMOP_CONCEPT,31821,,Disorder of endocrine system,AMSTEL,itemid_valueid,high
MEASUREMENT_CATEGORICAL//13132//7,OMOP//OMOP_CONCEPT//376337,,True,,OMOP_CONCEPT,376337,,Disorder of nervous system,AMSTEL,itemid_valueid,high
MEASUREMENT_CATEGORICAL//17004//11,OMOP//OMOP_CONCEPT//439847,,True,,OMOP_CONCEPT,439847,,Intracranial hemorrhage,AMSTEL,itemid_valueid,high
MEASUREMENT_CATEGORICAL//18589//8,OMOP//OMOP_CONCEPT//198571,,True,,OMOP_CONCEPT,198571,,Cardiogenic shock,AMSTEL,itemid_valueid,high
MEASUREMENT_CATEGORICAL//18670//101,OMOP//OMOP_CONCEPT//376337,,True,,OMOP_CONCEPT,376337,,Disorder of nervous system,AMSTEL,itemid_valueid,high
MEASUREMENT_CATEGORICAL//18670//106,OMOP//OMOP_CONCEPT//320136,,True,,OMOP_CONCEPT,320136,,Disorder of respiratory system,AMSTEL,itemid_valueid,high
MEASUREMENT_CATEGORICAL//20144//2,,,False,,,,,,,,unmapped
MEASUREMENT_CATEGORICAL//12128//22,OMOP//OMOP_CONCEPT//38004474,,False,,OMOP_CONCEPT,38004474,,Urology,AMSTEL,itemid_valueid,high
MEASUREMENT_CATEGORICAL//16949//2,,,False,,,,,,,,unmapped
MEASUREMENT_CATEGORICAL//18671//41,OMOP//OMOP_CONCEPT//198571,,True,,OMOP_CONCEPT,198571,,Cardiogenic shock,AMSTEL,itemid_valueid,high
MEASUREMENT_CATEGORICAL//8898//3,,,False,,,,,,,,unmapped
MEASUREMENT_CATEGORICAL//13112//4,,,False,,,,,,,,unmapped
MEASUREMENT_CATEGORICAL//19249//6,OMOP//OMOP_CONCEPT//4093685,,True,,OMOP_CONCEPT,4093685,,Movement against resistance,AMSTEL,itemid_valueid,high
MEASUREMENT_CATEGORICAL//12816//4,OMOP//OMOP_CONCEPT//37156241,,True,,OMOP_CONCEPT,37156241,,Pressure injury stage III,AMSTEL,itemid_valueid,high
MEASUREMENT_CATEGORICAL//12831//6,OMOP//OMOP_CONCEPT//37156242,,True,,OMOP_CONCEPT,37156242,,Pressure injury stage IV,AMSTEL,itemid_valueid,high
MEASUREMENT_CATEGORICAL//17009//6,OMOP//OMOP_CONCEPT//3654354,,True,,OMOP_CONCEPT,3654354,,Administration of hyperthermic antineoplastic agent into peritoneal cavity,AMSTEL,itemid_valueid,high
MEASUREMENT_CATEGORICAL//12501//1,LOINC//3004779,,True,,LOINC,3004779,,3004779,AMSTEL,source_code,high
MEASUREMENT_CATEGORICAL//13105//4,,,False,,,,,,,,unmapped
MEASUREMENT_CATEGORICAL//18671//394,OMOP//OMOP_CONCEPT//320136,,True,,OMOP_CONCEPT,320136,,Disorder of respiratory system,AMSTEL,itemid_valueid,high
MEASUREMENT_CATEGORICAL//12627//3,LOINC//36305611,,True,,LOINC,36305611,,36305611,AMSTEL,source_code,high
MEASUREMENT_CATEGORICAL//14143//1,,,False,,,,,,,,unmapped
MEASUREMENT_CATEGORICAL//16448//5,SNOMED//4052413,,True,,SNOMED,4052413,,4052413,AMSTEL,source_code,high
MEASUREMENT_CATEGORICAL//16997//4,,,False,,,,,,,,unmapped
MEASUREMENT_CATEGORICAL//19840//8,,,False,,,,,,,,unmapped
MEASUREMENT_CATEGORICAL//12825//6,OMOP//OMOP_CONCEPT//37156242,,True,,OMOP_CONCEPT,37156242,,Pressure injury stage IV,AMSTEL,itemid_valueid,high
MEASUREMENT_CATEGORICAL//17014//18,OMOP//OMOP_CONCEPT//376337,,True,,OMOP_CONCEPT,376337,,Disorder of nervous system,AMSTEL,itemid_valueid,high
MEASUREMENT_CATEGORICAL//19235//1,,,False,,,,,,,,unmapped
MEASUREMENT_CATEGORICAL//19253//29,OMOP//OMOP_CONCEPT//4119913,,True,,OMOP_CONCEPT,4119913,,Left hip region structure,AMSTEL,itemid_valueid,high
MEASUREMENT_CATEGORICAL//12497//1,OMOP//OMOP_CONCEPT//9191,,True,,OMOP_CONCEPT,9191,,Positive,AMSTEL,itemid_valueid,high
MEASUREMENT_CATEGORICAL//14426//26,LOINC//3021707,,True,,LOINC,3021707,,3021707,AMSTEL,source_code,high
MEASUREMENT_CATEGORICAL//17009//20,OMOP//OMOP_CONCEPT//4202064,,True,,OMOP_CONCEPT,4202064,,Gastrointestinal perforation,AMSTEL,itemid_valueid,high
MEASUREMENT_CATEGORICAL//18669//28,OMOP//OMOP_CONCEPT//4096313,,True,,OMOP_CONCEPT,4096313,,Multiple injuries,AMSTEL,itemid_valueid,high
MEASUREMENT_CATEGORICAL//6671//24,OMOP//OMOP_CONCEPT//437894,,True,,OMOP_CONCEPT,437894,,Ventricular fibrillation,AMSTEL,itemid_valueid,high
MEASUREMENT_CATEGORICAL//13064//4,OMOP//OMOP_CONCEPT//4138674,,False,,OMOP_CONCEPT,4138674,,Structure of right lower leg,AMSTEL,itemid_valueid,low
MEASUREMENT_CATEGORICAL//17015//13,OMOP//OMOP_CONCEPT//258369,,True,,OMOP_CONCEPT,258369,,Primary malignant neoplasm of lung,AMSTEL,itemid_valueid,high
MEASUREMENT_CATEGORICAL//20546//3,,,False,,,,,,,,unmapped
MEASUREMENT_CATEGORICAL//12109//5,LOINC//36203284,,True,,LOINC,36203284,,36203284,AMSTEL,source_code,high
MEASUREMENT_CATEGORICAL//16660//12,OMOP//OMOP_CONCEPT//40490927,,True,,OMOP_CONCEPT,40490927,,Craniotomy and excision of neoplasm of brain,AMSTEL,itemid_valueid,high
MEASUREMENT_CATEGORICAL//18671//432,OMOP//OMOP_CONCEPT//133468,,True,,OMOP_CONCEPT,133468,,Disorder of limb,AMSTEL,itemid_valueid,high
MEASUREMENT_CATEGORICAL//19255//37,OMOP//OMOP_CONCEPT//4092729,,True,,OMOP_CONCEPT,4092729,,No active muscle contraction,AMSTEL,itemid_valueid,high
MEASUREMENT_CATEGORICAL//8692//1,SNOMED//4122997,,True,,SNOMED,4122997,,4122997,AMSTEL,source_code,high
MEASUREMENT_CATEGORICAL//16660//7,OMOP//OMOP_CONCEPT//4116092,,True,,OMOP_CONCEPT,4116092,,Intracranial tumor,AMSTEL,itemid_valueid,high
MEASUREMENT_CATEGORICAL//17018//37,,,False,,,,,,,,unmapped
MEASUREMENT_CATEGORICAL//20549//1,,,False,,,,,,,,unmapped
MEASUREMENT_CATEGORICAL//9593//8,LOINC//3024265,,True,,LOINC,3024265,,3024265,AMSTEL,source_code,high
MEASUREMENT_CATEGORICAL//10466//8,OMOP//OMOP_CONCEPT//4058123,,False,,OMOP_CONCEPT,4058123,,"Roman Catholic, follower of religion",AMSTEL,itemid_valueid,low
MEASUREMENT_CATEGORICAL//18671//40,OMOP//OMOP_CONCEPT//132797,,True,,OMOP_CONCEPT,132797,,Sepsis,AMSTEL,itemid_valueid,high
MEASUREMENT_CATEGORICAL//8732//6,SNOMED//4085985,,False,,SNOMED,4085985,,4085985,AMSTEL,source_code,high
MEASUREMENT_CATEGORICAL//12109//8,LOINC//36203284,,True,,LOINC,36203284,,36203284,AMSTEL,source_code,high
MEASUREMENT_CATEGORICAL//18669//32,OMOP//OMOP_CONCEPT//316866,,True,,OMOP_CONCEPT,316866,,Hypertensive disorder,AMSTEL,itemid_valueid,high
MEASUREMENT_CATEGORICAL//18671//105,OMOP//OMOP_CONCEPT//31821,,True,,OMOP_CONCEPT,31821,,Disorder of endocrine system,AMSTEL,itemid_valueid,high
MEASUREMENT_CATEGORICAL//19251//13,OMOP//OMOP_CONCEPT//4092729,,True,,OMOP_CONCEPT,4092729,,No active muscle contraction,AMSTEL,itemid_valueid,high
MEASUREMENT_CATEGORICAL//12513//6,SNOMED//4122997,,True,,SNOMED,4122997,,4122997,AMSTEL,source_code,high
MEASUREMENT_CATEGORICAL//14182//1,SNOMED//4141919,,True,,SNOMED,4141919,,4141919,AMSTEL,source_code,high
MEASUREMENT_CATEGORICAL//18609//2,OMOP//OMOP_CONCEPT//197320,,True,,OMOP_CONCEPT,197320,,Acute kidney injury,AMSTEL,itemid_valueid,high
MEASUREMENT_CATEGORICAL//18670//98,OMOP//OMOP_CONCEPT//197320,,True,,OMOP_CONCEPT,197320,,Acute kidney injury,AMSTEL,itemid_valueid,high
MEASUREMENT_CATEGORICAL//12128//20,OMOP//OMOP_CONCEPT//38004465,,False,,OMOP_CONCEPT,38004465,,Orthopedic Surgery,AMSTEL,itemid_valueid,high
MEASUREMENT_CATEGORICAL//13137//3,OMOP//OMOP_CONCEPT//443727,,True,,OMOP_CONCEPT,443727,,Diabetic ketoacidosis,AMSTEL,itemid_valueid,high
MEASUREMENT_CATEGORICAL//17008//7,OMOP//OMOP_CONCEPT//436136,,True,,OMOP_CONCEPT,436136,,Dissection of thoracic aorta,AMSTEL,itemid_valueid,high
MEASUREMENT_CATEGORICAL//17014//13,OMOP//OMOP_CONCEPT//4242877,,True,,OMOP_CONCEPT,4242877,,Evacuation of subdural hematoma,AMSTEL,itemid_valueid,high
MEASUREMENT_CATEGORICAL//18603//25,,,False,,,,,,,,unmapped
MEASUREMENT_CATEGORICAL//18671//194,OMOP//OMOP_CONCEPT//4094683,,True,,OMOP_CONCEPT,4094683,,Chest injury,AMSTEL,itemid_valueid,high
MEASUREMENT_CATEGORICAL//20146//6,,,False,,,,,,,,unmapped
MEASUREMENT_CATEGORICAL//17005//20,OMOP//OMOP_CONCEPT//255848,,True,,OMOP_CONCEPT,255848,,Pneumonia,AMSTEL,itemid_valueid,high
MEASUREMENT_CATEGORICAL//19257//49,OMOP//OMOP_CONCEPT//4092729,,True,,OMOP_CONCEPT,4092729,,No active muscle contraction,AMSTEL,itemid_valueid,high
MEASUREMENT_CATEGORICAL//18671//304,OMOP//OMOP_CONCEPT//4000610,,True,,OMOP_CONCEPT,4000610,,Disorder of gastrointestinal tract,AMSTEL,itemid_valueid,high
MEASUREMENT_CATEGORICAL//19994//1,,,False,,,,,,,,unmapped
MEASUREMENT_CATEGORICAL//21234//19,,,False,,,,,,,,unmapped
MEASUREMENT_CATEGORICAL//8732//5,SNOMED//4085985,,False,,SNOMED,4085985,,4085985,AMSTEL,source_code,high
MEASUREMENT_CATEGORICAL//17008//25,OMOP//OMOP_CONCEPT//134057,,True,,OMOP_CONCEPT,134057,,Disorder of cardiovascular system,AMSTEL,itemid_valueid,high
MEASUREMENT_CATEGORICAL//18604//20,OMOP//OMOP_CONCEPT//132797,,True,,OMOP_CONCEPT,132797,,Sepsis,AMSTEL,itemid_valueid,high
MEASUREMENT_CATEGORICAL//18669//53,OMOP//OMOP_CONCEPT//4317285,,True,,OMOP_CONCEPT,4317285,,Non-cardiogenic pulmonary edema,AMSTEL,itemid_valueid,high
MEASUREMENT_CATEGORICAL//18671//127,OMOP//OMOP_CONCEPT//4318408,,True,,OMOP_CONCEPT,4318408,,Subdural hematoma,AMSTEL,itemid_valueid,high
MEASUREMENT_CATEGORICAL//18671//167,OMOP//OMOP_CONCEPT//261326,,True,,OMOP_CONCEPT,261326,,Viral pneumonia,AMSTEL,itemid_valueid,high
MEASUREMENT_CATEGORICAL//19720//3,,,False,,,,,,,,unmapped
MEASUREMENT_CATEGORICAL//18591//1,OMOP//OMOP_CONCEPT//4044013,,True,,OMOP_CONCEPT,4044013,,Hematologic neoplasm,AMSTEL,itemid_valueid,high
MEASUREMENT_CATEGORICAL//19259//63,OMOP//OMOP_CONCEPT//4097166,,True,,OMOP_CONCEPT,4097166,,Movement with gravity eliminated,AMSTEL,itemid_valueid,high
MEASUREMENT_CATEGORICAL//19800//10,,,False,,,,,,,,unmapped
MEASUREMENT_CATEGORICAL//18588//10,,,False,,,,,,,,unmapped
MEASUREMENT_CATEGORICAL//18669//15,OMOP//OMOP_CONCEPT//198985,,True,,OMOP_CONCEPT,198985,,Primary malignant neoplasm of kidney,AMSTEL,itemid_valueid,high
MEASUREMENT_CATEGORICAL//18671//239,OMOP//OMOP_CONCEPT//317576,,True,,OMOP_CONCEPT,317576,,Coronary arteriosclerosis,AMSTEL,itemid_valueid,high
MEASUREMENT_CATEGORICAL//19235//5,,,False,,,,,,,,unmapped
MEASUREMENT_CATEGORICAL//19717//2,,,False,,,,,,,,unmapped
MEASUREMENT_CATEGORICAL//19732//3,,,False,,,,,,,,unmapped
MEASUREMENT_CATEGORICAL//20348//10,,,False,,,,,,,,unmapped
MEASUREMENT_CATEGORICAL//21233//2,,,False,,,,,,,,unmapped
MEASUREMENT_CATEGORICAL//16101//2,,,False,,,,,,,,unmapped
MEASUREMENT_CATEGORICAL//18603//23,,,False,,,,,,,,unmapped
MEASUREMENT_CATEGORICAL//18670//92,OMOP//OMOP_CONCEPT//132797,,True,,OMOP_CONCEPT,132797,,Sepsis,AMSTEL,itemid_valueid,high
MEASUREMENT_CATEGORICAL//21233//4,,,False,,,,,,,,unmapped
MEASUREMENT_CATEGORICAL//10466//3,OMOP//OMOP_CONCEPT//4324320,,False,,OMOP_CONCEPT,4324320,,No religious affiliation,AMSTEL,itemid_valueid,low
MEASUREMENT_CATEGORICAL//15161//6,,,False,,,,,,,,unmapped
MEASUREMENT_CATEGORICAL//16999//5,OMOP//OMOP_CONCEPT//4291649,,True,,OMOP_CONCEPT,4291649,,Upper gastrointestinal bleeding,AMSTEL,itemid_valueid,high
MEASUREMENT_CATEGORICAL//17018//22,,,False,,,,,,,,unmapped
MEASUREMENT_CATEGORICAL//18671//18,OMOP//OMOP_CONCEPT//441589,,True,,OMOP_CONCEPT,441589,,Endocarditis,AMSTEL,itemid_valueid,high
MEASUREMENT_CATEGORICAL//13141//4,OMOP//OMOP_CONCEPT//132797,,True,,OMOP_CONCEPT,132797,,Sepsis,AMSTEL,itemid_valueid,high
MEASUREMENT_CATEGORICAL//18671//265,OMOP//OMOP_CONCEPT//319843,,True,,OMOP_CONCEPT,319843,,Mitral valve disorder,AMSTEL,itemid_valueid,high
MEASUREMENT_CATEGORICAL//19732//4,,,False,,,,,,,,unmapped
MEASUREMENT_CATEGORICAL//19994//6,,,False,,,,,,,,unmapped
MEASUREMENT_CATEGORICAL//10468//10,SNOMED//4087925,,True,,SNOMED,4087925,,4087925,AMSTEL,source_code,high
MEASUREMENT_CATEGORICAL//16411//4,,,False,,,,,,,,unmapped
MEASUREMENT_CATEGORICAL//17009//8,OMOP//OMOP_CONCEPT//4242997,,True,,OMOP_CONCEPT,4242997,,Cholecystectomy,AMSTEL,itemid_valueid,high
MEASUREMENT_CATEGORICAL//10472//7,SNOMED//44810687,,True,,SNOMED,44810687,,44810687,AMSTEL,source_code,high
MEASUREMENT_CATEGORICAL//13130//1,OMOP//OMOP_CONCEPT//4138816,,True,,OMOP_CONCEPT,4138816,,Cranioplasty,AMSTEL,itemid_valueid,high
MEASUREMENT_CATEGORICAL//17005//17,OMOP//OMOP_CONCEPT//4309106,,True,,OMOP_CONCEPT,4309106,,Aspiration pneumonia,AMSTEL,itemid_valueid,high
MEASUREMENT_CATEGORICAL//17018//23,,,False,,,,,,,,unmapped
MEASUREMENT_CATEGORICAL//18671//125,OMOP//OMOP_CONCEPT//4164770,,True,,OMOP_CONCEPT,4164770,,Guillain-Barré syndrome,AMSTEL,itemid_valueid,high
MEASUREMENT_CATEGORICAL//18671//37,OMOP//OMOP_CONCEPT//132797,,True,,OMOP_CONCEPT,132797,,Sepsis,AMSTEL,itemid_valueid,high
MEASUREMENT_CATEGORICAL//19260//69,OMOP//OMOP_CONCEPT//4097166,,True,,OMOP_CONCEPT,4097166,,Movement with gravity eliminated,AMSTEL,itemid_valueid,high
MEASUREMENT_CATEGORICAL//7432//2,LOINC//3053213,,True,,LOINC,3053213,,3053213,AMSTEL,source_code,high
MEASUREMENT_CATEGORICAL//19818//5,,,False,,,,,,,,unmapped
MEASUREMENT_CATEGORICAL//18671//378,OMOP//OMOP_CONCEPT//380378,,True,,OMOP_CONCEPT,380378,,Epilepsy,AMSTEL,itemid_valueid,high
MEASUREMENT_CATEGORICAL//19259//62,OMOP//OMOP_CONCEPT//4093683,,True,,OMOP_CONCEPT,4093683,,Visible muscle contraction only,AMSTEL,itemid_valueid,high
MEASUREMENT_CATEGORICAL//13117//8,OMOP//OMOP_CONCEPT//4050576,,True,,OMOP_CONCEPT,4050576,,Pericardiotomy and drainage of effusion,AMSTEL,itemid_valueid,high
MEASUREMENT_CATEGORICAL//17018//30,,,False,,,,,,,,unmapped
MEASUREMENT_CATEGORICAL//18611//6,OMOP//OMOP_CONCEPT//4130373,,True,,OMOP_CONCEPT,4130373,,Neoplasm of gastrointestinal tract,AMSTEL,itemid_valueid,high
MEASUREMENT_CATEGORICAL//19258//55,OMOP//OMOP_CONCEPT//4092729,,True,,OMOP_CONCEPT,4092729,,No active muscle contraction,AMSTEL,itemid_valueid,high
MEASUREMENT_CATEGORICAL//6671//16,OMOP//OMOP_CONCEPT//4108830,,True,,OMOP_CONCEPT,4108830,,Atrial paroxysmal tachycardia,AMSTEL,itemid_valueid,high
MEASUREMENT_CATEGORICAL//12110//8,LOINC//36203284,,True,,LOINC,36203284,,36203284,AMSTEL,source_code,high
MEASUREMENT_CATEGORICAL//20348//9,,,False,,,,,,,,unmapped
MEASUREMENT_CATEGORICAL//8693//7,SNOMED//4122997,,True,,SNOMED,4122997,,4122997,AMSTEL,source_code,high
MEASUREMENT_CATEGORICAL//10470//6,SNOMED//763892,,True,,SNOMED,763892,,763892,AMSTEL,source_code,high
MEASUREMENT_CATEGORICAL//12109//28,LOINC//36203284,,True,,LOINC,36203284,,36203284,AMSTEL,source_code,high
MEASUREMENT_CATEGORICAL//13131//1,OMOP//OMOP_CONCEPT//432923,,True,,OMOP_CONCEPT,432923,,Subarachnoid hemorrhage,AMSTEL,itemid_valueid,high
MEASUREMENT_CATEGORICAL//16181//5,,,False,,,,,,,,unmapped
MEASUREMENT_CATEGORICAL//18671//33,OMOP//OMOP_CONCEPT//4185572,,True,,OMOP_CONCEPT,4185572,,Ventricular arrhythmia,AMSTEL,itemid_valueid,high
MEASUREMENT_CATEGORICAL//18671//8,OMOP//OMOP_CONCEPT//134057,,True,,OMOP_CONCEPT,134057,,Disorder of cardiovascular system,AMSTEL,itemid_valueid,high
MEASUREMENT_CATEGORICAL//12109//4,LOINC//36203284,,True,,LOINC,36203284,,36203284,AMSTEL,source_code,high
MEASUREMENT_CATEGORICAL//13132//4,OMOP//OMOP_CONCEPT//4028070,,True,,OMOP_CONCEPT,4028070,,Infectious disease of central nervous system,AMSTEL,itemid_valueid,high
MEASUREMENT_CATEGORICAL//19258//60,OMOP//OMOP_CONCEPT//4093685,,True,,OMOP_CONCEPT,4093685,,Movement against resistance,AMSTEL,itemid_valueid,high
MEASUREMENT_CATEGORICAL//14161//4,SNOMED//4134745,,True,,SNOMED,4134745,,4134745,AMSTEL,source_code,high
MEASUREMENT_CATEGORICAL//18671//220,OMOP//OMOP_CONCEPT//440921,,True,,OMOP_CONCEPT,440921,,Traumatic injury,AMSTEL,itemid_valueid,high
MEASUREMENT_CATEGORICAL//18671//39,OMOP//OMOP_CONCEPT//132797,,True,,OMOP_CONCEPT,132797,,Sepsis,AMSTEL,itemid_valueid,high
MEASUREMENT_CATEGORICAL//18671//85,OMOP//OMOP_CONCEPT//140352,,True,,OMOP_CONCEPT,140352,,"Acute myeloid leukemia, disease",AMSTEL,itemid_valueid,high
MEASUREMENT_CATEGORICAL//19641//2,,,False,,,,,,,,unmapped
MEASUREMENT_CATEGORICAL//8730//11,OMOP//OMOP_CONCEPT//4274743,,True,,OMOP_CONCEPT,4274743,,Right upper arm structure,AMSTEL,itemid_valueid,high
MEASUREMENT_CATEGORICAL//17004//3,OMOP//OMOP_CONCEPT//380834,,True,,OMOP_CONCEPT,380834,,Coma,AMSTEL,itemid_valueid,high
MEASUREMENT_CATEGORICAL//18670//67,OMOP//OMOP_CONCEPT//4130373,,True,,OMOP_CONCEPT,4130373,,Neoplasm of gastrointestinal tract,AMSTEL,itemid_valueid,high
MEASUREMENT_CATEGORICAL//18671//157,OMOP//OMOP_CONCEPT//4301606,,True,,OMOP_CONCEPT,4301606,,Pulmonary hemorrhage,AMSTEL,itemid_valueid,high
MEASUREMENT_CATEGORICAL//18671//61,OMOP//OMOP_CONCEPT//4000610,,True,,OMOP_CONCEPT,4000610,,Disorder of gastrointestinal tract,AMSTEL,itemid_valueid,high
MEASUREMENT_CATEGORICAL//19237//4,,,False,,,,,,,,unmapped
MEASUREMENT_CATEGORICAL//19252//19,OMOP//OMOP_CONCEPT//4092729,,True,,OMOP_CONCEPT,4092729,,No active muscle contraction,AMSTEL,itemid_valueid,high
MEASUREMENT_CATEGORICAL//19725//3,,,False,,,,,,,,unmapped
MEASUREMENT_CATEGORICAL//20628//3,,,False,,,,,,,,unmapped
MEASUREMENT_CATEGORICAL//8732//16,SNOMED//4085985,,False,,SNOMED,4085985,,4085985,AMSTEL,source_code,high
MEASUREMENT_CATEGORICAL//12833//2,OMOP//OMOP_CONCEPT//37156238,,True,,OMOP_CONCEPT,37156238,,Pressure injury stage I,AMSTEL,itemid_valueid,high
MEASUREMENT_CATEGORICAL//16957//3,,,False,,,,,,,,unmapped
MEASUREMENT_CATEGORICAL//19255//39,OMOP//OMOP_CONCEPT//4097166,,True,,OMOP_CONCEPT,4097166,,Movement with gravity eliminated,AMSTEL,itemid_valueid,high
MEASUREMENT_CATEGORICAL//19994//4,,,False,,,,,,,,unmapped
MEASUREMENT_CATEGORICAL//13135//7,OMOP//OMOP_CONCEPT//4000610,,True,,OMOP_CONCEPT,4000610,,Disorder of gastrointestinal tract,AMSTEL,itemid_valueid,high
MEASUREMENT_CATEGORICAL//18671//197,OMOP//OMOP_CONCEPT//4094683,,True,,OMOP_CONCEPT,4094683,,Chest injury,AMSTEL,itemid_valueid,high
MEASUREMENT_CATEGORICAL//6671//5,SNOMED//4091457,,True,,SNOMED,4091457,,4091457,AMSTEL,source_code,high
MEASUREMENT_CATEGORICAL//13120//8,OMOP//OMOP_CONCEPT//4148948,,True,,OMOP_CONCEPT,4148948,,Vascular surgery procedure,AMSTEL,itemid_valueid,high
MEASUREMENT_CATEGORICAL//13121//7,OMOP//OMOP_CONCEPT//192671,,True,,OMOP_CONCEPT,192671,,Gastrointestinal hemorrhage,AMSTEL,itemid_valueid,high
MEASUREMENT_CATEGORICAL//18671//150,OMOP//OMOP_CONCEPT//261880,,True,,OMOP_CONCEPT,261880,,Atelectasis,AMSTEL,itemid_valueid,high
MEASUREMENT_CATEGORICAL//18671//435,OMOP//OMOP_CONCEPT//375415,,True,,OMOP_CONCEPT,375415,,Injury of head,AMSTEL,itemid_valueid,high
MEASUREMENT_CATEGORICAL//19833//5,,,False,,,,,,,,unmapped
MEASUREMENT_CATEGORICAL//20006//4,,,False,,,,,,,,unmapped
MEASUREMENT_CATEGORICAL//16666//10,,,False,,,,,,,,unmapped
MEASUREMENT_CATEGORICAL//16665//16,,,False,,,,,,,,unmapped
MEASUREMENT_CATEGORICAL//13125//4,OMOP//OMOP_CONCEPT//4010109,,True,,OMOP_CONCEPT,4010109,,Operation on joint,AMSTEL,itemid_valueid,high
MEASUREMENT_CATEGORICAL//13133//9,OMOP//OMOP_CONCEPT//316866,,True,,OMOP_CONCEPT,316866,,Hypertensive disorder,AMSTEL,itemid_valueid,high
MEASUREMENT_CATEGORICAL//14169//3,SNOMED//4090784,,True,,SNOMED,4090784,,4090784,AMSTEL,source_code,high
MEASUREMENT_CATEGORICAL//17005//16,OMOP//OMOP_CONCEPT//4089218,,True,,OMOP_CONCEPT,4089218,,Partially obstructed airway,AMSTEL,itemid_valueid,high
MEASUREMENT_CATEGORICAL//18669//30,OMOP//OMOP_CONCEPT//317585,,True,,OMOP_CONCEPT,317585,,Aortic aneurysm,AMSTEL,itemid_valueid,high
MEASUREMENT_CATEGORICAL//19729//2,,,False,,,,,,,,unmapped
MEASUREMENT_CATEGORICAL//19847//28,,,False,,,,,,,,unmapped
MEASUREMENT_CATEGORICAL//6671//23,OMOP//OMOP_CONCEPT//4185572,,True,,OMOP_CONCEPT,4185572,,Ventricular arrhythmia,AMSTEL,itemid_valueid,high
MEASUREMENT_CATEGORICAL//8730//21,OMOP//OMOP_CONCEPT//4302112,,True,,OMOP_CONCEPT,4302112,,Duodenal structure,AMSTEL,itemid_valueid,high
MEASUREMENT_CATEGORICAL//16101//1,OMOP//OMOP_CONCEPT//4204802,,False,,OMOP_CONCEPT,4204802,,Direct current defibrillation,AMSTEL,itemid_valueid,low
MEASUREMENT_CATEGORICAL//19253//27,OMOP//OMOP_CONCEPT//4097166,,True,,OMOP_CONCEPT,4097166,,Movement with gravity eliminated,AMSTEL,itemid_valueid,high
MEASUREMENT_CATEGORICAL//12132//2,SNOMED//4152283,,True,,SNOMED,4152283,,4152283,AMSTEL,source_code,high
MEASUREMENT_CATEGORICAL//12627//5,LOINC//36305611,,True,,LOINC,36305611,,36305611,AMSTEL,source_code,high
MEASUREMENT_CATEGORICAL//13064//3,OMOP//OMOP_CONCEPT//4169248,,False,,OMOP_CONCEPT,4169248,,Structure of left lower leg,AMSTEL,itemid_valueid,low
MEASUREMENT_CATEGORICAL//13397//3,LOINC//40758173,,True,,LOINC,40758173,,40758173,AMSTEL,source_code,high
MEASUREMENT_CATEGORICAL//18604//22,OMOP//OMOP_CONCEPT//44783658,,True,,OMOP_CONCEPT,44783658,,Cardiorespiratory arrest with successful resuscitation,AMSTEL,itemid_valueid,high
MEASUREMENT_CATEGORICAL//18669//8,OMOP//OMOP_CONCEPT//4012185,,True,,OMOP_CONCEPT,4012185,,Cardiovascular surgical procedure,AMSTEL,itemid_valueid,high
MEASUREMENT_CATEGORICAL//18671//261,OMOP//OMOP_CONCEPT//3654996,,True,,OMOP_CONCEPT,3654996,,Peripheral arterial disease,AMSTEL,itemid_valueid,high
MEASUREMENT_CATEGORICAL//18673//683,OMOP//OMOP_CONCEPT//314054,,True,,OMOP_CONCEPT,314054,,Aortic valve disorder,AMSTEL,itemid_valueid,high
MEASUREMENT_CATEGORICAL//19253//26,OMOP//OMOP_CONCEPT//4093683,,True,,OMOP_CONCEPT,4093683,,Visible muscle contraction only,AMSTEL,itemid_valueid,high
MEASUREMENT_CATEGORICAL//19838//4,,,False,,,,,,,,unmapped
MEASUREMENT_CATEGORICAL//20137//1,,,False,,,,,,,,unmapped
MEASUREMENT_CATEGORICAL//17018//25,,,False,,,,,,,,unmapped
MEASUREMENT_CATEGORICAL//18670//94,OMOP//OMOP_CONCEPT//4120088,,True,,OMOP_CONCEPT,4120088,,Cardiac arrest with successful resuscitation,AMSTEL,itemid_valueid,high
MEASUREMENT_CATEGORICAL//18671//236,OMOP//OMOP_CONCEPT//317576,,True,,OMOP_CONCEPT,317576,,Coronary arteriosclerosis,AMSTEL,itemid_valueid,high
MEASUREMENT_CATEGORICAL//19260//68,OMOP//OMOP_CONCEPT//4093683,,True,,OMOP_CONCEPT,4093683,,Visible muscle contraction only,AMSTEL,itemid_valueid,high
MEASUREMENT_CATEGORICAL//12621//3,SNOMED//4025210,,True,,SNOMED,4025210,,4025210,AMSTEL,source_code,high
MEASUREMENT_CATEGORICAL//17009//13,OMOP//OMOP_CONCEPT//200447,,True,,OMOP_CONCEPT,200447,,Gastrointestinal complication,AMSTEL,itemid_valueid,high
MEASUREMENT_CATEGORICAL//18669//13,OMOP//OMOP_CONCEPT//4044013,,True,,OMOP_CONCEPT,4044013,,Hematologic neoplasm,AMSTEL,itemid_valueid,high
MEASUREMENT_CATEGORICAL//18671//298,OMOP//OMOP_CONCEPT//31610,,True,,OMOP_CONCEPT,31610,,Disorder of esophagus,AMSTEL,itemid_valueid,high
MEASUREMENT_CATEGORICAL//18671//421,OMOP//OMOP_CONCEPT//200588,,True,,OMOP_CONCEPT,200588,,Injury of abdomen,AMSTEL,itemid_valueid,high
MEASUREMENT_CATEGORICAL//8654//3,OMOP//OMOP_CONCEPT//4117262,,False,,OMOP_CONCEPT,4117262,,Peripheral pulse absent,AMSTEL,itemid_valueid,low
MEASUREMENT_CATEGORICAL//12623//10,LOINC//3046004,,True,,LOINC,3046004,,3046004,AMSTEL,source_code,high
MEASUREMENT_CATEGORICAL//17002//12,OMOP//OMOP_CONCEPT//31821,,True,,OMOP_CONCEPT,31821,,Disorder of endocrine system,AMSTEL,itemid_valueid,high
MEASUREMENT_CATEGORICAL//19720//2,,,False,,,,,,,,unmapped
MEASUREMENT_CATEGORICAL//20006//2,,,False,,,,,,,,unmapped
MEASUREMENT_CATEGORICAL//10470//5,SNOMED//763892,,True,,SNOMED,763892,,763892,AMSTEL,source_code,high
MEASUREMENT_CATEGORICAL//12111//7,LOINC//36203284,,True,,LOINC,36203284,,36203284,AMSTEL,source_code,high
MEASUREMENT_CATEGORICAL//8732//17,SNOMED//4085985,,False,,SNOMED,4085985,,4085985,AMSTEL,source_code,high
MEASUREMENT_CATEGORICAL//10467//5,LOINC//3046344,,True,,LOINC,3046344,,3046344,AMSTEL,source_code,high
MEASUREMENT_CATEGORICAL//12110//5,LOINC//36203284,,True,,LOINC,36203284,,36203284,AMSTEL,source_code,high
MEASUREMENT_CATEGORICAL//12614//4,OMOP//OMOP_CONCEPT//4105971,,True,,OMOP_CONCEPT,4105971,,Approach via gastrostomy,AMSTEL,itemid_valueid,high
MEASUREMENT_CATEGORICAL//13133//1,OMOP//OMOP_CONCEPT//4192647,,True,,OMOP_CONCEPT,4192647,,Hypovolemic shock,AMSTEL,itemid_valueid,high
MEASUREMENT_CATEGORICAL//18671//94,OMOP//OMOP_CONCEPT//4096947,,True,,OMOP_CONCEPT,4096947,,Disorder of acid-base balance,AMSTEL,itemid_valueid,high
MEASUREMENT_CATEGORICAL//19251//18,OMOP//OMOP_CONCEPT//4093685,,True,,OMOP_CONCEPT,4093685,,Movement against resistance,AMSTEL,itemid_valueid,high
MEASUREMENT_CATEGORICAL//16647//10,OMOP//OMOP_CONCEPT//37018761,,True,,OMOP_CONCEPT,37018761,,Chronic kidney disease stage 5 with transplant,AMSTEL,itemid_valueid,high
MEASUREMENT_CATEGORICAL//18671//44,OMOP//OMOP_CONCEPT//4278217,,True,,OMOP_CONCEPT,4278217,,Arterial thrombosis,AMSTEL,itemid_valueid,high
MEASUREMENT_CATEGORICAL//19250//12,OMOP//OMOP_CONCEPT//4093685,,True,,OMOP_CONCEPT,4093685,,Movement against resistance,AMSTEL,itemid_valueid,high
MEASUREMENT_CATEGORICAL//19252//24,OMOP//OMOP_CONCEPT//4093685,,True,,OMOP_CONCEPT,4093685,,Movement against resistance,AMSTEL,itemid_valueid,high
MEASUREMENT_CATEGORICAL//19257//54,OMOP//OMOP_CONCEPT//4093685,,True,,OMOP_CONCEPT,4093685,,Movement against resistance,AMSTEL,itemid_valueid,high
MEASUREMENT_CATEGORICAL//16228//3,,,False,,,,,,,,unmapped
MEASUREMENT_CATEGORICAL//17007//13,OMOP//OMOP_CONCEPT//4094683,,True,,OMOP_CONCEPT,4094683,,Chest injury,AMSTEL,itemid_valueid,high
MEASUREMENT_CATEGORICAL//18597//2,OMOP//OMOP_CONCEPT//4012185,,True,,OMOP_CONCEPT,4012185,,Cardiovascular surgical procedure,AMSTEL,itemid_valueid,high
MEASUREMENT_CATEGORICAL//18671//255,OMOP//OMOP_CONCEPT//4153380,,True,,OMOP_CONCEPT,4153380,,Disorder of carotid artery,AMSTEL,itemid_valueid,high
MEASUREMENT_CATEGORICAL//18671//302,OMOP//OMOP_CONCEPT//4129389,,True,,OMOP_CONCEPT,4129389,,Gastrointestinal obstruction,AMSTEL,itemid_valueid,high
MEASUREMENT_CATEGORICAL//18671//396,OMOP//OMOP_CONCEPT//4119939,,True,,OMOP_CONCEPT,4119939,,Bronchopleural fistula,AMSTEL,itemid_valueid,high
MEASUREMENT_CATEGORICAL//19260//72,OMOP//OMOP_CONCEPT//4093685,,True,,OMOP_CONCEPT,4093685,,Movement against resistance,AMSTEL,itemid_valueid,high
MEASUREMENT_CATEGORICAL//6685//1,LOINC//3004921,,True,,LOINC,3004921,,3004921,AMSTEL,source_code,high
MEASUREMENT_CATEGORICAL//13129//2,OMOP//OMOP_CONCEPT//40489862,,True,,OMOP_CONCEPT,40489862,,Excision of meningioma by supratentorial approach,AMSTEL,itemid_valueid,high
MEASUREMENT_CATEGORICAL//17004//4,OMOP//OMOP_CONCEPT//381316,,True,,OMOP_CONCEPT,381316,,Cerebrovascular accident,AMSTEL,itemid_valueid,high
MEASUREMENT_CATEGORICAL//17008//19,OMOP//OMOP_CONCEPT//317576,,True,,OMOP_CONCEPT,317576,,Coronary arteriosclerosis,AMSTEL,itemid_valueid,high
MEASUREMENT_CATEGORICAL//18697//1,,,False,,,,,,,,unmapped
MEASUREMENT_CATEGORICAL//19727//2,,,False,,,,,,,,unmapped
MEASUREMENT_CATEGORICAL//13118//8,OMOP//OMOP_CONCEPT//436136,,True,,OMOP_CONCEPT,436136,,Dissection of thoracic aorta,AMSTEL,itemid_valueid,high
MEASUREMENT_CATEGORICAL//16179//1,SNOMED//604177,,True,,SNOMED,604177,,604177,AMSTEL,source_code,high
MEASUREMENT_CATEGORICAL//17029//74,OMOP//OMOP_CONCEPT//314054,,True,,OMOP_CONCEPT,314054,,Aortic valve disorder,AMSTEL,itemid_valueid,high
MEASUREMENT_CATEGORICAL//18603//26,,,False,,,,,,,,unmapped
MEASUREMENT_CATEGORICAL//19256//48,OMOP//OMOP_CONCEPT//4093685,,True,,OMOP_CONCEPT,4093685,,Movement against resistance,AMSTEL,itemid_valueid,high
MEASUREMENT_CATEGORICAL//16640//9,LOINC//3013144,,True,,LOINC,3013144,,3013144,AMSTEL,source_code,high
MEASUREMENT_CATEGORICAL//17008//5,OMOP//OMOP_CONCEPT//195559,,True,,OMOP_CONCEPT,195559,,Ruptured abdominal aortic aneurysm,AMSTEL,itemid_valueid,high
MEASUREMENT_CATEGORICAL//18669//36,OMOP//OMOP_CONCEPT//4148882,,True,,OMOP_CONCEPT,4148882,,Hemorrhagic shock,AMSTEL,itemid_valueid,high
MEASUREMENT_CATEGORICAL//18671//168,OMOP//OMOP_CONCEPT//253796,,True,,OMOP_CONCEPT,253796,,Pneumothorax,AMSTEL,itemid_valueid,high
MEASUREMENT_CATEGORICAL//6671//10,OMOP//OMOP_CONCEPT//4095285,,True,,OMOP_CONCEPT,4095285,,ST segment depression,AMSTEL,itemid_valueid,high
MEASUREMENT_CATEGORICAL//18671//374,OMOP//OMOP_CONCEPT//4108768,,True,,OMOP_CONCEPT,4108768,,Decompression laminectomy,AMSTEL,itemid_valueid,high
MEASUREMENT_CATEGORICAL//19890//6,,,False,,,,,,,,unmapped
MEASUREMENT_CATEGORICAL//12823//2,OMOP//OMOP_CONCEPT//37156238,,True,,OMOP_CONCEPT,37156238,,Pressure injury stage I,AMSTEL,itemid_valueid,high
MEASUREMENT_CATEGORICAL//19805//17,,,False,,,,,,,,unmapped
MEASUREMENT_CATEGORICAL//12828//2,OMOP//OMOP_CONCEPT//37156238,,True,,OMOP_CONCEPT,37156238,,Pressure injury stage I,AMSTEL,itemid_valueid,high
MEASUREMENT_CATEGORICAL//12834//2,OMOP//OMOP_CONCEPT//37156238,,True,,OMOP_CONCEPT,37156238,,Pressure injury stage I,AMSTEL,itemid_valueid,high
MEASUREMENT_CATEGORICAL//16952//3,,,False,,,,,,,,unmapped
MEASUREMENT_CATEGORICAL//18669//43,OMOP//OMOP_CONCEPT//443727,,True,,OMOP_CONCEPT,443727,,Diabetic ketoacidosis,AMSTEL,itemid_valueid,high
MEASUREMENT_CATEGORICAL//20144//1,,,False,,,,,,,,unmapped
MEASUREMENT_CATEGORICAL//12128//8,OMOP//OMOP_CONCEPT//38003902,,False,,OMOP_CONCEPT,38003902,,Gynecology,AMSTEL,itemid_valueid,high
MEASUREMENT_CATEGORICAL//12824//3,OMOP//OMOP_CONCEPT//37156240,,True,,OMOP_CONCEPT,37156240,,Pressure injury stage II,AMSTEL,itemid_valueid,high
MEASUREMENT_CATEGORICAL//18671//140,OMOP//OMOP_CONCEPT//4174619,,True,,OMOP_CONCEPT,4174619,,Sedative overdose,AMSTEL,itemid_valueid,high
MEASUREMENT_CATEGORICAL//18671//196,OMOP//OMOP_CONCEPT//4094683,,True,,OMOP_CONCEPT,4094683,,Chest injury,AMSTEL,itemid_valueid,high
MEASUREMENT_CATEGORICAL//20147//2,,,False,,,,,,,,unmapped
MEASUREMENT_CATEGORICAL//7969//15,,,False,,,,,,,,unmapped
MEASUREMENT_CATEGORICAL//13410//4,LOINC//40758173,,True,,LOINC,40758173,,40758173,AMSTEL,source_code,high
MEASUREMENT_CATEGORICAL//17005//10,OMOP//OMOP_CONCEPT//440417,,True,,OMOP_CONCEPT,440417,,Pulmonary embolism,AMSTEL,itemid_valueid,high
MEASUREMENT_CATEGORICAL//18671//2,OMOP//OMOP_CONCEPT//320739,,True,,OMOP_CONCEPT,320739,,Dissection of aorta,AMSTEL,itemid_valueid,high
MEASUREMENT_CATEGORICAL//20626//2,,,False,,,,,,,,unmapped
MEASUREMENT_CATEGORICAL//9593//9,LOINC//3024265,,True,,LOINC,3024265,,3024265,AMSTEL,source_code,high
MEASUREMENT_CATEGORICAL//13116//11,OMOP//OMOP_CONCEPT//134057,,True,,OMOP_CONCEPT,134057,,Disorder of cardiovascular system,AMSTEL,itemid_valueid,high
MEASUREMENT_CATEGORICAL//13410//5,LOINC//40758173,,True,,LOINC,40758173,,40758173,AMSTEL,source_code,high
MEASUREMENT_CATEGORICAL//18671//358,OMOP//OMOP_CONCEPT//4010109,,True,,OMOP_CONCEPT,4010109,,Operation on joint,AMSTEL,itemid_valueid,high
MEASUREMENT_CATEGORICAL//8730//10,OMOP//OMOP_CONCEPT//4283159,,True,,OMOP_CONCEPT,4283159,,Left upper arm structure,AMSTEL,itemid_valueid,high
MEASUREMENT_CATEGORICAL//8825//1,OMOP//OMOP_CONCEPT//4038688,,True,,OMOP_CONCEPT,4038688,,AV junctional rhythm,AMSTEL,itemid_valueid,high
MEASUREMENT_CATEGORICAL//9233//12,SNOMED//4287468,,True,,SNOMED,4287468,,4287468,AMSTEL,source_code,high
MEASUREMENT_CATEGORICAL//13120//5,OMOP//OMOP_CONCEPT//4332246,,True,,OMOP_CONCEPT,4332246,,Aneurysm,AMSTEL,itemid_valueid,high
MEASUREMENT_CATEGORICAL//13124//3,OMOP//OMOP_CONCEPT//375415,,True,,OMOP_CONCEPT,375415,,Injury of head,AMSTEL,itemid_valueid,high
MEASUREMENT_CATEGORICAL//13134//10,OMOP//OMOP_CONCEPT//602985,,True,,OMOP_CONCEPT,602985,,Intoxication,AMSTEL,itemid_valueid,high
MEASUREMENT_CATEGORICAL//14169//1,SNOMED//4090784,,True,,SNOMED,4090784,,4090784,AMSTEL,source_code,high
MEASUREMENT_CATEGORICAL//18603//21,,,False,,,,,,,,unmapped
MEASUREMENT_CATEGORICAL//19255//38,OMOP//OMOP_CONCEPT//4093683,,True,,OMOP_CONCEPT,4093683,,Visible muscle contraction only,AMSTEL,itemid_valueid,high
MEASUREMENT_CATEGORICAL//8654//4,,,False,,,,,,,,unmapped
MEASUREMENT_CATEGORICAL//8732//15,SNOMED//4085985,,False,,SNOMED,4085985,,4085985,AMSTEL,source_code,high
MEASUREMENT_CATEGORICAL//18671//207,OMOP//OMOP_CONCEPT//375415,,True,,OMOP_CONCEPT,375415,,Injury of head,AMSTEL,itemid_valueid,high
MEASUREMENT_CATEGORICAL//18671//393,OMOP//OMOP_CONCEPT//4073393,,True,,OMOP_CONCEPT,4073393,,Opening of chest,AMSTEL,itemid_valueid,high
MEASUREMENT_CATEGORICAL//19254//33,OMOP//OMOP_CONCEPT//4097166,,True,,OMOP_CONCEPT,4097166,,Movement with gravity eliminated,AMSTEL,itemid_valueid,high
MEASUREMENT_CATEGORICAL//21234//24,,,False,,,,,,,,unmapped
MEASUREMENT_CATEGORICAL//12110//2,LOINC//36203284,,True,,LOINC,36203284,,36203284,AMSTEL,source_code,high
MEASUREMENT_CATEGORICAL//12821//5,OMOP//OMOP_CONCEPT//37156242,,True,,OMOP_CONCEPT,37156242,,Pressure injury stage IV,AMSTEL,itemid_valueid,high
MEASUREMENT_CATEGORICAL//17004//16,OMOP//OMOP_CONCEPT//376337,,True,,OMOP_CONCEPT,376337,,Disorder of nervous system,AMSTEL,itemid_valueid,high
MEASUREMENT_CATEGORICAL//18595//4,OMOP//OMOP_CONCEPT//440417,,True,,OMOP_CONCEPT,440417,,Pulmonary embolism,AMSTEL,itemid_valueid,high
MEASUREMENT_CATEGORICAL//18604//16,OMOP//OMOP_CONCEPT//319835,,True,,OMOP_CONCEPT,319835,,Congestive heart failure,AMSTEL,itemid_valueid,high
MEASUREMENT_CATEGORICAL//18670//88,OMOP//OMOP_CONCEPT//4023479,,True,,OMOP_CONCEPT,4023479,,Acute congestive heart failure,AMSTEL,itemid_valueid,high
MEASUREMENT_CATEGORICAL//18671//7,OMOP//OMOP_CONCEPT//321319,,True,,OMOP_CONCEPT,321319,,Cardiomyopathy,AMSTEL,itemid_valueid,high
MEASUREMENT_CATEGORICAL//20000//1,,,False,,,,,,,,unmapped
MEASUREMENT_CATEGORICAL//9233//13,SNOMED//4287468,,True,,SNOMED,4287468,,4287468,AMSTEL,source_code,high
MEASUREMENT_CATEGORICAL//9534//2,LOINC//3004921,,True,,LOINC,3004921,,3004921,AMSTEL,source_code,high
MEASUREMENT_CATEGORICAL//16651//10,,,False,,,,,,,,unmapped
MEASUREMENT_CATEGORICAL//19890//4,,,False,,,,,,,,unmapped
MEASUREMENT_CATEGORICAL//12129//2,LOINC//3046359,,True,,LOINC,3046359,,3046359,AMSTEL,source_code,high
MEASUREMENT_CATEGORICAL//13125//2,OMOP//OMOP_CONCEPT//320136,,True,,OMOP_CONCEPT,320136,,Disorder of respiratory system,AMSTEL,itemid_valueid,high
MEASUREMENT_CATEGORICAL//13132//1,OMOP//OMOP_CONCEPT//380834,,True,,OMOP_CONCEPT,380834,,Coma,AMSTEL,itemid_valueid,high
MEASUREMENT_CATEGORICAL//13145//1,OMOP//OMOP_CONCEPT//201965,,True,,OMOP_CONCEPT,201965,,Shock,AMSTEL,itemid_valueid,high
MEASUREMENT_CATEGORICAL//17005//11,OMOP//OMOP_CONCEPT//257004,,True,,OMOP_CONCEPT,257004,,Acute exacerbation of chronic obstructive airways disease,AMSTEL,itemid_valueid,high
MEASUREMENT_CATEGORICAL//18589//3,OMOP//OMOP_CONCEPT//317576,,True,,OMOP_CONCEPT,317576,,Coronary arteriosclerosis,AMSTEL,itemid_valueid,high
MEASUREMENT_CATEGORICAL//18671//254,OMOP//OMOP_CONCEPT//321887,,True,,OMOP_CONCEPT,321887,,Disorder of artery,AMSTEL,itemid_valueid,high
MEASUREMENT_CATEGORICAL//19254//36,OMOP//OMOP_CONCEPT//4093685,,True,,OMOP_CONCEPT,4093685,,Movement against resistance,AMSTEL,itemid_valueid,high
MEASUREMENT_CATEGORICAL//20004//2,,,False,,,,,,,,unmapped
MEASUREMENT_CATEGORICAL//12110//29,LOINC//36203284,,True,,LOINC,36203284,,36203284,AMSTEL,source_code,high
MEASUREMENT_CATEGORICAL//12132//9,SNOMED//4152283,,True,,SNOMED,4152283,,4152283,AMSTEL,source_code,high
MEASUREMENT_CATEGORICAL//13126//1,OMOP//OMOP_CONCEPT//196653,,True,,OMOP_CONCEPT,196653,,Malignant tumor of kidney,AMSTEL,itemid_valueid,high
MEASUREMENT_CATEGORICAL//16179//6,SNOMED//604177,,True,,SNOMED,604177,,604177,AMSTEL,source_code,high
MEASUREMENT_CATEGORICAL//12498//2,OMOP//OMOP_CONCEPT//45878583,,True,,OMOP_CONCEPT,45878583,,Negative,AMSTEL,itemid_valueid,high
MEASUREMENT_CATEGORICAL//17008//45,OMOP//OMOP_CONCEPT//319843,,True,,OMOP_CONCEPT,319843,,Mitral valve disorder,AMSTEL,itemid_valueid,high
MEASUREMENT_CATEGORICAL//18671//376,OMOP//OMOP_CONCEPT//4130040,,True,,OMOP_CONCEPT,4130040,,Neoplasm of spinal cord,AMSTEL,itemid_valueid,high
MEASUREMENT_CATEGORICAL//18671//49,OMOP//OMOP_CONCEPT//192671,,True,,OMOP_CONCEPT,192671,,Gastrointestinal hemorrhage,AMSTEL,itemid_valueid,high
MEASUREMENT_CATEGORICAL//18673//615,OMOP//OMOP_CONCEPT//257315,,True,,OMOP_CONCEPT,257315,,Bacterial pneumonia,AMSTEL,itemid_valueid,high
MEASUREMENT_CATEGORICAL//13135//3,OMOP//OMOP_CONCEPT//4245975,,True,,OMOP_CONCEPT,4245975,,Hepatic failure,AMSTEL,itemid_valueid,high
MEASUREMENT_CATEGORICAL//16448//4,SNOMED//4052413,,True,,SNOMED,4052413,,4052413,AMSTEL,source_code,high
MEASUREMENT_CATEGORICAL//16643//14,OMOP//OMOP_CONCEPT//4112603,,True,,OMOP_CONCEPT,4112603,,"Tumor of esophagus, stomach and duodenum",AMSTEL,itemid_valueid,high
MEASUREMENT_CATEGORICAL//16669//9,,,False,,,,,,,,unmapped
MEASUREMENT_CATEGORICAL//17008//35,OMOP//OMOP_CONCEPT//4153380,,True,,OMOP_CONCEPT,4153380,,Disorder of carotid artery,AMSTEL,itemid_valueid,high
MEASUREMENT_CATEGORICAL//17014//19,OMOP//OMOP_CONCEPT//380378,,True,,OMOP_CONCEPT,380378,,Epilepsy,AMSTEL,itemid_valueid,high
MEASUREMENT_CATEGORICAL//18595//9,OMOP//OMOP_CONCEPT//602985,,True,,OMOP_CONCEPT,602985,,Intoxication,AMSTEL,itemid_valueid,high
MEASUREMENT_CATEGORICAL//19727//3,,,False,,,,,,,,unmapped
MEASUREMENT_CATEGORICAL//16448//6,SNOMED//4052413,,True,,SNOMED,4052413,,4052413,AMSTEL,source_code,high
MEASUREMENT_CATEGORICAL//12807//6,OMOP//OMOP_CONCEPT//37156242,,True,,OMOP_CONCEPT,37156242,,Pressure injury stage IV,AMSTEL,itemid_valueid,high
MEASUREMENT_CATEGORICAL//13066//3,LOINC//3013144,,True,,LOINC,3013144,,3013144,AMSTEL,source_code,high
MEASUREMENT_CATEGORICAL//13138//1,OMOP//OMOP_CONCEPT//444044,,True,,OMOP_CONCEPT,444044,,Acute tubular necrosis,AMSTEL,itemid_valueid,high
MEASUREMENT_CATEGORICAL//17009//21,OMOP//OMOP_CONCEPT//4000610,,True,,OMOP_CONCEPT,4000610,,Disorder of gastrointestinal tract,AMSTEL,itemid_valueid,high
MEASUREMENT_CATEGORICAL//18671//363,OMOP//OMOP_CONCEPT//376337,,True,,OMOP_CONCEPT,376337,,Disorder of nervous system,AMSTEL,itemid_valueid,high
MEASUREMENT_CATEGORICAL//18692//2,,,False,,,,,,,,unmapped
MEASUREMENT_CATEGORICAL//12111//6,LOINC//36203284,,True,,LOINC,36203284,,36203284,AMSTEL,source_code,high
MEASUREMENT_CATEGORICAL//12834//6,OMOP//OMOP_CONCEPT//37156242,,True,,OMOP_CONCEPT,37156242,,Pressure injury stage IV,AMSTEL,itemid_valueid,high
MEASUREMENT_CATEGORICAL//16179//7,SNOMED//604177,,True,,SNOMED,604177,,604177,AMSTEL,source_code,high
MEASUREMENT_CATEGORICAL//16627//4,SNOMED//37154585,,True,,SNOMED,37154585,,37154585,AMSTEL,source_code,high
MEASUREMENT_CATEGORICAL//18671//31,OMOP//OMOP_CONCEPT//4248028,,True,,OMOP_CONCEPT,4248028,,Supraventricular arrhythmia,AMSTEL,itemid_valueid,high
MEASUREMENT_CATEGORICAL//19254//32,OMOP//OMOP_CONCEPT//4093683,,True,,OMOP_CONCEPT,4093683,,Visible muscle contraction only,AMSTEL,itemid_valueid,high
MEASUREMENT_CATEGORICAL//12109//21,LOINC//36203284,,True,,LOINC,36203284,,36203284,AMSTEL,source_code,high
MEASUREMENT_CATEGORICAL//18671//123,OMOP//OMOP_CONCEPT//378143,,True,,OMOP_CONCEPT,378143,,Encephalitis,AMSTEL,itemid_valueid,high
MEASUREMENT_CATEGORICAL//18671//147,OMOP//OMOP_CONCEPT//4195694,,True,,OMOP_CONCEPT,4195694,,Acute respiratory distress syndrome,AMSTEL,itemid_valueid,high
MEASUREMENT_CATEGORICAL//18671//159,OMOP//OMOP_CONCEPT//44782560,,True,,OMOP_CONCEPT,44782560,,Idiopathic pulmonary arterial hypertension,AMSTEL,itemid_valueid,high
MEASUREMENT_CATEGORICAL//18671//203,OMOP//OMOP_CONCEPT//375415,,True,,OMOP_CONCEPT,375415,,Injury of head,AMSTEL,itemid_valueid,high
MEASUREMENT_CATEGORICAL//18673//466,OMOP//OMOP_CONCEPT//4023479,,True,,OMOP_CONCEPT,4023479,,Acute congestive heart failure,AMSTEL,itemid_valueid,high
MEASUREMENT_CATEGORICAL//19817//4,,,False,,,,,,,,unmapped
MEASUREMENT_CATEGORICAL//8732//3,SNOMED//4085985,,False,,SNOMED,4085985,,4085985,AMSTEL,source_code,high
MEASUREMENT_CATEGORICAL//13313//1,,,False,,,,,,,,unmapped
MEASUREMENT_CATEGORICAL//17000//6,OMOP//OMOP_CONCEPT//197320,,True,,OMOP_CONCEPT,197320,,Acute kidney injury,AMSTEL,itemid_valueid,high
MEASUREMENT_CATEGORICAL//18588//5,,,False,,,,,,,,unmapped
MEASUREMENT_CATEGORICAL//18599//1,OMOP//OMOP_CONCEPT//31821,,True,,OMOP_CONCEPT,31821,,Disorder of endocrine system,AMSTEL,itemid_valueid,high
MEASUREMENT_CATEGORICAL//18607//3,OMOP//OMOP_CONCEPT//31821,,True,,OMOP_CONCEPT,31821,,Disorder of endocrine system,AMSTEL,itemid_valueid,high
MEASUREMENT_CATEGORICAL//19712//6,,,False,,,,,,,,unmapped
MEASUREMENT_CATEGORICAL//18671//230,OMOP//OMOP_CONCEPT//314054,,True,,OMOP_CONCEPT,314054,,Aortic valve disorder,AMSTEL,itemid_valueid,high
MEASUREMENT_CATEGORICAL//18671//246,OMOP//OMOP_CONCEPT//4148948,,True,,OMOP_CONCEPT,4148948,,Vascular surgery procedure,AMSTEL,itemid_valueid,high
MEASUREMENT_CATEGORICAL//18671//438,OMOP//OMOP_CONCEPT//133468,,True,,OMOP_CONCEPT,133468,,Disorder of limb,AMSTEL,itemid_valueid,high
MEASUREMENT_CATEGORICAL//19255//42,OMOP//OMOP_CONCEPT//4093685,,True,,OMOP_CONCEPT,4093685,,Movement against resistance,AMSTEL,itemid_valueid,high
MEASUREMENT_CATEGORICAL//20015//5,,,False,,,,,,,,unmapped
MEASUREMENT_CATEGORICAL//12514//6,SNOMED//4122997,,True,,SNOMED,4122997,,4122997,AMSTEL,source_code,high
MEASUREMENT_CATEGORICAL//13105//2,,,False,,,,,,,,unmapped
MEASUREMENT_CATEGORICAL//13119//3,OMOP//OMOP_CONCEPT//258369,,True,,OMOP_CONCEPT,258369,,Primary malignant neoplasm of lung,AMSTEL,itemid_valueid,high
MEASUREMENT_CATEGORICAL//16057//15,OMOP//OMOP_CONCEPT//4116701,,True,,OMOP_CONCEPT,4116701,,Hemorrhagic,AMSTEL,itemid_valueid,high
MEASUREMENT_CATEGORICAL//16411//1,,,False,,,,,,,,unmapped
MEASUREMENT_CATEGORICAL//17026//45,OMOP//OMOP_CONCEPT//257315,,True,,OMOP_CONCEPT,257315,,Bacterial pneumonia,AMSTEL,itemid_valueid,high
MEASUREMENT_CATEGORICAL//18603//24,,,False,,,,,,,,unmapped
MEASUREMENT_CATEGORICAL//18671//305,OMOP//OMOP_CONCEPT//192673,,True,,OMOP_CONCEPT,192673,,Vascular insufficiency of intestine,AMSTEL,itemid_valueid,high
MEASUREMENT_CATEGORICAL//18673//528,OMOP//OMOP_CONCEPT//197320,,True,,OMOP_CONCEPT,197320,,Acute kidney injury,AMSTEL,itemid_valueid,high
MEASUREMENT_CATEGORICAL//19258//57,OMOP//OMOP_CONCEPT//4097166,,True,,OMOP_CONCEPT,4097166,,Movement with gravity eliminated,AMSTEL,itemid_valueid,high
MEASUREMENT_CATEGORICAL//6685//13,LOINC//3004921,,True,,LOINC,3004921,,3004921,AMSTEL,source_code,high
MEASUREMENT_CATEGORICAL//10472//45,SNOMED//44810687,,True,,SNOMED,44810687,,44810687,AMSTEL,source_code,high
MEASUREMENT_CATEGORICAL//13118//7,OMOP//OMOP_CONCEPT//443622,,True,,OMOP_CONCEPT,443622,,Aneurysm of thoracic aorta,AMSTEL,itemid_valueid,high
MEASUREMENT_CATEGORICAL//13126//4,OMOP//OMOP_CONCEPT//4129747,,True,,OMOP_CONCEPT,4129747,,Operation on female genital organs,AMSTEL,itemid_valueid,high
MEASUREMENT_CATEGORICAL//17019//60,OMOP//OMOP_CONCEPT//319835,,True,,OMOP_CONCEPT,319835,,Congestive heart failure,AMSTEL,itemid_valueid,high
MEASUREMENT_CATEGORICAL//19712//3,,,False,,,,,,,,unmapped
MEASUREMENT_CATEGORICAL//19722//1,,,False,,,,,,,,unmapped
MEASUREMENT_CATEGORICAL//19730//5,,,False,,,,,,,,unmapped
MEASUREMENT_CATEGORICAL//20140//2,,,False,,,,,,,,unmapped
MEASUREMENT_CATEGORICAL//12614//5,OMOP//OMOP_CONCEPT//4127144,,True,,OMOP_CONCEPT,4127144,,Approach via jejunostomy,AMSTEL,itemid_valueid,high
MEASUREMENT_CATEGORICAL//13124//9,OMOP//OMOP_CONCEPT//4095850,,True,,OMOP_CONCEPT,4095850,,Spinal injury,AMSTEL,itemid_valueid,high
MEASUREMENT_CATEGORICAL//17021//15,OMOP//OMOP_CONCEPT//197320,,True,,OMOP_CONCEPT,197320,,Acute kidney injury,AMSTEL,itemid_valueid,high
MEASUREMENT_CATEGORICAL//18671//23,OMOP//OMOP_CONCEPT//434376,,True,,OMOP_CONCEPT,434376,,Acute myocardial infarction of anterior wall,AMSTEL,itemid_valueid,high
MEASUREMENT_CATEGORICAL//19252//21,OMOP//OMOP_CONCEPT//4097166,,True,,OMOP_CONCEPT,4097166,,Movement with gravity eliminated,AMSTEL,itemid_valueid,high
MEASUREMENT_CATEGORICAL//19257//51,OMOP//OMOP_CONCEPT//4097166,,True,,OMOP_CONCEPT,4097166,,Movement with gravity eliminated,AMSTEL,itemid_valueid,high
MEASUREMENT_CATEGORICAL//12128//18,OMOP//OMOP_CONCEPT//38004507,,False,,OMOP_CONCEPT,38004507,,Medical Oncology,AMSTEL,itemid_valueid,high
MEASUREMENT_CATEGORICAL//18602//3,OMOP//OMOP_CONCEPT//318459,,True,,OMOP_CONCEPT,318459,,Respiratory insufficiency,AMSTEL,itemid_valueid,high
MEASUREMENT_CATEGORICAL//18670//99,OMOP//OMOP_CONCEPT//436670,,True,,OMOP_CONCEPT,436670,,Metabolic disease,AMSTEL,itemid_valueid,high
MEASUREMENT_CATEGORICAL//19726//3,,,False,,,,,,,,unmapped
MEASUREMENT_CATEGORICAL//17007//19,OMOP//OMOP_CONCEPT//375415,,True,,OMOP_CONCEPT,375415,,Injury of head,AMSTEL,itemid_valueid,high
MEASUREMENT_CATEGORICAL//18671//170,OMOP//OMOP_CONCEPT//4266931,,True,,OMOP_CONCEPT,4266931,,Restrictive lung disease,AMSTEL,itemid_valueid,high
MEASUREMENT_CATEGORICAL//19250//8,OMOP//OMOP_CONCEPT//4093683,,True,,OMOP_CONCEPT,4093683,,Visible muscle contraction only,AMSTEL,itemid_valueid,high
MEASUREMENT_CATEGORICAL//19251//14,OMOP//OMOP_CONCEPT//4093683,,True,,OMOP_CONCEPT,4093683,,Visible muscle contraction only,AMSTEL,itemid_valueid,high
MEASUREMENT_CATEGORICAL//19251//15,OMOP//OMOP_CONCEPT//4097166,,True,,OMOP_CONCEPT,4097166,,Movement with gravity eliminated,AMSTEL,itemid_valueid,high
MEASUREMENT_CATEGORICAL//20140//1,,,False,,,,,,,,unmapped
MEASUREMENT_CATEGORICAL//10472//41,SNOMED//44810687,,True,,SNOMED,44810687,,44810687,AMSTEL,source_code,high
MEASUREMENT_CATEGORICAL//13116//4,OMOP//OMOP_CONCEPT//43020630,,True,,OMOP_CONCEPT,43020630,,Disorder of aortic valve prosthesis,AMSTEL,itemid_valueid,high
MEASUREMENT_CATEGORICAL//16685//2,LOINC//46237002,,True,,LOINC,46237002,,46237002,AMSTEL,source_code,high
MEASUREMENT_CATEGORICAL//18604//18,OMOP//OMOP_CONCEPT//44784217,,True,,OMOP_CONCEPT,44784217,,Cardiac arrhythmia,AMSTEL,itemid_valueid,high
MEASUREMENT_CATEGORICAL//18605//3,OMOP//OMOP_CONCEPT//4000610,,True,,OMOP_CONCEPT,4000610,,Disorder of gastrointestinal tract,AMSTEL,itemid_valueid,high
MEASUREMENT_CATEGORICAL//19250//9,OMOP//OMOP_CONCEPT//4097166,,True,,OMOP_CONCEPT,4097166,,Movement with gravity eliminated,AMSTEL,itemid_valueid,high
MEASUREMENT_CATEGORICAL//21042//7,,,False,,,,,,,,unmapped
MEASUREMENT_CATEGORICAL//17015//9,OMOP//OMOP_CONCEPT//320136,,True,,OMOP_CONCEPT,320136,,Disorder of respiratory system,AMSTEL,itemid_valueid,high
MEASUREMENT_CATEGORICAL//18601//2,OMOP//OMOP_CONCEPT//4022014,,True,,OMOP_CONCEPT,4022014,,Radical nephrectomy,AMSTEL,itemid_valueid,high
MEASUREMENT_CATEGORICAL//18671//401,OMOP//OMOP_CONCEPT//320136,,True,,OMOP_CONCEPT,320136,,Disorder of respiratory system,AMSTEL,itemid_valueid,high
MEASUREMENT_CATEGORICAL//18671//83,OMOP//OMOP_CONCEPT//4044013,,True,,OMOP_CONCEPT,4044013,,Hematologic neoplasm,AMSTEL,itemid_valueid,high
MEASUREMENT_CATEGORICAL//19256//45,OMOP//OMOP_CONCEPT//4097166,,True,,OMOP_CONCEPT,4097166,,Movement with gravity eliminated,AMSTEL,itemid_valueid,high
MEASUREMENT_CATEGORICAL//19259//66,OMOP//OMOP_CONCEPT//4093685,,True,,OMOP_CONCEPT,4093685,,Movement against resistance,AMSTEL,itemid_valueid,high
MEASUREMENT_CATEGORICAL//12817//6,OMOP//OMOP_CONCEPT//37156242,,True,,OMOP_CONCEPT,37156242,,Pressure injury stage IV,AMSTEL,itemid_valueid,high
MEASUREMENT_CATEGORICAL//14769//4,SNOMED//4093203,,True,,SNOMED,4093203,,4093203,AMSTEL,source_code,high
MEASUREMENT_CATEGORICAL//14846//4,LOINC//1988717,,True,,LOINC,1988717,,1988717,AMSTEL,source_code,high
MEASUREMENT_CATEGORICAL//17013//8,OMOP//OMOP_CONCEPT//4010109,,True,,OMOP_CONCEPT,4010109,,Operation on joint,AMSTEL,itemid_valueid,high
MEASUREMENT_CATEGORICAL//17014//4,OMOP//OMOP_CONCEPT//4116092,,True,,OMOP_CONCEPT,4116092,,Intracranial tumor,AMSTEL,itemid_valueid,high
MEASUREMENT_CATEGORICAL//18597//5,OMOP//OMOP_CONCEPT//4042641,,True,,OMOP_CONCEPT,4042641,,Procedure on cardiovascular system,AMSTEL,itemid_valueid,high
MEASUREMENT_CATEGORICAL//18670//97,OMOP//OMOP_CONCEPT//4044013,,True,,OMOP_CONCEPT,4044013,,Hematologic neoplasm,AMSTEL,itemid_valueid,high
MEASUREMENT_CATEGORICAL//18671//141,OMOP//OMOP_CONCEPT//45769428,,True,,OMOP_CONCEPT,45769428,,Illicit drug overdose,AMSTEL,itemid_valueid,high
MEASUREMENT_CATEGORICAL//18671//148,OMOP//OMOP_CONCEPT//317109,,True,,OMOP_CONCEPT,317109,,Respiratory arrest,AMSTEL,itemid_valueid,high
MEASUREMENT_CATEGORICAL//18671//205,OMOP//OMOP_CONCEPT//375415,,True,,OMOP_CONCEPT,375415,,Injury of head,AMSTEL,itemid_valueid,high
MEASUREMENT_CATEGORICAL//18671//98,OMOP//OMOP_CONCEPT//443727,,True,,OMOP_CONCEPT,443727,,Diabetic ketoacidosis,AMSTEL,itemid_valueid,high
MEASUREMENT_CATEGORICAL//19257//50,OMOP//OMOP_CONCEPT//4093683,,True,,OMOP_CONCEPT,4093683,,Visible muscle contraction only,AMSTEL,itemid_valueid,high
MEASUREMENT_CATEGORICAL//20626//3,,,False,,,,,,,,unmapped
MEASUREMENT_CATEGORICAL//8732//20,SNOMED//4085985,,False,,SNOMED,4085985,,4085985,AMSTEL,source_code,high
MEASUREMENT_CATEGORICAL//17017//19,OMOP//OMOP_CONCEPT//375415,,True,,OMOP_CONCEPT,375415,,Injury of head,AMSTEL,itemid_valueid,high
MEASUREMENT_CATEGORICAL//17019//52,OMOP//OMOP_CONCEPT//4120088,,True,,OMOP_CONCEPT,4120088,,Cardiac arrest with successful resuscitation,AMSTEL,itemid_valueid,high
MEASUREMENT_CATEGORICAL//18606//2,OMOP//OMOP_CONCEPT//4044013,,True,,OMOP_CONCEPT,4044013,,Hematologic neoplasm,AMSTEL,itemid_valueid,high
MEASUREMENT_CATEGORICAL//18670//95,OMOP//OMOP_CONCEPT//4000610,,True,,OMOP_CONCEPT,4000610,,Disorder of gastrointestinal tract,AMSTEL,itemid_valueid,high
MEASUREMENT_CATEGORICAL//18671//219,OMOP//OMOP_CONCEPT//4095850,,True,,OMOP_CONCEPT,4095850,,Spinal injury,AMSTEL,itemid_valueid,high
MEASUREMENT_CATEGORICAL//18671//77,OMOP//OMOP_CONCEPT//192964,,True,,OMOP_CONCEPT,192964,,Infectious disorder of kidney,AMSTEL,itemid_valueid,high
MEASUREMENT_CATEGORICAL//19253//30,OMOP//OMOP_CONCEPT//4093685,,True,,OMOP_CONCEPT,4093685,,Movement against resistance,AMSTEL,itemid_valueid,high
MEASUREMENT_CATEGORICAL//16648//15,OMOP//OMOP_CONCEPT//4096313,,True,,OMOP_CONCEPT,4096313,,Multiple injuries,AMSTEL,itemid_valueid,high
MEASUREMENT_CATEGORICAL//16962//2,,,False,,,,,,,,unmapped
MEASUREMENT_CATEGORICAL//17004//23,OMOP//OMOP_CONCEPT//4174619,,True,,OMOP_CONCEPT,4174619,,Sedative overdose,AMSTEL,itemid_valueid,high
MEASUREMENT_CATEGORICAL//18670//90,OMOP//OMOP_CONCEPT//44784217,,True,,OMOP_CONCEPT,44784217,,Cardiac arrhythmia,AMSTEL,itemid_valueid,high
MEASUREMENT_CATEGORICAL//18671//130,OMOP//OMOP_CONCEPT//44784481,,True,,OMOP_CONCEPT,44784481,,Postoperative meningitis,AMSTEL,itemid_valueid,high
MEASUREMENT_CATEGORICAL//18673//458,OMOP//OMOP_CONCEPT//4120088,,True,,OMOP_CONCEPT,4120088,,Cardiac arrest with successful resuscitation,AMSTEL,itemid_valueid,high
MEASUREMENT_CATEGORICAL//18682//37,,,False,,,,,,,,unmapped
MEASUREMENT_CATEGORICAL//13134//8,OMOP//OMOP_CONCEPT//317009,,True,,OMOP_CONCEPT,317009,,Asthma,AMSTEL,itemid_valueid,high
MEASUREMENT_CATEGORICAL//14161//3,SNOMED//4134745,,True,,SNOMED,4134745,,4134745,AMSTEL,source_code,high
MEASUREMENT_CATEGORICAL//16998//38,OMOP//OMOP_CONCEPT//132797,,True,,OMOP_CONCEPT,132797,,Sepsis,AMSTEL,itemid_valueid,high
MEASUREMENT_CATEGORICAL//16998//41,OMOP//OMOP_CONCEPT//198571,,True,,OMOP_CONCEPT,198571,,Cardiogenic shock,AMSTEL,itemid_valueid,high
MEASUREMENT_CATEGORICAL//18671//208,OMOP//OMOP_CONCEPT//375415,,True,,OMOP_CONCEPT,375415,,Injury of head,AMSTEL,itemid_valueid,high
MEASUREMENT_CATEGORICAL//19717//3,,,False,,,,,,,,unmapped
MEASUREMENT_CATEGORICAL//8189//14,OMOP//OMOP_CONCEPT//4235033,,True,,OMOP_CONCEPT,4235033,,Guedel airway,AMSTEL,itemid_valueid,high
MEASUREMENT_CATEGORICAL//12110//20,LOINC//36203284,,True,,LOINC,36203284,,36203284,AMSTEL,source_code,high
MEASUREMENT_CATEGORICAL//13072//2,LOINC//3026549,,True,,LOINC,3026549,,3026549,AMSTEL,source_code,high
MEASUREMENT_CATEGORICAL//13124//8,OMOP//OMOP_CONCEPT//200588,,True,,OMOP_CONCEPT,200588,,Injury of abdomen,AMSTEL,itemid_valueid,high
MEASUREMENT_CATEGORICAL//16640//6,LOINC//3013144,,True,,LOINC,3013144,,3013144,AMSTEL,source_code,high
MEASUREMENT_CATEGORICAL//18589//2,OMOP//OMOP_CONCEPT//4096313,,True,,OMOP_CONCEPT,4096313,,Multiple injuries,AMSTEL,itemid_valueid,high
MEASUREMENT_CATEGORICAL//19256//44,OMOP//OMOP_CONCEPT//4093683,,True,,OMOP_CONCEPT,4093683,,Visible muscle contraction only,AMSTEL,itemid_valueid,high
MEASUREMENT_CATEGORICAL//8733//20,SNOMED//4085985,,False,,SNOMED,4085985,,4085985,AMSTEL,source_code,high
MEASUREMENT_CATEGORICAL//12110//19,LOINC//36203284,,True,,LOINC,36203284,,36203284,AMSTEL,source_code,high
MEASUREMENT_CATEGORICAL//12823//6,OMOP//OMOP_CONCEPT//37156242,,True,,OMOP_CONCEPT,37156242,,Pressure injury stage IV,AMSTEL,itemid_valueid,high
MEASUREMENT_CATEGORICAL//13116//2,OMOP//OMOP_CONCEPT//317576,,True,,OMOP_CONCEPT,317576,,Coronary arteriosclerosis,AMSTEL,itemid_valueid,high
MEASUREMENT_CATEGORICAL//16998//35,OMOP//OMOP_CONCEPT//132797,,True,,OMOP_CONCEPT,132797,,Sepsis,AMSTEL,itemid_valueid,high
MEASUREMENT_CATEGORICAL//17007//10,OMOP//OMOP_CONCEPT//4094683,,True,,OMOP_CONCEPT,4094683,,Chest injury,AMSTEL,itemid_valueid,high
MEASUREMENT_CATEGORICAL//19801//12,,,False,,,,,,,,unmapped
MEASUREMENT_CATEGORICAL//17018//24,,,False,,,,,,,,unmapped
MEASUREMENT_CATEGORICAL//18597//7,OMOP//OMOP_CONCEPT//132797,,True,,OMOP_CONCEPT,132797,,Sepsis,AMSTEL,itemid_valueid,high
MEASUREMENT_CATEGORICAL//19258//56,OMOP//OMOP_CONCEPT//4093683,,True,,OMOP_CONCEPT,4093683,,Visible muscle contraction only,AMSTEL,itemid_valueid,high
MEASUREMENT_CATEGORICAL//19606//4,,,False,,,,,,,,unmapped
MEASUREMENT_CATEGORICAL//19819//7,,,False,,,,,,,,unmapped
MEASUREMENT_CATEGORICAL//20626//4,,,False,,,,,,,,unmapped
MEASUREMENT_CATEGORICAL//16950//2,,,False,,,,,,,,unmapped
MEASUREMENT_CATEGORICAL//16998//39,OMOP//OMOP_CONCEPT//132797,,True,,OMOP_CONCEPT,132797,,Sepsis,AMSTEL,itemid_valueid,high
MEASUREMENT_CATEGORICAL//17008//60,OMOP//OMOP_CONCEPT//4148948,,True,,OMOP_CONCEPT,4148948,,Vascular surgery procedure,AMSTEL,itemid_valueid,high
MEASUREMENT_CATEGORICAL//18670//102,OMOP//OMOP_CONCEPT//375415,,True,,OMOP_CONCEPT,375415,,Injury of head,AMSTEL,itemid_valueid,high
MEASUREMENT_CATEGORICAL//20139//2,,,False,,,,,,,,unmapped
MEASUREMENT_CATEGORICAL//21037//2,,,False,,,,,,,,unmapped
MEASUREMENT_CATEGORICAL//8200//9,LOINC//1989388,,True,,LOINC,1989388,,1989388,AMSTEL,source_code,high
MEASUREMENT_CATEGORICAL//10467//4,LOINC//3046344,,True,,LOINC,3046344,,3046344,AMSTEL,source_code,high
MEASUREMENT_CATEGORICAL//12615//3,LOINC//3016384,,True,,LOINC,3016384,,3016384,AMSTEL,source_code,high
MEASUREMENT_CATEGORICAL//12820//6,OMOP//OMOP_CONCEPT//37156242,,True,,OMOP_CONCEPT,37156242,,Pressure injury stage IV,AMSTEL,itemid_valueid,high
MEASUREMENT_CATEGORICAL//13128//8,OMOP//OMOP_CONCEPT//4045469,,True,,OMOP_CONCEPT,4045469,,Clipping of intracranial aneurysm,AMSTEL,itemid_valueid,high
MEASUREMENT_CATEGORICAL//16650//12,OMOP//OMOP_CONCEPT//321052,,True,,OMOP_CONCEPT,321052,,Peripheral vascular disease,AMSTEL,itemid_valueid,high
MEASUREMENT_CATEGORICAL//16662//8,OMOP//OMOP_CONCEPT//376337,,True,,OMOP_CONCEPT,376337,,Disorder of nervous system,AMSTEL,itemid_valueid,high
MEASUREMENT_CATEGORICAL//20140//3,,,False,,,,,,,,unmapped
MEASUREMENT_CATEGORICAL//20348//4,,,False,,,,,,,,unmapped
MEASUREMENT_CATEGORICAL//8897//5,SNOMED//4337734,,True,,SNOMED,4337734,,4337734,AMSTEL,source_code,high
MEASUREMENT_CATEGORICAL//10472//40,SNOMED//44810687,,True,,SNOMED,44810687,,44810687,AMSTEL,source_code,high
MEASUREMENT_CATEGORICAL//16643//15,OMOP//OMOP_CONCEPT//193242,,True,,OMOP_CONCEPT,193242,,Perforation of intestine,AMSTEL,itemid_valueid,high
MEASUREMENT_CATEGORICAL//18671//266,OMOP//OMOP_CONCEPT//4018853,,True,,OMOP_CONCEPT,4018853,,Decompression of cardiac tamponade,AMSTEL,itemid_valueid,high
MEASUREMENT_CATEGORICAL//18671//325,OMOP//OMOP_CONCEPT//4040392,,True,,OMOP_CONCEPT,4040392,,Procedure on genitourinary system,AMSTEL,itemid_valueid,high
MEASUREMENT_CATEGORICAL//18671//440,OMOP//OMOP_CONCEPT//375415,,True,,OMOP_CONCEPT,375415,,Injury of head,AMSTEL,itemid_valueid,high
MEASUREMENT_CATEGORICAL//19729//4,,,False,,,,,,,,unmapped
MEASUREMENT_CATEGORICAL//12347//2,LOINC//3004921,,True,,LOINC,3004921,,3004921,AMSTEL,source_code,high
MEASUREMENT_CATEGORICAL//13105//5,,,False,,,,,,,,unmapped
MEASUREMENT_CATEGORICAL//17008//16,OMOP//OMOP_CONCEPT//317576,,True,,OMOP_CONCEPT,317576,,Coronary arteriosclerosis,AMSTEL,itemid_valueid,high
MEASUREMENT_CATEGORICAL//18671//152,OMOP//OMOP_CONCEPT//40493428,,True,,OMOP_CONCEPT,40493428,,Malignant neoplasm of respiratory system,AMSTEL,itemid_valueid,high
MEASUREMENT_CATEGORICAL//18671//430,OMOP//OMOP_CONCEPT//133468,,True,,OMOP_CONCEPT,133468,,Disorder of limb,AMSTEL,itemid_valueid,high
MEASUREMENT_CATEGORICAL//6671//9,SNOMED//4091457,,True,,SNOMED,4091457,,4091457,AMSTEL,source_code,high
MEASUREMENT_CATEGORICAL//9534//6,LOINC//3004921,,True,,LOINC,3004921,,3004921,AMSTEL,source_code,high
MEASUREMENT_CATEGORICAL//16675//4,OMOP//OMOP_CONCEPT//132797,,True,,OMOP_CONCEPT,132797,,Sepsis,AMSTEL,itemid_valueid,high
MEASUREMENT_CATEGORICAL//16958//3,,,False,,,,,,,,unmapped
MEASUREMENT_CATEGORICAL//16998//37,OMOP//OMOP_CONCEPT//132797,,True,,OMOP_CONCEPT,132797,,Sepsis,AMSTEL,itemid_valueid,high
MEASUREMENT_CATEGORICAL//17004//10,OMOP//OMOP_CONCEPT//4318408,,True,,OMOP_CONCEPT,4318408,,Subdural hematoma,AMSTEL,itemid_valueid,high
MEASUREMENT_CATEGORICAL//17005//12,OMOP//OMOP_CONCEPT//4301606,,True,,OMOP_CONCEPT,4301606,,Pulmonary hemorrhage,AMSTEL,itemid_valueid,high
MEASUREMENT_CATEGORICAL//18608//7,OMOP//OMOP_CONCEPT//375415,,True,,OMOP_CONCEPT,375415,,Injury of head,AMSTEL,itemid_valueid,high
MEASUREMENT_CATEGORICAL//18671//110,OMOP//OMOP_CONCEPT//4320030,,True,,OMOP_CONCEPT,4320030,,Soft tissue infection,AMSTEL,itemid_valueid,high
MEASUREMENT_CATEGORICAL//18671//24,OMOP//OMOP_CONCEPT//438447,,True,,OMOP_CONCEPT,438447,,Acute myocardial infarction of inferolateral wall,AMSTEL,itemid_valueid,high
MEASUREMENT_CATEGORICAL//19847//25,,,False,,,,,,,,unmapped
MEASUREMENT_CATEGORICAL//20149//2,,,False,,,,,,,,unmapped
MEASUREMENT_CATEGORICAL//12376//1,LOINC//3004921,,True,,LOINC,3004921,,3004921,AMSTEL,source_code,high
MEASUREMENT_CATEGORICAL//12624//2,LOINC//21491186,,True,,LOINC,21491186,,21491186,AMSTEL,source_code,high
MEASUREMENT_CATEGORICAL//12834//3,OMOP//OMOP_CONCEPT//37156240,,True,,OMOP_CONCEPT,37156240,,Pressure injury stage II,AMSTEL,itemid_valueid,high
MEASUREMENT_CATEGORICAL//13136//6,OMOP//OMOP_CONCEPT//432250,,True,,OMOP_CONCEPT,432250,,Infectious disease,AMSTEL,itemid_valueid,high
MEASUREMENT_CATEGORICAL//17008//10,OMOP//OMOP_CONCEPT//4095407,,True,,OMOP_CONCEPT,4095407,,Replacement of aortic valve,AMSTEL,itemid_valueid,high
MEASUREMENT_CATEGORICAL//18601//1,OMOP//OMOP_CONCEPT//198124,,True,,OMOP_CONCEPT,198124,,Kidney disease,AMSTEL,itemid_valueid,high
MEASUREMENT_CATEGORICAL//18671//382,OMOP//OMOP_CONCEPT//4045469,,True,,OMOP_CONCEPT,4045469,,Clipping of intracranial aneurysm,AMSTEL,itemid_valueid,high
MEASUREMENT_CATEGORICAL//10467//2,LOINC//3046344,,True,,LOINC,3046344,,3046344,AMSTEL,source_code,high
MEASUREMENT_CATEGORICAL//12823//3,OMOP//OMOP_CONCEPT//37156240,,True,,OMOP_CONCEPT,37156240,,Pressure injury stage II,AMSTEL,itemid_valueid,high
MEASUREMENT_CATEGORICAL//13124//7,OMOP//OMOP_CONCEPT//200588,,True,,OMOP_CONCEPT,200588,,Injury of abdomen,AMSTEL,itemid_valueid,high
MEASUREMENT_CATEGORICAL//16102//1,SNOMED//321042,,True,,SNOMED,321042,,321042,AMSTEL,source_code,high
MEASUREMENT_CATEGORICAL//16643//18,OMOP//OMOP_CONCEPT//4130373,,True,,OMOP_CONCEPT,4130373,,Neoplasm of gastrointestinal tract,AMSTEL,itemid_valueid,high
MEASUREMENT_CATEGORICAL//16667//4,,,False,,,,,,,,unmapped
MEASUREMENT_CATEGORICAL//18589//10,OMOP//OMOP_CONCEPT//4148882,,True,,OMOP_CONCEPT,4148882,,Hemorrhagic shock,AMSTEL,itemid_valueid,high
MEASUREMENT_CATEGORICAL//18671//172,OMOP//OMOP_CONCEPT//4031380,,True,,OMOP_CONCEPT,4031380,,Dysfunctional ventilatory weaning response,AMSTEL,itemid_valueid,high
MEASUREMENT_CATEGORICAL//18671//452,OMOP//OMOP_CONCEPT//4301351,,True,,OMOP_CONCEPT,4301351,,Surgical procedure,AMSTEL,itemid_valueid,high
MEASUREMENT_CATEGORICAL//6685//5,LOINC//3004921,,True,,LOINC,3004921,,3004921,AMSTEL,source_code,high
MEASUREMENT_CATEGORICAL//12109//20,LOINC//36203284,,True,,LOINC,36203284,,36203284,AMSTEL,source_code,high
MEASUREMENT_CATEGORICAL//13141//1,OMOP//OMOP_CONCEPT//4256228,,True,,OMOP_CONCEPT,4256228,,Respiratory failure,AMSTEL,itemid_valueid,high
MEASUREMENT_CATEGORICAL//18671//257,OMOP//OMOP_CONCEPT//3654996,,True,,OMOP_CONCEPT,3654996,,Peripheral arterial disease,AMSTEL,itemid_valueid,high
MEASUREMENT_CATEGORICAL//19712//4,,,False,,,,,,,,unmapped
MEASUREMENT_CATEGORICAL//8731//11,OMOP//OMOP_CONCEPT//4274743,,True,,OMOP_CONCEPT,4274743,,Right upper arm structure,AMSTEL,itemid_valueid,high
MEASUREMENT_CATEGORICAL//13128//10,OMOP//OMOP_CONCEPT//4120104,,True,,OMOP_CONCEPT,4120104,,Ruptured cerebral aneurysm,AMSTEL,itemid_valueid,high
MEASUREMENT_CATEGORICAL//17018//40,,,False,,,,,,,,unmapped
MEASUREMENT_CATEGORICAL//18671//218,OMOP//OMOP_CONCEPT//4095850,,True,,OMOP_CONCEPT,4095850,,Spinal injury,AMSTEL,itemid_valueid,high
MEASUREMENT_CATEGORICAL//6671//32,OMOP//OMOP_CONCEPT//4295129,,True,,OMOP_CONCEPT,4295129,,ST segment elevation,AMSTEL,itemid_valueid,high
MEASUREMENT_CATEGORICAL//8693//1,SNOMED//4122997,,True,,SNOMED,4122997,,4122997,AMSTEL,source_code,high
MEASUREMENT_CATEGORICAL//18671//420,OMOP//OMOP_CONCEPT//200588,,True,,OMOP_CONCEPT,200588,,Injury of abdomen,AMSTEL,itemid_valueid,high
MEASUREMENT_CATEGORICAL//19252//20,OMOP//OMOP_CONCEPT//4093683,,True,,OMOP_CONCEPT,4093683,,Visible muscle contraction only,AMSTEL,itemid_valueid,high
MEASUREMENT_CATEGORICAL//19642//2,,,False,,,,,,,,unmapped
MEASUREMENT_CATEGORICAL//21239//3,,,False,,,,,,,,unmapped
MEASUREMENT_CATEGORICAL//8692//5,SNOMED//4122997,,True,,SNOMED,4122997,,4122997,AMSTEL,source_code,high
MEASUREMENT_CATEGORICAL//10472//25,SNOMED//44810687,,True,,SNOMED,44810687,,44810687,AMSTEL,source_code,high
MEASUREMENT_CATEGORICAL//13128//16,OMOP//OMOP_CONCEPT//4041193,,True,,OMOP_CONCEPT,4041193,,Operation on nervous system,AMSTEL,itemid_valueid,high
MEASUREMENT_CATEGORICAL//14846//1,LOINC//1988717,,True,,LOINC,1988717,,1988717,AMSTEL,source_code,high
MEASUREMENT_CATEGORICAL//17002//1,OMOP//OMOP_CONCEPT//4096947,,True,,OMOP_CONCEPT,4096947,,Disorder of acid-base balance,AMSTEL,itemid_valueid,high
MEASUREMENT_CATEGORICAL//18671//297,OMOP//OMOP_CONCEPT//4042907,,True,,OMOP_CONCEPT,4042907,,"Hartmann operation, rectal resection",AMSTEL,itemid_valueid,high
MEASUREMENT_CATEGORICAL//9534//1,LOINC//3004921,,True,,LOINC,3004921,,3004921,AMSTEL,source_code,high
MEASUREMENT_CATEGORICAL//14484//2,,,False,,,,,,,,unmapped
MEASUREMENT_CATEGORICAL//16103//1,OMOP//OMOP_CONCEPT//437894,,True,,OMOP_CONCEPT,437894,,Ventricular fibrillation,AMSTEL,itemid_valueid,high
MEASUREMENT_CATEGORICAL//16448//11,SNOMED//4052413,,True,,SNOMED,4052413,,4052413,AMSTEL,source_code,high
MEASUREMENT_CATEGORICAL//16958//2,,,False,,,,,,,,unmapped
MEASUREMENT_CATEGORICAL//17013//2,OMOP//OMOP_CONCEPT//40484119,,True,,OMOP_CONCEPT,40484119,,Necrotizing soft tissue infection,AMSTEL,itemid_valueid,high
MEASUREMENT_CATEGORICAL//17018//38,,,False,,,,,,,,unmapped
MEASUREMENT_CATEGORICAL//18670//61,OMOP//OMOP_CONCEPT//321052,,True,,OMOP_CONCEPT,321052,,Peripheral vascular disease,AMSTEL,itemid_valueid,high
MEASUREMENT_CATEGORICAL//18671//193,OMOP//OMOP_CONCEPT//4094683,,True,,OMOP_CONCEPT,4094683,,Chest injury,AMSTEL,itemid_valueid,high
MEASUREMENT_CATEGORICAL//18687//2,,,False,,,,,,,,unmapped
MEASUREMENT_CATEGORICAL//19838//1,,,False,,,,,,,,unmapped
MEASUREMENT_CATEGORICAL//6671//19,OMOP//OMOP_CONCEPT//4277903,,True,,OMOP_CONCEPT,4277903,,Sinoatrial block,AMSTEL,itemid_valueid,high
MEASUREMENT_CATEGORICAL//8733//1,SNOMED//4085985,,False,,SNOMED,4085985,,4085985,AMSTEL,source_code,high
MEASUREMENT_CATEGORICAL//12822//5,OMOP//OMOP_CONCEPT//37156242,,True,,OMOP_CONCEPT,37156242,,Pressure injury stage IV,AMSTEL,itemid_valueid,high
MEASUREMENT_CATEGORICAL//16666//9,,,False,,,,,,,,unmapped
MEASUREMENT_CATEGORICAL//17010//9,OMOP//OMOP_CONCEPT//4040392,,True,,OMOP_CONCEPT,4040392,,Procedure on genitourinary system,AMSTEL,itemid_valueid,high
MEASUREMENT_CATEGORICAL//18612//12,OMOP//OMOP_CONCEPT//321052,,True,,OMOP_CONCEPT,321052,,Peripheral vascular disease,AMSTEL,itemid_valueid,high
MEASUREMENT_CATEGORICAL//18671//192,OMOP//OMOP_CONCEPT//133468,,True,,OMOP_CONCEPT,133468,,Disorder of limb,AMSTEL,itemid_valueid,high
MEASUREMENT_CATEGORICAL//19636//9,LOINC//3008223,,True,,LOINC,3008223,,3008223,AMSTEL,source_code,high
MEASUREMENT_CATEGORICAL//10472//19,SNOMED//44810687,,True,,SNOMED,44810687,,44810687,AMSTEL,source_code,high
MEASUREMENT_CATEGORICAL//12511//2,OMOP//OMOP_CONCEPT//45884084,,True,,OMOP_CONCEPT,45884084,,Positive,AMSTEL,itemid_valueid,high
MEASUREMENT_CATEGORICAL//14483//1,,,False,,,,,,,,unmapped
MEASUREMENT_CATEGORICAL//17014//15,OMOP//OMOP_CONCEPT//4108768,,True,,OMOP_CONCEPT,4108768,,Decompression laminectomy,AMSTEL,itemid_valueid,high
MEASUREMENT_CATEGORICAL//17014//17,OMOP//OMOP_CONCEPT//4130040,,True,,OMOP_CONCEPT,4130040,,Neoplasm of spinal cord,AMSTEL,itemid_valueid,high
MEASUREMENT_CATEGORICAL//18596//3,OMOP//OMOP_CONCEPT//192671,,True,,OMOP_CONCEPT,192671,,Gastrointestinal hemorrhage,AMSTEL,itemid_valueid,high
MEASUREMENT_CATEGORICAL//18671//272,OMOP//OMOP_CONCEPT//132797,,True,,OMOP_CONCEPT,132797,,Sepsis,AMSTEL,itemid_valueid,high
MEASUREMENT_CATEGORICAL//19724//3,,,False,,,,,,,,unmapped
MEASUREMENT_CATEGORICAL//10472//16,SNOMED//44810687,,True,,SNOMED,44810687,,44810687,AMSTEL,source_code,high
MEASUREMENT_CATEGORICAL//12129//1,LOINC//3046359,,True,,LOINC,3046359,,3046359,AMSTEL,source_code,high
MEASUREMENT_CATEGORICAL//16665//14,,,False,,,,,,,,unmapped
MEASUREMENT_CATEGORICAL//16998//2,OMOP//OMOP_CONCEPT//317585,,True,,OMOP_CONCEPT,317585,,Aortic aneurysm,AMSTEL,itemid_valueid,high
MEASUREMENT_CATEGORICAL//16998//31,OMOP//OMOP_CONCEPT//4248028,,True,,OMOP_CONCEPT,4248028,,Supraventricular arrhythmia,AMSTEL,itemid_valueid,high
MEASUREMENT_CATEGORICAL//19235//2,,,False,,,,,,,,unmapped
MEASUREMENT_CATEGORICAL//8733//17,SNOMED//4085985,,False,,SNOMED,4085985,,4085985,AMSTEL,source_code,high
MEASUREMENT_CATEGORICAL//13134//7,OMOP//OMOP_CONCEPT//317109,,True,,OMOP_CONCEPT,317109,,Respiratory arrest,AMSTEL,itemid_valueid,high
MEASUREMENT_CATEGORICAL//16998//33,OMOP//OMOP_CONCEPT//4185572,,True,,OMOP_CONCEPT,4185572,,Ventricular arrhythmia,AMSTEL,itemid_valueid,high
MEASUREMENT_CATEGORICAL//18671//428,OMOP//OMOP_CONCEPT//4094683,,True,,OMOP_CONCEPT,4094683,,Chest injury,AMSTEL,itemid_valueid,high
MEASUREMENT_CATEGORICAL//18671//46,OMOP//OMOP_CONCEPT//134057,,True,,OMOP_CONCEPT,134057,,Disorder of cardiovascular system,AMSTEL,itemid_valueid,high
MEASUREMENT_CATEGORICAL//18671//71,OMOP//OMOP_CONCEPT//4171379,,True,,OMOP_CONCEPT,4171379,,Disorder of the genitourinary system,AMSTEL,itemid_valueid,high
MEASUREMENT_CATEGORICAL//20349//2,,,False,,,,,,,,unmapped
MEASUREMENT_CATEGORICAL//12110//4,LOINC//36203284,,True,,LOINC,36203284,,36203284,AMSTEL,source_code,high
MEASUREMENT_CATEGORICAL//12625//3,SNOMED//4097216,,True,,SNOMED,4097216,,4097216,AMSTEL,source_code,high
MEASUREMENT_CATEGORICAL//16650//15,OMOP//OMOP_CONCEPT//198177,,True,,OMOP_CONCEPT,198177,,Abdominal aortic aneurysm,AMSTEL,itemid_valueid,high
MEASUREMENT_CATEGORICAL//16650//18,OMOP//OMOP_CONCEPT//4148948,,True,,OMOP_CONCEPT,4148948,,Vascular surgery procedure,AMSTEL,itemid_valueid,high
MEASUREMENT_CATEGORICAL//17004//24,OMOP//OMOP_CONCEPT//45769428,,True,,OMOP_CONCEPT,45769428,,Illicit drug overdose,AMSTEL,itemid_valueid,high
MEASUREMENT_CATEGORICAL//18671//126,OMOP//OMOP_CONCEPT//4176148,,True,,OMOP_CONCEPT,4176148,,Extradural intracranial hematoma,AMSTEL,itemid_valueid,high
MEASUREMENT_CATEGORICAL//18671//20,OMOP//OMOP_CONCEPT//437312,,True,,OMOP_CONCEPT,437312,,Bleeding,AMSTEL,itemid_valueid,high
MEASUREMENT_CATEGORICAL//18671//369,OMOP//OMOP_CONCEPT//4174520,,True,,OMOP_CONCEPT,4174520,,Fracture of vertebral column,AMSTEL,itemid_valueid,high
MEASUREMENT_CATEGORICAL//13131//3,OMOP//OMOP_CONCEPT//4318408,,True,,OMOP_CONCEPT,4318408,,Subdural hematoma,AMSTEL,itemid_valueid,high
MEASUREMENT_CATEGORICAL//16643//20,OMOP//OMOP_CONCEPT//4000610,,True,,OMOP_CONCEPT,4000610,,Disorder of gastrointestinal tract,AMSTEL,itemid_valueid,high
MEASUREMENT_CATEGORICAL//17005//9,OMOP//OMOP_CONCEPT//254061,,True,,OMOP_CONCEPT,254061,,Pleural effusion,AMSTEL,itemid_valueid,high
MEASUREMENT_CATEGORICAL//18589//4,OMOP//OMOP_CONCEPT//317585,,True,,OMOP_CONCEPT,317585,,Aortic aneurysm,AMSTEL,itemid_valueid,high
MEASUREMENT_CATEGORICAL//18615//7,OMOP//OMOP_CONCEPT//40490927,,True,,OMOP_CONCEPT,40490927,,Craniotomy and excision of neoplasm of brain,AMSTEL,itemid_valueid,high
MEASUREMENT_CATEGORICAL//18670//66,OMOP//OMOP_CONCEPT//4000610,,True,,OMOP_CONCEPT,4000610,,Disorder of gastrointestinal tract,AMSTEL,itemid_valueid,high
MEASUREMENT_CATEGORICAL//18670//80,OMOP//OMOP_CONCEPT//320136,,True,,OMOP_CONCEPT,320136,,Disorder of respiratory system,AMSTEL,itemid_valueid,high
MEASUREMENT_CATEGORICAL//18671//228,OMOP//OMOP_CONCEPT//4000088,,True,,OMOP_CONCEPT,4000088,,Repair of thoracic aortic aneurysm,AMSTEL,itemid_valueid,high
MEASUREMENT_CATEGORICAL//18671//66,OMOP//OMOP_CONCEPT//4026032,,True,,OMOP_CONCEPT,4026032,,Acute hepatic failure,AMSTEL,itemid_valueid,high
MEASUREMENT_CATEGORICAL//18673//487,OMOP//OMOP_CONCEPT//132797,,True,,OMOP_CONCEPT,132797,,Sepsis,AMSTEL,itemid_valueid,high
MEASUREMENT_CATEGORICAL//19995//2,,,False,,,,,,,,unmapped
MEASUREMENT_CATEGORICAL//20011//8,,,False,,,,,,,,unmapped
MEASUREMENT_CATEGORICAL//16662//9,OMOP//OMOP_CONCEPT//4041193,,True,,OMOP_CONCEPT,4041193,,Operation on nervous system,AMSTEL,itemid_valueid,high
MEASUREMENT_CATEGORICAL//16998//40,OMOP//OMOP_CONCEPT//132797,,True,,OMOP_CONCEPT,132797,,Sepsis,AMSTEL,itemid_valueid,high
MEASUREMENT_CATEGORICAL//17019//81,OMOP//OMOP_CONCEPT//132797,,True,,OMOP_CONCEPT,132797,,Sepsis,AMSTEL,itemid_valueid,high
MEASUREMENT_CATEGORICAL//18615//6,OMOP//OMOP_CONCEPT//376337,,True,,OMOP_CONCEPT,376337,,Disorder of nervous system,AMSTEL,itemid_valueid,high
MEASUREMENT_CATEGORICAL//18669//54,OMOP//OMOP_CONCEPT//317109,,True,,OMOP_CONCEPT,317109,,Respiratory arrest,AMSTEL,itemid_valueid,high
MEASUREMENT_CATEGORICAL//18671//139,OMOP//OMOP_CONCEPT//602985,,True,,OMOP_CONCEPT,602985,,Intoxication,AMSTEL,itemid_valueid,high
MEASUREMENT_CATEGORICAL//18671//238,OMOP//OMOP_CONCEPT//314054,,True,,OMOP_CONCEPT,314054,,Aortic valve disorder,AMSTEL,itemid_valueid,high
MEASUREMENT_CATEGORICAL//18671//368,OMOP//OMOP_CONCEPT//4138816,,True,,OMOP_CONCEPT,4138816,,Cranioplasty,AMSTEL,itemid_valueid,high
MEASUREMENT_CATEGORICAL//18671//423,OMOP//OMOP_CONCEPT//200588,,True,,OMOP_CONCEPT,200588,,Injury of abdomen,AMSTEL,itemid_valueid,high
MEASUREMENT_CATEGORICAL//19636//8,LOINC//3008223,,True,,LOINC,3008223,,3008223,AMSTEL,source_code,high
MEASUREMENT_CATEGORICAL//21192//17,,,False,,,,,,,,unmapped
MEASUREMENT_CATEGORICAL//8189//10,SNOMED//45769206,,True,,SNOMED,45769206,,45769206,AMSTEL,source_code,high
MEASUREMENT_CATEGORICAL//12817//4,OMOP//OMOP_CONCEPT//37156241,,True,,OMOP_CONCEPT,37156241,,Pressure injury stage III,AMSTEL,itemid_valueid,high
MEASUREMENT_CATEGORICAL//13126//6,OMOP//OMOP_CONCEPT//4038335,,True,,OMOP_CONCEPT,4038335,,Operation on male genital system,AMSTEL,itemid_valueid,high
MEASUREMENT_CATEGORICAL//16952//2,,,False,,,,,,,,unmapped
MEASUREMENT_CATEGORICAL//18617//5,OMOP//OMOP_CONCEPT//320136,,True,,OMOP_CONCEPT,320136,,Disorder of respiratory system,AMSTEL,itemid_valueid,high
MEASUREMENT_CATEGORICAL//18670//75,OMOP//OMOP_CONCEPT//376337,,True,,OMOP_CONCEPT,376337,,Disorder of nervous system,AMSTEL,itemid_valueid,high
MEASUREMENT_CATEGORICAL//18670//76,OMOP//OMOP_CONCEPT//40490927,,True,,OMOP_CONCEPT,40490927,,Craniotomy and excision of neoplasm of brain,AMSTEL,itemid_valueid,high
MEASUREMENT_CATEGORICAL//18671//132,OMOP//OMOP_CONCEPT//4116092,,True,,OMOP_CONCEPT,4116092,,Intracranial tumor,AMSTEL,itemid_valueid,high
MEASUREMENT_CATEGORICAL//18671//91,OMOP//OMOP_CONCEPT//320073,,True,,OMOP_CONCEPT,320073,,Neutropenia,AMSTEL,itemid_valueid,high
MEASUREMENT_CATEGORICAL//18671//92,OMOP//OMOP_CONCEPT//432881,,True,,OMOP_CONCEPT,432881,,Pancytopenia,AMSTEL,itemid_valueid,high
MEASUREMENT_CATEGORICAL//18682//29,,,False,,,,,,,,unmapped
MEASUREMENT_CATEGORICAL//20671//2,,,False,,,,,,,,unmapped
MEASUREMENT_CATEGORICAL//7672//6,LOINC//1988427,,True,,LOINC,1988427,,1988427,AMSTEL,source_code,high
MEASUREMENT_CATEGORICAL//8731//21,OMOP//OMOP_CONCEPT//4302112,,True,,OMOP_CONCEPT,4302112,,Duodenal structure,AMSTEL,itemid_valueid,high
MEASUREMENT_CATEGORICAL//10468//23,SNOMED//4087925,,True,,SNOMED,4087925,,4087925,AMSTEL,source_code,high
MEASUREMENT_CATEGORICAL//12128//25,SNOMED//44789289,,True,,SNOMED,44789289,,44789289,AMSTEL,source_code,high
MEASUREMENT_CATEGORICAL//13145//3,OMOP//OMOP_CONCEPT//201965,,True,,OMOP_CONCEPT,201965,,Shock,AMSTEL,itemid_valueid,high
MEASUREMENT_CATEGORICAL//18608//9,OMOP//OMOP_CONCEPT//42872434,,True,,OMOP_CONCEPT,42872434,,Intracranial hematoma,AMSTEL,itemid_valueid,high
MEASUREMENT_CATEGORICAL//18611//5,OMOP//OMOP_CONCEPT//4000610,,True,,OMOP_CONCEPT,4000610,,Disorder of gastrointestinal tract,AMSTEL,itemid_valueid,high
MEASUREMENT_CATEGORICAL//18671//21,OMOP//OMOP_CONCEPT//45768449,,True,,OMOP_CONCEPT,45768449,,Hypertensive crisis,AMSTEL,itemid_valueid,high
MEASUREMENT_CATEGORICAL//18671//84,OMOP//OMOP_CONCEPT//134305,,True,,OMOP_CONCEPT,134305,,Acute lymphoid leukemia,AMSTEL,itemid_valueid,high
MEASUREMENT_CATEGORICAL//14565//73,,,False,,,,,,,,unmapped
MEASUREMENT_CATEGORICAL//16658//15,OMOP//OMOP_CONCEPT//4256228,,True,,OMOP_CONCEPT,4256228,,Respiratory failure,AMSTEL,itemid_valueid,high
MEASUREMENT_CATEGORICAL//17008//34,OMOP//OMOP_CONCEPT//3654996,,True,,OMOP_CONCEPT,3654996,,Peripheral arterial disease,AMSTEL,itemid_valueid,high
MEASUREMENT_CATEGORICAL//18671//321,OMOP//OMOP_CONCEPT//197508,,True,,OMOP_CONCEPT,197508,,Malignant tumor of urinary bladder,AMSTEL,itemid_valueid,high
MEASUREMENT_CATEGORICAL//18671//332,OMOP//OMOP_CONCEPT//196653,,True,,OMOP_CONCEPT,196653,,Malignant tumor of kidney,AMSTEL,itemid_valueid,high
MEASUREMENT_CATEGORICAL//20014//1,,,False,,,,,,,,unmapped
MEASUREMENT_CATEGORICAL//8733//2,SNOMED//4085985,,False,,SNOMED,4085985,,4085985,AMSTEL,source_code,high
MEASUREMENT_CATEGORICAL//8733//8,SNOMED//4085985,,False,,SNOMED,4085985,,4085985,AMSTEL,source_code,high
MEASUREMENT_CATEGORICAL//8898//5,,,False,,,,,,,,unmapped
MEASUREMENT_CATEGORICAL//12624//1,LOINC//21491186,,True,,LOINC,21491186,,21491186,AMSTEL,source_code,high
MEASUREMENT_CATEGORICAL//12825//5,OMOP//OMOP_CONCEPT//37156242,,True,,OMOP_CONCEPT,37156242,,Pressure injury stage IV,AMSTEL,itemid_valueid,high
MEASUREMENT_CATEGORICAL//12827//6,OMOP//OMOP_CONCEPT//37156242,,True,,OMOP_CONCEPT,37156242,,Pressure injury stage IV,AMSTEL,itemid_valueid,high
MEASUREMENT_CATEGORICAL//14470//8,LOINC//3026019,,True,,LOINC,3026019,,3026019,AMSTEL,source_code,high
MEASUREMENT_CATEGORICAL//16102//10,SNOMED//321042,,True,,SNOMED,321042,,321042,AMSTEL,source_code,high
MEASUREMENT_CATEGORICAL//17005//23,OMOP//OMOP_CONCEPT//253796,,True,,OMOP_CONCEPT,253796,,Pneumothorax,AMSTEL,itemid_valueid,high
MEASUREMENT_CATEGORICAL//18671//343,OMOP//OMOP_CONCEPT//4301351,,True,,OMOP_CONCEPT,4301351,,Surgical procedure,AMSTEL,itemid_valueid,high
MEASUREMENT_CATEGORICAL//18671//418,OMOP//OMOP_CONCEPT//133468,,True,,OMOP_CONCEPT,133468,,Disorder of limb,AMSTEL,itemid_valueid,high
MEASUREMENT_CATEGORICAL//19246//5,,,False,,,,,,,,unmapped
MEASUREMENT_CATEGORICAL//20015//1,,,False,,,,,,,,unmapped
MEASUREMENT_CATEGORICAL//8889//7,SNOMED//4239191,,True,,SNOMED,4239191,,4239191,AMSTEL,source_code,high
MEASUREMENT_CATEGORICAL//12824//4,OMOP//OMOP_CONCEPT//37156241,,True,,OMOP_CONCEPT,37156241,,Pressure injury stage III,AMSTEL,itemid_valueid,high
MEASUREMENT_CATEGORICAL//14476//12,LOINC//3026549,,True,,LOINC,3026549,,3026549,AMSTEL,source_code,high
MEASUREMENT_CATEGORICAL//16950//3,,,False,,,,,,,,unmapped
MEASUREMENT_CATEGORICAL//18647//3,,,False,,,,,,,,unmapped
MEASUREMENT_CATEGORICAL//18673//689,OMOP//OMOP_CONCEPT//314054,,True,,OMOP_CONCEPT,314054,,Aortic valve disorder,AMSTEL,itemid_valueid,high
MEASUREMENT_CATEGORICAL//19233//4,,,False,,,,,,,,unmapped
MEASUREMENT_CATEGORICAL//19831//2,,,False,,,,,,,,unmapped
MEASUREMENT_CATEGORICAL//20348//2,,,False,,,,,,,,unmapped
MEASUREMENT_CATEGORICAL//16252//4,LOINC//46235663,,True,,LOINC,46235663,,46235663,AMSTEL,source_code,high
MEASUREMENT_CATEGORICAL//16628//5,LOINC//3026019,,True,,LOINC,3026019,,3026019,AMSTEL,source_code,high
MEASUREMENT_CATEGORICAL//16666//13,,,False,,,,,,,,unmapped
MEASUREMENT_CATEGORICAL//16993//17,OMOP//OMOP_CONCEPT//8717,,True,,OMOP_CONCEPT,8717,,Inpatient Hospital,AMSTEL,itemid_valueid,high
MEASUREMENT_CATEGORICAL//16999//15,OMOP//OMOP_CONCEPT//4000610,,True,,OMOP_CONCEPT,4000610,,Disorder of gastrointestinal tract,AMSTEL,itemid_valueid,high
MEASUREMENT_CATEGORICAL//18670//104,OMOP//OMOP_CONCEPT//439847,,True,,OMOP_CONCEPT,439847,,Intracranial hemorrhage,AMSTEL,itemid_valueid,high
MEASUREMENT_CATEGORICAL//18673//621,OMOP//OMOP_CONCEPT//320136,,True,,OMOP_CONCEPT,320136,,Disorder of respiratory system,AMSTEL,itemid_valueid,high
MEASUREMENT_CATEGORICAL//19802//14,,,False,,,,,,,,unmapped
MEASUREMENT_CATEGORICAL//20004//3,,,False,,,,,,,,unmapped
MEASUREMENT_CATEGORICAL//20139//6,OMOP//OMOP_CONCEPT//36307912,,False,,OMOP_CONCEPT,36307912,,Hospital ward,AMSTEL,itemid_valueid,low
MEASUREMENT_CATEGORICAL//12833//3,OMOP//OMOP_CONCEPT//37156240,,True,,OMOP_CONCEPT,37156240,,Pressure injury stage II,AMSTEL,itemid_valueid,high
MEASUREMENT_CATEGORICAL//13128//14,OMOP//OMOP_CONCEPT//4063759,,True,,OMOP_CONCEPT,4063759,,Evacuation of intracranial extradural hematoma,AMSTEL,itemid_valueid,high
MEASUREMENT_CATEGORICAL//13136//1,OMOP//OMOP_CONCEPT//441589,,True,,OMOP_CONCEPT,441589,,Endocarditis,AMSTEL,itemid_valueid,high
MEASUREMENT_CATEGORICAL//16648//14,OMOP//OMOP_CONCEPT//4096313,,True,,OMOP_CONCEPT,4096313,,Multiple injuries,AMSTEL,itemid_valueid,high
MEASUREMENT_CATEGORICAL//16961//2,,,False,,,,,,,,unmapped
MEASUREMENT_CATEGORICAL//17004//22,OMOP//OMOP_CONCEPT//602985,,True,,OMOP_CONCEPT,602985,,Intoxication,AMSTEL,itemid_valueid,high
MEASUREMENT_CATEGORICAL//17009//15,OMOP//OMOP_CONCEPT//31610,,True,,OMOP_CONCEPT,31610,,Disorder of esophagus,AMSTEL,itemid_valueid,high
MEASUREMENT_CATEGORICAL//18604//14,OMOP//OMOP_CONCEPT//317576,,True,,OMOP_CONCEPT,317576,,Coronary arteriosclerosis,AMSTEL,itemid_valueid,high
MEASUREMENT_CATEGORICAL//18619//3,,,False,,,,,,,,unmapped
MEASUREMENT_CATEGORICAL//18671//301,OMOP//OMOP_CONCEPT//4314251,,True,,OMOP_CONCEPT,4314251,,Laparotomy,AMSTEL,itemid_valueid,high
MEASUREMENT_CATEGORICAL//13117//4,OMOP//OMOP_CONCEPT//4149712,,True,,OMOP_CONCEPT,4149712,,Rupture of interventricular septum,AMSTEL,itemid_valueid,high
MEASUREMENT_CATEGORICAL//14143//16,,,False,,,,,,,,unmapped
MEASUREMENT_CATEGORICAL//14482//10,LOINC//3026549,,True,,LOINC,3026549,,3026549,AMSTEL,source_code,high
MEASUREMENT_CATEGORICAL//16296//6,,,False,,,,,,,,unmapped
MEASUREMENT_CATEGORICAL//17007//24,OMOP//OMOP_CONCEPT//375415,,True,,OMOP_CONCEPT,375415,,Injury of head,AMSTEL,itemid_valueid,high
MEASUREMENT_CATEGORICAL//17009//19,OMOP//OMOP_CONCEPT//4129389,,True,,OMOP_CONCEPT,4129389,,Gastrointestinal obstruction,AMSTEL,itemid_valueid,high
MEASUREMENT_CATEGORICAL//17026//51,OMOP//OMOP_CONCEPT//320136,,True,,OMOP_CONCEPT,320136,,Disorder of respiratory system,AMSTEL,itemid_valueid,high
MEASUREMENT_CATEGORICAL//18669//55,OMOP//OMOP_CONCEPT//257581,,True,,OMOP_CONCEPT,257581,,Acute asthma,AMSTEL,itemid_valueid,high
MEASUREMENT_CATEGORICAL//18673//585,OMOP//OMOP_CONCEPT//376337,,True,,OMOP_CONCEPT,376337,,Disorder of nervous system,AMSTEL,itemid_valueid,high
MEASUREMENT_CATEGORICAL//12623//15,LOINC//3046004,,True,,LOINC,3046004,,3046004,AMSTEL,source_code,high
MEASUREMENT_CATEGORICAL//13118//6,OMOP//OMOP_CONCEPT//4199966,,True,,OMOP_CONCEPT,4199966,,Repair of thoracoabdominal aortic aneurysm,AMSTEL,itemid_valueid,high
MEASUREMENT_CATEGORICAL//13118//9,OMOP//OMOP_CONCEPT//134057,,True,,OMOP_CONCEPT,134057,,Disorder of cardiovascular system,AMSTEL,itemid_valueid,high
MEASUREMENT_CATEGORICAL//13125//3,OMOP//OMOP_CONCEPT//4208113,,True,,OMOP_CONCEPT,4208113,,Spinal arthrodesis,AMSTEL,itemid_valueid,high
MEASUREMENT_CATEGORICAL//13126//2,OMOP//OMOP_CONCEPT//198124,,True,,OMOP_CONCEPT,198124,,Kidney disease,AMSTEL,itemid_valueid,high
MEASUREMENT_CATEGORICAL//13403//1,,,False,,,,,,,,unmapped
MEASUREMENT_CATEGORICAL//16179//2,SNOMED//604177,,True,,SNOMED,604177,,604177,AMSTEL,source_code,high
MEASUREMENT_CATEGORICAL//16229//3,,,False,,,,,,,,unmapped
MEASUREMENT_CATEGORICAL//16320//11,,,False,,,,,,,,unmapped
MEASUREMENT_CATEGORICAL//16997//15,,,False,,,,,,,,unmapped
MEASUREMENT_CATEGORICAL//17014//9,OMOP//OMOP_CONCEPT//4138816,,True,,OMOP_CONCEPT,4138816,,Cranioplasty,AMSTEL,itemid_valueid,high
MEASUREMENT_CATEGORICAL//17029//80,OMOP//OMOP_CONCEPT//314054,,True,,OMOP_CONCEPT,314054,,Aortic valve disorder,AMSTEL,itemid_valueid,high
MEASUREMENT_CATEGORICAL//18589//6,OMOP//OMOP_CONCEPT//316866,,True,,OMOP_CONCEPT,316866,,Hypertensive disorder,AMSTEL,itemid_valueid,high
MEASUREMENT_CATEGORICAL//18608//10,OMOP//OMOP_CONCEPT//4197485,,True,,OMOP_CONCEPT,4197485,,Epileptic seizure,AMSTEL,itemid_valueid,high
MEASUREMENT_CATEGORICAL//18670//86,OMOP//OMOP_CONCEPT//317576,,True,,OMOP_CONCEPT,317576,,Coronary arteriosclerosis,AMSTEL,itemid_valueid,high
MEASUREMENT_CATEGORICAL//18671//417,OMOP//OMOP_CONCEPT//200588,,True,,OMOP_CONCEPT,200588,,Injury of abdomen,AMSTEL,itemid_valueid,high
MEASUREMENT_CATEGORICAL//18671//50,OMOP//OMOP_CONCEPT//4338544,,True,,OMOP_CONCEPT,4338544,,Lower gastrointestinal hemorrhage,AMSTEL,itemid_valueid,high
MEASUREMENT_CATEGORICAL//12110//17,LOINC//36203284,,True,,LOINC,36203284,,36203284,AMSTEL,source_code,high
MEASUREMENT_CATEGORICAL//13128//12,OMOP//OMOP_CONCEPT//4045952,,True,,OMOP_CONCEPT,4045952,,Excision of intracranial arteriovenous malformation,AMSTEL,itemid_valueid,high
MEASUREMENT_CATEGORICAL//13136//2,OMOP//OMOP_CONCEPT//133566,,True,,OMOP_CONCEPT,133566,,Necrotizing fasciitis,AMSTEL,itemid_valueid,high
MEASUREMENT_CATEGORICAL//16181//2,,,False,,,,,,,,unmapped
MEASUREMENT_CATEGORICAL//16297//11,,,False,,,,,,,,unmapped
MEASUREMENT_CATEGORICAL//16299//21,,,False,,,,,,,,unmapped
MEASUREMENT_CATEGORICAL//16328//31,,,False,,,,,,,,unmapped
MEASUREMENT_CATEGORICAL//17007//21,OMOP//OMOP_CONCEPT//375415,,True,,OMOP_CONCEPT,375415,,Injury of head,AMSTEL,itemid_valueid,high
MEASUREMENT_CATEGORICAL//17017//16,OMOP//OMOP_CONCEPT//133468,,True,,OMOP_CONCEPT,133468,,Disorder of limb,AMSTEL,itemid_valueid,high
MEASUREMENT_CATEGORICAL//18670//105,OMOP//OMOP_CONCEPT//4197485,,True,,OMOP_CONCEPT,4197485,,Epileptic seizure,AMSTEL,itemid_valueid,high
MEASUREMENT_CATEGORICAL//18670//84,OMOP//OMOP_CONCEPT//134057,,True,,OMOP_CONCEPT,134057,,Disorder of cardiovascular system,AMSTEL,itemid_valueid,high
MEASUREMENT_CATEGORICAL//18671//164,OMOP//OMOP_CONCEPT//4049965,,True,,OMOP_CONCEPT,4049965,,Fungal pneumonia,AMSTEL,itemid_valueid,high
MEASUREMENT_CATEGORICAL//18671//269,OMOP//OMOP_CONCEPT//132797,,True,,OMOP_CONCEPT,132797,,Sepsis,AMSTEL,itemid_valueid,high
MEASUREMENT_CATEGORICAL//18671//426,OMOP//OMOP_CONCEPT//4094683,,True,,OMOP_CONCEPT,4094683,,Chest injury,AMSTEL,itemid_valueid,high
MEASUREMENT_CATEGORICAL//19834//7,,,False,,,,,,,,unmapped
MEASUREMENT_CATEGORICAL//20148//19,OMOP//OMOP_CONCEPT//45879434,,False,,OMOP_CONCEPT,45879434,,Stupor,AMSTEL,itemid_valueid,low
MEASUREMENT_CATEGORICAL//8733//15,SNOMED//4085985,,False,,SNOMED,4085985,,4085985,AMSTEL,source_code,high
MEASUREMENT_CATEGORICAL//12110//11,LOINC//36203284,,True,,LOINC,36203284,,36203284,AMSTEL,source_code,high
MEASUREMENT_CATEGORICAL//12829//3,OMOP//OMOP_CONCEPT//37156240,,True,,OMOP_CONCEPT,37156240,,Pressure injury stage II,AMSTEL,itemid_valueid,high
MEASUREMENT_CATEGORICAL//13072//3,LOINC//3026549,,True,,LOINC,3026549,,3026549,AMSTEL,source_code,high
MEASUREMENT_CATEGORICAL//14846//6,LOINC//1988717,,True,,LOINC,1988717,,1988717,AMSTEL,source_code,high
MEASUREMENT_CATEGORICAL//16084//2,OMOP//OMOP_CONCEPT//314665,,True,,OMOP_CONCEPT,314665,,Atrial flutter,AMSTEL,itemid_valueid,high
MEASUREMENT_CATEGORICAL//16103//4,OMOP//OMOP_CONCEPT//4122762,,True,,OMOP_CONCEPT,4122762,,Electromechanical dissociation,AMSTEL,itemid_valueid,high
MEASUREMENT_CATEGORICAL//16322//16,,,False,,,,,,,,unmapped
MEASUREMENT_CATEGORICAL//16999//17,OMOP//OMOP_CONCEPT//4202064,,True,,OMOP_CONCEPT,4202064,,Gastrointestinal perforation,AMSTEL,itemid_valueid,high
MEASUREMENT_CATEGORICAL//18604//12,OMOP//OMOP_CONCEPT//134057,,True,,OMOP_CONCEPT,134057,,Disorder of cardiovascular system,AMSTEL,itemid_valueid,high
MEASUREMENT_CATEGORICAL//18604//19,OMOP//OMOP_CONCEPT//198571,,True,,OMOP_CONCEPT,198571,,Cardiogenic shock,AMSTEL,itemid_valueid,high
MEASUREMENT_CATEGORICAL//18670//91,OMOP//OMOP_CONCEPT//198571,,True,,OMOP_CONCEPT,198571,,Cardiogenic shock,AMSTEL,itemid_valueid,high
MEASUREMENT_CATEGORICAL//18671//292,OMOP//OMOP_CONCEPT//4030148,,True,,OMOP_CONCEPT,4030148,,Small intestine excision,AMSTEL,itemid_valueid,high
MEASUREMENT_CATEGORICAL//18671//293,OMOP//OMOP_CONCEPT//4040299,,True,,OMOP_CONCEPT,4040299,,Operation on stomach,AMSTEL,itemid_valueid,high
MEASUREMENT_CATEGORICAL//8732//21,SNOMED//4085985,,False,,SNOMED,4085985,,4085985,AMSTEL,source_code,high
MEASUREMENT_CATEGORICAL//10466//6,OMOP//OMOP_CONCEPT//4147079,,False,,OMOP_CONCEPT,4147079,,"Muslim, follower of religion",AMSTEL,itemid_valueid,low
MEASUREMENT_CATEGORICAL//12110//16,LOINC//36203284,,True,,LOINC,36203284,,36203284,AMSTEL,source_code,high
MEASUREMENT_CATEGORICAL//12114//3,,,False,,,,,,,,unmapped
MEASUREMENT_CATEGORICAL//13121//3,OMOP//OMOP_CONCEPT//199744,,True,,OMOP_CONCEPT,199744,,Carcinoma liver and/or biliary system,AMSTEL,itemid_valueid,high
MEASUREMENT_CATEGORICAL//13133//10,OMOP//OMOP_CONCEPT//317585,,True,,OMOP_CONCEPT,317585,,Aortic aneurysm,AMSTEL,itemid_valueid,high
MEASUREMENT_CATEGORICAL//14646//2,,,False,,,,,,,,unmapped
MEASUREMENT_CATEGORICAL//16317//26,,,False,,,,,,,,unmapped
MEASUREMENT_CATEGORICAL//18611//8,OMOP//OMOP_CONCEPT//4129389,,True,,OMOP_CONCEPT,4129389,,Gastrointestinal obstruction,AMSTEL,itemid_valueid,high
MEASUREMENT_CATEGORICAL//18671//371,OMOP//OMOP_CONCEPT//4063759,,True,,OMOP_CONCEPT,4063759,,Evacuation of intracranial extradural hematoma,AMSTEL,itemid_valueid,high
MEASUREMENT_CATEGORICAL//18671//86,OMOP//OMOP_CONCEPT//138379,,True,,OMOP_CONCEPT,138379,,"Chronic lymphoid leukemia, disease",AMSTEL,itemid_valueid,high
MEASUREMENT_CATEGORICAL//19803//15,,,False,,,,,,,,unmapped
MEASUREMENT_CATEGORICAL//20146//3,,,False,,,,,,,,unmapped
MEASUREMENT_CATEGORICAL//20348//1,,,False,,,,,,,,unmapped
MEASUREMENT_CATEGORICAL//6671//6,SNOMED//4091457,,True,,SNOMED,4091457,,4091457,AMSTEL,source_code,high
MEASUREMENT_CATEGORICAL//8730//12,OMOP//OMOP_CONCEPT//4283512,,True,,OMOP_CONCEPT,4283512,,Structure of left forearm,AMSTEL,itemid_valueid,high
MEASUREMENT_CATEGORICAL//8731//10,OMOP//OMOP_CONCEPT//4283159,,True,,OMOP_CONCEPT,4283159,,Left upper arm structure,AMSTEL,itemid_valueid,high
MEASUREMENT_CATEGORICAL//12820//4,OMOP//OMOP_CONCEPT//37156241,,True,,OMOP_CONCEPT,37156241,,Pressure injury stage III,AMSTEL,itemid_valueid,high
MEASUREMENT_CATEGORICAL//13119//4,OMOP//OMOP_CONCEPT//4079730,,True,,OMOP_CONCEPT,4079730,,Pleurectomy,AMSTEL,itemid_valueid,high
MEASUREMENT_CATEGORICAL//13139//1,OMOP//OMOP_CONCEPT//432585,,True,,OMOP_CONCEPT,432585,,Blood coagulation disorder,AMSTEL,itemid_valueid,high
MEASUREMENT_CATEGORICAL//16300//26,,,False,,,,,,,,unmapped
MEASUREMENT_CATEGORICAL//16301//31,,,False,,,,,,,,unmapped
MEASUREMENT_CATEGORICAL//16327//36,,,False,,,,,,,,unmapped
MEASUREMENT_CATEGORICAL//16998//23,OMOP//OMOP_CONCEPT//434376,,True,,OMOP_CONCEPT,434376,,Acute myocardial infarction of anterior wall,AMSTEL,itemid_valueid,high
MEASUREMENT_CATEGORICAL//17005//5,OMOP//OMOP_CONCEPT//261880,,True,,OMOP_CONCEPT,261880,,Atelectasis,AMSTEL,itemid_valueid,high
MEASUREMENT_CATEGORICAL//17025//44,OMOP//OMOP_CONCEPT//376337,,True,,OMOP_CONCEPT,376337,,Disorder of nervous system,AMSTEL,itemid_valueid,high
MEASUREMENT_CATEGORICAL//18610//17,OMOP//OMOP_CONCEPT//257004,,True,,OMOP_CONCEPT,257004,,Acute exacerbation of chronic obstructive airways disease,AMSTEL,itemid_valueid,high
MEASUREMENT_CATEGORICAL//18670//96,OMOP//OMOP_CONCEPT//192671,,True,,OMOP_CONCEPT,192671,,Gastrointestinal hemorrhage,AMSTEL,itemid_valueid,high
MEASUREMENT_CATEGORICAL//18671//151,OMOP//OMOP_CONCEPT//4178968,,True,,OMOP_CONCEPT,4178968,,Malignant tumor of larynx,AMSTEL,itemid_valueid,high
MEASUREMENT_CATEGORICAL//19719//5,,,False,,,,,,,,unmapped
MEASUREMENT_CATEGORICAL//20348//3,,,False,,,,,,,,unmapped
MEASUREMENT_CATEGORICAL//21189//5,,,False,,,,,,,,unmapped
MEASUREMENT_CATEGORICAL//13105//6,,,False,,,,,,,,unmapped
MEASUREMENT_CATEGORICAL//14565//89,,,False,,,,,,,,unmapped
MEASUREMENT_CATEGORICAL//14770//10,SNOMED//4093203,,True,,SNOMED,4093203,,4093203,AMSTEL,source_code,high
MEASUREMENT_CATEGORICAL//16179//4,SNOMED//604177,,True,,SNOMED,604177,,604177,AMSTEL,source_code,high
MEASUREMENT_CATEGORICAL//16998//46,OMOP//OMOP_CONCEPT//443784,,True,,OMOP_CONCEPT,443784,,Vascular disorder,AMSTEL,itemid_valueid,high
MEASUREMENT_CATEGORICAL//17005//22,OMOP//OMOP_CONCEPT//261326,,True,,OMOP_CONCEPT,261326,,Viral pneumonia,AMSTEL,itemid_valueid,high
MEASUREMENT_CATEGORICAL//17010//16,OMOP//OMOP_CONCEPT//196653,,True,,OMOP_CONCEPT,196653,,Malignant tumor of kidney,AMSTEL,itemid_valueid,high
MEASUREMENT_CATEGORICAL//17018//33,,,False,,,,,,,,unmapped
MEASUREMENT_CATEGORICAL//18592//2,OMOP//OMOP_CONCEPT//443727,,True,,OMOP_CONCEPT,443727,,Diabetic ketoacidosis,AMSTEL,itemid_valueid,high
MEASUREMENT_CATEGORICAL//18605//4,OMOP//OMOP_CONCEPT//192671,,True,,OMOP_CONCEPT,192671,,Gastrointestinal hemorrhage,AMSTEL,itemid_valueid,high
MEASUREMENT_CATEGORICAL//18670//69,OMOP//OMOP_CONCEPT//4129389,,True,,OMOP_CONCEPT,4129389,,Gastrointestinal obstruction,AMSTEL,itemid_valueid,high
MEASUREMENT_CATEGORICAL//18671//404,OMOP//OMOP_CONCEPT//4201387,,True,,OMOP_CONCEPT,4201387,,Tracheostomy present,AMSTEL,itemid_valueid,high
MEASUREMENT_CATEGORICAL//20348//8,,,False,,,,,,,,unmapped
MEASUREMENT_CATEGORICAL//20536//3,,,False,,,,,,,,unmapped
MEASUREMENT_CATEGORICAL//12819//6,OMOP//OMOP_CONCEPT//37156242,,True,,OMOP_CONCEPT,37156242,,Pressure injury stage IV,AMSTEL,itemid_valueid,high
MEASUREMENT_CATEGORICAL//13124//10,OMOP//OMOP_CONCEPT//4095850,,True,,OMOP_CONCEPT,4095850,,Spinal injury,AMSTEL,itemid_valueid,high
MEASUREMENT_CATEGORICAL//13943//8,OMOP//OMOP_CONCEPT//4136247,,True,,OMOP_CONCEPT,4136247,,Turbid,AMSTEL,itemid_valueid,high
MEASUREMENT_CATEGORICAL//14772//22,SNOMED//4093203,,True,,SNOMED,4093203,,4093203,AMSTEL,source_code,high
MEASUREMENT_CATEGORICAL//16181//3,,,False,,,,,,,,unmapped
MEASUREMENT_CATEGORICAL//16640//7,LOINC//3013144,,True,,LOINC,3013144,,3013144,AMSTEL,source_code,high
MEASUREMENT_CATEGORICAL//16649//9,OMOP//OMOP_CONCEPT//197331,,True,,OMOP_CONCEPT,197331,,Disorder of urinary tract,AMSTEL,itemid_valueid,high
MEASUREMENT_CATEGORICAL//16650//10,OMOP//OMOP_CONCEPT//4027369,,True,,OMOP_CONCEPT,4027369,,Vascular disease of abdomen,AMSTEL,itemid_valueid,high
MEASUREMENT_CATEGORICAL//16673//11,OMOP//OMOP_CONCEPT//35610239,,True,,OMOP_CONCEPT,35610239,,Malignant neoplasm of bronchus or lung,AMSTEL,itemid_valueid,high
MEASUREMENT_CATEGORICAL//16993//13,OMOP//OMOP_CONCEPT//581379,,True,,OMOP_CONCEPT,581379,,Inpatient Critical Care Facility,AMSTEL,itemid_valueid,high
MEASUREMENT_CATEGORICAL//17015//16,OMOP//OMOP_CONCEPT//320136,,True,,OMOP_CONCEPT,320136,,Disorder of respiratory system,AMSTEL,itemid_valueid,high
MEASUREMENT_CATEGORICAL//17017//14,OMOP//OMOP_CONCEPT//133468,,True,,OMOP_CONCEPT,133468,,Disorder of limb,AMSTEL,itemid_valueid,high
MEASUREMENT_CATEGORICAL//18670//77,OMOP//OMOP_CONCEPT//375415,,True,,OMOP_CONCEPT,375415,,Injury of head,AMSTEL,itemid_valueid,high
MEASUREMENT_CATEGORICAL//18671//360,OMOP//OMOP_CONCEPT//4257898,,True,,OMOP_CONCEPT,4257898,,Craniectomy with excision of brain abscess,AMSTEL,itemid_valueid,high
MEASUREMENT_CATEGORICAL//18671//443,OMOP//OMOP_CONCEPT//133468,,True,,OMOP_CONCEPT,133468,,Disorder of limb,AMSTEL,itemid_valueid,high
MEASUREMENT_CATEGORICAL//8663//5,LOINC//3024265,,True,,LOINC,3024265,,3024265,AMSTEL,source_code,high
MEASUREMENT_CATEGORICAL//10472//33,SNOMED//44810687,,True,,SNOMED,44810687,,44810687,AMSTEL,source_code,high
MEASUREMENT_CATEGORICAL//12099//2,LOINC//3003680,,True,,LOINC,3003680,,3003680,AMSTEL,source_code,high
MEASUREMENT_CATEGORICAL//12101//1,LOINC//3003680,,True,,LOINC,3003680,,3003680,AMSTEL,source_code,high
MEASUREMENT_CATEGORICAL//16310//76,,,False,,,,,,,,unmapped
MEASUREMENT_CATEGORICAL//16311//81,,,False,,,,,,,,unmapped
MEASUREMENT_CATEGORICAL//16665//18,,,False,,,,,,,,unmapped
MEASUREMENT_CATEGORICAL//16949//3,,,False,,,,,,,,unmapped
MEASUREMENT_CATEGORICAL//16998//21,OMOP//OMOP_CONCEPT//45768449,,True,,OMOP_CONCEPT,45768449,,Hypertensive crisis,AMSTEL,itemid_valueid,high
MEASUREMENT_CATEGORICAL//17002//5,OMOP//OMOP_CONCEPT//443727,,True,,OMOP_CONCEPT,443727,,Diabetic ketoacidosis,AMSTEL,itemid_valueid,high
MEASUREMENT_CATEGORICAL//17005//3,OMOP//OMOP_CONCEPT//317109,,True,,OMOP_CONCEPT,317109,,Respiratory arrest,AMSTEL,itemid_valueid,high
MEASUREMENT_CATEGORICAL//17007//12,OMOP//OMOP_CONCEPT//4094683,,True,,OMOP_CONCEPT,4094683,,Chest injury,AMSTEL,itemid_valueid,high
MEASUREMENT_CATEGORICAL//18670//113,OMOP//OMOP_CONCEPT//257004,,True,,OMOP_CONCEPT,257004,,Acute exacerbation of chronic obstructive airways disease,AMSTEL,itemid_valueid,high
MEASUREMENT_CATEGORICAL//18671//224,OMOP//OMOP_CONCEPT//37110863,,True,,OMOP_CONCEPT,37110863,,Repair of dissection of abdominal aorta,AMSTEL,itemid_valueid,high
MEASUREMENT_CATEGORICAL//18671//32,OMOP//OMOP_CONCEPT//4266600,,True,,OMOP_CONCEPT,4266600,,Abnormal cardiac conduction,AMSTEL,itemid_valueid,high
MEASUREMENT_CATEGORICAL//18671//69,OMOP//OMOP_CONCEPT//196152,,True,,OMOP_CONCEPT,196152,,Peritonitis,AMSTEL,itemid_valueid,high
MEASUREMENT_CATEGORICAL//8730//13,OMOP//OMOP_CONCEPT//4271843,,True,,OMOP_CONCEPT,4271843,,Structure of right forearm,AMSTEL,itemid_valueid,high
MEASUREMENT_CATEGORICAL//12624//7,LOINC//21491186,,True,,LOINC,21491186,,21491186,AMSTEL,source_code,high
MEASUREMENT_CATEGORICAL//16254//1,,,False,,,,,,,,unmapped
MEASUREMENT_CATEGORICAL//16998//20,OMOP//OMOP_CONCEPT//437312,,True,,OMOP_CONCEPT,437312,,Bleeding,AMSTEL,itemid_valueid,high
MEASUREMENT_CATEGORICAL//16998//34,OMOP//OMOP_CONCEPT//132797,,True,,OMOP_CONCEPT,132797,,Sepsis,AMSTEL,itemid_valueid,high
MEASUREMENT_CATEGORICAL//17009//22,OMOP//OMOP_CONCEPT//201894,,True,,OMOP_CONCEPT,201894,,Acute vascular insufficiency of intestine,AMSTEL,itemid_valueid,high
MEASUREMENT_CATEGORICAL//17035//42,OMOP//OMOP_CONCEPT//40490927,,True,,OMOP_CONCEPT,40490927,,Craniotomy and excision of neoplasm of brain,AMSTEL,itemid_valueid,high
MEASUREMENT_CATEGORICAL//18615//8,OMOP//OMOP_CONCEPT//375415,,True,,OMOP_CONCEPT,375415,,Injury of head,AMSTEL,itemid_valueid,high
MEASUREMENT_CATEGORICAL//18671//185,OMOP//OMOP_CONCEPT//200588,,True,,OMOP_CONCEPT,200588,,Injury of abdomen,AMSTEL,itemid_valueid,high
MEASUREMENT_CATEGORICAL//18671//240,OMOP//OMOP_CONCEPT//317576,,True,,OMOP_CONCEPT,317576,,Coronary arteriosclerosis,AMSTEL,itemid_valueid,high
MEASUREMENT_CATEGORICAL//19730//4,,,False,,,,,,,,unmapped
MEASUREMENT_CATEGORICAL//20628//2,,,False,,,,,,,,unmapped
MEASUREMENT_CATEGORICAL//21233//7,,,False,,,,,,,,unmapped
MEASUREMENT_CATEGORICAL//8897//8,SNOMED//4337734,,True,,SNOMED,4337734,,4337734,AMSTEL,source_code,high
MEASUREMENT_CATEGORICAL//12110//18,LOINC//36203284,,True,,LOINC,36203284,,36203284,AMSTEL,source_code,high
MEASUREMENT_CATEGORICAL//12129//7,LOINC//3046359,,True,,LOINC,3046359,,3046359,AMSTEL,source_code,high
MEASUREMENT_CATEGORICAL//13105//1,,,False,,,,,,,,unmapped
MEASUREMENT_CATEGORICAL//14426//27,LOINC//3021707,,True,,LOINC,3021707,,3021707,AMSTEL,source_code,high
MEASUREMENT_CATEGORICAL//16312//6,,,False,,,,,,,,unmapped
MEASUREMENT_CATEGORICAL//16321//81,,,False,,,,,,,,unmapped
MEASUREMENT_CATEGORICAL//17004//13,OMOP//OMOP_CONCEPT//435785,,True,,OMOP_CONCEPT,435785,,Meningitis,AMSTEL,itemid_valueid,high
MEASUREMENT_CATEGORICAL//18608//8,OMOP//OMOP_CONCEPT//602985,,True,,OMOP_CONCEPT,602985,,Intoxication,AMSTEL,itemid_valueid,high
MEASUREMENT_CATEGORICAL//18671//390,OMOP//OMOP_CONCEPT//25189,,True,,OMOP_CONCEPT,25189,,Malignant tumor of oral cavity,AMSTEL,itemid_valueid,high
MEASUREMENT_CATEGORICAL//18671//451,OMOP//OMOP_CONCEPT//4095850,,True,,OMOP_CONCEPT,4095850,,Spinal injury,AMSTEL,itemid_valueid,high
MEASUREMENT_CATEGORICAL//18671//48,OMOP//OMOP_CONCEPT//28779,,True,,OMOP_CONCEPT,28779,,Bleeding esophageal varices,AMSTEL,itemid_valueid,high
MEASUREMENT_CATEGORICAL//18673//572,OMOP//OMOP_CONCEPT//380834,,True,,OMOP_CONCEPT,380834,,Coma,AMSTEL,itemid_valueid,high
MEASUREMENT_CATEGORICAL//18673//827,OMOP//OMOP_CONCEPT//40490927,,True,,OMOP_CONCEPT,40490927,,Craniotomy and excision of neoplasm of brain,AMSTEL,itemid_valueid,high
MEASUREMENT_CATEGORICAL//21042//2,,,False,,,,,,,,unmapped
MEASUREMENT_CATEGORICAL//21191//13,,,False,,,,,,,,unmapped
MEASUREMENT_CATEGORICAL//10470//11,SNOMED//763892,,True,,SNOMED,763892,,763892,AMSTEL,source_code,high
MEASUREMENT_CATEGORICAL//12111//9,LOINC//36203284,,True,,LOINC,36203284,,36203284,AMSTEL,source_code,high
MEASUREMENT_CATEGORICAL//12502//2,LOINC//3004779,,True,,LOINC,3004779,,3004779,AMSTEL,source_code,high
MEASUREMENT_CATEGORICAL//12824//6,OMOP//OMOP_CONCEPT//37156242,,True,,OMOP_CONCEPT,37156242,,Pressure injury stage IV,AMSTEL,itemid_valueid,high
MEASUREMENT_CATEGORICAL//16324//86,,,False,,,,,,,,unmapped
MEASUREMENT_CATEGORICAL//16675//6,OMOP//OMOP_CONCEPT//4129922,,True,,OMOP_CONCEPT,4129922,,Unknown,AMSTEL,itemid_valueid,high
MEASUREMENT_CATEGORICAL//17025//31,OMOP//OMOP_CONCEPT//380834,,True,,OMOP_CONCEPT,380834,,Coma,AMSTEL,itemid_valueid,high
MEASUREMENT_CATEGORICAL//18595//3,OMOP//OMOP_CONCEPT//252280,,True,,OMOP_CONCEPT,252280,,Neoplasm of respiratory tract,AMSTEL,itemid_valueid,high
MEASUREMENT_CATEGORICAL//18597//8,OMOP//OMOP_CONCEPT//4012185,,True,,OMOP_CONCEPT,4012185,,Cardiovascular surgical procedure,AMSTEL,itemid_valueid,high
MEASUREMENT_CATEGORICAL//18670//103,OMOP//OMOP_CONCEPT//602985,,True,,OMOP_CONCEPT,602985,,Intoxication,AMSTEL,itemid_valueid,high
MEASUREMENT_CATEGORICAL//18671//102,OMOP//OMOP_CONCEPT//24609,,True,,OMOP_CONCEPT,24609,,Hypoglycemia,AMSTEL,itemid_valueid,high
MEASUREMENT_CATEGORICAL//18671//138,OMOP//OMOP_CONCEPT//4176983,,True,,OMOP_CONCEPT,4176983,,Overdose of antidepressant drug,AMSTEL,itemid_valueid,high
MEASUREMENT_CATEGORICAL//18671//191,OMOP//OMOP_CONCEPT//200588,,True,,OMOP_CONCEPT,200588,,Injury of abdomen,AMSTEL,itemid_valueid,high
MEASUREMENT_CATEGORICAL//18671//234,OMOP//OMOP_CONCEPT//317576,,True,,OMOP_CONCEPT,317576,,Coronary arteriosclerosis,AMSTEL,itemid_valueid,high
MEASUREMENT_CATEGORICAL//20139//4,OMOP//OMOP_CONCEPT//46237393,,False,,OMOP_CONCEPT,46237393,,Hospital-Cath Lab,AMSTEL,itemid_valueid,low
MEASUREMENT_CATEGORICAL//8731//18,OMOP//OMOP_CONCEPT//4287390,,True,,OMOP_CONCEPT,4287390,,Head structure,AMSTEL,itemid_valueid,high
MEASUREMENT_CATEGORICAL//12109//11,LOINC//36203284,,True,,LOINC,36203284,,36203284,AMSTEL,source_code,high
MEASUREMENT_CATEGORICAL//12807//5,OMOP//OMOP_CONCEPT//37156242,,True,,OMOP_CONCEPT,37156242,,Pressure injury stage IV,AMSTEL,itemid_valueid,high
MEASUREMENT_CATEGORICAL//14143//23,,,False,,,,,,,,unmapped
MEASUREMENT_CATEGORICAL//16103//2,OMOP//OMOP_CONCEPT//4233619,,True,,OMOP_CONCEPT,4233619,,Pulseless ventricular tachycardia,AMSTEL,itemid_valueid,high
MEASUREMENT_CATEGORICAL//16252//3,LOINC//46235663,,True,,LOINC,46235663,,46235663,AMSTEL,source_code,high
MEASUREMENT_CATEGORICAL//16295//1,,,False,,,,,,,,unmapped
MEASUREMENT_CATEGORICAL//16305//51,,,False,,,,,,,,unmapped
MEASUREMENT_CATEGORICAL//16666//12,,,False,,,,,,,,unmapped
MEASUREMENT_CATEGORICAL//16999//22,OMOP//OMOP_CONCEPT//4192640,,True,,OMOP_CONCEPT,4192640,,Pancreatitis,AMSTEL,itemid_valueid,high
MEASUREMENT_CATEGORICAL//17010//5,OMOP//OMOP_CONCEPT//4029571,,True,,OMOP_CONCEPT,4029571,,Bladder excision,AMSTEL,itemid_valueid,high
MEASUREMENT_CATEGORICAL//18610//13,OMOP//OMOP_CONCEPT//440417,,True,,OMOP_CONCEPT,440417,,Pulmonary embolism,AMSTEL,itemid_valueid,high
MEASUREMENT_CATEGORICAL//18670//109,OMOP//OMOP_CONCEPT//440417,,True,,OMOP_CONCEPT,440417,,Pulmonary embolism,AMSTEL,itemid_valueid,high
MEASUREMENT_CATEGORICAL//18671//26,OMOP//OMOP_CONCEPT//312327,,True,,OMOP_CONCEPT,312327,,Acute myocardial infarction,AMSTEL,itemid_valueid,high
MEASUREMENT_CATEGORICAL//18671//317,OMOP//OMOP_CONCEPT//4023287,,True,,OMOP_CONCEPT,4023287,,Repair of rupture of bladder,AMSTEL,itemid_valueid,high
MEASUREMENT_CATEGORICAL//19995//4,,,False,,,,,,,,unmapped
MEASUREMENT_CATEGORICAL//20011//2,,,False,,,,,,,,unmapped
MEASUREMENT_CATEGORICAL//20015//3,,,False,,,,,,,,unmapped
MEASUREMENT_CATEGORICAL//20536//2,,,False,,,,,,,,unmapped
MEASUREMENT_CATEGORICAL//21042//1,,,False,,,,,,,,unmapped
MEASUREMENT_CATEGORICAL//8733//3,SNOMED//4085985,,False,,SNOMED,4085985,,4085985,AMSTEL,source_code,high
MEASUREMENT_CATEGORICAL//12111//27,LOINC//36203284,,True,,LOINC,36203284,,36203284,AMSTEL,source_code,high
MEASUREMENT_CATEGORICAL//13117//6,OMOP//OMOP_CONCEPT//4107225,,True,,OMOP_CONCEPT,4107225,,Rupture of heart,AMSTEL,itemid_valueid,high
MEASUREMENT_CATEGORICAL//13129//4,OMOP//OMOP_CONCEPT//40492356,,True,,OMOP_CONCEPT,40492356,,Excision of meningioma by infratentorial approach,AMSTEL,itemid_valueid,high
MEASUREMENT_CATEGORICAL//14646//3,,,False,,,,,,,,unmapped
MEASUREMENT_CATEGORICAL//16304//46,,,False,,,,,,,,unmapped
MEASUREMENT_CATEGORICAL//16325//21,,,False,,,,,,,,unmapped
MEASUREMENT_CATEGORICAL//16326//56,,,False,,,,,,,,unmapped
MEASUREMENT_CATEGORICAL//16668//4,,,False,,,,,,,,unmapped
MEASUREMENT_CATEGORICAL//16999//4,OMOP//OMOP_CONCEPT//4338544,,True,,OMOP_CONCEPT,4338544,,Lower gastrointestinal hemorrhage,AMSTEL,itemid_valueid,high
MEASUREMENT_CATEGORICAL//17008//20,OMOP//OMOP_CONCEPT//317576,,True,,OMOP_CONCEPT,317576,,Coronary arteriosclerosis,AMSTEL,itemid_valueid,high
MEASUREMENT_CATEGORICAL//17014//12,OMOP//OMOP_CONCEPT//4063759,,True,,OMOP_CONCEPT,4063759,,Evacuation of intracranial extradural hematoma,AMSTEL,itemid_valueid,high
MEASUREMENT_CATEGORICAL//17015//8,OMOP//OMOP_CONCEPT//257010,,True,,OMOP_CONCEPT,257010,,Abscess of lung,AMSTEL,itemid_valueid,high
MEASUREMENT_CATEGORICAL//17018//36,,,False,,,,,,,,unmapped
MEASUREMENT_CATEGORICAL//18671//315,OMOP//OMOP_CONCEPT//201265,,True,,OMOP_CONCEPT,201265,,Disorder of spleen,AMSTEL,itemid_valueid,high
MEASUREMENT_CATEGORICAL//18671//403,OMOP//OMOP_CONCEPT//257010,,True,,OMOP_CONCEPT,257010,,Abscess of lung,AMSTEL,itemid_valueid,high
MEASUREMENT_CATEGORICAL//19233//3,,,False,,,,,,,,unmapped
MEASUREMENT_CATEGORICAL//19645//3,,,False,,,,,,,,unmapped
MEASUREMENT_CATEGORICAL//19818//6,,,False,,,,,,,,unmapped
MEASUREMENT_CATEGORICAL//20014//2,,,False,,,,,,,,unmapped
MEASUREMENT_CATEGORICAL//8732//19,SNOMED//4085985,,False,,SNOMED,4085985,,4085985,AMSTEL,source_code,high
MEASUREMENT_CATEGORICAL//12816//5,OMOP//OMOP_CONCEPT//37156242,,True,,OMOP_CONCEPT,37156242,,Pressure injury stage IV,AMSTEL,itemid_valueid,high
MEASUREMENT_CATEGORICAL//14577//3,SNOMED//4202832,,True,,SNOMED,4202832,,4202832,AMSTEL,source_code,high
MEASUREMENT_CATEGORICAL//14771//17,SNOMED//4093203,,True,,SNOMED,4093203,,4093203,AMSTEL,source_code,high
MEASUREMENT_CATEGORICAL//16298//16,,,False,,,,,,,,unmapped
MEASUREMENT_CATEGORICAL//16303//41,,,False,,,,,,,,unmapped
MEASUREMENT_CATEGORICAL//16318//51,,,False,,,,,,,,unmapped
MEASUREMENT_CATEGORICAL//18595//6,OMOP//OMOP_CONCEPT//317109,,True,,OMOP_CONCEPT,317109,,Respiratory arrest,AMSTEL,itemid_valueid,high
MEASUREMENT_CATEGORICAL//18603//18,,,False,,,,,,,,unmapped
MEASUREMENT_CATEGORICAL//18671//101,OMOP//OMOP_CONCEPT//133436,,True,,OMOP_CONCEPT,133436,,Thyrotoxic crisis,AMSTEL,itemid_valueid,high
MEASUREMENT_CATEGORICAL//18671//380,OMOP//OMOP_CONCEPT//135526,,True,,OMOP_CONCEPT,135526,,Spinal cord disease,AMSTEL,itemid_valueid,high
MEASUREMENT_CATEGORICAL//18673//607,OMOP//OMOP_CONCEPT//440417,,True,,OMOP_CONCEPT,440417,,Pulmonary embolism,AMSTEL,itemid_valueid,high
MEASUREMENT_CATEGORICAL//19731//2,,,False,,,,,,,,unmapped
MEASUREMENT_CATEGORICAL//19837//3,,,False,,,,,,,,unmapped
MEASUREMENT_CATEGORICAL//20348//5,,,False,,,,,,,,unmapped
MEASUREMENT_CATEGORICAL//10472//6,OMOP//OMOP_CONCEPT//4162299,,True,,OMOP_CONCEPT,4162299,,Autopsy examination,AMSTEL,itemid_valueid,high
MEASUREMENT_CATEGORICAL//12819//4,OMOP//OMOP_CONCEPT//37156241,,True,,OMOP_CONCEPT,37156241,,Pressure injury stage III,AMSTEL,itemid_valueid,high
MEASUREMENT_CATEGORICAL//12826//6,OMOP//OMOP_CONCEPT//37156242,,True,,OMOP_CONCEPT,37156242,,Pressure injury stage IV,AMSTEL,itemid_valueid,high
MEASUREMENT_CATEGORICAL//14565//68,,,False,,,,,,,,unmapped
MEASUREMENT_CATEGORICAL//14770//11,SNOMED//4093203,,True,,SNOMED,4093203,,4093203,AMSTEL,source_code,high
MEASUREMENT_CATEGORICAL//17004//21,OMOP//OMOP_CONCEPT//4176983,,True,,OMOP_CONCEPT,4176983,,Overdose of antidepressant drug,AMSTEL,itemid_valueid,high
MEASUREMENT_CATEGORICAL//17007//7,OMOP//OMOP_CONCEPT//200588,,True,,OMOP_CONCEPT,200588,,Injury of abdomen,AMSTEL,itemid_valueid,high
MEASUREMENT_CATEGORICAL//17009//10,OMOP//OMOP_CONCEPT//4040299,,True,,OMOP_CONCEPT,4040299,,Operation on stomach,AMSTEL,itemid_valueid,high
MEASUREMENT_CATEGORICAL//17026//37,OMOP//OMOP_CONCEPT//440417,,True,,OMOP_CONCEPT,440417,,Pulmonary embolism,AMSTEL,itemid_valueid,high
MEASUREMENT_CATEGORICAL//18595//7,OMOP//OMOP_CONCEPT//317009,,True,,OMOP_CONCEPT,317009,,Asthma,AMSTEL,itemid_valueid,high
MEASUREMENT_CATEGORICAL//18671//287,OMOP//OMOP_CONCEPT//40485318,,True,,OMOP_CONCEPT,40485318,,Incision of stomach and suture of bleeding gastric ulcer,AMSTEL,itemid_valueid,high
MEASUREMENT_CATEGORICAL//18671//316,OMOP//OMOP_CONCEPT//4020329,,True,,OMOP_CONCEPT,4020329,,Pancreaticoduodenectomy,AMSTEL,itemid_valueid,high
MEASUREMENT_CATEGORICAL//19722//4,,,False,,,,,,,,unmapped
MEASUREMENT_CATEGORICAL//20145//3,,,False,,,,,,,,unmapped
MEASUREMENT_CATEGORICAL//21239//1,,,False,,,,,,,,unmapped
MEASUREMENT_CATEGORICAL//7969//8,,,False,,,,,,,,unmapped
MEASUREMENT_CATEGORICAL//9593//10,LOINC//3024265,,True,,LOINC,3024265,,3024265,AMSTEL,source_code,high
MEASUREMENT_CATEGORICAL//10472//9,OMOP//OMOP_CONCEPT//581383,,True,,OMOP_CONCEPT,581383,,Inpatient Cardiac Care Facility,AMSTEL,itemid_valueid,high
MEASUREMENT_CATEGORICAL//12099//3,LOINC//3003680,,True,,LOINC,3003680,,3003680,AMSTEL,source_code,high
MEASUREMENT_CATEGORICAL//12110//3,LOINC//36203284,,True,,LOINC,36203284,,36203284,AMSTEL,source_code,high
MEASUREMENT_CATEGORICAL//14772//23,SNOMED//4093203,,True,,SNOMED,4093203,,4093203,AMSTEL,source_code,high
MEASUREMENT_CATEGORICAL//16319//46,,,False,,,,,,,,unmapped
MEASUREMENT_CATEGORICAL//16998//44,OMOP//OMOP_CONCEPT//4278217,,True,,OMOP_CONCEPT,4278217,,Arterial thrombosis,AMSTEL,itemid_valueid,high
MEASUREMENT_CATEGORICAL//17008//14,OMOP//OMOP_CONCEPT//317576,,True,,OMOP_CONCEPT,317576,,Coronary arteriosclerosis,AMSTEL,itemid_valueid,high
MEASUREMENT_CATEGORICAL//18671//346,OMOP//OMOP_CONCEPT//4137462,,True,,OMOP_CONCEPT,4137462,,Adrenalectomy,AMSTEL,itemid_valueid,high
MEASUREMENT_CATEGORICAL//18671//448,OMOP//OMOP_CONCEPT//4235863,,True,,OMOP_CONCEPT,4235863,,Spinal cord injury,AMSTEL,itemid_valueid,high
MEASUREMENT_CATEGORICAL//19995//6,,,False,,,,,,,,unmapped
MEASUREMENT_CATEGORICAL//10472//14,SNOMED//44810687,,True,,SNOMED,44810687,,44810687,AMSTEL,source_code,high
MEASUREMENT_CATEGORICAL//12629//3,,,False,,,,,,,,unmapped
MEASUREMENT_CATEGORICAL//12832//5,OMOP//OMOP_CONCEPT//37156242,,True,,OMOP_CONCEPT,37156242,,Pressure injury stage IV,AMSTEL,itemid_valueid,high
MEASUREMENT_CATEGORICAL//13118//1,OMOP//OMOP_CONCEPT//4188637,,True,,OMOP_CONCEPT,4188637,,Aneurysm of aortic root,AMSTEL,itemid_valueid,high
MEASUREMENT_CATEGORICAL//13135//6,OMOP//OMOP_CONCEPT//201894,,True,,OMOP_CONCEPT,201894,,Acute vascular insufficiency of intestine,AMSTEL,itemid_valueid,high
MEASUREMENT_CATEGORICAL//14562//8,,,False,,,,,,,,unmapped
MEASUREMENT_CATEGORICAL//14565//60,,,False,,,,,,,,unmapped
MEASUREMENT_CATEGORICAL//14769//5,SNOMED//4093203,,True,,SNOMED,4093203,,4093203,AMSTEL,source_code,high
MEASUREMENT_CATEGORICAL//14771//16,SNOMED//4093203,,True,,SNOMED,4093203,,4093203,AMSTEL,source_code,high
MEASUREMENT_CATEGORICAL//16448//12,SNOMED//4052413,,True,,SNOMED,4052413,,4052413,AMSTEL,source_code,high
MEASUREMENT_CATEGORICAL//16648//19,OMOP//OMOP_CONCEPT//4094683,,True,,OMOP_CONCEPT,4094683,,Chest injury,AMSTEL,itemid_valueid,high
MEASUREMENT_CATEGORICAL//16998//24,OMOP//OMOP_CONCEPT//438447,,True,,OMOP_CONCEPT,438447,,Acute myocardial infarction of inferolateral wall,AMSTEL,itemid_valueid,high
MEASUREMENT_CATEGORICAL//16998//8,OMOP//OMOP_CONCEPT//134057,,True,,OMOP_CONCEPT,134057,,Disorder of cardiovascular system,AMSTEL,itemid_valueid,high
MEASUREMENT_CATEGORICAL//17004//15,OMOP//OMOP_CONCEPT//4116092,,True,,OMOP_CONCEPT,4116092,,Intracranial tumor,AMSTEL,itemid_valueid,high
MEASUREMENT_CATEGORICAL//17029//69,OMOP//OMOP_CONCEPT//4000088,,True,,OMOP_CONCEPT,4000088,,Repair of thoracic aortic aneurysm,AMSTEL,itemid_valueid,high
MEASUREMENT_CATEGORICAL//18673//678,OMOP//OMOP_CONCEPT//4000088,,True,,OMOP_CONCEPT,4000088,,Repair of thoracic aortic aneurysm,AMSTEL,itemid_valueid,high
MEASUREMENT_CATEGORICAL//19645//1,,,False,,,,,,,,unmapped
MEASUREMENT_CATEGORICAL//19820//9,,,False,,,,,,,,unmapped
MEASUREMENT_CATEGORICAL//20350//4,,,False,,,,,,,,unmapped
MEASUREMENT_CATEGORICAL//12499//2,OMOP//OMOP_CONCEPT//45878583,,True,,OMOP_CONCEPT,45878583,,Negative,AMSTEL,itemid_valueid,high
MEASUREMENT_CATEGORICAL//13135//1,OMOP//OMOP_CONCEPT//192357,,True,,OMOP_CONCEPT,192357,,Paralytic ileus,AMSTEL,itemid_valueid,high
MEASUREMENT_CATEGORICAL//14565//84,,,False,,,,,,,,unmapped
MEASUREMENT_CATEGORICAL//16057//16,OMOP//OMOP_CONCEPT//4113272,,True,,OMOP_CONCEPT,4113272,,Purulent,AMSTEL,itemid_valueid,high
MEASUREMENT_CATEGORICAL//16262//3,,,False,,,,,,,,unmapped
MEASUREMENT_CATEGORICAL//16314//41,,,False,,,,,,,,unmapped
MEASUREMENT_CATEGORICAL//16962//3,,,False,,,,,,,,unmapped
MEASUREMENT_CATEGORICAL//16997//6,,,False,,,,,,,,unmapped
MEASUREMENT_CATEGORICAL//17000//7,OMOP//OMOP_CONCEPT//4142194,,True,,OMOP_CONCEPT,4142194,,Renal abscess,AMSTEL,itemid_valueid,high
MEASUREMENT_CATEGORICAL//18671//229,OMOP//OMOP_CONCEPT//317585,,True,,OMOP_CONCEPT,317585,,Aortic aneurysm,AMSTEL,itemid_valueid,high
MEASUREMENT_CATEGORICAL//18671//362,OMOP//OMOP_CONCEPT//4045952,,True,,OMOP_CONCEPT,4045952,,Excision of intracranial arteriovenous malformation,AMSTEL,itemid_valueid,high
MEASUREMENT_CATEGORICAL//18673//475,OMOP//OMOP_CONCEPT//434376,,True,,OMOP_CONCEPT,434376,,Acute myocardial infarction of anterior wall,AMSTEL,itemid_valueid,high
MEASUREMENT_CATEGORICAL//18673//608,OMOP//OMOP_CONCEPT//257004,,True,,OMOP_CONCEPT,257004,,Acute exacerbation of chronic obstructive airways disease,AMSTEL,itemid_valueid,high
MEASUREMENT_CATEGORICAL//19644//1,LOINC//43054909,,True,,LOINC,43054909,,43054909,AMSTEL,source_code,high
MEASUREMENT_CATEGORICAL//19731//4,,,False,,,,,,,,unmapped
MEASUREMENT_CATEGORICAL//20013//5,,,False,,,,,,,,unmapped
MEASUREMENT_CATEGORICAL//20014//3,,,False,,,,,,,,unmapped
MEASUREMENT_CATEGORICAL//9593//4,LOINC//3024265,,True,,LOINC,3024265,,3024265,AMSTEL,source_code,high
MEASUREMENT_CATEGORICAL//12109//10,LOINC//36203284,,True,,LOINC,36203284,,36203284,AMSTEL,source_code,high
MEASUREMENT_CATEGORICAL//12819//5,OMOP//OMOP_CONCEPT//37156242,,True,,OMOP_CONCEPT,37156242,,Pressure injury stage IV,AMSTEL,itemid_valueid,high
MEASUREMENT_CATEGORICAL//13119//1,OMOP//OMOP_CONCEPT//258369,,True,,OMOP_CONCEPT,258369,,Primary malignant neoplasm of lung,AMSTEL,itemid_valueid,high
MEASUREMENT_CATEGORICAL//13410//6,LOINC//40758173,,True,,LOINC,40758173,,40758173,AMSTEL,source_code,high
MEASUREMENT_CATEGORICAL//16235//3,,,False,,,,,,,,unmapped
MEASUREMENT_CATEGORICAL//17007//1,OMOP//OMOP_CONCEPT//200588,,True,,OMOP_CONCEPT,200588,,Injury of abdomen,AMSTEL,itemid_valueid,high
MEASUREMENT_CATEGORICAL//17008//21,OMOP//OMOP_CONCEPT//317576,,True,,OMOP_CONCEPT,317576,,Coronary arteriosclerosis,AMSTEL,itemid_valueid,high
MEASUREMENT_CATEGORICAL//17014//1,OMOP//OMOP_CONCEPT//4247297,,True,,OMOP_CONCEPT,4247297,,Cerebral abscess,AMSTEL,itemid_valueid,high
MEASUREMENT_CATEGORICAL//17014//23,OMOP//OMOP_CONCEPT//4045469,,True,,OMOP_CONCEPT,4045469,,Clipping of intracranial aneurysm,AMSTEL,itemid_valueid,high
MEASUREMENT_CATEGORICAL//17015//19,OMOP//OMOP_CONCEPT//4201387,,True,,OMOP_CONCEPT,4201387,,Tracheostomy present,AMSTEL,itemid_valueid,high
MEASUREMENT_CATEGORICAL//17019//69,OMOP//OMOP_CONCEPT//434376,,True,,OMOP_CONCEPT,434376,,Acute myocardial infarction of anterior wall,AMSTEL,itemid_valueid,high
MEASUREMENT_CATEGORICAL//17026//38,OMOP//OMOP_CONCEPT//257004,,True,,OMOP_CONCEPT,257004,,Acute exacerbation of chronic obstructive airways disease,AMSTEL,itemid_valueid,high
MEASUREMENT_CATEGORICAL//18671//131,OMOP//OMOP_CONCEPT//76685,,True,,OMOP_CONCEPT,76685,,Myasthenia gravis,AMSTEL,itemid_valueid,high
MEASUREMENT_CATEGORICAL//18671//57,OMOP//OMOP_CONCEPT//195856,,True,,OMOP_CONCEPT,195856,,Cholangitis,AMSTEL,itemid_valueid,high
MEASUREMENT_CATEGORICAL//19718//2,,,False,,,,,,,,unmapped
MEASUREMENT_CATEGORICAL//20146//1,,,False,,,,,,,,unmapped
MEASUREMENT_CATEGORICAL//20546//2,,,False,,,,,,,,unmapped
MEASUREMENT_CATEGORICAL//7969//7,,,False,,,,,,,,unmapped
MEASUREMENT_CATEGORICAL//12110//1,LOINC//36203284,,True,,LOINC,36203284,,36203284,AMSTEL,source_code,high
MEASUREMENT_CATEGORICAL//12129//6,LOINC//3046359,,True,,LOINC,3046359,,3046359,AMSTEL,source_code,high
MEASUREMENT_CATEGORICAL//13132//6,OMOP//OMOP_CONCEPT//44812002,,True,,OMOP_CONCEPT,44812002,,Neuromuscular disorder,AMSTEL,itemid_valueid,high
MEASUREMENT_CATEGORICAL//14565//74,,,False,,,,,,,,unmapped
MEASUREMENT_CATEGORICAL//16634//10,LOINC//3026549,,True,,LOINC,3026549,,3026549,AMSTEL,source_code,high
MEASUREMENT_CATEGORICAL//16634//7,LOINC//3026549,,True,,LOINC,3026549,,3026549,AMSTEL,source_code,high
MEASUREMENT_CATEGORICAL//16643//11,OMOP//OMOP_CONCEPT//40488822,,True,,OMOP_CONCEPT,40488822,,Laparotomy and decompression of intestine,AMSTEL,itemid_valueid,high
MEASUREMENT_CATEGORICAL//16661//22,OMOP//OMOP_CONCEPT//4242877,,True,,OMOP_CONCEPT,4242877,,Evacuation of subdural hematoma,AMSTEL,itemid_valueid,high
MEASUREMENT_CATEGORICAL//16999//2,OMOP//OMOP_CONCEPT//28779,,True,,OMOP_CONCEPT,28779,,Bleeding esophageal varices,AMSTEL,itemid_valueid,high
MEASUREMENT_CATEGORICAL//17009//33,OMOP//OMOP_CONCEPT//4020329,,True,,OMOP_CONCEPT,4020329,,Pancreaticoduodenectomy,AMSTEL,itemid_valueid,high
MEASUREMENT_CATEGORICAL//17025//39,OMOP//OMOP_CONCEPT//439847,,True,,OMOP_CONCEPT,439847,,Intracranial hemorrhage,AMSTEL,itemid_valueid,high
MEASUREMENT_CATEGORICAL//18671//5,OMOP//OMOP_CONCEPT//315296,,True,,OMOP_CONCEPT,315296,,Preinfarction syndrome,AMSTEL,itemid_valueid,high
MEASUREMENT_CATEGORICAL//18673//580,OMOP//OMOP_CONCEPT//439847,,True,,OMOP_CONCEPT,439847,,Intracranial hemorrhage,AMSTEL,itemid_valueid,high
MEASUREMENT_CATEGORICAL//18673//675,OMOP//OMOP_CONCEPT//198177,,True,,OMOP_CONCEPT,198177,,Abdominal aortic aneurysm,AMSTEL,itemid_valueid,high
MEASUREMENT_CATEGORICAL//19720//4,,,False,,,,,,,,unmapped
MEASUREMENT_CATEGORICAL//20011//3,,,False,,,,,,,,unmapped
MEASUREMENT_CATEGORICAL//20148//15,OMOP//OMOP_CONCEPT//45884808,,True,,OMOP_CONCEPT,45884808,,Normal baseline for patient,AMSTEL,itemid_valueid,high
MEASUREMENT_CATEGORICAL//20349//1,,,False,,,,,,,,unmapped
MEASUREMENT_CATEGORICAL//20752//1,,,False,,,,,,,,unmapped
MEASUREMENT_CATEGORICAL//12664//1,,,False,,,,,,,,unmapped
MEASUREMENT_CATEGORICAL//16263//3,,,False,,,,,,,,unmapped
MEASUREMENT_CATEGORICAL//16307//61,,,False,,,,,,,,unmapped
MEASUREMENT_CATEGORICAL//16643//19,OMOP//OMOP_CONCEPT//4000610,,True,,OMOP_CONCEPT,4000610,,Disorder of gastrointestinal tract,AMSTEL,itemid_valueid,high
MEASUREMENT_CATEGORICAL//16662//10,OMOP//OMOP_CONCEPT//376337,,True,,OMOP_CONCEPT,376337,,Disorder of nervous system,AMSTEL,itemid_valueid,high
MEASUREMENT_CATEGORICAL//17001//6,OMOP//OMOP_CONCEPT//140352,,True,,OMOP_CONCEPT,140352,,"Acute myeloid leukemia, disease",AMSTEL,itemid_valueid,high
MEASUREMENT_CATEGORICAL//17005//2,OMOP//OMOP_CONCEPT//4195694,,True,,OMOP_CONCEPT,4195694,,Acute respiratory distress syndrome,AMSTEL,itemid_valueid,high
MEASUREMENT_CATEGORICAL//17008//37,OMOP//OMOP_CONCEPT//3654996,,True,,OMOP_CONCEPT,3654996,,Peripheral arterial disease,AMSTEL,itemid_valueid,high
MEASUREMENT_CATEGORICAL//17008//41,OMOP//OMOP_CONCEPT//3654996,,True,,OMOP_CONCEPT,3654996,,Peripheral arterial disease,AMSTEL,itemid_valueid,high
MEASUREMENT_CATEGORICAL//18671//206,OMOP//OMOP_CONCEPT//133468,,True,,OMOP_CONCEPT,133468,,Disorder of limb,AMSTEL,itemid_valueid,high
MEASUREMENT_CATEGORICAL//18671//241,OMOP//OMOP_CONCEPT//317576,,True,,OMOP_CONCEPT,317576,,Coronary arteriosclerosis,AMSTEL,itemid_valueid,high
MEASUREMENT_CATEGORICAL//18671//359,OMOP//OMOP_CONCEPT//4301351,,True,,OMOP_CONCEPT,4301351,,Surgical procedure,AMSTEL,itemid_valueid,high
MEASUREMENT_CATEGORICAL//18671//384,OMOP//OMOP_CONCEPT//4065313,,True,,OMOP_CONCEPT,4065313,,Transsphenoidal hypophysectomy,AMSTEL,itemid_valueid,high
MEASUREMENT_CATEGORICAL//18671//402,OMOP//OMOP_CONCEPT//4073393,,True,,OMOP_CONCEPT,4073393,,Opening of chest,AMSTEL,itemid_valueid,high
MEASUREMENT_CATEGORICAL//18671//52,OMOP//OMOP_CONCEPT//37168850,,True,,OMOP_CONCEPT,37168850,,Colorectal cancer,AMSTEL,itemid_valueid,high
MEASUREMENT_CATEGORICAL//18671//79,OMOP//OMOP_CONCEPT//4313582,,True,,OMOP_CONCEPT,4313582,,Obstructive nephropathy,AMSTEL,itemid_valueid,high
MEASUREMENT_CATEGORICAL//18673//546,OMOP//OMOP_CONCEPT//4096947,,True,,OMOP_CONCEPT,4096947,,Disorder of acid-base balance,AMSTEL,itemid_valueid,high
MEASUREMENT_CATEGORICAL//8732//11,SNOMED//4085985,,False,,SNOMED,4085985,,4085985,AMSTEL,source_code,high
MEASUREMENT_CATEGORICAL//8896//8,OMOP//OMOP_CONCEPT//4183576,,True,,OMOP_CONCEPT,4183576,,Foul smelling sputum,AMSTEL,itemid_valueid,high
MEASUREMENT_CATEGORICAL//12119//2,,,False,,,,,,,,unmapped
MEASUREMENT_CATEGORICAL//12511//1,OMOP//OMOP_CONCEPT//45878583,,True,,OMOP_CONCEPT,45878583,,Negative,AMSTEL,itemid_valueid,high
MEASUREMENT_CATEGORICAL//12622//2,SNOMED//4302472,,True,,SNOMED,4302472,,4302472,AMSTEL,source_code,high
MEASUREMENT_CATEGORICAL//12623//13,LOINC//3046004,,True,,LOINC,3046004,,3046004,AMSTEL,source_code,high
MEASUREMENT_CATEGORICAL//12815//5,OMOP//OMOP_CONCEPT//37156242,,True,,OMOP_CONCEPT,37156242,,Pressure injury stage IV,AMSTEL,itemid_valueid,high
MEASUREMENT_CATEGORICAL//16200//2,LOINC//46235663,,True,,LOINC,46235663,,46235663,AMSTEL,source_code,high
MEASUREMENT_CATEGORICAL//16237//8,,,False,,,,,,,,unmapped
MEASUREMENT_CATEGORICAL//16258//2,,,False,,,,,,,,unmapped
MEASUREMENT_CATEGORICAL//16308//66,,,False,,,,,,,,unmapped
MEASUREMENT_CATEGORICAL//16448//3,SNOMED//4052413,,True,,SNOMED,4052413,,4052413,AMSTEL,source_code,high
MEASUREMENT_CATEGORICAL//16643//12,OMOP//OMOP_CONCEPT//4030150,,True,,OMOP_CONCEPT,4030150,,Excision of liver,AMSTEL,itemid_valueid,high
MEASUREMENT_CATEGORICAL//16658//12,OMOP//OMOP_CONCEPT//255848,,True,,OMOP_CONCEPT,255848,,Pneumonia,AMSTEL,itemid_valueid,high
MEASUREMENT_CATEGORICAL//16999//3,OMOP//OMOP_CONCEPT//192671,,True,,OMOP_CONCEPT,192671,,Gastrointestinal hemorrhage,AMSTEL,itemid_valueid,high
MEASUREMENT_CATEGORICAL//17001//4,OMOP//OMOP_CONCEPT//4147164,,True,,OMOP_CONCEPT,4147164,,Malignant tumor of lymphoid hemopoietic and related tissue,AMSTEL,itemid_valueid,high
MEASUREMENT_CATEGORICAL//17005//25,OMOP//OMOP_CONCEPT//4266931,,True,,OMOP_CONCEPT,4266931,,Restrictive lung disease,AMSTEL,itemid_valueid,high
MEASUREMENT_CATEGORICAL//17005//7,OMOP//OMOP_CONCEPT//258369,,True,,OMOP_CONCEPT,258369,,Primary malignant neoplasm of lung,AMSTEL,itemid_valueid,high
MEASUREMENT_CATEGORICAL//17008//9,OMOP//OMOP_CONCEPT//4327488,,True,,OMOP_CONCEPT,4327488,,Repair of aneurysm,AMSTEL,itemid_valueid,high
MEASUREMENT_CATEGORICAL//17023//14,OMOP//OMOP_CONCEPT//4096947,,True,,OMOP_CONCEPT,4096947,,Disorder of acid-base balance,AMSTEL,itemid_valueid,high
MEASUREMENT_CATEGORICAL//18671//449,OMOP//OMOP_CONCEPT//133468,,True,,OMOP_CONCEPT,133468,,Disorder of limb,AMSTEL,itemid_valueid,high
MEASUREMENT_CATEGORICAL//18673//742,OMOP//OMOP_CONCEPT//4170058,,True,,OMOP_CONCEPT,4170058,,Operation on esophagus,AMSTEL,itemid_valueid,high
MEASUREMENT_CATEGORICAL//19246//4,,,False,,,,,,,,unmapped
MEASUREMENT_CATEGORICAL//19832//4,,,False,,,,,,,,unmapped
MEASUREMENT_CATEGORICAL//20149//5,,,False,,,,,,,,unmapped
MEASUREMENT_CATEGORICAL//20671//1,,,False,,,,,,,,unmapped
MEASUREMENT_CATEGORICAL//21234//26,,,False,,,,,,,,unmapped
MEASUREMENT_CATEGORICAL//10464//2,,,False,,,,,,,,unmapped
MEASUREMENT_CATEGORICAL//10472//31,SNOMED//44810687,,True,,SNOMED,44810687,,44810687,AMSTEL,source_code,high
MEASUREMENT_CATEGORICAL//10502//1,,,False,,,,,,,,unmapped
MEASUREMENT_CATEGORICAL//12110//10,LOINC//36203284,,True,,LOINC,36203284,,36203284,AMSTEL,source_code,high
MEASUREMENT_CATEGORICAL//12625//2,SNOMED//4097216,,True,,SNOMED,4097216,,4097216,AMSTEL,source_code,high
MEASUREMENT_CATEGORICAL//12823//4,OMOP//OMOP_CONCEPT//37156241,,True,,OMOP_CONCEPT,37156241,,Pressure injury stage III,AMSTEL,itemid_valueid,high
MEASUREMENT_CATEGORICAL//12834//4,OMOP//OMOP_CONCEPT//37156241,,True,,OMOP_CONCEPT,37156241,,Pressure injury stage III,AMSTEL,itemid_valueid,high
MEASUREMENT_CATEGORICAL//13124//5,OMOP//OMOP_CONCEPT//4094683,,True,,OMOP_CONCEPT,4094683,,Chest injury,AMSTEL,itemid_valueid,high
MEASUREMENT_CATEGORICAL//13140//2,OMOP//OMOP_CONCEPT//4316372,,True,,OMOP_CONCEPT,4316372,,HELLP syndrome,AMSTEL,itemid_valueid,high
MEASUREMENT_CATEGORICAL//14565//91,,,False,,,,,,,,unmapped
MEASUREMENT_CATEGORICAL//16103//3,OMOP//OMOP_CONCEPT//45766074,,True,,OMOP_CONCEPT,45766074,,Bradycardic cardiac arrest,AMSTEL,itemid_valueid,high
MEASUREMENT_CATEGORICAL//16306//56,,,False,,,,,,,,unmapped
MEASUREMENT_CATEGORICAL//16315//71,,,False,,,,,,,,unmapped
MEASUREMENT_CATEGORICAL//16316//66,,,False,,,,,,,,unmapped
MEASUREMENT_CATEGORICAL//16323//61,,,False,,,,,,,,unmapped
MEASUREMENT_CATEGORICAL//16640//8,LOINC//3013144,,True,,LOINC,3013144,,3013144,AMSTEL,source_code,high
MEASUREMENT_CATEGORICAL//16655//11,OMOP//OMOP_CONCEPT//432250,,True,,OMOP_CONCEPT,432250,,Infectious disease,AMSTEL,itemid_valueid,high
MEASUREMENT_CATEGORICAL//16660//8,OMOP//OMOP_CONCEPT//40489862,,True,,OMOP_CONCEPT,40489862,,Excision of meningioma by supratentorial approach,AMSTEL,itemid_valueid,high
MEASUREMENT_CATEGORICAL//16666//11,,,False,,,,,,,,unmapped
MEASUREMENT_CATEGORICAL//16998//7,OMOP//OMOP_CONCEPT//321319,,True,,OMOP_CONCEPT,321319,,Cardiomyopathy,AMSTEL,itemid_valueid,high
MEASUREMENT_CATEGORICAL//17000//1,OMOP//OMOP_CONCEPT//4171379,,True,,OMOP_CONCEPT,4171379,,Disorder of the genitourinary system,AMSTEL,itemid_valueid,high
MEASUREMENT_CATEGORICAL//17025//32,OMOP//OMOP_CONCEPT//381316,,True,,OMOP_CONCEPT,381316,,Cerebrovascular accident,AMSTEL,itemid_valueid,high
MEASUREMENT_CATEGORICAL//18610//18,OMOP//OMOP_CONCEPT//602985,,True,,OMOP_CONCEPT,602985,,Intoxication,AMSTEL,itemid_valueid,high
MEASUREMENT_CATEGORICAL//18671//433,OMOP//OMOP_CONCEPT//4301351,,True,,OMOP_CONCEPT,4301351,,Surgical procedure,AMSTEL,itemid_valueid,high
MEASUREMENT_CATEGORICAL//18671//439,OMOP//OMOP_CONCEPT//375415,,True,,OMOP_CONCEPT,375415,,Injury of head,AMSTEL,itemid_valueid,high
MEASUREMENT_CATEGORICAL//18671//60,OMOP//OMOP_CONCEPT//4326255,,True,,OMOP_CONCEPT,4326255,,Abdominal abscess,AMSTEL,itemid_valueid,high
MEASUREMENT_CATEGORICAL//18673//557,OMOP//OMOP_CONCEPT//31821,,True,,OMOP_CONCEPT,31821,,Disorder of endocrine system,AMSTEL,itemid_valueid,high
MEASUREMENT_CATEGORICAL//18673//573,OMOP//OMOP_CONCEPT//381316,,True,,OMOP_CONCEPT,381316,,Cerebrovascular accident,AMSTEL,itemid_valueid,high
MEASUREMENT_CATEGORICAL//19246//3,,,False,,,,,,,,unmapped
MEASUREMENT_CATEGORICAL//21233//10,,,False,,,,,,,,unmapped
MEASUREMENT_CATEGORICAL//16259//2,,,False,,,,,,,,unmapped
MEASUREMENT_CATEGORICAL//16260//1,,,False,,,,,,,,unmapped
MEASUREMENT_CATEGORICAL//16650//13,OMOP//OMOP_CONCEPT//312337,,True,,OMOP_CONCEPT,312337,,Arterial embolus and thrombosis,AMSTEL,itemid_valueid,high
MEASUREMENT_CATEGORICAL//17007//36,OMOP//OMOP_CONCEPT//440921,,True,,OMOP_CONCEPT,440921,,Traumatic injury,AMSTEL,itemid_valueid,high
MEASUREMENT_CATEGORICAL//17008//18,OMOP//OMOP_CONCEPT//317576,,True,,OMOP_CONCEPT,317576,,Coronary arteriosclerosis,AMSTEL,itemid_valueid,high
MEASUREMENT_CATEGORICAL//17008//4,OMOP//OMOP_CONCEPT//37110863,,True,,OMOP_CONCEPT,37110863,,Repair of dissection of abdominal aorta,AMSTEL,itemid_valueid,high
MEASUREMENT_CATEGORICAL//17023//25,OMOP//OMOP_CONCEPT//31821,,True,,OMOP_CONCEPT,31821,,Disorder of endocrine system,AMSTEL,itemid_valueid,high
MEASUREMENT_CATEGORICAL//17029//66,OMOP//OMOP_CONCEPT//198177,,True,,OMOP_CONCEPT,198177,,Abdominal aortic aneurysm,AMSTEL,itemid_valueid,high
MEASUREMENT_CATEGORICAL//17030//40,OMOP//OMOP_CONCEPT//4170058,,True,,OMOP_CONCEPT,4170058,,Operation on esophagus,AMSTEL,itemid_valueid,high
MEASUREMENT_CATEGORICAL//18595//5,OMOP//OMOP_CONCEPT//4317285,,True,,OMOP_CONCEPT,4317285,,Non-cardiogenic pulmonary edema,AMSTEL,itemid_valueid,high
MEASUREMENT_CATEGORICAL//18671//82,OMOP//OMOP_CONCEPT//432585,,True,,OMOP_CONCEPT,432585,,Blood coagulation disorder,AMSTEL,itemid_valueid,high
MEASUREMENT_CATEGORICAL//20148//18,OMOP//OMOP_CONCEPT//1990543,,False,,OMOP_CONCEPT,1990543,,Pharmacologically sedated,AMSTEL,itemid_valueid,low
MEASUREMENT_CATEGORICAL//12111//8,LOINC//36203284,,True,,LOINC,36203284,,36203284,AMSTEL,source_code,high
MEASUREMENT_CATEGORICAL//12128//21,OMOP//OMOP_CONCEPT//38004467,,False,,OMOP_CONCEPT,38004467,,Plastic And Reconstructive Surgery,AMSTEL,itemid_valueid,high
MEASUREMENT_CATEGORICAL//12132//5,SNOMED//4152283,,True,,SNOMED,4152283,,4152283,AMSTEL,source_code,high
MEASUREMENT_CATEGORICAL//13140//1,OMOP//OMOP_CONCEPT//443081,,False,,OMOP_CONCEPT,443081,,Drowning and non-fatal immersion,AMSTEL,itemid_valueid,high
MEASUREMENT_CATEGORICAL//14426//24,LOINC//3021707,,True,,LOINC,3021707,,3021707,AMSTEL,source_code,high
MEASUREMENT_CATEGORICAL//16084//3,OMOP//OMOP_CONCEPT//4171269,,True,,OMOP_CONCEPT,4171269,,Atrial tachycardia,AMSTEL,itemid_valueid,high
MEASUREMENT_CATEGORICAL//16084//5,SNOMED//4353741,,True,,SNOMED,4353741,,4353741,AMSTEL,source_code,high
MEASUREMENT_CATEGORICAL//16256//1,,,False,,,,,,,,unmapped
MEASUREMENT_CATEGORICAL//16263//2,,,False,,,,,,,,unmapped
MEASUREMENT_CATEGORICAL//16627//6,SNOMED//37154585,,True,,SNOMED,37154585,,37154585,AMSTEL,source_code,high
MEASUREMENT_CATEGORICAL//16643//13,OMOP//OMOP_CONCEPT//199744,,True,,OMOP_CONCEPT,199744,,Carcinoma liver and/or biliary system,AMSTEL,itemid_valueid,high
MEASUREMENT_CATEGORICAL//16665//19,,,False,,,,,,,,unmapped
MEASUREMENT_CATEGORICAL//17007//23,OMOP//OMOP_CONCEPT//375415,,True,,OMOP_CONCEPT,375415,,Injury of head,AMSTEL,itemid_valueid,high
MEASUREMENT_CATEGORICAL//17014//10,OMOP//OMOP_CONCEPT//4174520,,True,,OMOP_CONCEPT,4174520,,Fracture of vertebral column,AMSTEL,itemid_valueid,high
MEASUREMENT_CATEGORICAL//17019//78,OMOP//OMOP_CONCEPT//316999,,True,,OMOP_CONCEPT,316999,,Conduction disorder of the heart,AMSTEL,itemid_valueid,high
MEASUREMENT_CATEGORICAL//18670//81,OMOP//OMOP_CONCEPT//252280,,True,,OMOP_CONCEPT,252280,,Neoplasm of respiratory tract,AMSTEL,itemid_valueid,high
MEASUREMENT_CATEGORICAL//18671//331,OMOP//OMOP_CONCEPT//198124,,True,,OMOP_CONCEPT,198124,,Kidney disease,AMSTEL,itemid_valueid,high
MEASUREMENT_CATEGORICAL//18671//335,OMOP//OMOP_CONCEPT//194406,,True,,OMOP_CONCEPT,194406,,Urinary tract obstruction,AMSTEL,itemid_valueid,high
MEASUREMENT_CATEGORICAL//18673//484,OMOP//OMOP_CONCEPT//4266600,,True,,OMOP_CONCEPT,4266600,,Abnormal cardiac conduction,AMSTEL,itemid_valueid,high
MEASUREMENT_CATEGORICAL//19235//3,,,False,,,,,,,,unmapped
MEASUREMENT_CATEGORICAL//20139//3,,,False,,,,,,,,unmapped
MEASUREMENT_CATEGORICAL//9534//10,LOINC//3004921,,True,,LOINC,3004921,,3004921,AMSTEL,source_code,high
MEASUREMENT_CATEGORICAL//10466//7,OMOP//OMOP_CONCEPT//44792789,,False,,OMOP_CONCEPT,44792789,,"Reformed Protestant, follower of religion",AMSTEL,itemid_valueid,low
MEASUREMENT_CATEGORICAL//10472//29,SNOMED//44810687,,True,,SNOMED,44810687,,44810687,AMSTEL,source_code,high
MEASUREMENT_CATEGORICAL//12109//19,LOINC//36203284,,True,,LOINC,36203284,,36203284,AMSTEL,source_code,high
MEASUREMENT_CATEGORICAL//12110//15,LOINC//36203284,,True,,LOINC,36203284,,36203284,AMSTEL,source_code,high
MEASUREMENT_CATEGORICAL//12623//12,LOINC//3046004,,True,,LOINC,3046004,,3046004,AMSTEL,source_code,high
MEASUREMENT_CATEGORICAL//12818//5,OMOP//OMOP_CONCEPT//37156242,,True,,OMOP_CONCEPT,37156242,,Pressure injury stage IV,AMSTEL,itemid_valueid,high
MEASUREMENT_CATEGORICAL//16255//1,,,False,,,,,,,,unmapped
MEASUREMENT_CATEGORICAL//16278//20,,,False,,,,,,,,unmapped
MEASUREMENT_CATEGORICAL//17008//46,OMOP//OMOP_CONCEPT//4018853,,True,,OMOP_CONCEPT,4018853,,Decompression of cardiac tamponade,AMSTEL,itemid_valueid,high
MEASUREMENT_CATEGORICAL//18617//6,OMOP//OMOP_CONCEPT//252280,,True,,OMOP_CONCEPT,252280,,Neoplasm of respiratory tract,AMSTEL,itemid_valueid,high
MEASUREMENT_CATEGORICAL//18670//114,OMOP//OMOP_CONCEPT//4306082,,True,,OMOP_CONCEPT,4306082,,Aspiration pneumonitis,AMSTEL,itemid_valueid,high
MEASUREMENT_CATEGORICAL//18671//295,OMOP//OMOP_CONCEPT//195856,,True,,OMOP_CONCEPT,195856,,Cholangitis,AMSTEL,itemid_valueid,high
MEASUREMENT_CATEGORICAL//18671//385,OMOP//OMOP_CONCEPT//4122291,,True,,OMOP_CONCEPT,4122291,,Cranial ventriculostomy,AMSTEL,itemid_valueid,high
MEASUREMENT_CATEGORICAL//19646//3,,,False,,,,,,,,unmapped
MEASUREMENT_CATEGORICAL//19805//18,,,False,,,,,,,,unmapped
MEASUREMENT_CATEGORICAL//20013//3,,,False,,,,,,,,unmapped
MEASUREMENT_CATEGORICAL//20148//16,OMOP//OMOP_CONCEPT//45877871,,True,,OMOP_CONCEPT,45877871,,Slightly limited - Lethargic,AMSTEL,itemid_valueid,high
MEASUREMENT_CATEGORICAL//20149//3,,,False,,,,,,,,unmapped
MEASUREMENT_CATEGORICAL//20348//6,,,False,,,,,,,,unmapped
MEASUREMENT_CATEGORICAL//20348//7,,,False,,,,,,,,unmapped
MEASUREMENT_CATEGORICAL//8897//6,OMOP//OMOP_CONCEPT//4035566,,True,,OMOP_CONCEPT,4035566,,Text value,AMSTEL,itemid_valueid,high
MEASUREMENT_CATEGORICAL//13116//8,OMOP//OMOP_CONCEPT//316993,,True,,OMOP_CONCEPT,316993,,Tricuspid valve disorder,AMSTEL,itemid_valueid,high
MEASUREMENT_CATEGORICAL//13124//12,OMOP//OMOP_CONCEPT//133468,,True,,OMOP_CONCEPT,133468,,Disorder of limb,AMSTEL,itemid_valueid,high
MEASUREMENT_CATEGORICAL//13136//4,OMOP//OMOP_CONCEPT//4327948,,True,,OMOP_CONCEPT,4327948,,Infection by Pneumocystis jirovecii,AMSTEL,itemid_valueid,high
MEASUREMENT_CATEGORICAL//13141//3,OMOP//OMOP_CONCEPT//4148882,,True,,OMOP_CONCEPT,4148882,,Hemorrhagic shock,AMSTEL,itemid_valueid,high
MEASUREMENT_CATEGORICAL//16261//3,,,False,,,,,,,,unmapped
MEASUREMENT_CATEGORICAL//16302//36,,,False,,,,,,,,unmapped
MEASUREMENT_CATEGORICAL//17002//9,OMOP//OMOP_CONCEPT//24609,,True,,OMOP_CONCEPT,24609,,Hypoglycemia,AMSTEL,itemid_valueid,high
MEASUREMENT_CATEGORICAL//17007//9,OMOP//OMOP_CONCEPT//4094683,,True,,OMOP_CONCEPT,4094683,,Chest injury,AMSTEL,itemid_valueid,high
MEASUREMENT_CATEGORICAL//17025//54,OMOP//OMOP_CONCEPT//380378,,True,,OMOP_CONCEPT,380378,,Epilepsy,AMSTEL,itemid_valueid,high
MEASUREMENT_CATEGORICAL//18670//79,OMOP//OMOP_CONCEPT//135526,,True,,OMOP_CONCEPT,135526,,Spinal cord disease,AMSTEL,itemid_valueid,high
MEASUREMENT_CATEGORICAL//18671//379,OMOP//OMOP_CONCEPT//4003037,,True,,OMOP_CONCEPT,4003037,,Creation of cerebrospinal fluid shunt,AMSTEL,itemid_valueid,high
MEASUREMENT_CATEGORICAL//18671//429,OMOP//OMOP_CONCEPT//4094683,,True,,OMOP_CONCEPT,4094683,,Chest injury,AMSTEL,itemid_valueid,high
MEASUREMENT_CATEGORICAL//18673//483,OMOP//OMOP_CONCEPT//4248028,,True,,OMOP_CONCEPT,4248028,,Supraventricular arrhythmia,AMSTEL,itemid_valueid,high
MEASUREMENT_CATEGORICAL//18673//595,OMOP//OMOP_CONCEPT//4197485,,True,,OMOP_CONCEPT,4197485,,Epileptic seizure,AMSTEL,itemid_valueid,high
MEASUREMENT_CATEGORICAL//19730//1,,,False,,,,,,,,unmapped
MEASUREMENT_CATEGORICAL//20013//2,,,False,,,,,,,,unmapped
MEASUREMENT_CATEGORICAL//21234//27,,,False,,,,,,,,unmapped
MEASUREMENT_CATEGORICAL//10472//2,SNOMED//44810687,,True,,SNOMED,44810687,,44810687,AMSTEL,source_code,high
MEASUREMENT_CATEGORICAL//12109//15,LOINC//36203284,,True,,LOINC,36203284,,36203284,AMSTEL,source_code,high
MEASUREMENT_CATEGORICAL//12290//12,OMOP//OMOP//3004921,,True,,OMOP,3004921,,ventilator_mode,BlendedICU,label_exact,high
MEASUREMENT_CATEGORICAL//12833//6,OMOP//OMOP_CONCEPT//37156242,,True,,OMOP_CONCEPT,37156242,,Pressure injury stage IV,AMSTEL,itemid_valueid,high
MEASUREMENT_CATEGORICAL//13116//6,OMOP//OMOP_CONCEPT//4018569,,True,,OMOP_CONCEPT,4018569,,Revision of plastic repair of mitral valve,AMSTEL,itemid_valueid,high
MEASUREMENT_CATEGORICAL//13139//3,OMOP//OMOP_CONCEPT//4198102,,True,,OMOP_CONCEPT,4198102,,Microangiopathic hemolytic anemia,AMSTEL,itemid_valueid,high
MEASUREMENT_CATEGORICAL//14565//83,,,False,,,,,,,,unmapped
MEASUREMENT_CATEGORICAL//16257//1,,,False,,,,,,,,unmapped
MEASUREMENT_CATEGORICAL//16957//2,,,False,,,,,,,,unmapped
MEASUREMENT_CATEGORICAL//17017//24,OMOP//OMOP_CONCEPT//375415,,True,,OMOP_CONCEPT,375415,,Injury of head,AMSTEL,itemid_valueid,high
MEASUREMENT_CATEGORICAL//17019//77,OMOP//OMOP_CONCEPT//4248028,,True,,OMOP_CONCEPT,4248028,,Supraventricular arrhythmia,AMSTEL,itemid_valueid,high
MEASUREMENT_CATEGORICAL//18615//10,OMOP//OMOP_CONCEPT//135526,,True,,OMOP_CONCEPT,135526,,Spinal cord disease,AMSTEL,itemid_valueid,high
MEASUREMENT_CATEGORICAL//18670//64,OMOP//OMOP_CONCEPT//132797,,True,,OMOP_CONCEPT,132797,,Sepsis,AMSTEL,itemid_valueid,high
MEASUREMENT_CATEGORICAL//18671//136,OMOP//OMOP_CONCEPT//607208,,True,,OMOP_CONCEPT,607208,,Acute alcohol intoxication,AMSTEL,itemid_valueid,high
MEASUREMENT_CATEGORICAL//18671//149,OMOP//OMOP_CONCEPT//45769438,,True,,OMOP_CONCEPT,45769438,,Acute severe exacerbation of asthma,AMSTEL,itemid_valueid,high
MEASUREMENT_CATEGORICAL//18671//22,OMOP//OMOP_CONCEPT//37311319,,True,,OMOP_CONCEPT,37311319,,Hypovolemia,AMSTEL,itemid_valueid,high
MEASUREMENT_CATEGORICAL//18671//381,OMOP//OMOP_CONCEPT//376337,,True,,OMOP_CONCEPT,376337,,Disorder of nervous system,AMSTEL,itemid_valueid,high
MEASUREMENT_CATEGORICAL//18671//400,OMOP//OMOP_CONCEPT//4073393,,True,,OMOP_CONCEPT,4073393,,Opening of chest,AMSTEL,itemid_valueid,high
MEASUREMENT_CATEGORICAL//18673//716,OMOP//OMOP_CONCEPT//319843,,True,,OMOP_CONCEPT,319843,,Mitral valve disorder,AMSTEL,itemid_valueid,high
MEASUREMENT_CATEGORICAL//19644//3,LOINC//43054909,,True,,LOINC,43054909,,43054909,AMSTEL,source_code,high
MEASUREMENT_CATEGORICAL//19995//5,,,False,,,,,,,,unmapped
MEASUREMENT_CATEGORICAL//20141//2,,,False,,,,,,,,unmapped
MEASUREMENT_CATEGORICAL//20148//17,OMOP//OMOP_CONCEPT//46237183,,False,,OMOP_CONCEPT,46237183,,Somnolent,AMSTEL,itemid_valueid,low
MEASUREMENT_CATEGORICAL//10466//10,OMOP//OMOP_CONCEPT//4149940,,False,,OMOP_CONCEPT,4149940,,"Protestant, follower of religion",AMSTEL,itemid_valueid,low
MEASUREMENT_CATEGORICAL//12110//28,LOINC//36203284,,True,,LOINC,36203284,,36203284,AMSTEL,source_code,high
MEASUREMENT_CATEGORICAL//12515//3,SNOMED//4122997,,True,,SNOMED,4122997,,4122997,AMSTEL,source_code,high
MEASUREMENT_CATEGORICAL//12523//5,,,False,,,,,,,,unmapped
MEASUREMENT_CATEGORICAL//14486//24,,,False,,,,,,,,unmapped
MEASUREMENT_CATEGORICAL//16253//5,,,False,,,,,,,,unmapped
MEASUREMENT_CATEGORICAL//16999//20,OMOP//OMOP_CONCEPT//4026032,,True,,OMOP_CONCEPT,4026032,,Acute hepatic failure,AMSTEL,itemid_valueid,high
MEASUREMENT_CATEGORICAL//17008//26,OMOP//OMOP_CONCEPT//4148948,,True,,OMOP_CONCEPT,4148948,,Vascular surgery procedure,AMSTEL,itemid_valueid,high
MEASUREMENT_CATEGORICAL//17014//21,OMOP//OMOP_CONCEPT//135526,,True,,OMOP_CONCEPT,135526,,Spinal cord disease,AMSTEL,itemid_valueid,high
MEASUREMENT_CATEGORICAL//17026//44,OMOP//OMOP_CONCEPT//4309106,,True,,OMOP_CONCEPT,4309106,,Aspiration pneumonia,AMSTEL,itemid_valueid,high
MEASUREMENT_CATEGORICAL//17029//107,OMOP//OMOP_CONCEPT//319843,,True,,OMOP_CONCEPT,319843,,Mitral valve disorder,AMSTEL,itemid_valueid,high
MEASUREMENT_CATEGORICAL//18612//13,OMOP//OMOP_CONCEPT//4042641,,True,,OMOP_CONCEPT,4042641,,Procedure on cardiovascular system,AMSTEL,itemid_valueid,high
MEASUREMENT_CATEGORICAL//18612//15,OMOP//OMOP_CONCEPT//132797,,True,,OMOP_CONCEPT,132797,,Sepsis,AMSTEL,itemid_valueid,high
MEASUREMENT_CATEGORICAL//18670//62,OMOP//OMOP_CONCEPT//4042641,,True,,OMOP_CONCEPT,4042641,,Procedure on cardiovascular system,AMSTEL,itemid_valueid,high
MEASUREMENT_CATEGORICAL//18671//145,OMOP//OMOP_CONCEPT//4046365,,True,,OMOP_CONCEPT,4046365,,Subarachnoid hemorrhage due to ruptured aneurysm,AMSTEL,itemid_valueid,high
MEASUREMENT_CATEGORICAL//18673//535,OMOP//OMOP_CONCEPT//4044013,,True,,OMOP_CONCEPT,4044013,,Hematologic neoplasm,AMSTEL,itemid_valueid,high
MEASUREMENT_CATEGORICAL//19235//4,,,False,,,,,,,,unmapped
MEASUREMENT_CATEGORICAL//19840//5,,,False,,,,,,,,unmapped
MEASUREMENT_CATEGORICAL//20148//20,OMOP//OMOP_CONCEPT//45880051,,False,,OMOP_CONCEPT,45880051,,Unresponsive,AMSTEL,itemid_valueid,low
MEASUREMENT_CATEGORICAL//21037//1,,,False,,,,,,,,unmapped
MEASUREMENT_CATEGORICAL//7969//11,,,False,,,,,,,,unmapped
MEASUREMENT_CATEGORICAL//10472//46,SNOMED//44810687,,True,,SNOMED,44810687,,44810687,AMSTEL,source_code,high
MEASUREMENT_CATEGORICAL//12514//3,SNOMED//4122997,,True,,SNOMED,4122997,,4122997,AMSTEL,source_code,high
MEASUREMENT_CATEGORICAL//13117//9,OMOP//OMOP_CONCEPT//4142628,,True,,OMOP_CONCEPT,4142628,,Pericardiectomy,AMSTEL,itemid_valueid,high
MEASUREMENT_CATEGORICAL//14143//18,,,False,,,,,,,,unmapped
MEASUREMENT_CATEGORICAL//14565//69,,,False,,,,,,,,unmapped
MEASUREMENT_CATEGORICAL//16200//3,LOINC//46235663,,True,,LOINC,46235663,,46235663,AMSTEL,source_code,high
MEASUREMENT_CATEGORICAL//16277//18,,,False,,,,,,,,unmapped
MEASUREMENT_CATEGORICAL//16285//5,,,False,,,,,,,,unmapped
MEASUREMENT_CATEGORICAL//16652//12,OMOP//OMOP_CONCEPT//37311947,,True,,OMOP_CONCEPT,37311947,,Hemorrhage of digestive system,AMSTEL,itemid_valueid,high
MEASUREMENT_CATEGORICAL//16948//2,,,False,,,,,,,,unmapped
MEASUREMENT_CATEGORICAL//17004//19,OMOP//OMOP_CONCEPT//607208,,True,,OMOP_CONCEPT,607208,,Acute alcohol intoxication,AMSTEL,itemid_valueid,high
MEASUREMENT_CATEGORICAL//17004//6,OMOP//OMOP_CONCEPT//378143,,True,,OMOP_CONCEPT,378143,,Encephalitis,AMSTEL,itemid_valueid,high
MEASUREMENT_CATEGORICAL//17008//27,OMOP//OMOP_CONCEPT//4012185,,True,,OMOP_CONCEPT,4012185,,Cardiovascular surgical procedure,AMSTEL,itemid_valueid,high
MEASUREMENT_CATEGORICAL//17014//20,OMOP//OMOP_CONCEPT//4003037,,True,,OMOP_CONCEPT,4003037,,Creation of cerebrospinal fluid shunt,AMSTEL,itemid_valueid,high
MEASUREMENT_CATEGORICAL//17014//26,OMOP//OMOP_CONCEPT//4122291,,True,,OMOP_CONCEPT,4122291,,Cranial ventriculostomy,AMSTEL,itemid_valueid,high
MEASUREMENT_CATEGORICAL//17017//1,OMOP//OMOP_CONCEPT//200588,,True,,OMOP_CONCEPT,200588,,Injury of abdomen,AMSTEL,itemid_valueid,high
MEASUREMENT_CATEGORICAL//17028//46,OMOP//OMOP_CONCEPT//4094683,,True,,OMOP_CONCEPT,4094683,,Chest injury,AMSTEL,itemid_valueid,high
MEASUREMENT_CATEGORICAL//17029//121,OMOP//OMOP_CONCEPT//316993,,True,,OMOP_CONCEPT,316993,,Tricuspid valve disorder,AMSTEL,itemid_valueid,high
MEASUREMENT_CATEGORICAL//18671//1,OMOP//OMOP_CONCEPT//441202,,True,,OMOP_CONCEPT,441202,,Anaphylaxis,AMSTEL,itemid_valueid,high
MEASUREMENT_CATEGORICAL//18671//158,OMOP//OMOP_CONCEPT//4135466,,True,,OMOP_CONCEPT,4135466,,Hemothorax,AMSTEL,itemid_valueid,high
MEASUREMENT_CATEGORICAL//18671//247,OMOP//OMOP_CONCEPT//134057,,True,,OMOP_CONCEPT,134057,,Disorder of cardiovascular system,AMSTEL,itemid_valueid,high
MEASUREMENT_CATEGORICAL//18671//276,OMOP//OMOP_CONCEPT//3654996,,True,,OMOP_CONCEPT,3654996,,Peripheral arterial disease,AMSTEL,itemid_valueid,high
MEASUREMENT_CATEGORICAL//18671//3,OMOP//OMOP_CONCEPT//40479758,,True,,OMOP_CONCEPT,40479758,,Pseudoaneurysm,AMSTEL,itemid_valueid,high
MEASUREMENT_CATEGORICAL//18671//436,OMOP//OMOP_CONCEPT//200588,,True,,OMOP_CONCEPT,200588,,Injury of abdomen,AMSTEL,itemid_valueid,high
MEASUREMENT_CATEGORICAL//18671//90,OMOP//OMOP_CONCEPT//4038838,,True,,OMOP_CONCEPT,4038838,,Non-Hodgkin's lymphoma (clinical),AMSTEL,itemid_valueid,high
MEASUREMENT_CATEGORICAL//18673//523,OMOP//OMOP_CONCEPT//4171379,,True,,OMOP_CONCEPT,4171379,,Disorder of the genitourinary system,AMSTEL,itemid_valueid,high
MEASUREMENT_CATEGORICAL//18673//614,OMOP//OMOP_CONCEPT//4309106,,True,,OMOP_CONCEPT,4309106,,Aspiration pneumonia,AMSTEL,itemid_valueid,high
MEASUREMENT_CATEGORICAL//18673//646,OMOP//OMOP_CONCEPT//4094683,,True,,OMOP_CONCEPT,4094683,,Chest injury,AMSTEL,itemid_valueid,high
MEASUREMENT_CATEGORICAL//18673//730,OMOP//OMOP_CONCEPT//316993,,True,,OMOP_CONCEPT,316993,,Tricuspid valve disorder,AMSTEL,itemid_valueid,high
MEASUREMENT_CATEGORICAL//20014//5,,,False,,,,,,,,unmapped
MEASUREMENT_CATEGORICAL//20350//5,,,False,,,,,,,,unmapped
MEASUREMENT_CATEGORICAL//20536//4,,,False,,,,,,,,unmapped
MEASUREMENT_CATEGORICAL//21042//4,,,False,,,,,,,,unmapped
MEASUREMENT_CATEGORICAL//8733//7,SNOMED//4085985,,False,,SNOMED,4085985,,4085985,AMSTEL,source_code,high
MEASUREMENT_CATEGORICAL//10464//4,,,False,,,,,,,,unmapped
MEASUREMENT_CATEGORICAL//10472//3,SNOMED//44810687,,True,,SNOMED,44810687,,44810687,AMSTEL,source_code,high
MEASUREMENT_CATEGORICAL//12526//5,,,False,,,,,,,,unmapped
MEASUREMENT_CATEGORICAL//12627//2,LOINC//36305611,,True,,LOINC,36305611,,36305611,AMSTEL,source_code,high
MEASUREMENT_CATEGORICAL//12818//6,OMOP//OMOP_CONCEPT//37156242,,True,,OMOP_CONCEPT,37156242,,Pressure injury stage IV,AMSTEL,itemid_valueid,high
MEASUREMENT_CATEGORICAL//12829//5,OMOP//OMOP_CONCEPT//37156242,,True,,OMOP_CONCEPT,37156242,,Pressure injury stage IV,AMSTEL,itemid_valueid,high
MEASUREMENT_CATEGORICAL//14143//7,,,False,,,,,,,,unmapped
MEASUREMENT_CATEGORICAL//14562//4,,,False,,,,,,,,unmapped
MEASUREMENT_CATEGORICAL//16235//4,,,False,,,,,,,,unmapped
MEASUREMENT_CATEGORICAL//16258//3,,,False,,,,,,,,unmapped
MEASUREMENT_CATEGORICAL//16283//52,,,False,,,,,,,,unmapped
MEASUREMENT_CATEGORICAL//16644//3,OMOP//OMOP_CONCEPT//31821,,True,,OMOP_CONCEPT,31821,,Disorder of endocrine system,AMSTEL,itemid_valueid,high
MEASUREMENT_CATEGORICAL//16648//24,OMOP//OMOP_CONCEPT//133468,,True,,OMOP_CONCEPT,133468,,Disorder of limb,AMSTEL,itemid_valueid,high
MEASUREMENT_CATEGORICAL//16650//11,OMOP//OMOP_CONCEPT//4199966,,True,,OMOP_CONCEPT,4199966,,Repair of thoracoabdominal aortic aneurysm,AMSTEL,itemid_valueid,high
MEASUREMENT_CATEGORICAL//16653//18,OMOP//OMOP_CONCEPT//44783658,,True,,OMOP_CONCEPT,44783658,,Cardiorespiratory arrest with successful resuscitation,AMSTEL,itemid_valueid,high
MEASUREMENT_CATEGORICAL//16998//18,OMOP//OMOP_CONCEPT//441589,,True,,OMOP_CONCEPT,441589,,Endocarditis,AMSTEL,itemid_valueid,high
MEASUREMENT_CATEGORICAL//16998//26,OMOP//OMOP_CONCEPT//312327,,True,,OMOP_CONCEPT,312327,,Acute myocardial infarction,AMSTEL,itemid_valueid,high
MEASUREMENT_CATEGORICAL//16998//32,OMOP//OMOP_CONCEPT//316999,,True,,OMOP_CONCEPT,316999,,Conduction disorder of the heart,AMSTEL,itemid_valueid,high
MEASUREMENT_CATEGORICAL//16999//14,OMOP//OMOP_CONCEPT//4326255,,True,,OMOP_CONCEPT,4326255,,Abdominal abscess,AMSTEL,itemid_valueid,high
MEASUREMENT_CATEGORICAL//17005//14,OMOP//OMOP_CONCEPT//44782560,,True,,OMOP_CONCEPT,44782560,,Idiopathic pulmonary arterial hypertension,AMSTEL,itemid_valueid,high
MEASUREMENT_CATEGORICAL//17007//35,OMOP//OMOP_CONCEPT//4095850,,True,,OMOP_CONCEPT,4095850,,Spinal injury,AMSTEL,itemid_valueid,high
MEASUREMENT_CATEGORICAL//17012//1,OMOP//OMOP_CONCEPT//4118993,,True,,OMOP_CONCEPT,4118993,,Pheochromocytoma,AMSTEL,itemid_valueid,high
MEASUREMENT_CATEGORICAL//17013//9,OMOP//OMOP_CONCEPT//201093,,True,,OMOP_CONCEPT,201093,,Infection of skin and/or subcutaneous tissue,AMSTEL,itemid_valueid,high
MEASUREMENT_CATEGORICAL//17017//36,OMOP//OMOP_CONCEPT//4301351,,True,,OMOP_CONCEPT,4301351,,Surgical procedure,AMSTEL,itemid_valueid,high
MEASUREMENT_CATEGORICAL//17019//83,OMOP//OMOP_CONCEPT//132797,,True,,OMOP_CONCEPT,132797,,Sepsis,AMSTEL,itemid_valueid,high
MEASUREMENT_CATEGORICAL//17020//29,OMOP//OMOP_CONCEPT//4291649,,True,,OMOP_CONCEPT,4291649,,Upper gastrointestinal bleeding,AMSTEL,itemid_valueid,high
MEASUREMENT_CATEGORICAL//17021//10,OMOP//OMOP_CONCEPT//4171379,,True,,OMOP_CONCEPT,4171379,,Disorder of the genitourinary system,AMSTEL,itemid_valueid,high
MEASUREMENT_CATEGORICAL//17022//18,OMOP//OMOP_CONCEPT//4147164,,True,,OMOP_CONCEPT,4147164,,Malignant tumor of lymphoid hemopoietic and related tissue,AMSTEL,itemid_valueid,high
MEASUREMENT_CATEGORICAL//18615//9,OMOP//OMOP_CONCEPT//4019540,,True,,OMOP_CONCEPT,4019540,,Evacuation of intracerebral hematoma,AMSTEL,itemid_valueid,high
MEASUREMENT_CATEGORICAL//18671//210,OMOP//OMOP_CONCEPT//375415,,True,,OMOP_CONCEPT,375415,,Injury of head,AMSTEL,itemid_valueid,high
MEASUREMENT_CATEGORICAL//18671//45,OMOP//OMOP_CONCEPT//602985,,True,,OMOP_CONCEPT,602985,,Intoxication,AMSTEL,itemid_valueid,high
MEASUREMENT_CATEGORICAL//18673//503,OMOP//OMOP_CONCEPT//4291649,,True,,OMOP_CONCEPT,4291649,,Upper gastrointestinal bleeding,AMSTEL,itemid_valueid,high
MEASUREMENT_CATEGORICAL//19237//1,,,False,,,,,,,,unmapped
MEASUREMENT_CATEGORICAL//20350//2,,,False,,,,,,,,unmapped
MEASUREMENT_CATEGORICAL//21234//25,,,False,,,,,,,,unmapped
MEASUREMENT_CATEGORICAL//7969//13,,,False,,,,,,,,unmapped
MEASUREMENT_CATEGORICAL//8733//10,SNOMED//4085985,,False,,SNOMED,4085985,,4085985,AMSTEL,source_code,high
MEASUREMENT_CATEGORICAL//12132//3,SNOMED//4152283,,True,,SNOMED,4152283,,4152283,AMSTEL,source_code,high
MEASUREMENT_CATEGORICAL//12623//11,LOINC//3046004,,True,,LOINC,3046004,,3046004,AMSTEL,source_code,high
MEASUREMENT_CATEGORICAL//12828//4,OMOP//OMOP_CONCEPT//37156241,,True,,OMOP_CONCEPT,37156241,,Pressure injury stage III,AMSTEL,itemid_valueid,high
MEASUREMENT_CATEGORICAL//14562//10,,,False,,,,,,,,unmapped
MEASUREMENT_CATEGORICAL//16103//5,OMOP//OMOP_CONCEPT//4216773,,True,,OMOP_CONCEPT,4216773,,Asystole,AMSTEL,itemid_valueid,high
MEASUREMENT_CATEGORICAL//16255//2,,,False,,,,,,,,unmapped
MEASUREMENT_CATEGORICAL//16271//2,,,False,,,,,,,,unmapped
MEASUREMENT_CATEGORICAL//16279//28,,,False,,,,,,,,unmapped
MEASUREMENT_CATEGORICAL//16282//46,,,False,,,,,,,,unmapped
MEASUREMENT_CATEGORICAL//16309//71,,,False,,,,,,,,unmapped
MEASUREMENT_CATEGORICAL//16313//76,,,False,,,,,,,,unmapped
MEASUREMENT_CATEGORICAL//16645//8,OMOP//OMOP_CONCEPT//4298484,,True,,OMOP_CONCEPT,4298484,,Operation on oral cavity,AMSTEL,itemid_valueid,high
MEASUREMENT_CATEGORICAL//16998//22,OMOP//OMOP_CONCEPT//37311319,,True,,OMOP_CONCEPT,37311319,,Hypovolemia,AMSTEL,itemid_valueid,high
MEASUREMENT_CATEGORICAL//17008//52,OMOP//OMOP_CONCEPT//132797,,True,,OMOP_CONCEPT,132797,,Sepsis,AMSTEL,itemid_valueid,high
MEASUREMENT_CATEGORICAL//17009//16,OMOP//OMOP_CONCEPT//197328,,True,,OMOP_CONCEPT,197328,,Abscess of intestine,AMSTEL,itemid_valueid,high
MEASUREMENT_CATEGORICAL//17014//22,OMOP//OMOP_CONCEPT//4064645,,True,,OMOP_CONCEPT,4064645,,Stereotactic ablation of brain tissue,AMSTEL,itemid_valueid,high
MEASUREMENT_CATEGORICAL//17014//25,OMOP//OMOP_CONCEPT//4065313,,True,,OMOP_CONCEPT,4065313,,Transsphenoidal hypophysectomy,AMSTEL,itemid_valueid,high
MEASUREMENT_CATEGORICAL//17017//23,OMOP//OMOP_CONCEPT//375415,,True,,OMOP_CONCEPT,375415,,Injury of head,AMSTEL,itemid_valueid,high
MEASUREMENT_CATEGORICAL//17019//84,OMOP//OMOP_CONCEPT//132797,,True,,OMOP_CONCEPT,132797,,Sepsis,AMSTEL,itemid_valueid,high
MEASUREMENT_CATEGORICAL//17026//47,OMOP//OMOP_CONCEPT//255848,,True,,OMOP_CONCEPT,255848,,Pneumonia,AMSTEL,itemid_valueid,high
MEASUREMENT_CATEGORICAL//18603//19,,,False,,,,,,,,unmapped
MEASUREMENT_CATEGORICAL//18670//78,OMOP//OMOP_CONCEPT//4019540,,True,,OMOP_CONCEPT,4019540,,Evacuation of intracerebral hematoma,AMSTEL,itemid_valueid,high
MEASUREMENT_CATEGORICAL//18671//171,OMOP//OMOP_CONCEPT//4143700,,True,,OMOP_CONCEPT,4143700,,Smoke inhalation injury,AMSTEL,itemid_valueid,high
MEASUREMENT_CATEGORICAL//18671//424,OMOP//OMOP_CONCEPT//133468,,True,,OMOP_CONCEPT,133468,,Disorder of limb,AMSTEL,itemid_valueid,high
MEASUREMENT_CATEGORICAL//18673//485,OMOP//OMOP_CONCEPT//4185572,,True,,OMOP_CONCEPT,4185572,,Ventricular arrhythmia,AMSTEL,itemid_valueid,high
MEASUREMENT_CATEGORICAL//18673//489,OMOP//OMOP_CONCEPT//132797,,True,,OMOP_CONCEPT,132797,,Sepsis,AMSTEL,itemid_valueid,high
MEASUREMENT_CATEGORICAL//18673//490,OMOP//OMOP_CONCEPT//132797,,True,,OMOP_CONCEPT,132797,,Sepsis,AMSTEL,itemid_valueid,high
MEASUREMENT_CATEGORICAL//18673//617,OMOP//OMOP_CONCEPT//255848,,True,,OMOP_CONCEPT,255848,,Pneumonia,AMSTEL,itemid_valueid,high
MEASUREMENT_CATEGORICAL//18673//655,OMOP//OMOP_CONCEPT//375415,,True,,OMOP_CONCEPT,375415,,Injury of head,AMSTEL,itemid_valueid,high
MEASUREMENT_CATEGORICAL//18673//756,OMOP//OMOP_CONCEPT//4000610,,True,,OMOP_CONCEPT,4000610,,Disorder of gastrointestinal tract,AMSTEL,itemid_valueid,high
MEASUREMENT_CATEGORICAL//18673//824,OMOP//OMOP_CONCEPT//4242877,,True,,OMOP_CONCEPT,4242877,,Evacuation of subdural hematoma,AMSTEL,itemid_valueid,high
MEASUREMENT_CATEGORICAL//20014//4,,,False,,,,,,,,unmapped
MEASUREMENT_CATEGORICAL//20107//41,,,False,,,,,,,,unmapped
MEASUREMENT_CATEGORICAL//20146//4,,,False,,,,,,,,unmapped
MEASUREMENT_CATEGORICAL//21233//11,,,False,,,,,,,,unmapped
MEASUREMENT_CATEGORICAL//21234//28,,,False,,,,,,,,unmapped
MEASUREMENT_CATEGORICAL//21234//31,,,False,,,,,,,,unmapped
MEASUREMENT_CATEGORICAL//8189//13,OMOP//OMOP_CONCEPT//4160626,,True,,OMOP_CONCEPT,4160626,,Ambu bag,AMSTEL,itemid_valueid,high
MEASUREMENT_CATEGORICAL//8616//2,,,False,,,,,,,,unmapped
MEASUREMENT_CATEGORICAL//8732//10,SNOMED//4085985,,False,,SNOMED,4085985,,4085985,AMSTEL,source_code,high
MEASUREMENT_CATEGORICAL//8733//9,SNOMED//4085985,,False,,SNOMED,4085985,,4085985,AMSTEL,source_code,high
MEASUREMENT_CATEGORICAL//10472//47,SNOMED//44810687,,True,,SNOMED,44810687,,44810687,AMSTEL,source_code,high
MEASUREMENT_CATEGORICAL//12111//2,LOINC//36203284,,True,,LOINC,36203284,,36203284,AMSTEL,source_code,high
MEASUREMENT_CATEGORICAL//12127//3,,,False,,,,,,,,unmapped
MEASUREMENT_CATEGORICAL//12524//5,,,False,,,,,,,,unmapped
MEASUREMENT_CATEGORICAL//12623//14,LOINC//3046004,,True,,LOINC,3046004,,3046004,AMSTEL,source_code,high
MEASUREMENT_CATEGORICAL//12629//5,,,False,,,,,,,,unmapped
MEASUREMENT_CATEGORICAL//13126//5,OMOP//OMOP_CONCEPT//4129747,,True,,OMOP_CONCEPT,4129747,,Operation on female genital organs,AMSTEL,itemid_valueid,high
MEASUREMENT_CATEGORICAL//16256//2,,,False,,,,,,,,unmapped
MEASUREMENT_CATEGORICAL//16274//2,,,False,,,,,,,,unmapped
MEASUREMENT_CATEGORICAL//16276//11,,,False,,,,,,,,unmapped
MEASUREMENT_CATEGORICAL//16280//34,,,False,,,,,,,,unmapped
MEASUREMENT_CATEGORICAL//16282//44,,,False,,,,,,,,unmapped
MEASUREMENT_CATEGORICAL//16286//9,,,False,,,,,,,,unmapped
MEASUREMENT_CATEGORICAL//16287//13,,,False,,,,,,,,unmapped
MEASUREMENT_CATEGORICAL//16665//17,,,False,,,,,,,,unmapped
MEASUREMENT_CATEGORICAL//16666//16,,,False,,,,,,,,unmapped
MEASUREMENT_CATEGORICAL//16673//17,OMOP//OMOP_CONCEPT//257907,,True,,OMOP_CONCEPT,257907,,Disorder of lung,AMSTEL,itemid_valueid,high
MEASUREMENT_CATEGORICAL//16998//45,OMOP//OMOP_CONCEPT//602985,,True,,OMOP_CONCEPT,602985,,Intoxication,AMSTEL,itemid_valueid,high
MEASUREMENT_CATEGORICAL//17005//26,OMOP//OMOP_CONCEPT//4143700,,True,,OMOP_CONCEPT,4143700,,Smoke inhalation injury,AMSTEL,itemid_valueid,high
MEASUREMENT_CATEGORICAL//17007//8,OMOP//OMOP_CONCEPT//133468,,True,,OMOP_CONCEPT,133468,,Disorder of limb,AMSTEL,itemid_valueid,high
MEASUREMENT_CATEGORICAL//17019//79,OMOP//OMOP_CONCEPT//4185572,,True,,OMOP_CONCEPT,4185572,,Ventricular arrhythmia,AMSTEL,itemid_valueid,high
MEASUREMENT_CATEGORICAL//17029//88,OMOP//OMOP_CONCEPT//134057,,True,,OMOP_CONCEPT,134057,,Disorder of cardiovascular system,AMSTEL,itemid_valueid,high
MEASUREMENT_CATEGORICAL//17030//54,OMOP//OMOP_CONCEPT//4000610,,True,,OMOP_CONCEPT,4000610,,Disorder of gastrointestinal tract,AMSTEL,itemid_valueid,high
MEASUREMENT_CATEGORICAL//18604//17,OMOP//OMOP_CONCEPT//316866,,True,,OMOP_CONCEPT,316866,,Hypertensive disorder,AMSTEL,itemid_valueid,high
MEASUREMENT_CATEGORICAL//18670//89,OMOP//OMOP_CONCEPT//316866,,True,,OMOP_CONCEPT,316866,,Hypertensive disorder,AMSTEL,itemid_valueid,high
MEASUREMENT_CATEGORICAL//18671//146,OMOP//OMOP_CONCEPT//313459,,True,,OMOP_CONCEPT,313459,,Sleep apnea,AMSTEL,itemid_valueid,high
MEASUREMENT_CATEGORICAL//18671//216,OMOP//OMOP_CONCEPT//4235863,,True,,OMOP_CONCEPT,4235863,,Spinal cord injury,AMSTEL,itemid_valueid,high
MEASUREMENT_CATEGORICAL//18671//299,OMOP//OMOP_CONCEPT//4295370,,True,,OMOP_CONCEPT,4295370,,Gastrointestinal fistula,AMSTEL,itemid_valueid,high
MEASUREMENT_CATEGORICAL//18671//351,OMOP//OMOP_CONCEPT//3654996,,True,,OMOP_CONCEPT,3654996,,Peripheral arterial disease,AMSTEL,itemid_valueid,high
MEASUREMENT_CATEGORICAL//18673//579,OMOP//OMOP_CONCEPT//4318408,,True,,OMOP_CONCEPT,4318408,,Subdural hematoma,AMSTEL,itemid_valueid,high
MEASUREMENT_CATEGORICAL//18673//611,OMOP//OMOP_CONCEPT//44782560,,True,,OMOP_CONCEPT,44782560,,Idiopathic pulmonary arterial hypertension,AMSTEL,itemid_valueid,high
MEASUREMENT_CATEGORICAL//18673//697,OMOP//OMOP_CONCEPT//134057,,True,,OMOP_CONCEPT,134057,,Disorder of cardiovascular system,AMSTEL,itemid_valueid,high
MEASUREMENT_CATEGORICAL//18687//6,,,False,,,,,,,,unmapped
MEASUREMENT_CATEGORICAL//19237//2,,,False,,,,,,,,unmapped
MEASUREMENT_CATEGORICAL//19712//5,,,False,,,,,,,,unmapped
MEASUREMENT_CATEGORICAL//20013//1,,,False,,,,,,,,unmapped
MEASUREMENT_CATEGORICAL//21189//8,,,False,,,,,,,,unmapped
MEASUREMENT_CATEGORICAL//21233//9,,,False,,,,,,,,unmapped
MEASUREMENT_CATEGORICAL//8733//6,SNOMED//4085985,,False,,SNOMED,4085985,,4085985,AMSTEL,source_code,high
MEASUREMENT_CATEGORICAL//10472//4,SNOMED//44810687,,True,,SNOMED,44810687,,44810687,AMSTEL,source_code,high
MEASUREMENT_CATEGORICAL//12128//15,OMOP//OMOP_CONCEPT//38004504,,False,,OMOP_CONCEPT,38004504,,Maxillofacial Surgery,AMSTEL,itemid_valueid,high
MEASUREMENT_CATEGORICAL//12514//7,SNOMED//4122997,,True,,SNOMED,4122997,,4122997,AMSTEL,source_code,high
MEASUREMENT_CATEGORICAL//12525//5,,,False,,,,,,,,unmapped
MEASUREMENT_CATEGORICAL//12829//4,OMOP//OMOP_CONCEPT//37156241,,True,,OMOP_CONCEPT,37156241,,Pressure injury stage III,AMSTEL,itemid_valueid,high
MEASUREMENT_CATEGORICAL//14169//2,SNOMED//4090784,,True,,SNOMED,4090784,,4090784,AMSTEL,source_code,high
MEASUREMENT_CATEGORICAL//16257//2,,,False,,,,,,,,unmapped
MEASUREMENT_CATEGORICAL//16273//4,,,False,,,,,,,,unmapped
MEASUREMENT_CATEGORICAL//16275//4,,,False,,,,,,,,unmapped
MEASUREMENT_CATEGORICAL//16279//29,,,False,,,,,,,,unmapped
MEASUREMENT_CATEGORICAL//16650//17,OMOP//OMOP_CONCEPT//4148948,,True,,OMOP_CONCEPT,4148948,,Vascular surgery procedure,AMSTEL,itemid_valueid,high
MEASUREMENT_CATEGORICAL//16660//9,OMOP//OMOP_CONCEPT//4116092,,True,,OMOP_CONCEPT,4116092,,Intracranial tumor,AMSTEL,itemid_valueid,high
MEASUREMENT_CATEGORICAL//17004//14,OMOP//OMOP_CONCEPT//76685,,True,,OMOP_CONCEPT,76685,,Myasthenia gravis,AMSTEL,itemid_valueid,high
MEASUREMENT_CATEGORICAL//17004//9,OMOP//OMOP_CONCEPT//4176148,,True,,OMOP_CONCEPT,4176148,,Extradural intracranial hematoma,AMSTEL,itemid_valueid,high
MEASUREMENT_CATEGORICAL//17005//1,OMOP//OMOP_CONCEPT//442588,,True,,OMOP_CONCEPT,442588,,Obstructive sleep apnea syndrome,AMSTEL,itemid_valueid,high
MEASUREMENT_CATEGORICAL//17007//22,OMOP//OMOP_CONCEPT//133468,,True,,OMOP_CONCEPT,133468,,Disorder of limb,AMSTEL,itemid_valueid,high
MEASUREMENT_CATEGORICAL//17008//49,OMOP//OMOP_CONCEPT//132797,,True,,OMOP_CONCEPT,132797,,Sepsis,AMSTEL,itemid_valueid,high
MEASUREMENT_CATEGORICAL//17015//15,OMOP//OMOP_CONCEPT//35610164,,True,,OMOP_CONCEPT,35610164,,Malignant neoplasm of respiratory tract,AMSTEL,itemid_valueid,high
MEASUREMENT_CATEGORICAL//17015//6,OMOP//OMOP_CONCEPT//4178968,,True,,OMOP_CONCEPT,4178968,,Malignant tumor of larynx,AMSTEL,itemid_valueid,high
MEASUREMENT_CATEGORICAL//17017//22,OMOP//OMOP_CONCEPT//133468,,True,,OMOP_CONCEPT,133468,,Disorder of limb,AMSTEL,itemid_valueid,high
MEASUREMENT_CATEGORICAL//17019//87,OMOP//OMOP_CONCEPT//198571,,True,,OMOP_CONCEPT,198571,,Cardiogenic shock,AMSTEL,itemid_valueid,high
MEASUREMENT_CATEGORICAL//17025//38,OMOP//OMOP_CONCEPT//4318408,,True,,OMOP_CONCEPT,4318408,,Subdural hematoma,AMSTEL,itemid_valueid,high
MEASUREMENT_CATEGORICAL//17025//43,OMOP//OMOP_CONCEPT//4116092,,True,,OMOP_CONCEPT,4116092,,Intracranial tumor,AMSTEL,itemid_valueid,high
MEASUREMENT_CATEGORICAL//17026//41,OMOP//OMOP_CONCEPT//44782560,,True,,OMOP_CONCEPT,44782560,,Idiopathic pulmonary arterial hypertension,AMSTEL,itemid_valueid,high
MEASUREMENT_CATEGORICAL//17028//55,OMOP//OMOP_CONCEPT//375415,,True,,OMOP_CONCEPT,375415,,Injury of head,AMSTEL,itemid_valueid,high
MEASUREMENT_CATEGORICAL//17029//70,OMOP//OMOP_CONCEPT//436136,,True,,OMOP_CONCEPT,436136,,Dissection of thoracic aorta,AMSTEL,itemid_valueid,high
MEASUREMENT_CATEGORICAL//17036//32,OMOP//OMOP_CONCEPT//258369,,True,,OMOP_CONCEPT,258369,,Primary malignant neoplasm of lung,AMSTEL,itemid_valueid,high
MEASUREMENT_CATEGORICAL//18671//279,OMOP//OMOP_CONCEPT//37395826,,True,,OMOP_CONCEPT,37395826,,Adult heart tumor,AMSTEL,itemid_valueid,high
MEASUREMENT_CATEGORICAL//18671//285,OMOP//OMOP_CONCEPT//4314251,,True,,OMOP_CONCEPT,4314251,,Laparotomy,AMSTEL,itemid_valueid,high
MEASUREMENT_CATEGORICAL//18673//493,OMOP//OMOP_CONCEPT//198571,,True,,OMOP_CONCEPT,198571,,Cardiogenic shock,AMSTEL,itemid_valueid,high
MEASUREMENT_CATEGORICAL//18673//584,OMOP//OMOP_CONCEPT//4116092,,True,,OMOP_CONCEPT,4116092,,Intracranial tumor,AMSTEL,itemid_valueid,high
MEASUREMENT_CATEGORICAL//18673//679,OMOP//OMOP_CONCEPT//436136,,True,,OMOP_CONCEPT,436136,,Dissection of thoracic aorta,AMSTEL,itemid_valueid,high
MEASUREMENT_CATEGORICAL//18673//688,OMOP//OMOP_CONCEPT//317576,,True,,OMOP_CONCEPT,317576,,Coronary arteriosclerosis,AMSTEL,itemid_valueid,high
MEASUREMENT_CATEGORICAL//18673//741,OMOP//OMOP_CONCEPT//3654354,,True,,OMOP_CONCEPT,3654354,,Administration of hyperthermic antineoplastic agent into peritoneal cavity,AMSTEL,itemid_valueid,high
MEASUREMENT_CATEGORICAL//18673//850,OMOP//OMOP_CONCEPT//258369,,True,,OMOP_CONCEPT,258369,,Primary malignant neoplasm of lung,AMSTEL,itemid_valueid,high
MEASUREMENT_CATEGORICAL//19233//1,,,False,,,,,,,,unmapped
MEASUREMENT_CATEGORICAL//19248//2,,,False,,,,,,,,unmapped
MEASUREMENT_CATEGORICAL//20137//3,,,False,,,,,,,,unmapped
MEASUREMENT_CATEGORICAL//21234//22,,,False,,,,,,,,unmapped
MEASUREMENT_CATEGORICAL//6671//7,SNOMED//4091457,,True,,SNOMED,4091457,,4091457,AMSTEL,source_code,high
MEASUREMENT_CATEGORICAL//8200//7,LOINC//1989388,,True,,LOINC,1989388,,1989388,AMSTEL,source_code,high
MEASUREMENT_CATEGORICAL//12119//1,,,False,,,,,,,,unmapped
MEASUREMENT_CATEGORICAL//12129//5,LOINC//3046359,,True,,LOINC,3046359,,3046359,AMSTEL,source_code,high
MEASUREMENT_CATEGORICAL//12520//5,,,False,,,,,,,,unmapped
MEASUREMENT_CATEGORICAL//14577//4,SNOMED//4202832,,True,,SNOMED,4202832,,4202832,AMSTEL,source_code,high
MEASUREMENT_CATEGORICAL//16259//1,,,False,,,,,,,,unmapped
MEASUREMENT_CATEGORICAL//16260//2,,,False,,,,,,,,unmapped
MEASUREMENT_CATEGORICAL//16261//1,,,False,,,,,,,,unmapped
MEASUREMENT_CATEGORICAL//16276//10,,,False,,,,,,,,unmapped
MEASUREMENT_CATEGORICAL//16277//16,,,False,,,,,,,,unmapped
MEASUREMENT_CATEGORICAL//16656//5,OMOP//OMOP_CONCEPT//602985,,True,,OMOP_CONCEPT,602985,,Intoxication,AMSTEL,itemid_valueid,high
MEASUREMENT_CATEGORICAL//16657//6,OMOP//OMOP_CONCEPT//4035139,,True,,OMOP_CONCEPT,4035139,,Disorder of electrolytes,AMSTEL,itemid_valueid,high
MEASUREMENT_CATEGORICAL//17004//8,OMOP//OMOP_CONCEPT//4164770,,True,,OMOP_CONCEPT,4164770,,Guillain-Barré syndrome,AMSTEL,itemid_valueid,high
MEASUREMENT_CATEGORICAL//17005//4,OMOP//OMOP_CONCEPT//45769438,,True,,OMOP_CONCEPT,45769438,,Acute severe exacerbation of asthma,AMSTEL,itemid_valueid,high
MEASUREMENT_CATEGORICAL//17007//26,OMOP//OMOP_CONCEPT//375415,,True,,OMOP_CONCEPT,375415,,Injury of head,AMSTEL,itemid_valueid,high
MEASUREMENT_CATEGORICAL//17008//8,OMOP//OMOP_CONCEPT//4000088,,True,,OMOP_CONCEPT,4000088,,Repair of thoracic aortic aneurysm,AMSTEL,itemid_valueid,high
MEASUREMENT_CATEGORICAL//17014//3,OMOP//OMOP_CONCEPT//4045952,,True,,OMOP_CONCEPT,4045952,,Excision of intracranial arteriovenous malformation,AMSTEL,itemid_valueid,high
MEASUREMENT_CATEGORICAL//17017//10,OMOP//OMOP_CONCEPT//4094683,,True,,OMOP_CONCEPT,4094683,,Chest injury,AMSTEL,itemid_valueid,high
MEASUREMENT_CATEGORICAL//17017//27,OMOP//OMOP_CONCEPT//133468,,True,,OMOP_CONCEPT,133468,,Disorder of limb,AMSTEL,itemid_valueid,high
MEASUREMENT_CATEGORICAL//17017//7,OMOP//OMOP_CONCEPT//200588,,True,,OMOP_CONCEPT,200588,,Injury of abdomen,AMSTEL,itemid_valueid,high
MEASUREMENT_CATEGORICAL//17029//79,OMOP//OMOP_CONCEPT//317576,,True,,OMOP_CONCEPT,317576,,Coronary arteriosclerosis,AMSTEL,itemid_valueid,high
MEASUREMENT_CATEGORICAL//17035//39,OMOP//OMOP_CONCEPT//4242877,,True,,OMOP_CONCEPT,4242877,,Evacuation of subdural hematoma,AMSTEL,itemid_valueid,high
MEASUREMENT_CATEGORICAL//18610//15,OMOP//OMOP_CONCEPT//317109,,True,,OMOP_CONCEPT,317109,,Respiratory arrest,AMSTEL,itemid_valueid,high
MEASUREMENT_CATEGORICAL//18671//124,OMOP//OMOP_CONCEPT//372887,,True,,OMOP_CONCEPT,372887,,Disorder of brain,AMSTEL,itemid_valueid,high
MEASUREMENT_CATEGORICAL//18671//25,OMOP//OMOP_CONCEPT//4145721,,True,,OMOP_CONCEPT,4145721,,Acute non-Q wave infarction,AMSTEL,itemid_valueid,high
MEASUREMENT_CATEGORICAL//18671//260,OMOP//OMOP_CONCEPT//3654996,,True,,OMOP_CONCEPT,3654996,,Peripheral arterial disease,AMSTEL,itemid_valueid,high
MEASUREMENT_CATEGORICAL//18671//320,OMOP//OMOP_CONCEPT//201337,,True,,OMOP_CONCEPT,201337,,Disorder of bladder,AMSTEL,itemid_valueid,high
MEASUREMENT_CATEGORICAL//18671//391,OMOP//OMOP_CONCEPT//4178968,,True,,OMOP_CONCEPT,4178968,,Malignant tumor of larynx,AMSTEL,itemid_valueid,high
MEASUREMENT_CATEGORICAL//18673//518,OMOP//OMOP_CONCEPT//4026032,,True,,OMOP_CONCEPT,4026032,,Acute hepatic failure,AMSTEL,itemid_valueid,high
MEASUREMENT_CATEGORICAL//18673//600,OMOP//OMOP_CONCEPT//317109,,True,,OMOP_CONCEPT,317109,,Respiratory arrest,AMSTEL,itemid_valueid,high
MEASUREMENT_CATEGORICAL//18673//743,OMOP//OMOP_CONCEPT//199744,,True,,OMOP_CONCEPT,199744,,Carcinoma liver and/or biliary system,AMSTEL,itemid_valueid,high
MEASUREMENT_CATEGORICAL//18673//750,OMOP//OMOP_CONCEPT//31610,,True,,OMOP_CONCEPT,31610,,Disorder of esophagus,AMSTEL,itemid_valueid,high
MEASUREMENT_CATEGORICAL//18673//830,OMOP//OMOP_CONCEPT//380378,,True,,OMOP_CONCEPT,380378,,Epilepsy,AMSTEL,itemid_valueid,high
MEASUREMENT_CATEGORICAL//19644//4,LOINC//43054909,,True,,LOINC,43054909,,43054909,AMSTEL,source_code,high
MEASUREMENT_CATEGORICAL//19913//2,SNOMED//4076975,,False,,SNOMED,4076975,,4076975,AMSTEL,source_code,high
MEASUREMENT_CATEGORICAL//20140//4,,,False,,,,,,,,unmapped
MEASUREMENT_CATEGORICAL//20146//5,,,False,,,,,,,,unmapped
MEASUREMENT_CATEGORICAL//21190//9,,,False,,,,,,,,unmapped
MEASUREMENT_CATEGORICAL//8731//13,OMOP//OMOP_CONCEPT//4271843,,True,,OMOP_CONCEPT,4271843,,Structure of right forearm,AMSTEL,itemid_valueid,high
MEASUREMENT_CATEGORICAL//12109//14,LOINC//36203284,,True,,LOINC,36203284,,36203284,AMSTEL,source_code,high
MEASUREMENT_CATEGORICAL//12116//2,,,False,,,,,,,,unmapped
MEASUREMENT_CATEGORICAL//12513//5,SNOMED//4122997,,True,,SNOMED,4122997,,4122997,AMSTEL,source_code,high
MEASUREMENT_CATEGORICAL//12622//3,SNOMED//4302472,,True,,SNOMED,4302472,,4302472,AMSTEL,source_code,high
MEASUREMENT_CATEGORICAL//14427//24,LOINC//3021707,,True,,LOINC,3021707,,3021707,AMSTEL,source_code,high
MEASUREMENT_CATEGORICAL//14427//26,LOINC//3021707,,True,,LOINC,3021707,,3021707,AMSTEL,source_code,high
MEASUREMENT_CATEGORICAL//16058//20,OMOP//OMOP_CONCEPT//4113272,,True,,OMOP_CONCEPT,4113272,,Purulent,AMSTEL,itemid_valueid,high
MEASUREMENT_CATEGORICAL//16254//2,,,False,,,,,,,,unmapped
MEASUREMENT_CATEGORICAL//16257//3,,,False,,,,,,,,unmapped
MEASUREMENT_CATEGORICAL//16261//2,,,False,,,,,,,,unmapped
MEASUREMENT_CATEGORICAL//16280//35,,,False,,,,,,,,unmapped
MEASUREMENT_CATEGORICAL//16280//36,,,False,,,,,,,,unmapped
MEASUREMENT_CATEGORICAL//16288//19,,,False,,,,,,,,unmapped
MEASUREMENT_CATEGORICAL//16411//5,,,False,,,,,,,,unmapped
MEASUREMENT_CATEGORICAL//16953//2,,,False,,,,,,,,unmapped
MEASUREMENT_CATEGORICAL//16998//3,OMOP//OMOP_CONCEPT//40479758,,True,,OMOP_CONCEPT,40479758,,Pseudoaneurysm,AMSTEL,itemid_valueid,high
MEASUREMENT_CATEGORICAL//16999//6,OMOP//OMOP_CONCEPT//37168850,,True,,OMOP_CONCEPT,37168850,,Colorectal cancer,AMSTEL,itemid_valueid,high
MEASUREMENT_CATEGORICAL//17003//4,OMOP//OMOP_CONCEPT//4320030,,True,,OMOP_CONCEPT,4320030,,Soft tissue infection,AMSTEL,itemid_valueid,high
MEASUREMENT_CATEGORICAL//17005//13,OMOP//OMOP_CONCEPT//4135466,,True,,OMOP_CONCEPT,4135466,,Hemothorax,AMSTEL,itemid_valueid,high
MEASUREMENT_CATEGORICAL//17005//19,OMOP//OMOP_CONCEPT//4049965,,True,,OMOP_CONCEPT,4049965,,Fungal pneumonia,AMSTEL,itemid_valueid,high
MEASUREMENT_CATEGORICAL//17007//32,OMOP//OMOP_CONCEPT//600861,,True,,OMOP_CONCEPT,600861,,Traumatic spinal cord injury,AMSTEL,itemid_valueid,high
MEASUREMENT_CATEGORICAL//17008//32,OMOP//OMOP_CONCEPT//321052,,True,,OMOP_CONCEPT,321052,,Peripheral vascular disease,AMSTEL,itemid_valueid,high
MEASUREMENT_CATEGORICAL//17009//4,OMOP//OMOP_CONCEPT//40485318,,True,,OMOP_CONCEPT,40485318,,Incision of stomach and suture of bleeding gastric ulcer,AMSTEL,itemid_valueid,high
MEASUREMENT_CATEGORICAL//17015//18,OMOP//OMOP_CONCEPT//4073393,,True,,OMOP_CONCEPT,4073393,,Opening of chest,AMSTEL,itemid_valueid,high
MEASUREMENT_CATEGORICAL//17017//4,OMOP//OMOP_CONCEPT//200588,,True,,OMOP_CONCEPT,200588,,Injury of abdomen,AMSTEL,itemid_valueid,high
MEASUREMENT_CATEGORICAL//17018//26,,,False,,,,,,,,unmapped
MEASUREMENT_CATEGORICAL//17019//86,OMOP//OMOP_CONCEPT//132797,,True,,OMOP_CONCEPT,132797,,Sepsis,AMSTEL,itemid_valueid,high
MEASUREMENT_CATEGORICAL//17030//41,OMOP//OMOP_CONCEPT//4242997,,True,,OMOP_CONCEPT,4242997,,Cholecystectomy,AMSTEL,itemid_valueid,high
MEASUREMENT_CATEGORICAL//17030//48,OMOP//OMOP_CONCEPT//31610,,True,,OMOP_CONCEPT,31610,,Disorder of esophagus,AMSTEL,itemid_valueid,high
MEASUREMENT_CATEGORICAL//17035//45,OMOP//OMOP_CONCEPT//380378,,True,,OMOP_CONCEPT,380378,,Epilepsy,AMSTEL,itemid_valueid,high
MEASUREMENT_CATEGORICAL//18671//103,OMOP//OMOP_CONCEPT//435371,,True,,OMOP_CONCEPT,435371,,Hypothermia,AMSTEL,itemid_valueid,high
MEASUREMENT_CATEGORICAL//18671//15,OMOP//OMOP_CONCEPT//4300243,,True,,OMOP_CONCEPT,4300243,,Postoperative complication,AMSTEL,itemid_valueid,high
MEASUREMENT_CATEGORICAL//18671//252,OMOP//OMOP_CONCEPT//3654996,,True,,OMOP_CONCEPT,3654996,,Peripheral arterial disease,AMSTEL,itemid_valueid,high
MEASUREMENT_CATEGORICAL//18673//472,OMOP//OMOP_CONCEPT//437312,,True,,OMOP_CONCEPT,437312,,Bleeding,AMSTEL,itemid_valueid,high
MEASUREMENT_CATEGORICAL//18673//492,OMOP//OMOP_CONCEPT//132797,,True,,OMOP_CONCEPT,132797,,Sepsis,AMSTEL,itemid_valueid,high
MEASUREMENT_CATEGORICAL//19804//17,,,False,,,,,,,,unmapped
MEASUREMENT_CATEGORICAL//20013//4,,,False,,,,,,,,unmapped
MEASUREMENT_CATEGORICAL//20146//2,,,False,,,,,,,,unmapped
MEASUREMENT_CATEGORICAL//20350//3,,,False,,,,,,,,unmapped
MEASUREMENT_CATEGORICAL//21234//23,,,False,,,,,,,,unmapped
MEASUREMENT_CATEGORICAL//12109//17,LOINC//36203284,,True,,LOINC,36203284,,36203284,AMSTEL,source_code,high
MEASUREMENT_CATEGORICAL//12132//4,SNOMED//4152283,,True,,SNOMED,4152283,,4152283,AMSTEL,source_code,high
MEASUREMENT_CATEGORICAL//12514//4,SNOMED//4122997,,True,,SNOMED,4122997,,4122997,AMSTEL,source_code,high
MEASUREMENT_CATEGORICAL//12515//6,SNOMED//4122997,,True,,SNOMED,4122997,,4122997,AMSTEL,source_code,high
MEASUREMENT_CATEGORICAL//12833//4,OMOP//OMOP_CONCEPT//37156241,,True,,OMOP_CONCEPT,37156241,,Pressure injury stage III,AMSTEL,itemid_valueid,high
MEASUREMENT_CATEGORICAL//13117//10,OMOP//OMOP_CONCEPT//4051935,,True,,OMOP_CONCEPT,4051935,,Maze procedure,AMSTEL,itemid_valueid,high
MEASUREMENT_CATEGORICAL//14161//2,SNOMED//4134745,,True,,SNOMED,4134745,,4134745,AMSTEL,source_code,high
MEASUREMENT_CATEGORICAL//14565//67,,,False,,,,,,,,unmapped
MEASUREMENT_CATEGORICAL//16056//10,OMOP//OMOP_CONCEPT//4081767,,True,,OMOP_CONCEPT,4081767,,Chyle,AMSTEL,itemid_valueid,high
MEASUREMENT_CATEGORICAL//16177//6,,,False,,,,,,,,unmapped
MEASUREMENT_CATEGORICAL//16253//4,,,False,,,,,,,,unmapped
MEASUREMENT_CATEGORICAL//16271//3,,,False,,,,,,,,unmapped
MEASUREMENT_CATEGORICAL//16276//12,,,False,,,,,,,,unmapped
MEASUREMENT_CATEGORICAL//16287//14,,,False,,,,,,,,unmapped
MEASUREMENT_CATEGORICAL//16302//40,,,False,,,,,,,,unmapped
MEASUREMENT_CATEGORICAL//16309//75,,,False,,,,,,,,unmapped
MEASUREMENT_CATEGORICAL//16646//5,OMOP//OMOP_CONCEPT//4010109,,True,,OMOP_CONCEPT,4010109,,Operation on joint,AMSTEL,itemid_valueid,high
MEASUREMENT_CATEGORICAL//16649//10,OMOP//OMOP_CONCEPT//4129747,,True,,OMOP_CONCEPT,4129747,,Operation on female genital organs,AMSTEL,itemid_valueid,high
MEASUREMENT_CATEGORICAL//16658//22,OMOP//OMOP_CONCEPT//320136,,True,,OMOP_CONCEPT,320136,,Disorder of respiratory system,AMSTEL,itemid_valueid,high
MEASUREMENT_CATEGORICAL//16668//3,,,False,,,,,,,,unmapped
MEASUREMENT_CATEGORICAL//16998//1,OMOP//OMOP_CONCEPT//441202,,True,,OMOP_CONCEPT,441202,,Anaphylaxis,AMSTEL,itemid_valueid,high
MEASUREMENT_CATEGORICAL//17001//13,OMOP//OMOP_CONCEPT//432881,,True,,OMOP_CONCEPT,432881,,Pancytopenia,AMSTEL,itemid_valueid,high
MEASUREMENT_CATEGORICAL//17010//4,OMOP//OMOP_CONCEPT//4029571,,True,,OMOP_CONCEPT,4029571,,Bladder excision,AMSTEL,itemid_valueid,high
MEASUREMENT_CATEGORICAL//17017//29,OMOP//OMOP_CONCEPT//193666,,True,,OMOP_CONCEPT,193666,,Injury of hip region,AMSTEL,itemid_valueid,high
MEASUREMENT_CATEGORICAL//17017//32,OMOP//OMOP_CONCEPT//4301351,,True,,OMOP_CONCEPT,4301351,,Surgical procedure,AMSTEL,itemid_valueid,high
MEASUREMENT_CATEGORICAL//17017//8,OMOP//OMOP_CONCEPT//133468,,True,,OMOP_CONCEPT,133468,,Disorder of limb,AMSTEL,itemid_valueid,high
MEASUREMENT_CATEGORICAL//17019//66,OMOP//OMOP_CONCEPT//437312,,True,,OMOP_CONCEPT,437312,,Bleeding,AMSTEL,itemid_valueid,high
MEASUREMENT_CATEGORICAL//17020//44,OMOP//OMOP_CONCEPT//4026032,,True,,OMOP_CONCEPT,4026032,,Acute hepatic failure,AMSTEL,itemid_valueid,high
MEASUREMENT_CATEGORICAL//17026//30,OMOP//OMOP_CONCEPT//317109,,True,,OMOP_CONCEPT,317109,,Respiratory arrest,AMSTEL,itemid_valueid,high
MEASUREMENT_CATEGORICAL//17026//36,OMOP//OMOP_CONCEPT//254061,,True,,OMOP_CONCEPT,254061,,Pleural effusion,AMSTEL,itemid_valueid,high
MEASUREMENT_CATEGORICAL//17029//68,OMOP//OMOP_CONCEPT//195559,,True,,OMOP_CONCEPT,195559,,Ruptured abdominal aortic aneurysm,AMSTEL,itemid_valueid,high
MEASUREMENT_CATEGORICAL//17030//39,OMOP//OMOP_CONCEPT//3654354,,True,,OMOP_CONCEPT,3654354,,Administration of hyperthermic antineoplastic agent into peritoneal cavity,AMSTEL,itemid_valueid,high
MEASUREMENT_CATEGORICAL//18607//4,OMOP//OMOP_CONCEPT//443727,,True,,OMOP_CONCEPT,443727,,Diabetic ketoacidosis,AMSTEL,itemid_valueid,high
MEASUREMENT_CATEGORICAL//18617//7,OMOP//OMOP_CONCEPT//318459,,True,,OMOP_CONCEPT,318459,,Respiratory insufficiency,AMSTEL,itemid_valueid,high
MEASUREMENT_CATEGORICAL//18670//82,OMOP//OMOP_CONCEPT//318459,,True,,OMOP_CONCEPT,318459,,Respiratory insufficiency,AMSTEL,itemid_valueid,high
MEASUREMENT_CATEGORICAL//18671//201,OMOP//OMOP_CONCEPT//440921,,True,,OMOP_CONCEPT,440921,,Traumatic injury,AMSTEL,itemid_valueid,high
MEASUREMENT_CATEGORICAL//18671//283,OMOP//OMOP_CONCEPT//4199899,,True,,OMOP_CONCEPT,4199899,,Closure of ventricular septal defect,AMSTEL,itemid_valueid,high
MEASUREMENT_CATEGORICAL//18671//389,OMOP//OMOP_CONCEPT//4050961,,True,,OMOP_CONCEPT,4050961,,Giant bullous emphysema,AMSTEL,itemid_valueid,high
MEASUREMENT_CATEGORICAL//18671//445,OMOP//OMOP_CONCEPT//193666,,True,,OMOP_CONCEPT,193666,,Injury of hip region,AMSTEL,itemid_valueid,high
MEASUREMENT_CATEGORICAL//18673//604,OMOP//OMOP_CONCEPT//40493428,,True,,OMOP_CONCEPT,40493428,,Malignant neoplasm of respiratory system,AMSTEL,itemid_valueid,high
MEASUREMENT_CATEGORICAL//18673//677,OMOP//OMOP_CONCEPT//195559,,True,,OMOP_CONCEPT,195559,,Ruptured abdominal aortic aneurysm,AMSTEL,itemid_valueid,high
MEASUREMENT_CATEGORICAL//18673//732,OMOP//OMOP_CONCEPT//134057,,True,,OMOP_CONCEPT,134057,,Disorder of cardiovascular system,AMSTEL,itemid_valueid,high
MEASUREMENT_CATEGORICAL//18673//748,OMOP//OMOP_CONCEPT//4178810,,True,,OMOP_CONCEPT,4178810,,Gastrointestinal complication of procedure,AMSTEL,itemid_valueid,high
MEASUREMENT_CATEGORICAL//19246//2,,,False,,,,,,,,unmapped
MEASUREMENT_CATEGORICAL//19835//9,,,False,,,,,,,,unmapped
MEASUREMENT_CATEGORICAL//21234//29,,,False,,,,,,,,unmapped
MEASUREMENT_CATEGORICAL//10468//13,SNOMED//4087925,,True,,SNOMED,4087925,,4087925,AMSTEL,source_code,high
MEASUREMENT_CATEGORICAL//10468//18,SNOMED//4087925,,True,,SNOMED,4087925,,4087925,AMSTEL,source_code,high
MEASUREMENT_CATEGORICAL//10470//7,SNOMED//763892,,True,,SNOMED,763892,,763892,AMSTEL,source_code,high
MEASUREMENT_CATEGORICAL//10472//51,OMOP//OMOP_CONCEPT//8971,,True,,OMOP_CONCEPT,8971,,Inpatient Psychiatric Facility,AMSTEL,itemid_valueid,high
MEASUREMENT_CATEGORICAL//12109//27,LOINC//36203284,,True,,LOINC,36203284,,36203284,AMSTEL,source_code,high
MEASUREMENT_CATEGORICAL//12129//3,LOINC//3046359,,True,,LOINC,3046359,,3046359,AMSTEL,source_code,high
MEASUREMENT_CATEGORICAL//12129//9,LOINC//3046359,,True,,LOINC,3046359,,3046359,AMSTEL,source_code,high
MEASUREMENT_CATEGORICAL//12513//7,SNOMED//4122997,,True,,SNOMED,4122997,,4122997,AMSTEL,source_code,high
MEASUREMENT_CATEGORICAL//12521//6,,,False,,,,,,,,unmapped
MEASUREMENT_CATEGORICAL//12664//2,,,False,,,,,,,,unmapped
MEASUREMENT_CATEGORICAL//13117//2,OMOP//OMOP_CONCEPT//4199899,,True,,OMOP_CONCEPT,4199899,,Closure of ventricular septal defect,AMSTEL,itemid_valueid,high
MEASUREMENT_CATEGORICAL//14426//39,LOINC//3021707,,True,,LOINC,3021707,,3021707,AMSTEL,source_code,high
MEASUREMENT_CATEGORICAL//16057//14,OMOP//OMOP_CONCEPT//4081767,,True,,OMOP_CONCEPT,4081767,,Chyle,AMSTEL,itemid_valueid,high
MEASUREMENT_CATEGORICAL//16102//2,SNOMED//321042,,True,,SNOMED,321042,,321042,AMSTEL,source_code,high
MEASUREMENT_CATEGORICAL//16259//3,,,False,,,,,,,,unmapped
MEASUREMENT_CATEGORICAL//16260//3,,,False,,,,,,,,unmapped
MEASUREMENT_CATEGORICAL//16273//1,,,False,,,,,,,,unmapped
MEASUREMENT_CATEGORICAL//16275//2,,,False,,,,,,,,unmapped
MEASUREMENT_CATEGORICAL//16277//17,,,False,,,,,,,,unmapped
MEASUREMENT_CATEGORICAL//16284//3,,,False,,,,,,,,unmapped
MEASUREMENT_CATEGORICAL//16288//17,,,False,,,,,,,,unmapped
MEASUREMENT_CATEGORICAL//16656//6,OMOP//OMOP_CONCEPT//602985,,True,,OMOP_CONCEPT,602985,,Intoxication,AMSTEL,itemid_valueid,high
MEASUREMENT_CATEGORICAL//16669//8,,,False,,,,,,,,unmapped
MEASUREMENT_CATEGORICAL//16998//5,OMOP//OMOP_CONCEPT//315296,,True,,OMOP_CONCEPT,315296,,Preinfarction syndrome,AMSTEL,itemid_valueid,high
MEASUREMENT_CATEGORICAL//17000//9,OMOP//OMOP_CONCEPT//194406,,True,,OMOP_CONCEPT,194406,,Urinary tract obstruction,AMSTEL,itemid_valueid,high
MEASUREMENT_CATEGORICAL//17001//11,OMOP//OMOP_CONCEPT//4038838,,True,,OMOP_CONCEPT,4038838,,Non-Hodgkin's lymphoma (clinical),AMSTEL,itemid_valueid,high
MEASUREMENT_CATEGORICAL//17002//10,OMOP//OMOP_CONCEPT//435371,,True,,OMOP_CONCEPT,435371,,Hypothermia,AMSTEL,itemid_valueid,high
MEASUREMENT_CATEGORICAL//17004//7,OMOP//OMOP_CONCEPT//372887,,True,,OMOP_CONCEPT,372887,,Disorder of brain,AMSTEL,itemid_valueid,high
MEASUREMENT_CATEGORICAL//17008//40,OMOP//OMOP_CONCEPT//3654996,,True,,OMOP_CONCEPT,3654996,,Peripheral arterial disease,AMSTEL,itemid_valueid,high
MEASUREMENT_CATEGORICAL//17008//56,OMOP//OMOP_CONCEPT//3654996,,True,,OMOP_CONCEPT,3654996,,Peripheral arterial disease,AMSTEL,itemid_valueid,high
MEASUREMENT_CATEGORICAL//17012//2,OMOP//OMOP_CONCEPT//31821,,True,,OMOP_CONCEPT,31821,,Disorder of endocrine system,AMSTEL,itemid_valueid,high
MEASUREMENT_CATEGORICAL//17015//11,OMOP//OMOP_CONCEPT//4119939,,True,,OMOP_CONCEPT,4119939,,Bronchopleural fistula,AMSTEL,itemid_valueid,high
MEASUREMENT_CATEGORICAL//17019//48,OMOP//OMOP_CONCEPT//317585,,True,,OMOP_CONCEPT,317585,,Aortic aneurysm,AMSTEL,itemid_valueid,high
MEASUREMENT_CATEGORICAL//17025//41,OMOP//OMOP_CONCEPT//435785,,True,,OMOP_CONCEPT,435785,,Meningitis,AMSTEL,itemid_valueid,high
MEASUREMENT_CATEGORICAL//17029//123,OMOP//OMOP_CONCEPT//4148948,,True,,OMOP_CONCEPT,4148948,,Vascular surgery procedure,AMSTEL,itemid_valueid,high
MEASUREMENT_CATEGORICAL//17030//46,OMOP//OMOP_CONCEPT//200447,,True,,OMOP_CONCEPT,200447,,Gastrointestinal complication,AMSTEL,itemid_valueid,high
MEASUREMENT_CATEGORICAL//17030//53,OMOP//OMOP_CONCEPT//4202064,,True,,OMOP_CONCEPT,4202064,,Gastrointestinal perforation,AMSTEL,itemid_valueid,high
MEASUREMENT_CATEGORICAL//18588//3,,,False,,,,,,,,unmapped
MEASUREMENT_CATEGORICAL//18598//1,OMOP//OMOP_CONCEPT//4044013,,True,,OMOP_CONCEPT,4044013,,Hematologic neoplasm,AMSTEL,itemid_valueid,high
MEASUREMENT_CATEGORICAL//18604//13,OMOP//OMOP_CONCEPT//4096313,,True,,OMOP_CONCEPT,4096313,,Multiple injuries,AMSTEL,itemid_valueid,high
MEASUREMENT_CATEGORICAL//18604//15,OMOP//OMOP_CONCEPT//317585,,True,,OMOP_CONCEPT,317585,,Aortic aneurysm,AMSTEL,itemid_valueid,high
MEASUREMENT_CATEGORICAL//18670//111,OMOP//OMOP_CONCEPT//317109,,True,,OMOP_CONCEPT,317109,,Respiratory arrest,AMSTEL,itemid_valueid,high
MEASUREMENT_CATEGORICAL//18670//85,OMOP//OMOP_CONCEPT//4096313,,True,,OMOP_CONCEPT,4096313,,Multiple injuries,AMSTEL,itemid_valueid,high
MEASUREMENT_CATEGORICAL//18670//87,OMOP//OMOP_CONCEPT//317585,,True,,OMOP_CONCEPT,317585,,Aortic aneurysm,AMSTEL,itemid_valueid,high
MEASUREMENT_CATEGORICAL//18671//134,OMOP//OMOP_CONCEPT//44812002,,True,,OMOP_CONCEPT,44812002,,Neuromuscular disorder,AMSTEL,itemid_valueid,high
MEASUREMENT_CATEGORICAL//18671//202,OMOP//OMOP_CONCEPT//4096313,,True,,OMOP_CONCEPT,4096313,,Multiple injuries,AMSTEL,itemid_valueid,high
MEASUREMENT_CATEGORICAL//18671//347,OMOP//OMOP_CONCEPT//31821,,True,,OMOP_CONCEPT,31821,,Disorder of endocrine system,AMSTEL,itemid_valueid,high
MEASUREMENT_CATEGORICAL//18671//356,OMOP//OMOP_CONCEPT//4177851,,True,,OMOP_CONCEPT,4177851,,Disorder of hip joint,AMSTEL,itemid_valueid,high
MEASUREMENT_CATEGORICAL//18671//437,OMOP//OMOP_CONCEPT//375415,,True,,OMOP_CONCEPT,375415,,Injury of head,AMSTEL,itemid_valueid,high
MEASUREMENT_CATEGORICAL//18673//582,OMOP//OMOP_CONCEPT//44784481,,True,,OMOP_CONCEPT,44784481,,Postoperative meningitis,AMSTEL,itemid_valueid,high
MEASUREMENT_CATEGORICAL//18673//606,OMOP//OMOP_CONCEPT//254061,,True,,OMOP_CONCEPT,254061,,Pleural effusion,AMSTEL,itemid_valueid,high
MEASUREMENT_CATEGORICAL//18673//613,OMOP//OMOP_CONCEPT//4286507,,True,,OMOP_CONCEPT,4286507,,Upper respiratory tract obstruction,AMSTEL,itemid_valueid,high
MEASUREMENT_CATEGORICAL//18673//754,OMOP//OMOP_CONCEPT//4129389,,True,,OMOP_CONCEPT,4129389,,Gastrointestinal obstruction,AMSTEL,itemid_valueid,high
MEASUREMENT_CATEGORICAL//19233//2,,,False,,,,,,,,unmapped
MEASUREMENT_CATEGORICAL//19833//6,,,False,,,,,,,,unmapped
MEASUREMENT_CATEGORICAL//8896//9,OMOP//OMOP_CONCEPT//4088601,,True,,OMOP_CONCEPT,4088601,,Dirty sputum,AMSTEL,itemid_valueid,high
MEASUREMENT_CATEGORICAL//10472//10,OMOP//OMOP_CONCEPT//32037,,True,,OMOP_CONCEPT,32037,,Intensive Care,AMSTEL,itemid_valueid,high
MEASUREMENT_CATEGORICAL//10472//5,SNOMED//44810687,,True,,SNOMED,44810687,,44810687,AMSTEL,source_code,high
MEASUREMENT_CATEGORICAL//12108//2,LOINC//36203284,,True,,LOINC,36203284,,36203284,AMSTEL,source_code,high
MEASUREMENT_CATEGORICAL//12110//13,LOINC//36203284,,True,,LOINC,36203284,,36203284,AMSTEL,source_code,high
MEASUREMENT_CATEGORICAL//12111//11,LOINC//36203284,,True,,LOINC,36203284,,36203284,AMSTEL,source_code,high
MEASUREMENT_CATEGORICAL//12111//20,LOINC//36203284,,True,,LOINC,36203284,,36203284,AMSTEL,source_code,high
MEASUREMENT_CATEGORICAL//12114//2,,,False,,,,,,,,unmapped
MEASUREMENT_CATEGORICAL//12129//8,LOINC//3046359,,True,,LOINC,3046359,,3046359,AMSTEL,source_code,high
MEASUREMENT_CATEGORICAL//13122//2,OMOP//OMOP_CONCEPT//201254,,True,,OMOP_CONCEPT,201254,,Type 1 diabetes mellitus,AMSTEL,itemid_valueid,high
MEASUREMENT_CATEGORICAL//14171//10,,,False,,,,,,,,unmapped
MEASUREMENT_CATEGORICAL//14565//80,,,False,,,,,,,,unmapped
MEASUREMENT_CATEGORICAL//16237//9,,,False,,,,,,,,unmapped
MEASUREMENT_CATEGORICAL//16252//5,LOINC//46235663,,True,,LOINC,46235663,,46235663,AMSTEL,source_code,high
MEASUREMENT_CATEGORICAL//16253//3,,,False,,,,,,,,unmapped
MEASUREMENT_CATEGORICAL//16255//3,,,False,,,,,,,,unmapped
MEASUREMENT_CATEGORICAL//16256//3,,,False,,,,,,,,unmapped
MEASUREMENT_CATEGORICAL//16262//2,,,False,,,,,,,,unmapped
MEASUREMENT_CATEGORICAL//16274//1,,,False,,,,,,,,unmapped
MEASUREMENT_CATEGORICAL//16274//3,,,False,,,,,,,,unmapped
MEASUREMENT_CATEGORICAL//16281//39,,,False,,,,,,,,unmapped
MEASUREMENT_CATEGORICAL//16281//40,,,False,,,,,,,,unmapped
MEASUREMENT_CATEGORICAL//16281//41,,,False,,,,,,,,unmapped
MEASUREMENT_CATEGORICAL//16287//15,,,False,,,,,,,,unmapped
MEASUREMENT_CATEGORICAL//16685//3,LOINC//46237002,,True,,LOINC,46237002,,46237002,AMSTEL,source_code,high
MEASUREMENT_CATEGORICAL//16999//11,OMOP//OMOP_CONCEPT//195856,,True,,OMOP_CONCEPT,195856,,Cholangitis,AMSTEL,itemid_valueid,high
MEASUREMENT_CATEGORICAL//17015//5,OMOP//OMOP_CONCEPT//4298484,,True,,OMOP_CONCEPT,4298484,,Operation on oral cavity,AMSTEL,itemid_valueid,high
MEASUREMENT_CATEGORICAL//17017//13,OMOP//OMOP_CONCEPT//4094683,,True,,OMOP_CONCEPT,4094683,,Chest injury,AMSTEL,itemid_valueid,high
MEASUREMENT_CATEGORICAL//17017//17,OMOP//OMOP_CONCEPT//4301351,,True,,OMOP_CONCEPT,4301351,,Surgical procedure,AMSTEL,itemid_valueid,high
MEASUREMENT_CATEGORICAL//17017//2,OMOP//OMOP_CONCEPT//133468,,True,,OMOP_CONCEPT,133468,,Disorder of limb,AMSTEL,itemid_valueid,high
MEASUREMENT_CATEGORICAL//17020//41,OMOP//OMOP_CONCEPT//4202064,,True,,OMOP_CONCEPT,4202064,,Gastrointestinal perforation,AMSTEL,itemid_valueid,high
MEASUREMENT_CATEGORICAL//17023//18,OMOP//OMOP_CONCEPT//443727,,True,,OMOP_CONCEPT,443727,,Diabetic ketoacidosis,AMSTEL,itemid_valueid,high
MEASUREMENT_CATEGORICAL//17026//29,OMOP//OMOP_CONCEPT//4195694,,True,,OMOP_CONCEPT,4195694,,Acute respiratory distress syndrome,AMSTEL,itemid_valueid,high
MEASUREMENT_CATEGORICAL//17026//34,OMOP//OMOP_CONCEPT//258369,,True,,OMOP_CONCEPT,258369,,Primary malignant neoplasm of lung,AMSTEL,itemid_valueid,high
MEASUREMENT_CATEGORICAL//17026//43,OMOP//OMOP_CONCEPT//4089218,,True,,OMOP_CONCEPT,4089218,,Partially obstructed airway,AMSTEL,itemid_valueid,high
MEASUREMENT_CATEGORICAL//18670//100,OMOP//OMOP_CONCEPT//443727,,True,,OMOP_CONCEPT,443727,,Diabetic ketoacidosis,AMSTEL,itemid_valueid,high
MEASUREMENT_CATEGORICAL//18670//59,OMOP//OMOP_CONCEPT//4096313,,True,,OMOP_CONCEPT,4096313,,Multiple injuries,AMSTEL,itemid_valueid,high
MEASUREMENT_CATEGORICAL//18671//113,OMOP//OMOP_CONCEPT//4244662,,True,,OMOP_CONCEPT,4244662,,Disorder of musculoskeletal system,AMSTEL,itemid_valueid,high
MEASUREMENT_CATEGORICAL//18671//144,OMOP//OMOP_CONCEPT//4046364,,True,,OMOP_CONCEPT,4046364,,Subarachnoid hemorrhage due to ruptured arteriovenous malformation,AMSTEL,itemid_valueid,high
MEASUREMENT_CATEGORICAL//18671//200,OMOP//OMOP_CONCEPT//133468,,True,,OMOP_CONCEPT,133468,,Disorder of limb,AMSTEL,itemid_valueid,high
MEASUREMENT_CATEGORICAL//18671//270,OMOP//OMOP_CONCEPT//132797,,True,,OMOP_CONCEPT,132797,,Sepsis,AMSTEL,itemid_valueid,high
MEASUREMENT_CATEGORICAL//18671//306,OMOP//OMOP_CONCEPT//4224004,,True,,OMOP_CONCEPT,4224004,,Hiatal hernia,AMSTEL,itemid_valueid,high
MEASUREMENT_CATEGORICAL//18673//454,OMOP//OMOP_CONCEPT//320739,,True,,OMOP_CONCEPT,320739,,Dissection of aorta,AMSTEL,itemid_valueid,high
MEASUREMENT_CATEGORICAL//18673//515,OMOP//OMOP_CONCEPT//4202064,,True,,OMOP_CONCEPT,4202064,,Gastrointestinal perforation,AMSTEL,itemid_valueid,high
MEASUREMENT_CATEGORICAL//18673//544,OMOP//OMOP_CONCEPT//432881,,True,,OMOP_CONCEPT,432881,,Pancytopenia,AMSTEL,itemid_valueid,high
MEASUREMENT_CATEGORICAL//18673//550,OMOP//OMOP_CONCEPT//443727,,True,,OMOP_CONCEPT,443727,,Diabetic ketoacidosis,AMSTEL,itemid_valueid,high
MEASUREMENT_CATEGORICAL//18673//599,OMOP//OMOP_CONCEPT//4195694,,True,,OMOP_CONCEPT,4195694,,Acute respiratory distress syndrome,AMSTEL,itemid_valueid,high
MEASUREMENT_CATEGORICAL//18673//649,OMOP//OMOP_CONCEPT//4094683,,True,,OMOP_CONCEPT,4094683,,Chest injury,AMSTEL,itemid_valueid,high
MEASUREMENT_CATEGORICAL//18673//755,OMOP//OMOP_CONCEPT//4202064,,True,,OMOP_CONCEPT,4202064,,Gastrointestinal perforation,AMSTEL,itemid_valueid,high
MEASUREMENT_CATEGORICAL//18673//825,OMOP//OMOP_CONCEPT//4019540,,True,,OMOP_CONCEPT,4019540,,Evacuation of intracerebral hematoma,AMSTEL,itemid_valueid,high
MEASUREMENT_CATEGORICAL//19913//1,SNOMED//4076975,,False,,SNOMED,4076975,,4076975,AMSTEL,source_code,high
MEASUREMENT_CATEGORICAL//20011//1,,,False,,,,,,,,unmapped
MEASUREMENT_CATEGORICAL//20961//4,,,False,,,,,,,,unmapped
MEASUREMENT_CATEGORICAL//21233//5,,,False,,,,,,,,unmapped
MEASUREMENT_CATEGORICAL//8730//14,OMOP//OMOP_CONCEPT//4261981,,True,,OMOP_CONCEPT,4261981,,Brain ventricle structure,AMSTEL,itemid_valueid,high
MEASUREMENT_CATEGORICAL//10464//8,,,False,,,,,,,,unmapped
MEASUREMENT_CATEGORICAL//10468//14,SNOMED//4087925,,True,,SNOMED,4087925,,4087925,AMSTEL,source_code,high
MEASUREMENT_CATEGORICAL//10472//8,OMOP//OMOP_CONCEPT//32037,,True,,OMOP_CONCEPT,32037,,Intensive Care,AMSTEL,itemid_valueid,high
MEASUREMENT_CATEGORICAL//12096//2,,,False,,,,,,,,unmapped
MEASUREMENT_CATEGORICAL//12501//2,LOINC//3004779,,True,,LOINC,3004779,,3004779,AMSTEL,source_code,high
MEASUREMENT_CATEGORICAL//12512//2,OMOP//OMOP_CONCEPT//45884084,,True,,OMOP_CONCEPT,45884084,,Positive,AMSTEL,itemid_valueid,high
MEASUREMENT_CATEGORICAL//12522//5,,,False,,,,,,,,unmapped
MEASUREMENT_CATEGORICAL//14143//8,,,False,,,,,,,,unmapped
MEASUREMENT_CATEGORICAL//14169//4,SNOMED//4090784,,True,,SNOMED,4090784,,4090784,AMSTEL,source_code,high
MEASUREMENT_CATEGORICAL//16058//19,OMOP//OMOP_CONCEPT//4116701,,True,,OMOP_CONCEPT,4116701,,Hemorrhagic,AMSTEL,itemid_valueid,high
MEASUREMENT_CATEGORICAL//16252//2,LOINC//46235663,,True,,LOINC,46235663,,46235663,AMSTEL,source_code,high
MEASUREMENT_CATEGORICAL//16271//1,,,False,,,,,,,,unmapped
MEASUREMENT_CATEGORICAL//16273//3,,,False,,,,,,,,unmapped
MEASUREMENT_CATEGORICAL//16278//21,,,False,,,,,,,,unmapped
MEASUREMENT_CATEGORICAL//16283//49,,,False,,,,,,,,unmapped
MEASUREMENT_CATEGORICAL//16284//2,,,False,,,,,,,,unmapped
MEASUREMENT_CATEGORICAL//16285//3,,,False,,,,,,,,unmapped
MEASUREMENT_CATEGORICAL//16286//10,,,False,,,,,,,,unmapped
MEASUREMENT_CATEGORICAL//16286//7,,,False,,,,,,,,unmapped
MEASUREMENT_CATEGORICAL//16288//18,,,False,,,,,,,,unmapped
MEASUREMENT_CATEGORICAL//16411//6,,,False,,,,,,,,unmapped
MEASUREMENT_CATEGORICAL//16661//19,OMOP//OMOP_CONCEPT//4120104,,True,,OMOP_CONCEPT,4120104,,Ruptured cerebral aneurysm,AMSTEL,itemid_valueid,high
MEASUREMENT_CATEGORICAL//16663//12,OMOP//OMOP_CONCEPT//4197485,,True,,OMOP_CONCEPT,4197485,,Epileptic seizure,AMSTEL,itemid_valueid,high
MEASUREMENT_CATEGORICAL//16665//15,,,False,,,,,,,,unmapped
MEASUREMENT_CATEGORICAL//17004//17,OMOP//OMOP_CONCEPT//44812002,,True,,OMOP_CONCEPT,44812002,,Neuromuscular disorder,AMSTEL,itemid_valueid,high
MEASUREMENT_CATEGORICAL//17004//28,OMOP//OMOP_CONCEPT//4046365,,True,,OMOP_CONCEPT,4046365,,Subarachnoid hemorrhage due to ruptured aneurysm,AMSTEL,itemid_valueid,high
MEASUREMENT_CATEGORICAL//17004//5,OMOP//OMOP_CONCEPT//37165425,,True,,OMOP_CONCEPT,37165425,,Substance withdrawal,AMSTEL,itemid_valueid,high
MEASUREMENT_CATEGORICAL//17007//18,OMOP//OMOP_CONCEPT//4096313,,True,,OMOP_CONCEPT,4096313,,Multiple injuries,AMSTEL,itemid_valueid,high
MEASUREMENT_CATEGORICAL//17008//50,OMOP//OMOP_CONCEPT//132797,,True,,OMOP_CONCEPT,132797,,Sepsis,AMSTEL,itemid_valueid,high
MEASUREMENT_CATEGORICAL//17009//2,OMOP//OMOP_CONCEPT//4314251,,True,,OMOP_CONCEPT,4314251,,Laparotomy,AMSTEL,itemid_valueid,high
MEASUREMENT_CATEGORICAL//17013//6,OMOP//OMOP_CONCEPT//4042501,,True,,OMOP_CONCEPT,4042501,,Disorder of hip,AMSTEL,itemid_valueid,high
MEASUREMENT_CATEGORICAL//17014//11,OMOP//OMOP_CONCEPT//4300064,,True,,OMOP_CONCEPT,4300064,,Dorsolumbar spinal fusion with Harrington rod,AMSTEL,itemid_valueid,high
MEASUREMENT_CATEGORICAL//17019//70,OMOP//OMOP_CONCEPT//438447,,True,,OMOP_CONCEPT,438447,,Acute myocardial infarction of inferolateral wall,AMSTEL,itemid_valueid,high
MEASUREMENT_CATEGORICAL//17019//85,OMOP//OMOP_CONCEPT//132797,,True,,OMOP_CONCEPT,132797,,Sepsis,AMSTEL,itemid_valueid,high
MEASUREMENT_CATEGORICAL//17022//27,OMOP//OMOP_CONCEPT//432881,,True,,OMOP_CONCEPT,432881,,Pancytopenia,AMSTEL,itemid_valueid,high
MEASUREMENT_CATEGORICAL//17025//50,OMOP//OMOP_CONCEPT//602985,,True,,OMOP_CONCEPT,602985,,Intoxication,AMSTEL,itemid_valueid,high
MEASUREMENT_CATEGORICAL//17035//40,OMOP//OMOP_CONCEPT//4019540,,True,,OMOP_CONCEPT,4019540,,Evacuation of intracerebral hematoma,AMSTEL,itemid_valueid,high
MEASUREMENT_CATEGORICAL//17036//28,OMOP//OMOP_CONCEPT//320136,,True,,OMOP_CONCEPT,320136,,Disorder of respiratory system,AMSTEL,itemid_valueid,high
MEASUREMENT_CATEGORICAL//18610//14,OMOP//OMOP_CONCEPT//4317285,,True,,OMOP_CONCEPT,4317285,,Non-cardiogenic pulmonary edema,AMSTEL,itemid_valueid,high
MEASUREMENT_CATEGORICAL//18611//7,OMOP//OMOP_CONCEPT//192671,,True,,OMOP_CONCEPT,192671,,Gastrointestinal hemorrhage,AMSTEL,itemid_valueid,high
MEASUREMENT_CATEGORICAL//18612//10,OMOP//OMOP_CONCEPT//4012185,,True,,OMOP_CONCEPT,4012185,,Cardiovascular surgical procedure,AMSTEL,itemid_valueid,high
MEASUREMENT_CATEGORICAL//18616//5,OMOP//OMOP_CONCEPT//4022014,,True,,OMOP_CONCEPT,4022014,,Radical nephrectomy,AMSTEL,itemid_valueid,high
MEASUREMENT_CATEGORICAL//18670//108,OMOP//OMOP_CONCEPT//252280,,True,,OMOP_CONCEPT,252280,,Neoplasm of respiratory tract,AMSTEL,itemid_valueid,high
MEASUREMENT_CATEGORICAL//18670//110,OMOP//OMOP_CONCEPT//4317285,,True,,OMOP_CONCEPT,4317285,,Non-cardiogenic pulmonary edema,AMSTEL,itemid_valueid,high
MEASUREMENT_CATEGORICAL//18670//68,OMOP//OMOP_CONCEPT//192671,,True,,OMOP_CONCEPT,192671,,Gastrointestinal hemorrhage,AMSTEL,itemid_valueid,high
MEASUREMENT_CATEGORICAL//18670//72,OMOP//OMOP_CONCEPT//198985,,True,,OMOP_CONCEPT,198985,,Primary malignant neoplasm of kidney,AMSTEL,itemid_valueid,high
MEASUREMENT_CATEGORICAL//18671//122,OMOP//OMOP_CONCEPT//37165425,,True,,OMOP_CONCEPT,37165425,,Substance withdrawal,AMSTEL,itemid_valueid,high
MEASUREMENT_CATEGORICAL//18671//19,OMOP//OMOP_CONCEPT//4299449,,True,,OMOP_CONCEPT,4299449,,Hematoma,AMSTEL,itemid_valueid,high
MEASUREMENT_CATEGORICAL//18671//244,OMOP//OMOP_CONCEPT//4012185,,True,,OMOP_CONCEPT,4012185,,Cardiovascular surgical procedure,AMSTEL,itemid_valueid,high
MEASUREMENT_CATEGORICAL//18671//366,OMOP//OMOP_CONCEPT//376337,,True,,OMOP_CONCEPT,376337,,Disorder of nervous system,AMSTEL,itemid_valueid,high
MEASUREMENT_CATEGORICAL//18671//370,OMOP//OMOP_CONCEPT//4134171,,True,,OMOP_CONCEPT,4134171,,Dislocation of joint of spine,AMSTEL,itemid_valueid,high
MEASUREMENT_CATEGORICAL//18671//87,OMOP//OMOP_CONCEPT//134603,,True,,OMOP_CONCEPT,134603,,Chronic myeloid leukemia,AMSTEL,itemid_valueid,high
MEASUREMENT_CATEGORICAL//18673//459,OMOP//OMOP_CONCEPT//321319,,True,,OMOP_CONCEPT,321319,,Cardiomyopathy,AMSTEL,itemid_valueid,high
MEASUREMENT_CATEGORICAL//18673//476,OMOP//OMOP_CONCEPT//438447,,True,,OMOP_CONCEPT,438447,,Acute myocardial infarction of inferolateral wall,AMSTEL,itemid_valueid,high
MEASUREMENT_CATEGORICAL//18673//491,OMOP//OMOP_CONCEPT//132797,,True,,OMOP_CONCEPT,132797,,Sepsis,AMSTEL,itemid_valueid,high
MEASUREMENT_CATEGORICAL//18673//513,OMOP//OMOP_CONCEPT//4000610,,True,,OMOP_CONCEPT,4000610,,Disorder of gastrointestinal tract,AMSTEL,itemid_valueid,high
MEASUREMENT_CATEGORICAL//18673//619,OMOP//OMOP_CONCEPT//261326,,True,,OMOP_CONCEPT,261326,,Viral pneumonia,AMSTEL,itemid_valueid,high
MEASUREMENT_CATEGORICAL//18673//682,OMOP//OMOP_CONCEPT//314054,,True,,OMOP_CONCEPT,314054,,Aortic valve disorder,AMSTEL,itemid_valueid,high
MEASUREMENT_CATEGORICAL//18673//691,OMOP//OMOP_CONCEPT//317576,,True,,OMOP_CONCEPT,317576,,Coronary arteriosclerosis,AMSTEL,itemid_valueid,high
MEASUREMENT_CATEGORICAL//18673//757,OMOP//OMOP_CONCEPT//192673,,True,,OMOP_CONCEPT,192673,,Vascular insufficiency of intestine,AMSTEL,itemid_valueid,high
MEASUREMENT_CATEGORICAL//18673//846,OMOP//OMOP_CONCEPT//320136,,True,,OMOP_CONCEPT,320136,,Disorder of respiratory system,AMSTEL,itemid_valueid,high
MEASUREMENT_CATEGORICAL//19844//14,,,False,,,,,,,,unmapped
MEASUREMENT_CATEGORICAL//19995//9,,,False,,,,,,,,unmapped
MEASUREMENT_CATEGORICAL//20011//7,,,False,,,,,,,,unmapped
MEASUREMENT_CATEGORICAL//7969//10,,,False,,,,,,,,unmapped
MEASUREMENT_CATEGORICAL//8732//13,SNOMED//4085985,,False,,SNOMED,4085985,,4085985,AMSTEL,source_code,high
MEASUREMENT_CATEGORICAL//8733//5,SNOMED//4085985,,False,,SNOMED,4085985,,4085985,AMSTEL,source_code,high
MEASUREMENT_CATEGORICAL//12110//21,LOINC//36203284,,True,,LOINC,36203284,,36203284,AMSTEL,source_code,high
MEASUREMENT_CATEGORICAL//12111//19,LOINC//36203284,,True,,LOINC,36203284,,36203284,AMSTEL,source_code,high
MEASUREMENT_CATEGORICAL//12627//7,LOINC//36305611,,True,,LOINC,36305611,,36305611,AMSTEL,source_code,high
MEASUREMENT_CATEGORICAL//14171//1,,,False,,,,,,,,unmapped
MEASUREMENT_CATEGORICAL//14171//3,,,False,,,,,,,,unmapped
MEASUREMENT_CATEGORICAL//14426//30,LOINC//3021707,,True,,LOINC,3021707,,3021707,AMSTEL,source_code,high
MEASUREMENT_CATEGORICAL//14483//2,,,False,,,,,,,,unmapped
MEASUREMENT_CATEGORICAL//16102//9,SNOMED//321042,,True,,SNOMED,321042,,321042,AMSTEL,source_code,high
MEASUREMENT_CATEGORICAL//16200//1,LOINC//46235663,,True,,LOINC,46235663,,46235663,AMSTEL,source_code,high
MEASUREMENT_CATEGORICAL//16237//10,,,False,,,,,,,,unmapped
MEASUREMENT_CATEGORICAL//16262//1,,,False,,,,,,,,unmapped
MEASUREMENT_CATEGORICAL//16283//51,,,False,,,,,,,,unmapped
MEASUREMENT_CATEGORICAL//16284//1,,,False,,,,,,,,unmapped
MEASUREMENT_CATEGORICAL//16288//20,,,False,,,,,,,,unmapped
MEASUREMENT_CATEGORICAL//16642//12,OMOP//OMOP_CONCEPT//4301351,,True,,OMOP_CONCEPT,4301351,,Surgical procedure,AMSTEL,itemid_valueid,high
MEASUREMENT_CATEGORICAL//16643//16,OMOP//OMOP_CONCEPT//4241033,,True,,OMOP_CONCEPT,4241033,,Acute abdomen,AMSTEL,itemid_valueid,high
MEASUREMENT_CATEGORICAL//16646//8,OMOP//OMOP_CONCEPT//4010109,,True,,OMOP_CONCEPT,4010109,,Operation on joint,AMSTEL,itemid_valueid,high
MEASUREMENT_CATEGORICAL//16648//23,OMOP//OMOP_CONCEPT//4095850,,True,,OMOP_CONCEPT,4095850,,Spinal injury,AMSTEL,itemid_valueid,high
MEASUREMENT_CATEGORICAL//16656//8,OMOP//OMOP_CONCEPT//4132090,,True,,OMOP_CONCEPT,4132090,,Acute metabolic disorder,AMSTEL,itemid_valueid,high
MEASUREMENT_CATEGORICAL//16669//6,,,False,,,,,,,,unmapped
MEASUREMENT_CATEGORICAL//16685//4,LOINC//46237002,,True,,LOINC,46237002,,46237002,AMSTEL,source_code,high
MEASUREMENT_CATEGORICAL//16998//15,OMOP//OMOP_CONCEPT//4300243,,True,,OMOP_CONCEPT,4300243,,Postoperative complication,AMSTEL,itemid_valueid,high
MEASUREMENT_CATEGORICAL//17003//7,OMOP//OMOP_CONCEPT//4244662,,True,,OMOP_CONCEPT,4244662,,Disorder of musculoskeletal system,AMSTEL,itemid_valueid,high
MEASUREMENT_CATEGORICAL//17005//27,OMOP//OMOP_CONCEPT//4031380,,True,,OMOP_CONCEPT,4031380,,Dysfunctional ventilatory weaning response,AMSTEL,itemid_valueid,high
MEASUREMENT_CATEGORICAL//17008//63,OMOP//OMOP_CONCEPT//4199899,,True,,OMOP_CONCEPT,4199899,,Closure of ventricular septal defect,AMSTEL,itemid_valueid,high
MEASUREMENT_CATEGORICAL//17009//12,OMOP//OMOP_CONCEPT//195856,,True,,OMOP_CONCEPT,195856,,Cholangitis,AMSTEL,itemid_valueid,high
MEASUREMENT_CATEGORICAL//17010//2,OMOP//OMOP_CONCEPT//37167887,,True,,OMOP_CONCEPT,37167887,,Maternal disorder during pregnancy,AMSTEL,itemid_valueid,high
MEASUREMENT_CATEGORICAL//17012//4,OMOP//OMOP_CONCEPT//141253,,True,,OMOP_CONCEPT,141253,,Disorder of thyroid gland,AMSTEL,itemid_valueid,high
MEASUREMENT_CATEGORICAL//17015//4,OMOP//OMOP_CONCEPT//4050961,,True,,OMOP_CONCEPT,4050961,,Giant bullous emphysema,AMSTEL,itemid_valueid,high
MEASUREMENT_CATEGORICAL//17017//21,OMOP//OMOP_CONCEPT//375415,,True,,OMOP_CONCEPT,375415,,Injury of head,AMSTEL,itemid_valueid,high
MEASUREMENT_CATEGORICAL//17017//35,OMOP//OMOP_CONCEPT//4095850,,True,,OMOP_CONCEPT,4095850,,Spinal injury,AMSTEL,itemid_valueid,high
MEASUREMENT_CATEGORICAL//17019//53,OMOP//OMOP_CONCEPT//321319,,True,,OMOP_CONCEPT,321319,,Cardiomyopathy,AMSTEL,itemid_valueid,high
MEASUREMENT_CATEGORICAL//17020//39,OMOP//OMOP_CONCEPT//4000610,,True,,OMOP_CONCEPT,4000610,,Disorder of gastrointestinal tract,AMSTEL,itemid_valueid,high
MEASUREMENT_CATEGORICAL//17022//20,OMOP//OMOP_CONCEPT//140352,,True,,OMOP_CONCEPT,140352,,"Acute myeloid leukemia, disease",AMSTEL,itemid_valueid,high
MEASUREMENT_CATEGORICAL//17026//49,OMOP//OMOP_CONCEPT//261326,,True,,OMOP_CONCEPT,261326,,Viral pneumonia,AMSTEL,itemid_valueid,high
MEASUREMENT_CATEGORICAL//17028//49,OMOP//OMOP_CONCEPT//4094683,,True,,OMOP_CONCEPT,4094683,,Chest injury,AMSTEL,itemid_valueid,high
MEASUREMENT_CATEGORICAL//17029//82,OMOP//OMOP_CONCEPT//317576,,True,,OMOP_CONCEPT,317576,,Coronary arteriosclerosis,AMSTEL,itemid_valueid,high
MEASUREMENT_CATEGORICAL//17030//52,OMOP//OMOP_CONCEPT//4129389,,True,,OMOP_CONCEPT,4129389,,Gastrointestinal obstruction,AMSTEL,itemid_valueid,high
MEASUREMENT_CATEGORICAL//17030//55,OMOP//OMOP_CONCEPT//201894,,True,,OMOP_CONCEPT,201894,,Acute vascular insufficiency of intestine,AMSTEL,itemid_valueid,high
MEASUREMENT_CATEGORICAL//18610//12,OMOP//OMOP_CONCEPT//252280,,True,,OMOP_CONCEPT,252280,,Neoplasm of respiratory tract,AMSTEL,itemid_valueid,high
MEASUREMENT_CATEGORICAL//18670//74,OMOP//OMOP_CONCEPT//4194964,,True,,OMOP_CONCEPT,4194964,,Operation on endocrine system,AMSTEL,itemid_valueid,high
MEASUREMENT_CATEGORICAL//18671//209,OMOP//OMOP_CONCEPT//375415,,True,,OMOP_CONCEPT,375415,,Injury of head,AMSTEL,itemid_valueid,high
MEASUREMENT_CATEGORICAL//18671//259,OMOP//OMOP_CONCEPT//3654996,,True,,OMOP_CONCEPT,3654996,,Peripheral arterial disease,AMSTEL,itemid_valueid,high
MEASUREMENT_CATEGORICAL//18671//286,OMOP//OMOP_CONCEPT//192671,,True,,OMOP_CONCEPT,192671,,Gastrointestinal hemorrhage,AMSTEL,itemid_valueid,high
MEASUREMENT_CATEGORICAL//18671//318,OMOP//OMOP_CONCEPT//37167887,,True,,OMOP_CONCEPT,37167887,,Maternal disorder during pregnancy,AMSTEL,itemid_valueid,high
MEASUREMENT_CATEGORICAL//18671//349,OMOP//OMOP_CONCEPT//141253,,True,,OMOP_CONCEPT,141253,,Disorder of thyroid gland,AMSTEL,itemid_valueid,high
MEASUREMENT_CATEGORICAL//18671//364,OMOP//OMOP_CONCEPT//4176148,,True,,OMOP_CONCEPT,4176148,,Extradural intracranial hematoma,AMSTEL,itemid_valueid,high
MEASUREMENT_CATEGORICAL//18673//537,OMOP//OMOP_CONCEPT//140352,,True,,OMOP_CONCEPT,140352,,"Acute myeloid leukemia, disease",AMSTEL,itemid_valueid,high
MEASUREMENT_CATEGORICAL//18673//542,OMOP//OMOP_CONCEPT//4038838,,True,,OMOP_CONCEPT,4038838,,Non-Hodgkin's lymphoma (clinical),AMSTEL,itemid_valueid,high
MEASUREMENT_CATEGORICAL//18673//591,OMOP//OMOP_CONCEPT//602985,,True,,OMOP_CONCEPT,602985,,Intoxication,AMSTEL,itemid_valueid,high
MEASUREMENT_CATEGORICAL//20014//6,,,False,,,,,,,,unmapped
MEASUREMENT_CATEGORICAL//21233//14,,,False,,,,,,,,unmapped
MEASUREMENT_CATEGORICAL//21233//16,,,False,,,,,,,,unmapped
MEASUREMENT_CATEGORICAL//6671//30,OMOP//OMOP_CONCEPT//4095285,,True,,OMOP_CONCEPT,4095285,,ST segment depression,AMSTEL,itemid_valueid,high
MEASUREMENT_CATEGORICAL//7432//4,LOINC//3053213,,True,,LOINC,3053213,,3053213,AMSTEL,source_code,high
MEASUREMENT_CATEGORICAL//8647//3,SNOMED//4044874,,True,,SNOMED,4044874,,4044874,AMSTEL,source_code,high
MEASUREMENT_CATEGORICAL//8731//12,OMOP//OMOP_CONCEPT//4283512,,True,,OMOP_CONCEPT,4283512,,Structure of left forearm,AMSTEL,itemid_valueid,high
MEASUREMENT_CATEGORICAL//8732//12,SNOMED//4085985,,False,,SNOMED,4085985,,4085985,AMSTEL,source_code,high
MEASUREMENT_CATEGORICAL//10466//4,OMOP//OMOP_CONCEPT//44792789,,False,,OMOP_CONCEPT,44792789,,"Reformed Protestant, follower of religion",AMSTEL,itemid_valueid,low
MEASUREMENT_CATEGORICAL//10466//9,OMOP//OMOP_CONCEPT//4213200,,False,,OMOP_CONCEPT,4213200,,"Jehovah's Witness, follower of religion",AMSTEL,itemid_valueid,low
MEASUREMENT_CATEGORICAL//10472//23,SNOMED//44810687,,True,,SNOMED,44810687,,44810687,AMSTEL,source_code,high
MEASUREMENT_CATEGORICAL//12111//17,LOINC//36203284,,True,,LOINC,36203284,,36203284,AMSTEL,source_code,high
MEASUREMENT_CATEGORICAL//12111//3,LOINC//36203284,,True,,LOINC,36203284,,36203284,AMSTEL,source_code,high
MEASUREMENT_CATEGORICAL//12116//1,,,False,,,,,,,,unmapped
MEASUREMENT_CATEGORICAL//12128//24,OMOP//OMOP_CONCEPT//38003905,,False,,OMOP_CONCEPT,38003905,,Obstetrics,AMSTEL,itemid_valueid,high
MEASUREMENT_CATEGORICAL//12129//19,LOINC//3046359,,True,,LOINC,3046359,,3046359,AMSTEL,source_code,high
MEASUREMENT_CATEGORICAL//12290//11,OMOP//OMOP//3004921,,True,,OMOP,3004921,,ventilator_mode,BlendedICU,label_exact,high
MEASUREMENT_CATEGORICAL//12520//1,,,False,,,,,,,,unmapped
MEASUREMENT_CATEGORICAL//12668//1,,,False,,,,,,,,unmapped
MEASUREMENT_CATEGORICAL//12833//5,OMOP//OMOP_CONCEPT//37156242,,True,,OMOP_CONCEPT,37156242,,Pressure injury stage IV,AMSTEL,itemid_valueid,high
MEASUREMENT_CATEGORICAL//13118//4,OMOP//OMOP_CONCEPT//4000088,,True,,OMOP_CONCEPT,4000088,,Repair of thoracic aortic aneurysm,AMSTEL,itemid_valueid,high
MEASUREMENT_CATEGORICAL//13138//2,OMOP//OMOP_CONCEPT//4177206,,True,,OMOP_CONCEPT,4177206,,Tubulointerstitial nephritis,AMSTEL,itemid_valueid,high
MEASUREMENT_CATEGORICAL//13145//5,OMOP//OMOP_CONCEPT//4044013,,True,,OMOP_CONCEPT,4044013,,Hematologic neoplasm,AMSTEL,itemid_valueid,high
MEASUREMENT_CATEGORICAL//14163//6,,,False,,,,,,,,unmapped
MEASUREMENT_CATEGORICAL//14183//1,,,False,,,,,,,,unmapped
MEASUREMENT_CATEGORICAL//14565//82,,,False,,,,,,,,unmapped
MEASUREMENT_CATEGORICAL//16058//17,OMOP//OMOP_CONCEPT//4105064,,True,,OMOP_CONCEPT,4105064,,Serous,AMSTEL,itemid_valueid,high
MEASUREMENT_CATEGORICAL//16101//4,OMOP//OMOP_CONCEPT//4006318,,True,,OMOP_CONCEPT,4006318,,"Respiratory assist, manual",AMSTEL,itemid_valueid,high
MEASUREMENT_CATEGORICAL//16177//3,,,False,,,,,,,,unmapped
MEASUREMENT_CATEGORICAL//16182//18,,,False,,,,,,,,unmapped
MEASUREMENT_CATEGORICAL//16275//3,,,False,,,,,,,,unmapped
MEASUREMENT_CATEGORICAL//16307//65,,,False,,,,,,,,unmapped
MEASUREMENT_CATEGORICAL//16628//6,LOINC//3026019,,True,,LOINC,3026019,,3026019,AMSTEL,source_code,high
MEASUREMENT_CATEGORICAL//16645//9,OMOP//OMOP_CONCEPT//201965,,True,,OMOP_CONCEPT,201965,,Shock,AMSTEL,itemid_valueid,high
MEASUREMENT_CATEGORICAL//16648//20,OMOP//OMOP_CONCEPT//200588,,True,,OMOP_CONCEPT,200588,,Injury of abdomen,AMSTEL,itemid_valueid,high
MEASUREMENT_CATEGORICAL//16663//10,OMOP//OMOP_CONCEPT//376337,,True,,OMOP_CONCEPT,376337,,Disorder of nervous system,AMSTEL,itemid_valueid,high
MEASUREMENT_CATEGORICAL//16666//14,,,False,,,,,,,,unmapped
MEASUREMENT_CATEGORICAL//16673//12,OMOP//OMOP_CONCEPT//258369,,True,,OMOP_CONCEPT,258369,,Primary malignant neoplasm of lung,AMSTEL,itemid_valueid,high
MEASUREMENT_CATEGORICAL//16999//19,OMOP//OMOP_CONCEPT//40483641,,True,,OMOP_CONCEPT,40483641,,Hemorrhage into peritoneal cavity,AMSTEL,itemid_valueid,high
MEASUREMENT_CATEGORICAL//17000//2,OMOP//OMOP_CONCEPT//443929,,True,,OMOP_CONCEPT,443929,,Postpartum hemorrhage,AMSTEL,itemid_valueid,high
MEASUREMENT_CATEGORICAL//17008//24,OMOP//OMOP_CONCEPT//4012185,,True,,OMOP_CONCEPT,4012185,,Cardiovascular surgical procedure,AMSTEL,itemid_valueid,high
MEASUREMENT_CATEGORICAL//17008//59,OMOP//OMOP_CONCEPT//37395826,,True,,OMOP_CONCEPT,37395826,,Adult heart tumor,AMSTEL,itemid_valueid,high
MEASUREMENT_CATEGORICAL//17009//14,OMOP//OMOP_CONCEPT//4042907,,True,,OMOP_CONCEPT,4042907,,"Hartmann operation, rectal resection",AMSTEL,itemid_valueid,high
MEASUREMENT_CATEGORICAL//17009//9,OMOP//OMOP_CONCEPT//4030148,,True,,OMOP_CONCEPT,4030148,,Small intestine excision,AMSTEL,itemid_valueid,high
MEASUREMENT_CATEGORICAL//17013//1,OMOP//OMOP_CONCEPT//4124836,,True,,OMOP_CONCEPT,4124836,,Peripheral ischemia,AMSTEL,itemid_valueid,high
MEASUREMENT_CATEGORICAL//17014//7,OMOP//OMOP_CONCEPT//4041193,,True,,OMOP_CONCEPT,4041193,,Operation on nervous system,AMSTEL,itemid_valueid,high
MEASUREMENT_CATEGORICAL//17019//64,OMOP//OMOP_CONCEPT//441589,,True,,OMOP_CONCEPT,441589,,Endocarditis,AMSTEL,itemid_valueid,high
MEASUREMENT_CATEGORICAL//17020//46,OMOP//OMOP_CONCEPT//4192640,,True,,OMOP_CONCEPT,4192640,,Pancreatitis,AMSTEL,itemid_valueid,high
MEASUREMENT_CATEGORICAL//17022//25,OMOP//OMOP_CONCEPT//4038838,,True,,OMOP_CONCEPT,4038838,,Non-Hodgkin's lymphoma (clinical),AMSTEL,itemid_valueid,high
MEASUREMENT_CATEGORICAL//17029//73,OMOP//OMOP_CONCEPT//4095407,,True,,OMOP_CONCEPT,4095407,,Replacement of aortic valve,AMSTEL,itemid_valueid,high
MEASUREMENT_CATEGORICAL//17034//17,OMOP//OMOP_CONCEPT//4010109,,True,,OMOP_CONCEPT,4010109,,Operation on joint,AMSTEL,itemid_valueid,high
MEASUREMENT_CATEGORICAL//18614//2,OMOP//OMOP_CONCEPT//31821,,True,,OMOP_CONCEPT,31821,,Disorder of endocrine system,AMSTEL,itemid_valueid,high
MEASUREMENT_CATEGORICAL//18671//166,OMOP//OMOP_CONCEPT//4190647,,True,,OMOP_CONCEPT,4190647,,Pneumocystosis pneumonia,AMSTEL,itemid_valueid,high
MEASUREMENT_CATEGORICAL//18671//43,OMOP//OMOP_CONCEPT//4133004,,True,,OMOP_CONCEPT,4133004,,Deep venous thrombosis,AMSTEL,itemid_valueid,high
MEASUREMENT_CATEGORICAL//18671//65,OMOP//OMOP_CONCEPT//40483641,,True,,OMOP_CONCEPT,40483641,,Hemorrhage into peritoneal cavity,AMSTEL,itemid_valueid,high
MEASUREMENT_CATEGORICAL//18671//72,OMOP//OMOP_CONCEPT//443929,,True,,OMOP_CONCEPT,443929,,Postpartum hemorrhage,AMSTEL,itemid_valueid,high
MEASUREMENT_CATEGORICAL//18671//88,OMOP//OMOP_CONCEPT//317510,,True,,OMOP_CONCEPT,317510,,Leukemia,AMSTEL,itemid_valueid,high
MEASUREMENT_CATEGORICAL//18673//470,OMOP//OMOP_CONCEPT//441589,,True,,OMOP_CONCEPT,441589,,Endocarditis,AMSTEL,itemid_valueid,high
MEASUREMENT_CATEGORICAL//18673//575,OMOP//OMOP_CONCEPT//378143,,True,,OMOP_CONCEPT,378143,,Encephalitis,AMSTEL,itemid_valueid,high
MEASUREMENT_CATEGORICAL//18673//810,OMOP//OMOP_CONCEPT//4010109,,True,,OMOP_CONCEPT,4010109,,Operation on joint,AMSTEL,itemid_valueid,high
MEASUREMENT_CATEGORICAL//18673//882,OMOP//OMOP_CONCEPT//133468,,True,,OMOP_CONCEPT,133468,,Disorder of limb,AMSTEL,itemid_valueid,high
MEASUREMENT_CATEGORICAL//18682//51,,,False,,,,,,,,unmapped
MEASUREMENT_CATEGORICAL//18687//3,,,False,,,,,,,,unmapped
MEASUREMENT_CATEGORICAL//19645//2,,,False,,,,,,,,unmapped
MEASUREMENT_CATEGORICAL//19995//7,,,False,,,,,,,,unmapped
MEASUREMENT_CATEGORICAL//19995//8,,,False,,,,,,,,unmapped
MEASUREMENT_CATEGORICAL//20145//2,,,False,,,,,,,,unmapped
MEASUREMENT_CATEGORICAL//6685//12,LOINC//3004921,,True,,LOINC,3004921,,3004921,AMSTEL,source_code,high
MEASUREMENT_CATEGORICAL//8733//13,SNOMED//4085985,,False,,SNOMED,4085985,,4085985,AMSTEL,source_code,high
MEASUREMENT_CATEGORICAL//10464//3,,,False,,,,,,,,unmapped
MEASUREMENT_CATEGORICAL//10470//10,SNOMED//763892,,True,,SNOMED,763892,,763892,AMSTEL,source_code,high
MEASUREMENT_CATEGORICAL//10472//32,SNOMED//44810687,,True,,SNOMED,44810687,,44810687,AMSTEL,source_code,high
MEASUREMENT_CATEGORICAL//12111//4,LOINC//36203284,,True,,LOINC,36203284,,36203284,AMSTEL,source_code,high
MEASUREMENT_CATEGORICAL//12111//5,LOINC//36203284,,True,,LOINC,36203284,,36203284,AMSTEL,source_code,high
MEASUREMENT_CATEGORICAL//12498//1,OMOP//OMOP_CONCEPT//9191,,True,,OMOP_CONCEPT,9191,,Positive,AMSTEL,itemid_valueid,high
MEASUREMENT_CATEGORICAL//12664//3,,,False,,,,,,,,unmapped
MEASUREMENT_CATEGORICAL//12667//1,,,False,,,,,,,,unmapped
MEASUREMENT_CATEGORICAL//13119//5,OMOP//OMOP_CONCEPT//40486150,,True,,OMOP_CONCEPT,40486150,,Video assisted thoracoscopy,AMSTEL,itemid_valueid,high
MEASUREMENT_CATEGORICAL//13403//2,,,False,,,,,,,,unmapped
MEASUREMENT_CATEGORICAL//14469//4,SNOMED//37154585,,True,,SNOMED,37154585,,37154585,AMSTEL,source_code,high
MEASUREMENT_CATEGORICAL//14484//1,,,False,,,,,,,,unmapped
MEASUREMENT_CATEGORICAL//14486//13,,,False,,,,,,,,unmapped
MEASUREMENT_CATEGORICAL//14486//17,,,False,,,,,,,,unmapped
MEASUREMENT_CATEGORICAL//14562//3,,,False,,,,,,,,unmapped
MEASUREMENT_CATEGORICAL//16102//3,SNOMED//321042,,True,,SNOMED,321042,,321042,AMSTEL,source_code,high
MEASUREMENT_CATEGORICAL//16177//2,,,False,,,,,,,,unmapped
MEASUREMENT_CATEGORICAL//16273//2,,,False,,,,,,,,unmapped
MEASUREMENT_CATEGORICAL//16281//42,,,False,,,,,,,,unmapped
MEASUREMENT_CATEGORICAL//16282//45,,,False,,,,,,,,unmapped
MEASUREMENT_CATEGORICAL//16286//8,,,False,,,,,,,,unmapped
MEASUREMENT_CATEGORICAL//16298//17,,,False,,,,,,,,unmapped
MEASUREMENT_CATEGORICAL//16313//79,,,False,,,,,,,,unmapped
MEASUREMENT_CATEGORICAL//16313//80,,,False,,,,,,,,unmapped
MEASUREMENT_CATEGORICAL//16316//70,,,False,,,,,,,,unmapped
MEASUREMENT_CATEGORICAL//16411//3,,,False,,,,,,,,unmapped
MEASUREMENT_CATEGORICAL//16448//25,SNOMED//4052413,,True,,SNOMED,4052413,,4052413,AMSTEL,source_code,high
MEASUREMENT_CATEGORICAL//16645//10,OMOP//OMOP_CONCEPT//320136,,True,,OMOP_CONCEPT,320136,,Disorder of respiratory system,AMSTEL,itemid_valueid,high
MEASUREMENT_CATEGORICAL//16661//24,OMOP//OMOP_CONCEPT//376713,,True,,OMOP_CONCEPT,376713,,Cerebral hemorrhage,AMSTEL,itemid_valueid,high
MEASUREMENT_CATEGORICAL//16665//11,,,False,,,,,,,,unmapped
MEASUREMENT_CATEGORICAL//16673//18,OMOP//OMOP_CONCEPT//320136,,True,,OMOP_CONCEPT,320136,,Disorder of respiratory system,AMSTEL,itemid_valueid,high
MEASUREMENT_CATEGORICAL//16993//1,OMOP//OMOP_CONCEPT//8717,,True,,OMOP_CONCEPT,8717,,Inpatient Hospital,AMSTEL,itemid_valueid,high
MEASUREMENT_CATEGORICAL//17001//3,OMOP//OMOP_CONCEPT//432585,,True,,OMOP_CONCEPT,432585,,Blood coagulation disorder,AMSTEL,itemid_valueid,high
MEASUREMENT_CATEGORICAL//17005//6,OMOP//OMOP_CONCEPT//4178968,,True,,OMOP_CONCEPT,4178968,,Malignant tumor of larynx,AMSTEL,itemid_valueid,high
MEASUREMENT_CATEGORICAL//17007//17,OMOP//OMOP_CONCEPT//440921,,True,,OMOP_CONCEPT,440921,,Traumatic injury,AMSTEL,itemid_valueid,high
MEASUREMENT_CATEGORICAL//17008//39,OMOP//OMOP_CONCEPT//3654996,,True,,OMOP_CONCEPT,3654996,,Peripheral arterial disease,AMSTEL,itemid_valueid,high
MEASUREMENT_CATEGORICAL//17014//5,OMOP//OMOP_CONCEPT//4176148,,True,,OMOP_CONCEPT,4176148,,Extradural intracranial hematoma,AMSTEL,itemid_valueid,high
MEASUREMENT_CATEGORICAL//17018//39,,,False,,,,,,,,unmapped
MEASUREMENT_CATEGORICAL//17019//80,OMOP//OMOP_CONCEPT//132797,,True,,OMOP_CONCEPT,132797,,Sepsis,AMSTEL,itemid_valueid,high
MEASUREMENT_CATEGORICAL//17023//22,OMOP//OMOP_CONCEPT//24609,,True,,OMOP_CONCEPT,24609,,Hypoglycemia,AMSTEL,itemid_valueid,high
MEASUREMENT_CATEGORICAL//17025//34,OMOP//OMOP_CONCEPT//378143,,True,,OMOP_CONCEPT,378143,,Encephalitis,AMSTEL,itemid_valueid,high
MEASUREMENT_CATEGORICAL//17026//40,OMOP//OMOP_CONCEPT//4135466,,True,,OMOP_CONCEPT,4135466,,Hemothorax,AMSTEL,itemid_valueid,high
MEASUREMENT_CATEGORICAL//17026//50,OMOP//OMOP_CONCEPT//253796,,True,,OMOP_CONCEPT,253796,,Pneumothorax,AMSTEL,itemid_valueid,high
MEASUREMENT_CATEGORICAL//17029//108,OMOP//OMOP_CONCEPT//319843,,True,,OMOP_CONCEPT,319843,,Mitral valve disorder,AMSTEL,itemid_valueid,high
MEASUREMENT_CATEGORICAL//17029//77,OMOP//OMOP_CONCEPT//317576,,True,,OMOP_CONCEPT,317576,,Coronary arteriosclerosis,AMSTEL,itemid_valueid,high
MEASUREMENT_CATEGORICAL//17037//16,OMOP//OMOP_CONCEPT//37018761,,True,,OMOP_CONCEPT,37018761,,Chronic kidney disease stage 5 with transplant,AMSTEL,itemid_valueid,high
MEASUREMENT_CATEGORICAL//17038//50,OMOP//OMOP_CONCEPT//133468,,True,,OMOP_CONCEPT,133468,,Disorder of limb,AMSTEL,itemid_valueid,high
MEASUREMENT_CATEGORICAL//18671//222,OMOP//OMOP_CONCEPT//4138895,,True,,OMOP_CONCEPT,4138895,,Repair of left ventricular aneurysm,AMSTEL,itemid_valueid,high
MEASUREMENT_CATEGORICAL//18671//27,OMOP//OMOP_CONCEPT//4124686,,True,,OMOP_CONCEPT,4124686,,Silent myocardial infarction,AMSTEL,itemid_valueid,high
MEASUREMENT_CATEGORICAL//18671//28,OMOP//OMOP_CONCEPT//201965,,True,,OMOP_CONCEPT,201965,,Shock,AMSTEL,itemid_valueid,high
MEASUREMENT_CATEGORICAL//18671//333,OMOP//OMOP_CONCEPT//194406,,True,,OMOP_CONCEPT,194406,,Urinary tract obstruction,AMSTEL,itemid_valueid,high
MEASUREMENT_CATEGORICAL//18671//340,OMOP//OMOP_CONCEPT//4116087,,True,,OMOP_CONCEPT,4116087,,Carcinoma of prostate,AMSTEL,itemid_valueid,high
MEASUREMENT_CATEGORICAL//18671//354,OMOP//OMOP_CONCEPT//4346395,,True,,OMOP_CONCEPT,4346395,,Operation on fracture,AMSTEL,itemid_valueid,high
MEASUREMENT_CATEGORICAL//18671//392,OMOP//OMOP_CONCEPT//4134127,,True,,OMOP_CONCEPT,4134127,,Disorder of facial bone,AMSTEL,itemid_valueid,high
MEASUREMENT_CATEGORICAL//18671//42,OMOP//OMOP_CONCEPT//318450,,True,,OMOP_CONCEPT,318450,,Cardiac tamponade,AMSTEL,itemid_valueid,high
MEASUREMENT_CATEGORICAL//18671//59,OMOP//OMOP_CONCEPT//4029488,,True,,OMOP_CONCEPT,4029488,,Hepatic encephalopathy,AMSTEL,itemid_valueid,high
MEASUREMENT_CATEGORICAL//18671//97,OMOP//OMOP_CONCEPT//4147719,,True,,OMOP_CONCEPT,4147719,,Hyperosmolar non-ketotic state due to diabetes mellitus,AMSTEL,itemid_valueid,high
MEASUREMENT_CATEGORICAL//18673//486,OMOP//OMOP_CONCEPT//132797,,True,,OMOP_CONCEPT,132797,,Sepsis,AMSTEL,itemid_valueid,high
MEASUREMENT_CATEGORICAL//18673//520,OMOP//OMOP_CONCEPT//4192640,,True,,OMOP_CONCEPT,4192640,,Pancreatitis,AMSTEL,itemid_valueid,high
MEASUREMENT_CATEGORICAL//18673//554,OMOP//OMOP_CONCEPT//24609,,True,,OMOP_CONCEPT,24609,,Hypoglycemia,AMSTEL,itemid_valueid,high
MEASUREMENT_CATEGORICAL//18673//610,OMOP//OMOP_CONCEPT//4135466,,True,,OMOP_CONCEPT,4135466,,Hemothorax,AMSTEL,itemid_valueid,high
MEASUREMENT_CATEGORICAL//18673//620,OMOP//OMOP_CONCEPT//253796,,True,,OMOP_CONCEPT,253796,,Pneumothorax,AMSTEL,itemid_valueid,high
MEASUREMENT_CATEGORICAL//18673//686,OMOP//OMOP_CONCEPT//317576,,True,,OMOP_CONCEPT,317576,,Coronary arteriosclerosis,AMSTEL,itemid_valueid,high
MEASUREMENT_CATEGORICAL//18673//717,OMOP//OMOP_CONCEPT//319843,,True,,OMOP_CONCEPT,319843,,Mitral valve disorder,AMSTEL,itemid_valueid,high
MEASUREMENT_CATEGORICAL//18673//820,OMOP//OMOP_CONCEPT//4138816,,True,,OMOP_CONCEPT,4138816,,Cranioplasty,AMSTEL,itemid_valueid,high
MEASUREMENT_CATEGORICAL//18673//860,OMOP//OMOP_CONCEPT//37018761,,True,,OMOP_CONCEPT,37018761,,Chronic kidney disease stage 5 with transplant,AMSTEL,itemid_valueid,high
MEASUREMENT_CATEGORICAL//18682//48,,,False,,,,,,,,unmapped
MEASUREMENT_CATEGORICAL//20011//4,,,False,,,,,,,,unmapped
MEASUREMENT_CATEGORICAL//20960//1,,,False,,,,,,,,unmapped
MEASUREMENT_CATEGORICAL//21233//8,,,False,,,,,,,,unmapped
MEASUREMENT_CATEGORICAL//6658//4,SNOMED//4044874,,True,,SNOMED,4044874,,4044874,AMSTEL,source_code,high
MEASUREMENT_CATEGORICAL//7432//5,LOINC//3053213,,True,,LOINC,3053213,,3053213,AMSTEL,source_code,high
MEASUREMENT_CATEGORICAL//9534//11,LOINC//3004921,,True,,LOINC,3004921,,3004921,AMSTEL,source_code,high
MEASUREMENT_CATEGORICAL//10466//2,OMOP//OMOP_CONCEPT//4203579,,False,,OMOP_CONCEPT,4203579,,"Buddhist, follower of religion",AMSTEL,itemid_valueid,low
MEASUREMENT_CATEGORICAL//12109//13,LOINC//36203284,,True,,LOINC,36203284,,36203284,AMSTEL,source_code,high
MEASUREMENT_CATEGORICAL//12109//26,LOINC//36203284,,True,,LOINC,36203284,,36203284,AMSTEL,source_code,high
MEASUREMENT_CATEGORICAL//12111//1,LOINC//36203284,,True,,LOINC,36203284,,36203284,AMSTEL,source_code,high
MEASUREMENT_CATEGORICAL//12127//2,,,False,,,,,,,,unmapped
MEASUREMENT_CATEGORICAL//12128//28,OMOP//OMOP_CONCEPT//38004491,,False,,OMOP_CONCEPT,38004491,,Rheumatology,AMSTEL,itemid_valueid,high
MEASUREMENT_CATEGORICAL//12132//6,SNOMED//4152283,,True,,SNOMED,4152283,,4152283,AMSTEL,source_code,high
MEASUREMENT_CATEGORICAL//12521//1,,,False,,,,,,,,unmapped
MEASUREMENT_CATEGORICAL//12522//4,,,False,,,,,,,,unmapped
MEASUREMENT_CATEGORICAL//12826//5,OMOP//OMOP_CONCEPT//37156242,,True,,OMOP_CONCEPT,37156242,,Pressure injury stage IV,AMSTEL,itemid_valueid,high
MEASUREMENT_CATEGORICAL//13134//2,OMOP//OMOP_CONCEPT//4195694,,True,,OMOP_CONCEPT,4195694,,Acute respiratory distress syndrome,AMSTEL,itemid_valueid,high
MEASUREMENT_CATEGORICAL//14149//2,,,False,,,,,,,,unmapped
MEASUREMENT_CATEGORICAL//16101//8,,,False,,,,,,,,unmapped
MEASUREMENT_CATEGORICAL//16181//4,,,False,,,,,,,,unmapped
MEASUREMENT_CATEGORICAL//16182//1,,,False,,,,,,,,unmapped
MEASUREMENT_CATEGORICAL//16235//5,,,False,,,,,,,,unmapped
MEASUREMENT_CATEGORICAL//16284//4,,,False,,,,,,,,unmapped
MEASUREMENT_CATEGORICAL//16284//5,,,False,,,,,,,,unmapped
MEASUREMENT_CATEGORICAL//16285//4,,,False,,,,,,,,unmapped
MEASUREMENT_CATEGORICAL//16649//7,OMOP//OMOP_CONCEPT//196653,,True,,OMOP_CONCEPT,196653,,Malignant tumor of kidney,AMSTEL,itemid_valueid,high
MEASUREMENT_CATEGORICAL//16653//15,OMOP//OMOP_CONCEPT//4023479,,True,,OMOP_CONCEPT,4023479,,Acute congestive heart failure,AMSTEL,itemid_valueid,high
MEASUREMENT_CATEGORICAL//16659//8,OMOP//OMOP_CONCEPT//198124,,True,,OMOP_CONCEPT,198124,,Kidney disease,AMSTEL,itemid_valueid,high
MEASUREMENT_CATEGORICAL//16998//25,OMOP//OMOP_CONCEPT//4145721,,True,,OMOP_CONCEPT,4145721,,Acute non-Q wave infarction,AMSTEL,itemid_valueid,high
MEASUREMENT_CATEGORICAL//17002//4,OMOP//OMOP_CONCEPT//4147719,,True,,OMOP_CONCEPT,4147719,,Hyperosmolar non-ketotic state due to diabetes mellitus,AMSTEL,itemid_valueid,high
MEASUREMENT_CATEGORICAL//17007//16,OMOP//OMOP_CONCEPT//133468,,True,,OMOP_CONCEPT,133468,,Disorder of limb,AMSTEL,itemid_valueid,high
MEASUREMENT_CATEGORICAL//17007//33,OMOP//OMOP_CONCEPT//133468,,True,,OMOP_CONCEPT,133468,,Disorder of limb,AMSTEL,itemid_valueid,high
MEASUREMENT_CATEGORICAL//17007//34,OMOP//OMOP_CONCEPT//4095850,,True,,OMOP_CONCEPT,4095850,,Spinal injury,AMSTEL,itemid_valueid,high
MEASUREMENT_CATEGORICAL//17009//18,OMOP//OMOP_CONCEPT//4314251,,True,,OMOP_CONCEPT,4314251,,Laparotomy,AMSTEL,itemid_valueid,high
MEASUREMENT_CATEGORICAL//17010//19,OMOP//OMOP_CONCEPT//194406,,True,,OMOP_CONCEPT,194406,,Urinary tract obstruction,AMSTEL,itemid_valueid,high
MEASUREMENT_CATEGORICAL//17013//4,OMOP//OMOP_CONCEPT//4346395,,True,,OMOP_CONCEPT,4346395,,Operation on fracture,AMSTEL,itemid_valueid,high
MEASUREMENT_CATEGORICAL//17015//10,OMOP//OMOP_CONCEPT//4073393,,True,,OMOP_CONCEPT,4073393,,Opening of chest,AMSTEL,itemid_valueid,high
MEASUREMENT_CATEGORICAL//17015//7,OMOP//OMOP_CONCEPT//321483,,True,,OMOP_CONCEPT,321483,,Respiratory complication,AMSTEL,itemid_valueid,high
MEASUREMENT_CATEGORICAL//17017//26,OMOP//OMOP_CONCEPT//375415,,True,,OMOP_CONCEPT,375415,,Injury of head,AMSTEL,itemid_valueid,high
MEASUREMENT_CATEGORICAL//17019//51,OMOP//OMOP_CONCEPT//315296,,True,,OMOP_CONCEPT,315296,,Preinfarction syndrome,AMSTEL,itemid_valueid,high
MEASUREMENT_CATEGORICAL//17019//72,OMOP//OMOP_CONCEPT//312327,,True,,OMOP_CONCEPT,312327,,Acute myocardial infarction,AMSTEL,itemid_valueid,high
MEASUREMENT_CATEGORICAL//17019//92,OMOP//OMOP_CONCEPT//443784,,True,,OMOP_CONCEPT,443784,,Vascular disorder,AMSTEL,itemid_valueid,high
MEASUREMENT_CATEGORICAL//17021//16,OMOP//OMOP_CONCEPT//4142194,,True,,OMOP_CONCEPT,4142194,,Renal abscess,AMSTEL,itemid_valueid,high
MEASUREMENT_CATEGORICAL//17023//23,OMOP//OMOP_CONCEPT//435371,,True,,OMOP_CONCEPT,435371,,Hypothermia,AMSTEL,itemid_valueid,high
MEASUREMENT_CATEGORICAL//17025//51,OMOP//OMOP_CONCEPT//4174619,,True,,OMOP_CONCEPT,4174619,,Sedative overdose,AMSTEL,itemid_valueid,high
MEASUREMENT_CATEGORICAL//17026//39,OMOP//OMOP_CONCEPT//4301606,,True,,OMOP_CONCEPT,4301606,,Pulmonary hemorrhage,AMSTEL,itemid_valueid,high
MEASUREMENT_CATEGORICAL//17034//18,OMOP//OMOP_CONCEPT//201093,,True,,OMOP_CONCEPT,201093,,Infection of skin and/or subcutaneous tissue,AMSTEL,itemid_valueid,high
MEASUREMENT_CATEGORICAL//18604//21,OMOP//OMOP_CONCEPT//4148882,,True,,OMOP_CONCEPT,4148882,,Hemorrhagic shock,AMSTEL,itemid_valueid,high
MEASUREMENT_CATEGORICAL//18612//16,OMOP//OMOP_CONCEPT//4012185,,True,,OMOP_CONCEPT,4012185,,Cardiovascular surgical procedure,AMSTEL,itemid_valueid,high
MEASUREMENT_CATEGORICAL//18616//6,OMOP//OMOP_CONCEPT//37018761,,True,,OMOP_CONCEPT,37018761,,Chronic kidney disease stage 5 with transplant,AMSTEL,itemid_valueid,high
MEASUREMENT_CATEGORICAL//18670//65,OMOP//OMOP_CONCEPT//4012185,,True,,OMOP_CONCEPT,4012185,,Cardiovascular surgical procedure,AMSTEL,itemid_valueid,high
MEASUREMENT_CATEGORICAL//18670//73,OMOP//OMOP_CONCEPT//37018761,,True,,OMOP_CONCEPT,37018761,,Chronic kidney disease stage 5 with transplant,AMSTEL,itemid_valueid,high
MEASUREMENT_CATEGORICAL//18670//93,OMOP//OMOP_CONCEPT//4148882,,True,,OMOP_CONCEPT,4148882,,Hemorrhagic shock,AMSTEL,itemid_valueid,high
MEASUREMENT_CATEGORICAL//18671//284,OMOP//OMOP_CONCEPT//4198190,,True,,OMOP_CONCEPT,4198190,,Appendectomy,AMSTEL,itemid_valueid,high
MEASUREMENT_CATEGORICAL//18671//395,OMOP//OMOP_CONCEPT//4073393,,True,,OMOP_CONCEPT,4073393,,Opening of chest,AMSTEL,itemid_valueid,high
MEASUREMENT_CATEGORICAL//18671//442,OMOP//OMOP_CONCEPT//375415,,True,,OMOP_CONCEPT,375415,,Injury of head,AMSTEL,itemid_valueid,high
MEASUREMENT_CATEGORICAL//18671//62,OMOP//OMOP_CONCEPT//4129389,,True,,OMOP_CONCEPT,4129389,,Gastrointestinal obstruction,AMSTEL,itemid_valueid,high
MEASUREMENT_CATEGORICAL//18671//89,OMOP//OMOP_CONCEPT//4038835,,True,,OMOP_CONCEPT,4038835,,Hodgkin's disease (clinical),AMSTEL,itemid_valueid,high
MEASUREMENT_CATEGORICAL//18673//457,OMOP//OMOP_CONCEPT//315296,,True,,OMOP_CONCEPT,315296,,Preinfarction syndrome,AMSTEL,itemid_valueid,high
MEASUREMENT_CATEGORICAL//18673//478,OMOP//OMOP_CONCEPT//312327,,True,,OMOP_CONCEPT,312327,,Acute myocardial infarction,AMSTEL,itemid_valueid,high
MEASUREMENT_CATEGORICAL//18673//498,OMOP//OMOP_CONCEPT//134057,,True,,OMOP_CONCEPT,134057,,Disorder of cardiovascular system,AMSTEL,itemid_valueid,high
MEASUREMENT_CATEGORICAL//18673//529,OMOP//OMOP_CONCEPT//192964,,True,,OMOP_CONCEPT,192964,,Infectious disorder of kidney,AMSTEL,itemid_valueid,high
MEASUREMENT_CATEGORICAL//18673//555,OMOP//OMOP_CONCEPT//435371,,True,,OMOP_CONCEPT,435371,,Hypothermia,AMSTEL,itemid_valueid,high
MEASUREMENT_CATEGORICAL//18673//609,OMOP//OMOP_CONCEPT//4301606,,True,,OMOP_CONCEPT,4301606,,Pulmonary hemorrhage,AMSTEL,itemid_valueid,high
MEASUREMENT_CATEGORICAL//18673//693,OMOP//OMOP_CONCEPT//317576,,True,,OMOP_CONCEPT,317576,,Coronary arteriosclerosis,AMSTEL,itemid_valueid,high
MEASUREMENT_CATEGORICAL//18673//811,OMOP//OMOP_CONCEPT//4301351,,True,,OMOP_CONCEPT,4301351,,Surgical procedure,AMSTEL,itemid_valueid,high
MEASUREMENT_CATEGORICAL//19729//3,,,False,,,,,,,,unmapped
MEASUREMENT_CATEGORICAL//20106//37,,,False,,,,,,,,unmapped
MEASUREMENT_CATEGORICAL//21189//7,,,False,,,,,,,,unmapped
MEASUREMENT_CATEGORICAL//21233//6,,,False,,,,,,,,unmapped
MEASUREMENT_CATEGORICAL//21234//33,,,False,,,,,,,,unmapped
MEASUREMENT_CATEGORICAL//10468//17,SNOMED//4087925,,True,,SNOMED,4087925,,4087925,AMSTEL,source_code,high
MEASUREMENT_CATEGORICAL//10470//9,SNOMED//763892,,True,,SNOMED,763892,,763892,AMSTEL,source_code,high
MEASUREMENT_CATEGORICAL//12102//1,LOINC//3003680,,True,,LOINC,3003680,,3003680,AMSTEL,source_code,high
MEASUREMENT_CATEGORICAL//12110//27,LOINC//36203284,,True,,LOINC,36203284,,36203284,AMSTEL,source_code,high
MEASUREMENT_CATEGORICAL//12111//16,LOINC//36203284,,True,,LOINC,36203284,,36203284,AMSTEL,source_code,high
MEASUREMENT_CATEGORICAL//12290//14,OMOP//OMOP//3004921,,True,,OMOP,3004921,,ventilator_mode,BlendedICU,label_exact,high
MEASUREMENT_CATEGORICAL//12499//1,OMOP//OMOP_CONCEPT//9191,,True,,OMOP_CONCEPT,9191,,Positive,AMSTEL,itemid_valueid,high
MEASUREMENT_CATEGORICAL//12622//1,SNOMED//4302472,,True,,SNOMED,4302472,,4302472,AMSTEL,source_code,high
MEASUREMENT_CATEGORICAL//12665//1,,,False,,,,,,,,unmapped
MEASUREMENT_CATEGORICAL//13117//7,OMOP//OMOP_CONCEPT//4108245,,True,,OMOP_CONCEPT,4108245,,Acute left ventricular failure,AMSTEL,itemid_valueid,high
MEASUREMENT_CATEGORICAL//13123//2,OMOP//OMOP_CONCEPT//31821,,True,,OMOP_CONCEPT,31821,,Disorder of endocrine system,AMSTEL,itemid_valueid,high
MEASUREMENT_CATEGORICAL//13139//2,OMOP//OMOP_CONCEPT//436093,,True,,OMOP_CONCEPT,436093,,Disseminated intravascular coagulation,AMSTEL,itemid_valueid,high
MEASUREMENT_CATEGORICAL//14149//7,,,False,,,,,,,,unmapped
MEASUREMENT_CATEGORICAL//14163//2,,,False,,,,,,,,unmapped
MEASUREMENT_CATEGORICAL//14426//41,LOINC//3021707,,True,,LOINC,3021707,,3021707,AMSTEL,source_code,high
MEASUREMENT_CATEGORICAL//14562//12,,,False,,,,,,,,unmapped
MEASUREMENT_CATEGORICAL//14562//2,,,False,,,,,,,,unmapped
MEASUREMENT_CATEGORICAL//14565//72,,,False,,,,,,,,unmapped
MEASUREMENT_CATEGORICAL//16084//4,OMOP//OMOP_CONCEPT//4103295,,True,,OMOP_CONCEPT,4103295,,Ventricular tachycardia,AMSTEL,itemid_valueid,high
MEASUREMENT_CATEGORICAL//16258//1,,,False,,,,,,,,unmapped
MEASUREMENT_CATEGORICAL//16278//19,,,False,,,,,,,,unmapped
MEASUREMENT_CATEGORICAL//16285//1,,,False,,,,,,,,unmapped
MEASUREMENT_CATEGORICAL//16306//57,,,False,,,,,,,,unmapped
MEASUREMENT_CATEGORICAL//16306//58,,,False,,,,,,,,unmapped
MEASUREMENT_CATEGORICAL//16308//68,,,False,,,,,,,,unmapped
MEASUREMENT_CATEGORICAL//16309//74,,,False,,,,,,,,unmapped
MEASUREMENT_CATEGORICAL//16323//62,,,False,,,,,,,,unmapped
MEASUREMENT_CATEGORICAL//16602//2,LOINC//40769732,,True,,LOINC,40769732,,40769732,AMSTEL,source_code,high
MEASUREMENT_CATEGORICAL//16649//8,OMOP//OMOP_CONCEPT//198124,,True,,OMOP_CONCEPT,198124,,Kidney disease,AMSTEL,itemid_valueid,high
MEASUREMENT_CATEGORICAL//16650//14,OMOP//OMOP_CONCEPT//4332246,,True,,OMOP_CONCEPT,4332246,,Aneurysm,AMSTEL,itemid_valueid,high
MEASUREMENT_CATEGORICAL//16653//14,OMOP//OMOP_CONCEPT//132797,,True,,OMOP_CONCEPT,132797,,Sepsis,AMSTEL,itemid_valueid,high
MEASUREMENT_CATEGORICAL//16653//17,OMOP//OMOP_CONCEPT//44784217,,True,,OMOP_CONCEPT,44784217,,Cardiac arrhythmia,AMSTEL,itemid_valueid,high
MEASUREMENT_CATEGORICAL//16661//17,OMOP//OMOP_CONCEPT//4045469,,True,,OMOP_CONCEPT,4045469,,Clipping of intracranial aneurysm,AMSTEL,itemid_valueid,high
MEASUREMENT_CATEGORICAL//16673//14,OMOP//OMOP_CONCEPT//40486150,,True,,OMOP_CONCEPT,40486150,,Video assisted thoracoscopy,AMSTEL,itemid_valueid,high
MEASUREMENT_CATEGORICAL//16997//9,,,False,,,,,,,,unmapped
MEASUREMENT_CATEGORICAL//16998//42,OMOP//OMOP_CONCEPT//318450,,True,,OMOP_CONCEPT,318450,,Cardiac tamponade,AMSTEL,itemid_valueid,high
MEASUREMENT_CATEGORICAL//16999//23,OMOP//OMOP_CONCEPT//196152,,True,,OMOP_CONCEPT,196152,,Peritonitis,AMSTEL,itemid_valueid,high
MEASUREMENT_CATEGORICAL//17001//1,OMOP//OMOP_CONCEPT//439777,,True,,OMOP_CONCEPT,439777,,Anemia,AMSTEL,itemid_valueid,high
MEASUREMENT_CATEGORICAL//17004//18,OMOP//OMOP_CONCEPT//4048806,,True,,OMOP_CONCEPT,4048806,,Post-anoxic coma,AMSTEL,itemid_valueid,high
MEASUREMENT_CATEGORICAL//17005//15,OMOP//OMOP_CONCEPT//439973,,True,,OMOP_CONCEPT,439973,,Nonfatal submersion,AMSTEL,itemid_valueid,high
MEASUREMENT_CATEGORICAL//17009//3,OMOP//OMOP_CONCEPT//192671,,True,,OMOP_CONCEPT,192671,,Gastrointestinal hemorrhage,AMSTEL,itemid_valueid,high
MEASUREMENT_CATEGORICAL//17015//17,OMOP//OMOP_CONCEPT//4073393,,True,,OMOP_CONCEPT,4073393,,Opening of chest,AMSTEL,itemid_valueid,high
MEASUREMENT_CATEGORICAL//17025//37,OMOP//OMOP_CONCEPT//4176148,,True,,OMOP_CONCEPT,4176148,,Extradural intracranial hematoma,AMSTEL,itemid_valueid,high
MEASUREMENT_CATEGORICAL//17025//52,OMOP//OMOP_CONCEPT//45769428,,True,,OMOP_CONCEPT,45769428,,Illicit drug overdose,AMSTEL,itemid_valueid,high
MEASUREMENT_CATEGORICAL//17029//84,OMOP//OMOP_CONCEPT//317576,,True,,OMOP_CONCEPT,317576,,Coronary arteriosclerosis,AMSTEL,itemid_valueid,high
MEASUREMENT_CATEGORICAL//17029//95,OMOP//OMOP_CONCEPT//321052,,True,,OMOP_CONCEPT,321052,,Peripheral vascular disease,AMSTEL,itemid_valueid,high
MEASUREMENT_CATEGORICAL//17029//97,OMOP//OMOP_CONCEPT//3654996,,True,,OMOP_CONCEPT,3654996,,Peripheral arterial disease,AMSTEL,itemid_valueid,high
MEASUREMENT_CATEGORICAL//17030//36,OMOP//OMOP_CONCEPT//192671,,True,,OMOP_CONCEPT,192671,,Gastrointestinal hemorrhage,AMSTEL,itemid_valueid,high
MEASUREMENT_CATEGORICAL//17035//35,OMOP//OMOP_CONCEPT//4138816,,True,,OMOP_CONCEPT,4138816,,Cranioplasty,AMSTEL,itemid_valueid,high
MEASUREMENT_CATEGORICAL//17036//34,OMOP//OMOP_CONCEPT//35610164,,True,,OMOP_CONCEPT,35610164,,Malignant neoplasm of respiratory tract,AMSTEL,itemid_valueid,high
MEASUREMENT_CATEGORICAL//17038//44,OMOP//OMOP_CONCEPT//133468,,True,,OMOP_CONCEPT,133468,,Disorder of limb,AMSTEL,itemid_valueid,high
MEASUREMENT_CATEGORICAL//18669//26,OMOP//OMOP_CONCEPT//317109,,True,,OMOP_CONCEPT,317109,,Respiratory arrest,AMSTEL,itemid_valueid,high
MEASUREMENT_CATEGORICAL//18670//71,OMOP//OMOP_CONCEPT//198124,,True,,OMOP_CONCEPT,198124,,Kidney disease,AMSTEL,itemid_valueid,high
MEASUREMENT_CATEGORICAL//18671//135,OMOP//OMOP_CONCEPT//4048806,,True,,OMOP_CONCEPT,4048806,,Post-anoxic coma,AMSTEL,itemid_valueid,high
MEASUREMENT_CATEGORICAL//18671//160,OMOP//OMOP_CONCEPT//439973,,True,,OMOP_CONCEPT,439973,,Nonfatal submersion,AMSTEL,itemid_valueid,high
MEASUREMENT_CATEGORICAL//18671//188,OMOP//OMOP_CONCEPT//200588,,True,,OMOP_CONCEPT,200588,,Injury of abdomen,AMSTEL,itemid_valueid,high
MEASUREMENT_CATEGORICAL//18671//217,OMOP//OMOP_CONCEPT//133468,,True,,OMOP_CONCEPT,133468,,Disorder of limb,AMSTEL,itemid_valueid,high
MEASUREMENT_CATEGORICAL//18671//232,OMOP//OMOP_CONCEPT//4012932,,True,,OMOP_CONCEPT,4012932,,Atrioseptoplasty,AMSTEL,itemid_valueid,high
MEASUREMENT_CATEGORICAL//18671//387,OMOP//OMOP_CONCEPT//317109,,True,,OMOP_CONCEPT,317109,,Respiratory arrest,AMSTEL,itemid_valueid,high
MEASUREMENT_CATEGORICAL//18671//80,OMOP//OMOP_CONCEPT//439777,,True,,OMOP_CONCEPT,439777,,Anemia,AMSTEL,itemid_valueid,high
MEASUREMENT_CATEGORICAL//18673//578,OMOP//OMOP_CONCEPT//4176148,,True,,OMOP_CONCEPT,4176148,,Extradural intracranial hematoma,AMSTEL,itemid_valueid,high
MEASUREMENT_CATEGORICAL//18673//587,OMOP//OMOP_CONCEPT//4048806,,True,,OMOP_CONCEPT,4048806,,Post-anoxic coma,AMSTEL,itemid_valueid,high
MEASUREMENT_CATEGORICAL//18673//592,OMOP//OMOP_CONCEPT//4174619,,True,,OMOP_CONCEPT,4174619,,Sedative overdose,AMSTEL,itemid_valueid,high
MEASUREMENT_CATEGORICAL//18673//593,OMOP//OMOP_CONCEPT//45769428,,True,,OMOP_CONCEPT,45769428,,Illicit drug overdose,AMSTEL,itemid_valueid,high
MEASUREMENT_CATEGORICAL//18673//704,OMOP//OMOP_CONCEPT//3654996,,True,,OMOP_CONCEPT,3654996,,Peripheral arterial disease,AMSTEL,itemid_valueid,high
MEASUREMENT_CATEGORICAL//18673//706,OMOP//OMOP_CONCEPT//321887,,True,,OMOP_CONCEPT,321887,,Disorder of artery,AMSTEL,itemid_valueid,high
MEASUREMENT_CATEGORICAL//18673//736,OMOP//OMOP_CONCEPT//4198190,,True,,OMOP_CONCEPT,4198190,,Appendectomy,AMSTEL,itemid_valueid,high
MEASUREMENT_CATEGORICAL//18673//738,OMOP//OMOP_CONCEPT//192671,,True,,OMOP_CONCEPT,192671,,Gastrointestinal hemorrhage,AMSTEL,itemid_valueid,high
MEASUREMENT_CATEGORICAL//18673//852,OMOP//OMOP_CONCEPT//4073393,,True,,OMOP_CONCEPT,4073393,,Opening of chest,AMSTEL,itemid_valueid,high
MEASUREMENT_CATEGORICAL//18673//876,OMOP//OMOP_CONCEPT//133468,,True,,OMOP_CONCEPT,133468,,Disorder of limb,AMSTEL,itemid_valueid,high
MEASUREMENT_CATEGORICAL//19646//2,,,False,,,,,,,,unmapped
MEASUREMENT_CATEGORICAL//19803//16,,,False,,,,,,,,unmapped
MEASUREMENT_CATEGORICAL//19846//24,,,False,,,,,,,,unmapped
MEASUREMENT_CATEGORICAL//20098//14,,,False,,,,,,,,unmapped
MEASUREMENT_CATEGORICAL//20121//82,,,False,,,,,,,,unmapped
MEASUREMENT_CATEGORICAL//20121//83,,,False,,,,,,,,unmapped
MEASUREMENT_CATEGORICAL//20140//5,,,False,,,,,,,,unmapped
MEASUREMENT_CATEGORICAL//20148//14,OMOP//OMOP_CONCEPT//45881739,,True,,OMOP_CONCEPT,45881739,,Restless,AMSTEL,itemid_valueid,high
MEASUREMENT_CATEGORICAL//20542//1,,,False,,,,,,,,unmapped
MEASUREMENT_CATEGORICAL//20961//5,,,False,,,,,,,,unmapped
MEASUREMENT_CATEGORICAL//21042//5,,,False,,,,,,,,unmapped
MEASUREMENT_CATEGORICAL//8200//6,LOINC//1989388,,True,,LOINC,1989388,,1989388,AMSTEL,source_code,high
MEASUREMENT_CATEGORICAL//8663//3,LOINC//3024265,,True,,LOINC,3024265,,3024265,AMSTEL,source_code,high
MEASUREMENT_CATEGORICAL//12110//24,LOINC//36203284,,True,,LOINC,36203284,,36203284,AMSTEL,source_code,high
MEASUREMENT_CATEGORICAL//12111//10,LOINC//36203284,,True,,LOINC,36203284,,36203284,AMSTEL,source_code,high
MEASUREMENT_CATEGORICAL//12512//1,OMOP//OMOP_CONCEPT//45878583,,True,,OMOP_CONCEPT,45878583,,Negative,AMSTEL,itemid_valueid,high
MEASUREMENT_CATEGORICAL//12520//4,,,False,,,,,,,,unmapped
MEASUREMENT_CATEGORICAL//12627//8,LOINC//36305611,,True,,LOINC,36305611,,36305611,AMSTEL,source_code,high
MEASUREMENT_CATEGORICAL//12666//1,,,False,,,,,,,,unmapped
MEASUREMENT_CATEGORICAL//12670//2,,,False,,,,,,,,unmapped
MEASUREMENT_CATEGORICAL//13116//13,OMOP//OMOP_CONCEPT//317576,,True,,OMOP_CONCEPT,317576,,Coronary arteriosclerosis,AMSTEL,itemid_valueid,high
MEASUREMENT_CATEGORICAL//14427//23,LOINC//3021707,,True,,LOINC,3021707,,3021707,AMSTEL,source_code,high
MEASUREMENT_CATEGORICAL//14427//25,LOINC//3021707,,True,,LOINC,3021707,,3021707,AMSTEL,source_code,high
MEASUREMENT_CATEGORICAL//14562//13,,,False,,,,,,,,unmapped
MEASUREMENT_CATEGORICAL//16059//21,OMOP//OMOP_CONCEPT//4105064,,True,,OMOP_CONCEPT,4105064,,Serous,AMSTEL,itemid_valueid,high
MEASUREMENT_CATEGORICAL//16237//7,,,False,,,,,,,,unmapped
MEASUREMENT_CATEGORICAL//16275//5,,,False,,,,,,,,unmapped
MEASUREMENT_CATEGORICAL//16278//22,,,False,,,,,,,,unmapped
MEASUREMENT_CATEGORICAL//16279//26,,,False,,,,,,,,unmapped
MEASUREMENT_CATEGORICAL//16283//50,,,False,,,,,,,,unmapped
MEASUREMENT_CATEGORICAL//16285//2,,,False,,,,,,,,unmapped
MEASUREMENT_CATEGORICAL//16295//3,,,False,,,,,,,,unmapped
MEASUREMENT_CATEGORICAL//16307//63,,,False,,,,,,,,unmapped
MEASUREMENT_CATEGORICAL//16308//67,,,False,,,,,,,,unmapped
MEASUREMENT_CATEGORICAL//16312//9,,,False,,,,,,,,unmapped
MEASUREMENT_CATEGORICAL//16313//78,,,False,,,,,,,,unmapped
MEASUREMENT_CATEGORICAL//16315//72,,,False,,,,,,,,unmapped
MEASUREMENT_CATEGORICAL//16315//73,,,False,,,,,,,,unmapped
MEASUREMENT_CATEGORICAL//16448//10,SNOMED//4052413,,True,,SNOMED,4052413,,4052413,AMSTEL,source_code,high
MEASUREMENT_CATEGORICAL//16643//17,OMOP//OMOP_CONCEPT//192671,,True,,OMOP_CONCEPT,192671,,Gastrointestinal hemorrhage,AMSTEL,itemid_valueid,high
MEASUREMENT_CATEGORICAL//16656//7,OMOP//OMOP_CONCEPT//443727,,True,,OMOP_CONCEPT,443727,,Diabetic ketoacidosis,AMSTEL,itemid_valueid,high
MEASUREMENT_CATEGORICAL//16664//12,OMOP//OMOP_CONCEPT//376337,,True,,OMOP_CONCEPT,376337,,Disorder of nervous system,AMSTEL,itemid_valueid,high
MEASUREMENT_CATEGORICAL//16671//14,OMOP//OMOP_CONCEPT//317576,,True,,OMOP_CONCEPT,317576,,Coronary arteriosclerosis,AMSTEL,itemid_valueid,high
MEASUREMENT_CATEGORICAL//16999//16,OMOP//OMOP_CONCEPT//4129389,,True,,OMOP_CONCEPT,4129389,,Gastrointestinal obstruction,AMSTEL,itemid_valueid,high
MEASUREMENT_CATEGORICAL//16999//18,OMOP//OMOP_CONCEPT//4195665,,True,,OMOP_CONCEPT,4195665,,Gastrointestinal tract vascular insufficiency,AMSTEL,itemid_valueid,high
MEASUREMENT_CATEGORICAL//17001//7,OMOP//OMOP_CONCEPT//138379,,True,,OMOP_CONCEPT,138379,,"Chronic lymphoid leukemia, disease",AMSTEL,itemid_valueid,high
MEASUREMENT_CATEGORICAL//17004//20,OMOP//OMOP_CONCEPT//4166498,,True,,OMOP_CONCEPT,4166498,,Overdose of analgesic drug,AMSTEL,itemid_valueid,high
MEASUREMENT_CATEGORICAL//17008//47,OMOP//OMOP_CONCEPT//4142628,,True,,OMOP_CONCEPT,4142628,,Pericardiectomy,AMSTEL,itemid_valueid,high
MEASUREMENT_CATEGORICAL//17009//1,OMOP//OMOP_CONCEPT//4198190,,True,,OMOP_CONCEPT,4198190,,Appendectomy,AMSTEL,itemid_valueid,high
MEASUREMENT_CATEGORICAL//17013//7,OMOP//OMOP_CONCEPT//4324765,,True,,OMOP_CONCEPT,4324765,,Arthropathy of knee joint,AMSTEL,itemid_valueid,high
MEASUREMENT_CATEGORICAL//17014//8,OMOP//OMOP_CONCEPT//4311112,,True,,OMOP_CONCEPT,4311112,,Decompression of cranial nerve,AMSTEL,itemid_valueid,high
MEASUREMENT_CATEGORICAL//17017//12,OMOP//OMOP_CONCEPT//4094683,,True,,OMOP_CONCEPT,4094683,,Chest injury,AMSTEL,itemid_valueid,high
MEASUREMENT_CATEGORICAL//17019//54,OMOP//OMOP_CONCEPT//134057,,True,,OMOP_CONCEPT,134057,,Disorder of cardiovascular system,AMSTEL,itemid_valueid,high
MEASUREMENT_CATEGORICAL//17020//28,OMOP//OMOP_CONCEPT//4338544,,True,,OMOP_CONCEPT,4338544,,Lower gastrointestinal hemorrhage,AMSTEL,itemid_valueid,high
MEASUREMENT_CATEGORICAL//17020//45,OMOP//OMOP_CONCEPT//4074815,,True,,OMOP_CONCEPT,4074815,,Inflammatory bowel disease,AMSTEL,itemid_valueid,high
MEASUREMENT_CATEGORICAL//17021//18,OMOP//OMOP_CONCEPT//194406,,True,,OMOP_CONCEPT,194406,,Urinary tract obstruction,AMSTEL,itemid_valueid,high
MEASUREMENT_CATEGORICAL//17022//19,OMOP//OMOP_CONCEPT//134305,,True,,OMOP_CONCEPT,134305,,Acute lymphoid leukemia,AMSTEL,itemid_valueid,high
MEASUREMENT_CATEGORICAL//17025//47,OMOP//OMOP_CONCEPT//607208,,True,,OMOP_CONCEPT,607208,,Acute alcohol intoxication,AMSTEL,itemid_valueid,high
MEASUREMENT_CATEGORICAL//17026//33,OMOP//OMOP_CONCEPT//4178968,,True,,OMOP_CONCEPT,4178968,,Malignant tumor of larynx,AMSTEL,itemid_valueid,high
MEASUREMENT_CATEGORICAL//17028//43,OMOP//OMOP_CONCEPT//200588,,True,,OMOP_CONCEPT,200588,,Injury of abdomen,AMSTEL,itemid_valueid,high
MEASUREMENT_CATEGORICAL//17029//83,OMOP//OMOP_CONCEPT//317576,,True,,OMOP_CONCEPT,317576,,Coronary arteriosclerosis,AMSTEL,itemid_valueid,high
MEASUREMENT_CATEGORICAL//17030//34,OMOP//OMOP_CONCEPT//4198190,,True,,OMOP_CONCEPT,4198190,,Appendectomy,AMSTEL,itemid_valueid,high
MEASUREMENT_CATEGORICAL//17031//31,OMOP//OMOP_CONCEPT//4029571,,True,,OMOP_CONCEPT,4029571,,Bladder excision,AMSTEL,itemid_valueid,high
MEASUREMENT_CATEGORICAL//17031//35,OMOP//OMOP_CONCEPT//4040392,,True,,OMOP_CONCEPT,4040392,,Procedure on genitourinary system,AMSTEL,itemid_valueid,high
MEASUREMENT_CATEGORICAL//17034//11,OMOP//OMOP_CONCEPT//40484119,,True,,OMOP_CONCEPT,40484119,,Necrotizing soft tissue infection,AMSTEL,itemid_valueid,high
MEASUREMENT_CATEGORICAL//17035//41,OMOP//OMOP_CONCEPT//4108768,,True,,OMOP_CONCEPT,4108768,,Decompression laminectomy,AMSTEL,itemid_valueid,high
MEASUREMENT_CATEGORICAL//18616//4,OMOP//OMOP_CONCEPT//198124,,True,,OMOP_CONCEPT,198124,,Kidney disease,AMSTEL,itemid_valueid,high
MEASUREMENT_CATEGORICAL//18671//137,OMOP//OMOP_CONCEPT//4166498,,True,,OMOP_CONCEPT,4166498,,Overdose of analgesic drug,AMSTEL,itemid_valueid,high
MEASUREMENT_CATEGORICAL//18671//198,OMOP//OMOP_CONCEPT//133468,,True,,OMOP_CONCEPT,133468,,Disorder of limb,AMSTEL,itemid_valueid,high
MEASUREMENT_CATEGORICAL//18671//267,OMOP//OMOP_CONCEPT//4142628,,True,,OMOP_CONCEPT,4142628,,Pericardiectomy,AMSTEL,itemid_valueid,high
MEASUREMENT_CATEGORICAL//18671//300,OMOP//OMOP_CONCEPT//4090739,,True,,OMOP_CONCEPT,4090739,,Nutritional disorder,AMSTEL,itemid_valueid,high
MEASUREMENT_CATEGORICAL//18671//326,OMOP//OMOP_CONCEPT//197230,,True,,OMOP_CONCEPT,197230,,Malignant neoplasm of uterus,AMSTEL,itemid_valueid,high
MEASUREMENT_CATEGORICAL//18671//357,OMOP//OMOP_CONCEPT//4324765,,True,,OMOP_CONCEPT,4324765,,Arthropathy of knee joint,AMSTEL,itemid_valueid,high
MEASUREMENT_CATEGORICAL//18671//367,OMOP//OMOP_CONCEPT//4311112,,True,,OMOP_CONCEPT,4311112,,Decompression of cranial nerve,AMSTEL,itemid_valueid,high
MEASUREMENT_CATEGORICAL//18671//4,OMOP//OMOP_CONCEPT//4119942,,True,,OMOP_CONCEPT,4119942,,Stable angina,AMSTEL,itemid_valueid,high
MEASUREMENT_CATEGORICAL//18671//56,OMOP//OMOP_CONCEPT//443387,,True,,OMOP_CONCEPT,443387,,Malignant tumor of stomach,AMSTEL,itemid_valueid,high
MEASUREMENT_CATEGORICAL//18673//460,OMOP//OMOP_CONCEPT//134057,,True,,OMOP_CONCEPT,134057,,Disorder of cardiovascular system,AMSTEL,itemid_valueid,high
MEASUREMENT_CATEGORICAL//18673//502,OMOP//OMOP_CONCEPT//4338544,,True,,OMOP_CONCEPT,4338544,,Lower gastrointestinal hemorrhage,AMSTEL,itemid_valueid,high
MEASUREMENT_CATEGORICAL//18673//519,OMOP//OMOP_CONCEPT//4074815,,True,,OMOP_CONCEPT,4074815,,Inflammatory bowel disease,AMSTEL,itemid_valueid,high
MEASUREMENT_CATEGORICAL//18673//531,OMOP//OMOP_CONCEPT//4313582,,True,,OMOP_CONCEPT,4313582,,Obstructive nephropathy,AMSTEL,itemid_valueid,high
MEASUREMENT_CATEGORICAL//18673//597,OMOP//OMOP_CONCEPT//4046365,,True,,OMOP_CONCEPT,4046365,,Subarachnoid hemorrhage due to ruptured aneurysm,AMSTEL,itemid_valueid,high
MEASUREMENT_CATEGORICAL//18673//603,OMOP//OMOP_CONCEPT//4178968,,True,,OMOP_CONCEPT,4178968,,Malignant tumor of larynx,AMSTEL,itemid_valueid,high
MEASUREMENT_CATEGORICAL//18673//643,OMOP//OMOP_CONCEPT//200588,,True,,OMOP_CONCEPT,200588,,Injury of abdomen,AMSTEL,itemid_valueid,high
MEASUREMENT_CATEGORICAL//18673//644,OMOP//OMOP_CONCEPT//133468,,True,,OMOP_CONCEPT,133468,,Disorder of limb,AMSTEL,itemid_valueid,high
MEASUREMENT_CATEGORICAL//18673//692,OMOP//OMOP_CONCEPT//317576,,True,,OMOP_CONCEPT,317576,,Coronary arteriosclerosis,AMSTEL,itemid_valueid,high
MEASUREMENT_CATEGORICAL//18673//745,OMOP//OMOP_CONCEPT//4040299,,True,,OMOP_CONCEPT,4040299,,Operation on stomach,AMSTEL,itemid_valueid,high
MEASUREMENT_CATEGORICAL//18673//770,OMOP//OMOP_CONCEPT//37167887,,True,,OMOP_CONCEPT,37167887,,Maternal disorder during pregnancy,AMSTEL,itemid_valueid,high
MEASUREMENT_CATEGORICAL//18673//773,OMOP//OMOP_CONCEPT//197508,,True,,OMOP_CONCEPT,197508,,Malignant tumor of urinary bladder,AMSTEL,itemid_valueid,high
MEASUREMENT_CATEGORICAL//18673//777,OMOP//OMOP_CONCEPT//4040392,,True,,OMOP_CONCEPT,4040392,,Procedure on genitourinary system,AMSTEL,itemid_valueid,high
MEASUREMENT_CATEGORICAL//18673//792,OMOP//OMOP_CONCEPT//4116087,,True,,OMOP_CONCEPT,4116087,,Carcinoma of prostate,AMSTEL,itemid_valueid,high
MEASUREMENT_CATEGORICAL//18673//804,OMOP//OMOP_CONCEPT//4159949,,True,,OMOP_CONCEPT,4159949,,Surgical procedure on soft tissue,AMSTEL,itemid_valueid,high
MEASUREMENT_CATEGORICAL//18673//826,OMOP//OMOP_CONCEPT//4108768,,True,,OMOP_CONCEPT,4108768,,Decompression laminectomy,AMSTEL,itemid_valueid,high
MEASUREMENT_CATEGORICAL//18673//887,OMOP//OMOP_CONCEPT//375415,,True,,OMOP_CONCEPT,375415,,Injury of head,AMSTEL,itemid_valueid,high
MEASUREMENT_CATEGORICAL//19642//1,,,False,,,,,,,,unmapped
MEASUREMENT_CATEGORICAL//19804//18,,,False,,,,,,,,unmapped
MEASUREMENT_CATEGORICAL//19841//12,,,False,,,,,,,,unmapped
MEASUREMENT_CATEGORICAL//19845//20,,,False,,,,,,,,unmapped
MEASUREMENT_CATEGORICAL//20004//4,,,False,,,,,,,,unmapped
MEASUREMENT_CATEGORICAL//20106//38,,,False,,,,,,,,unmapped
MEASUREMENT_CATEGORICAL//20350//1,,,False,,,,,,,,unmapped
MEASUREMENT_CATEGORICAL//20961//1,,,False,,,,,,,,unmapped
MEASUREMENT_CATEGORICAL//21233//12,,,False,,,,,,,,unmapped
MEASUREMENT_CATEGORICAL//21239//2,,,False,,,,,,,,unmapped
MEASUREMENT_CATEGORICAL//8733//16,SNOMED//4085985,,False,,SNOMED,4085985,,4085985,AMSTEL,source_code,high
MEASUREMENT_CATEGORICAL//10468//16,SNOMED//4087925,,True,,SNOMED,4087925,,4087925,AMSTEL,source_code,high
MEASUREMENT_CATEGORICAL//12101//3,LOINC//3003680,,True,,LOINC,3003680,,3003680,AMSTEL,source_code,high
MEASUREMENT_CATEGORICAL//12109//24,LOINC//36203284,,True,,LOINC,36203284,,36203284,AMSTEL,source_code,high
MEASUREMENT_CATEGORICAL//12128//17,OMOP//OMOP_CONCEPT//38003905,,False,,OMOP_CONCEPT,38003905,,Obstetrics,AMSTEL,itemid_valueid,high
MEASUREMENT_CATEGORICAL//12520//3,,,False,,,,,,,,unmapped
MEASUREMENT_CATEGORICAL//12526//4,,,False,,,,,,,,unmapped
MEASUREMENT_CATEGORICAL//12622//4,SNOMED//4302472,,True,,SNOMED,4302472,,4302472,AMSTEL,source_code,high
MEASUREMENT_CATEGORICAL//12669//1,,,False,,,,,,,,unmapped
MEASUREMENT_CATEGORICAL//13122//5,OMOP//OMOP_CONCEPT//4127554,,True,,OMOP_CONCEPT,4127554,,Failed renal transplant,AMSTEL,itemid_valueid,high
MEASUREMENT_CATEGORICAL//13131//4,OMOP//OMOP_CONCEPT//4063759,,True,,OMOP_CONCEPT,4063759,,Evacuation of intracranial extradural hematoma,AMSTEL,itemid_valueid,high
MEASUREMENT_CATEGORICAL//13141//5,OMOP//OMOP_CONCEPT//4301351,,True,,OMOP_CONCEPT,4301351,,Surgical procedure,AMSTEL,itemid_valueid,high
MEASUREMENT_CATEGORICAL//14482//6,LOINC//3026549,,True,,LOINC,3026549,,3026549,AMSTEL,source_code,high
MEASUREMENT_CATEGORICAL//14486//16,,,False,,,,,,,,unmapped
MEASUREMENT_CATEGORICAL//14565//75,,,False,,,,,,,,unmapped
MEASUREMENT_CATEGORICAL//14565//79,,,False,,,,,,,,unmapped
MEASUREMENT_CATEGORICAL//14579//3,,,False,,,,,,,,unmapped
MEASUREMENT_CATEGORICAL//16059//23,OMOP//OMOP_CONCEPT//4116701,,True,,OMOP_CONCEPT,4116701,,Hemorrhagic,AMSTEL,itemid_valueid,high
MEASUREMENT_CATEGORICAL//16102//5,SNOMED//321042,,True,,SNOMED,321042,,321042,AMSTEL,source_code,high
MEASUREMENT_CATEGORICAL//16181//1,,,False,,,,,,,,unmapped
MEASUREMENT_CATEGORICAL//16182//17,,,False,,,,,,,,unmapped
MEASUREMENT_CATEGORICAL//16182//8,,,False,,,,,,,,unmapped
MEASUREMENT_CATEGORICAL//16235//2,,,False,,,,,,,,unmapped
MEASUREMENT_CATEGORICAL//16271//4,,,False,,,,,,,,unmapped
MEASUREMENT_CATEGORICAL//16271//5,,,False,,,,,,,,unmapped
MEASUREMENT_CATEGORICAL//16274//5,,,False,,,,,,,,unmapped
MEASUREMENT_CATEGORICAL//16279//27,,,False,,,,,,,,unmapped
MEASUREMENT_CATEGORICAL//16287//11,,,False,,,,,,,,unmapped
MEASUREMENT_CATEGORICAL//16295//2,,,False,,,,,,,,unmapped
MEASUREMENT_CATEGORICAL//16303//43,,,False,,,,,,,,unmapped
MEASUREMENT_CATEGORICAL//16306//60,,,False,,,,,,,,unmapped
MEASUREMENT_CATEGORICAL//16313//77,,,False,,,,,,,,unmapped
MEASUREMENT_CATEGORICAL//16319//48,,,False,,,,,,,,unmapped
MEASUREMENT_CATEGORICAL//16323//63,,,False,,,,,,,,unmapped
MEASUREMENT_CATEGORICAL//16323//64,,,False,,,,,,,,unmapped
MEASUREMENT_CATEGORICAL//16448//21,SNOMED//4052413,,True,,SNOMED,4052413,,4052413,AMSTEL,source_code,high
MEASUREMENT_CATEGORICAL//16645//12,OMOP//OMOP_CONCEPT//4298484,,True,,OMOP_CONCEPT,4298484,,Operation on oral cavity,AMSTEL,itemid_valueid,high
MEASUREMENT_CATEGORICAL//16646//6,OMOP//OMOP_CONCEPT//320136,,True,,OMOP_CONCEPT,320136,,Disorder of respiratory system,AMSTEL,itemid_valueid,high
MEASUREMENT_CATEGORICAL//16648//21,OMOP//OMOP_CONCEPT//200588,,True,,OMOP_CONCEPT,200588,,Injury of abdomen,AMSTEL,itemid_valueid,high
MEASUREMENT_CATEGORICAL//16650//16,OMOP//OMOP_CONCEPT//3654996,,True,,OMOP_CONCEPT,3654996,,Peripheral arterial disease,AMSTEL,itemid_valueid,high
MEASUREMENT_CATEGORICAL//16653//19,OMOP//OMOP_CONCEPT//316866,,True,,OMOP_CONCEPT,316866,,Hypertensive disorder,AMSTEL,itemid_valueid,high
MEASUREMENT_CATEGORICAL//16655//9,OMOP//OMOP_CONCEPT//132797,,True,,OMOP_CONCEPT,132797,,Sepsis,AMSTEL,itemid_valueid,high
MEASUREMENT_CATEGORICAL//16658//14,OMOP//OMOP_CONCEPT//4286507,,True,,OMOP_CONCEPT,4286507,,Upper respiratory tract obstruction,AMSTEL,itemid_valueid,high
MEASUREMENT_CATEGORICAL//16660//10,OMOP//OMOP_CONCEPT//40492356,,True,,OMOP_CONCEPT,40492356,,Excision of meningioma by infratentorial approach,AMSTEL,itemid_valueid,high
MEASUREMENT_CATEGORICAL//16664//7,OMOP//OMOP_CONCEPT//432923,,True,,OMOP_CONCEPT,432923,,Subarachnoid hemorrhage,AMSTEL,itemid_valueid,high
MEASUREMENT_CATEGORICAL//16953//3,,,False,,,,,,,,unmapped
MEASUREMENT_CATEGORICAL//16998//28,OMOP//OMOP_CONCEPT//201965,,True,,OMOP_CONCEPT,201965,,Shock,AMSTEL,itemid_valueid,high
MEASUREMENT_CATEGORICAL//16998//4,OMOP//OMOP_CONCEPT//321318,,True,,OMOP_CONCEPT,321318,,Angina pectoris,AMSTEL,itemid_valueid,high
MEASUREMENT_CATEGORICAL//16998//43,OMOP//OMOP_CONCEPT//4133004,,True,,OMOP_CONCEPT,4133004,,Deep venous thrombosis,AMSTEL,itemid_valueid,high
MEASUREMENT_CATEGORICAL//16999//13,OMOP//OMOP_CONCEPT//4029488,,True,,OMOP_CONCEPT,4029488,,Hepatic encephalopathy,AMSTEL,itemid_valueid,high
MEASUREMENT_CATEGORICAL//16999//21,OMOP//OMOP_CONCEPT//4074815,,True,,OMOP_CONCEPT,4074815,,Inflammatory bowel disease,AMSTEL,itemid_valueid,high
MEASUREMENT_CATEGORICAL//17001//5,OMOP//OMOP_CONCEPT//134305,,True,,OMOP_CONCEPT,134305,,Acute lymphoid leukemia,AMSTEL,itemid_valueid,high
MEASUREMENT_CATEGORICAL//17003//2,OMOP//OMOP_CONCEPT//4167984,,True,,OMOP_CONCEPT,4167984,,Bacterial arthritis,AMSTEL,itemid_valueid,high
MEASUREMENT_CATEGORICAL//17007//25,OMOP//OMOP_CONCEPT//375415,,True,,OMOP_CONCEPT,375415,,Injury of head,AMSTEL,itemid_valueid,high
MEASUREMENT_CATEGORICAL//17007//4,OMOP//OMOP_CONCEPT//200588,,True,,OMOP_CONCEPT,200588,,Injury of abdomen,AMSTEL,itemid_valueid,high
MEASUREMENT_CATEGORICAL//17010//11,OMOP//OMOP_CONCEPT//195500,,True,,OMOP_CONCEPT,195500,,Benign neoplasm of uterus,AMSTEL,itemid_valueid,high
MEASUREMENT_CATEGORICAL//17010//15,OMOP//OMOP_CONCEPT//198124,,True,,OMOP_CONCEPT,198124,,Kidney disease,AMSTEL,itemid_valueid,high
MEASUREMENT_CATEGORICAL//17010//24,OMOP//OMOP_CONCEPT//4116087,,True,,OMOP_CONCEPT,4116087,,Carcinoma of prostate,AMSTEL,itemid_valueid,high
MEASUREMENT_CATEGORICAL//17017//33,OMOP//OMOP_CONCEPT//133468,,True,,OMOP_CONCEPT,133468,,Disorder of limb,AMSTEL,itemid_valueid,high
MEASUREMENT_CATEGORICAL//17017//5,OMOP//OMOP_CONCEPT//200588,,True,,OMOP_CONCEPT,200588,,Injury of abdomen,AMSTEL,itemid_valueid,high
MEASUREMENT_CATEGORICAL//17018//34,,,False,,,,,,,,unmapped
MEASUREMENT_CATEGORICAL//17019//67,OMOP//OMOP_CONCEPT//45768449,,True,,OMOP_CONCEPT,45768449,,Hypertensive crisis,AMSTEL,itemid_valueid,high
MEASUREMENT_CATEGORICAL//17025//35,OMOP//OMOP_CONCEPT//372887,,True,,OMOP_CONCEPT,372887,,Disorder of brain,AMSTEL,itemid_valueid,high
MEASUREMENT_CATEGORICAL//17025//46,OMOP//OMOP_CONCEPT//4048806,,True,,OMOP_CONCEPT,4048806,,Post-anoxic coma,AMSTEL,itemid_valueid,high
MEASUREMENT_CATEGORICAL//17025//56,OMOP//OMOP_CONCEPT//4046365,,True,,OMOP_CONCEPT,4046365,,Subarachnoid hemorrhage due to ruptured aneurysm,AMSTEL,itemid_valueid,high
MEASUREMENT_CATEGORICAL//17028//44,OMOP//OMOP_CONCEPT//133468,,True,,OMOP_CONCEPT,133468,,Disorder of limb,AMSTEL,itemid_valueid,high
MEASUREMENT_CATEGORICAL//17028//57,OMOP//OMOP_CONCEPT//375415,,True,,OMOP_CONCEPT,375415,,Injury of head,AMSTEL,itemid_valueid,high
MEASUREMENT_CATEGORICAL//17028//71,OMOP//OMOP_CONCEPT//4095850,,True,,OMOP_CONCEPT,4095850,,Spinal injury,AMSTEL,itemid_valueid,high
MEASUREMENT_CATEGORICAL//17029//113,OMOP//OMOP_CONCEPT//132797,,True,,OMOP_CONCEPT,132797,,Sepsis,AMSTEL,itemid_valueid,high
MEASUREMENT_CATEGORICAL//17029//72,OMOP//OMOP_CONCEPT//4327488,,True,,OMOP_CONCEPT,4327488,,Repair of aneurysm,AMSTEL,itemid_valueid,high
MEASUREMENT_CATEGORICAL//17030//37,OMOP//OMOP_CONCEPT//40485318,,True,,OMOP_CONCEPT,40485318,,Incision of stomach and suture of bleeding gastric ulcer,AMSTEL,itemid_valueid,high
MEASUREMENT_CATEGORICAL//17030//43,OMOP//OMOP_CONCEPT//4040299,,True,,OMOP_CONCEPT,4040299,,Operation on stomach,AMSTEL,itemid_valueid,high
MEASUREMENT_CATEGORICAL//17031//28,OMOP//OMOP_CONCEPT//37167887,,True,,OMOP_CONCEPT,37167887,,Maternal disorder during pregnancy,AMSTEL,itemid_valueid,high
MEASUREMENT_CATEGORICAL//17031//50,OMOP//OMOP_CONCEPT//4116087,,True,,OMOP_CONCEPT,4116087,,Carcinoma of prostate,AMSTEL,itemid_valueid,high
MEASUREMENT_CATEGORICAL//17035//27,OMOP//OMOP_CONCEPT//4247297,,True,,OMOP_CONCEPT,4247297,,Cerebral abscess,AMSTEL,itemid_valueid,high
MEASUREMENT_CATEGORICAL//17038//55,OMOP//OMOP_CONCEPT//375415,,True,,OMOP_CONCEPT,375415,,Injury of head,AMSTEL,itemid_valueid,high
MEASUREMENT_CATEGORICAL//18671//108,OMOP//OMOP_CONCEPT//4167984,,True,,OMOP_CONCEPT,4167984,,Bacterial arthritis,AMSTEL,itemid_valueid,high
MEASUREMENT_CATEGORICAL//18671//250,OMOP//OMOP_CONCEPT//3654996,,True,,OMOP_CONCEPT,3654996,,Peripheral arterial disease,AMSTEL,itemid_valueid,high
MEASUREMENT_CATEGORICAL//18671//327,OMOP//OMOP_CONCEPT//195500,,True,,OMOP_CONCEPT,195500,,Benign neoplasm of uterus,AMSTEL,itemid_valueid,high
MEASUREMENT_CATEGORICAL//18671//365,OMOP//OMOP_CONCEPT//4046448,,True,,OMOP_CONCEPT,4046448,,Cerebrospinal fluid leak,AMSTEL,itemid_valueid,high
MEASUREMENT_CATEGORICAL//18671//419,OMOP//OMOP_CONCEPT//200588,,True,,OMOP_CONCEPT,200588,,Injury of abdomen,AMSTEL,itemid_valueid,high
MEASUREMENT_CATEGORICAL//18671//446,OMOP//OMOP_CONCEPT//4096313,,True,,OMOP_CONCEPT,4096313,,Multiple injuries,AMSTEL,itemid_valueid,high
MEASUREMENT_CATEGORICAL//18671//64,OMOP//OMOP_CONCEPT//4195665,,True,,OMOP_CONCEPT,4195665,,Gastrointestinal tract vascular insufficiency,AMSTEL,itemid_valueid,high
MEASUREMENT_CATEGORICAL//18671//67,OMOP//OMOP_CONCEPT//4074815,,True,,OMOP_CONCEPT,4074815,,Inflammatory bowel disease,AMSTEL,itemid_valueid,high
MEASUREMENT_CATEGORICAL//18673//468,OMOP//OMOP_CONCEPT//321710,,True,,OMOP_CONCEPT,321710,,Contusion to heart,AMSTEL,itemid_valueid,high
MEASUREMENT_CATEGORICAL//18673//473,OMOP//OMOP_CONCEPT//45768449,,True,,OMOP_CONCEPT,45768449,,Hypertensive crisis,AMSTEL,itemid_valueid,high
MEASUREMENT_CATEGORICAL//18673//536,OMOP//OMOP_CONCEPT//134305,,True,,OMOP_CONCEPT,134305,,Acute lymphoid leukemia,AMSTEL,itemid_valueid,high
MEASUREMENT_CATEGORICAL//18673//570,OMOP//OMOP_CONCEPT//374335,,True,,OMOP_CONCEPT,374335,,Intracranial and intraspinal abscesses,AMSTEL,itemid_valueid,high
MEASUREMENT_CATEGORICAL//18673//576,OMOP//OMOP_CONCEPT//372887,,True,,OMOP_CONCEPT,372887,,Disorder of brain,AMSTEL,itemid_valueid,high
MEASUREMENT_CATEGORICAL//18673//588,OMOP//OMOP_CONCEPT//607208,,True,,OMOP_CONCEPT,607208,,Acute alcohol intoxication,AMSTEL,itemid_valueid,high
MEASUREMENT_CATEGORICAL//18673//648,OMOP//OMOP_CONCEPT//4094683,,True,,OMOP_CONCEPT,4094683,,Chest injury,AMSTEL,itemid_valueid,high
MEASUREMENT_CATEGORICAL//18673//657,OMOP//OMOP_CONCEPT//375415,,True,,OMOP_CONCEPT,375415,,Injury of head,AMSTEL,itemid_valueid,high
MEASUREMENT_CATEGORICAL//18673//671,OMOP//OMOP_CONCEPT//4095850,,True,,OMOP_CONCEPT,4095850,,Spinal injury,AMSTEL,itemid_valueid,high
MEASUREMENT_CATEGORICAL//18673//681,OMOP//OMOP_CONCEPT//317585,,True,,OMOP_CONCEPT,317585,,Aortic aneurysm,AMSTEL,itemid_valueid,high
MEASUREMENT_CATEGORICAL//18673//722,OMOP//OMOP_CONCEPT//132797,,True,,OMOP_CONCEPT,132797,,Sepsis,AMSTEL,itemid_valueid,high
MEASUREMENT_CATEGORICAL//18673//739,OMOP//OMOP_CONCEPT//40485318,,True,,OMOP_CONCEPT,40485318,,Incision of stomach and suture of bleeding gastric ulcer,AMSTEL,itemid_valueid,high
MEASUREMENT_CATEGORICAL//18673//812,OMOP//OMOP_CONCEPT//4257898,,True,,OMOP_CONCEPT,4257898,,Craniectomy with excision of brain abscess,AMSTEL,itemid_valueid,high
MEASUREMENT_CATEGORICAL//18673//845,OMOP//OMOP_CONCEPT//4073393,,True,,OMOP_CONCEPT,4073393,,Opening of chest,AMSTEL,itemid_valueid,high
MEASUREMENT_CATEGORICAL//18673//853,OMOP//OMOP_CONCEPT//320136,,True,,OMOP_CONCEPT,320136,,Disorder of respiratory system,AMSTEL,itemid_valueid,high
MEASUREMENT_CATEGORICAL//18673//875,OMOP//OMOP_CONCEPT//200588,,True,,OMOP_CONCEPT,200588,,Injury of abdomen,AMSTEL,itemid_valueid,high
MEASUREMENT_CATEGORICAL//18673//884,OMOP//OMOP_CONCEPT//133468,,True,,OMOP_CONCEPT,133468,,Disorder of limb,AMSTEL,itemid_valueid,high
MEASUREMENT_CATEGORICAL//18673//886,OMOP//OMOP_CONCEPT//4096313,,True,,OMOP_CONCEPT,4096313,,Multiple injuries,AMSTEL,itemid_valueid,high
MEASUREMENT_CATEGORICAL//18682//1,,,False,,,,,,,,unmapped
MEASUREMENT_CATEGORICAL//18682//6,,,False,,,,,,,,unmapped
MEASUREMENT_CATEGORICAL//18687//1,,,False,,,,,,,,unmapped
MEASUREMENT_CATEGORICAL//18687//5,,,False,,,,,,,,unmapped
MEASUREMENT_CATEGORICAL//18692//1,,,False,,,,,,,,unmapped
MEASUREMENT_CATEGORICAL//19237//3,,,False,,,,,,,,unmapped
MEASUREMENT_CATEGORICAL//19288//3,OMOP//OMOP_CONCEPT//45884091,,True,,OMOP_CONCEPT,45884091,,Indeterminate,AMSTEL,itemid_valueid,high
MEASUREMENT_CATEGORICAL//19291//12,OMOP//OMOP_CONCEPT//45884091,,True,,OMOP_CONCEPT,45884091,,Indeterminate,AMSTEL,itemid_valueid,high
MEASUREMENT_CATEGORICAL//19642//3,,,False,,,,,,,,unmapped
MEASUREMENT_CATEGORICAL//19643//1,,,False,,,,,,,,unmapped
MEASUREMENT_CATEGORICAL//19844//16,,,False,,,,,,,,unmapped
MEASUREMENT_CATEGORICAL//19845//18,,,False,,,,,,,,unmapped
MEASUREMENT_CATEGORICAL//20015//4,,,False,,,,,,,,unmapped
MEASUREMENT_CATEGORICAL//21042//3,,,False,,,,,,,,unmapped
MEASUREMENT_CATEGORICAL//21042//6,,,False,,,,,,,,unmapped
MEASUREMENT_CATEGORICAL//21191//14,,,False,,,,,,,,unmapped
MEASUREMENT_CATEGORICAL//21233//13,,,False,,,,,,,,unmapped
MEASUREMENT_CATEGORICAL//8733//19,SNOMED//4085985,,False,,SNOMED,4085985,,4085985,AMSTEL,source_code,high
MEASUREMENT_CATEGORICAL//12101//2,LOINC//3003680,,True,,LOINC,3003680,,3003680,AMSTEL,source_code,high
MEASUREMENT_CATEGORICAL//12108//1,LOINC//36203284,,True,,LOINC,36203284,,36203284,AMSTEL,source_code,high
MEASUREMENT_CATEGORICAL//12108//6,LOINC//36203284,,True,,LOINC,36203284,,36203284,AMSTEL,source_code,high
MEASUREMENT_CATEGORICAL//12109//22,LOINC//36203284,,True,,LOINC,36203284,,36203284,AMSTEL,source_code,high
MEASUREMENT_CATEGORICAL//12109//23,LOINC//36203284,,True,,LOINC,36203284,,36203284,AMSTEL,source_code,high
MEASUREMENT_CATEGORICAL//12110//12,LOINC//36203284,,True,,LOINC,36203284,,36203284,AMSTEL,source_code,high
MEASUREMENT_CATEGORICAL//12110//26,LOINC//36203284,,True,,LOINC,36203284,,36203284,AMSTEL,source_code,high
MEASUREMENT_CATEGORICAL//12111//18,LOINC//36203284,,True,,LOINC,36203284,,36203284,AMSTEL,source_code,high
MEASUREMENT_CATEGORICAL//12111//22,LOINC//36203284,,True,,LOINC,36203284,,36203284,AMSTEL,source_code,high
MEASUREMENT_CATEGORICAL//12111//26,LOINC//36203284,,True,,LOINC,36203284,,36203284,AMSTEL,source_code,high
MEASUREMENT_CATEGORICAL//12290//4,OMOP//OMOP//3004921,,True,,OMOP,3004921,,ventilator_mode,BlendedICU,label_exact,high
MEASUREMENT_CATEGORICAL//12515//2,OMOP//OMOP_CONCEPT//4035566,,True,,OMOP_CONCEPT,4035566,,Text value,AMSTEL,itemid_valueid,high
MEASUREMENT_CATEGORICAL//12665//2,,,False,,,,,,,,unmapped
MEASUREMENT_CATEGORICAL//12670//4,,,False,,,,,,,,unmapped
MEASUREMENT_CATEGORICAL//13119//7,OMOP//OMOP_CONCEPT//40480201,,True,,OMOP_CONCEPT,40480201,,Drainage of mediastinum,AMSTEL,itemid_valueid,high
MEASUREMENT_CATEGORICAL//13129//5,OMOP//OMOP_CONCEPT//4103961,,True,,OMOP_CONCEPT,4103961,,Removal of acoustic neuroma,AMSTEL,itemid_valueid,high
MEASUREMENT_CATEGORICAL//13141//2,OMOP//OMOP_CONCEPT//317109,,True,,OMOP_CONCEPT,317109,,Respiratory arrest,AMSTEL,itemid_valueid,high
MEASUREMENT_CATEGORICAL//14163//5,,,False,,,,,,,,unmapped
MEASUREMENT_CATEGORICAL//14426//23,LOINC//3021707,,True,,LOINC,3021707,,3021707,AMSTEL,source_code,high
MEASUREMENT_CATEGORICAL//14426//42,LOINC//3021707,,True,,LOINC,3021707,,3021707,AMSTEL,source_code,high
MEASUREMENT_CATEGORICAL//14469//5,SNOMED//37154585,,True,,SNOMED,37154585,,37154585,AMSTEL,source_code,high
MEASUREMENT_CATEGORICAL//14470//5,LOINC//3026019,,True,,LOINC,3026019,,3026019,AMSTEL,source_code,high
MEASUREMENT_CATEGORICAL//14476//7,LOINC//3026549,,True,,LOINC,3026549,,3026549,AMSTEL,source_code,high
MEASUREMENT_CATEGORICAL//14482//9,LOINC//3026549,,True,,LOINC,3026549,,3026549,AMSTEL,source_code,high
MEASUREMENT_CATEGORICAL//14486//1,,,False,,,,,,,,unmapped
MEASUREMENT_CATEGORICAL//14562//11,,,False,,,,,,,,unmapped
MEASUREMENT_CATEGORICAL//14565//81,,,False,,,,,,,,unmapped
MEASUREMENT_CATEGORICAL//14579//1,,,False,,,,,,,,unmapped
MEASUREMENT_CATEGORICAL//16102//4,SNOMED//321042,,True,,SNOMED,321042,,321042,AMSTEL,source_code,high
MEASUREMENT_CATEGORICAL//16179//3,SNOMED//604177,,True,,SNOMED,604177,,604177,AMSTEL,source_code,high
MEASUREMENT_CATEGORICAL//16182//10,,,False,,,,,,,,unmapped
MEASUREMENT_CATEGORICAL//16182//31,,,False,,,,,,,,unmapped
MEASUREMENT_CATEGORICAL//16229//2,,,False,,,,,,,,unmapped
MEASUREMENT_CATEGORICAL//16235//1,,,False,,,,,,,,unmapped
MEASUREMENT_CATEGORICAL//16253//1,,,False,,,,,,,,unmapped
MEASUREMENT_CATEGORICAL//16275//1,,,False,,,,,,,,unmapped
MEASUREMENT_CATEGORICAL//16303//45,,,False,,,,,,,,unmapped
MEASUREMENT_CATEGORICAL//16304//48,,,False,,,,,,,,unmapped
MEASUREMENT_CATEGORICAL//16308//70,,,False,,,,,,,,unmapped
MEASUREMENT_CATEGORICAL//16309//72,,,False,,,,,,,,unmapped
MEASUREMENT_CATEGORICAL//16309//73,,,False,,,,,,,,unmapped
MEASUREMENT_CATEGORICAL//16311//83,,,False,,,,,,,,unmapped
MEASUREMENT_CATEGORICAL//16316//69,,,False,,,,,,,,unmapped
MEASUREMENT_CATEGORICAL//16318//52,,,False,,,,,,,,unmapped
MEASUREMENT_CATEGORICAL//16325//23,,,False,,,,,,,,unmapped
MEASUREMENT_CATEGORICAL//16328//33,,,False,,,,,,,,unmapped
MEASUREMENT_CATEGORICAL//16448//22,SNOMED//4052413,,True,,SNOMED,4052413,,4052413,AMSTEL,source_code,high
MEASUREMENT_CATEGORICAL//16604//8,SNOMED//4206625,,True,,SNOMED,4206625,,4206625,AMSTEL,source_code,high
MEASUREMENT_CATEGORICAL//16648//22,OMOP//OMOP_CONCEPT//4095850,,True,,OMOP_CONCEPT,4095850,,Spinal injury,AMSTEL,itemid_valueid,high
MEASUREMENT_CATEGORICAL//16653//21,OMOP//OMOP_CONCEPT//134057,,True,,OMOP_CONCEPT,134057,,Disorder of cardiovascular system,AMSTEL,itemid_valueid,high
MEASUREMENT_CATEGORICAL//16655//12,OMOP//OMOP_CONCEPT//432250,,True,,OMOP_CONCEPT,432250,,Infectious disease,AMSTEL,itemid_valueid,high
MEASUREMENT_CATEGORICAL//16658//20,OMOP//OMOP_CONCEPT//257004,,True,,OMOP_CONCEPT,257004,,Acute exacerbation of chronic obstructive airways disease,AMSTEL,itemid_valueid,high
MEASUREMENT_CATEGORICAL//16662//6,OMOP//OMOP_CONCEPT//4138816,,True,,OMOP_CONCEPT,4138816,,Cranioplasty,AMSTEL,itemid_valueid,high
MEASUREMENT_CATEGORICAL//16951//2,,,False,,,,,,,,unmapped
MEASUREMENT_CATEGORICAL//16951//3,,,False,,,,,,,,unmapped
MEASUREMENT_CATEGORICAL//16998//27,OMOP//OMOP_CONCEPT//4124686,,True,,OMOP_CONCEPT,4124686,,Silent myocardial infarction,AMSTEL,itemid_valueid,high
MEASUREMENT_CATEGORICAL//16998//29,OMOP//OMOP_CONCEPT//4141491,,True,,OMOP_CONCEPT,4141491,,Mitral papillary muscle rupture,AMSTEL,itemid_valueid,high
MEASUREMENT_CATEGORICAL//16999//10,OMOP//OMOP_CONCEPT//443387,,True,,OMOP_CONCEPT,443387,,Malignant tumor of stomach,AMSTEL,itemid_valueid,high
MEASUREMENT_CATEGORICAL//17000//5,OMOP//OMOP_CONCEPT//42538557,,True,,OMOP_CONCEPT,42538557,,Neonatal hemorrhage of kidney,AMSTEL,itemid_valueid,high
MEASUREMENT_CATEGORICAL//17001//12,OMOP//OMOP_CONCEPT//320073,,True,,OMOP_CONCEPT,320073,,Neutropenia,AMSTEL,itemid_valueid,high
MEASUREMENT_CATEGORICAL//17001//9,OMOP//OMOP_CONCEPT//317510,,True,,OMOP_CONCEPT,317510,,Leukemia,AMSTEL,itemid_valueid,high
MEASUREMENT_CATEGORICAL//17007//14,OMOP//OMOP_CONCEPT//133468,,True,,OMOP_CONCEPT,133468,,Disorder of limb,AMSTEL,itemid_valueid,high
MEASUREMENT_CATEGORICAL//17008//12,OMOP//OMOP_CONCEPT//4012932,,True,,OMOP_CONCEPT,4012932,,Atrioseptoplasty,AMSTEL,itemid_valueid,high
MEASUREMENT_CATEGORICAL//17008//15,OMOP//OMOP_CONCEPT//317576,,True,,OMOP_CONCEPT,317576,,Coronary arteriosclerosis,AMSTEL,itemid_valueid,high
MEASUREMENT_CATEGORICAL//17008//2,OMOP//OMOP_CONCEPT//4138895,,True,,OMOP_CONCEPT,4138895,,Repair of left ventricular aneurysm,AMSTEL,itemid_valueid,high
MEASUREMENT_CATEGORICAL//17008//38,OMOP//OMOP_CONCEPT//3654996,,True,,OMOP_CONCEPT,3654996,,Peripheral arterial disease,AMSTEL,itemid_valueid,high
MEASUREMENT_CATEGORICAL//17010//10,OMOP//OMOP_CONCEPT//197230,,True,,OMOP_CONCEPT,197230,,Malignant neoplasm of uterus,AMSTEL,itemid_valueid,high
MEASUREMENT_CATEGORICAL//17013//3,OMOP//OMOP_CONCEPT//37110585,,True,,OMOP_CONCEPT,37110585,,Complication due to and following cosmetic surgery,AMSTEL,itemid_valueid,high
MEASUREMENT_CATEGORICAL//17014//6,OMOP//OMOP_CONCEPT//4046448,,True,,OMOP_CONCEPT,4046448,,Cerebrospinal fluid leak,AMSTEL,itemid_valueid,high
MEASUREMENT_CATEGORICAL//17015//1,OMOP//OMOP_CONCEPT//4307240,,True,,OMOP_CONCEPT,4307240,,Uvulopalatopharyngoplasty,AMSTEL,itemid_valueid,high
MEASUREMENT_CATEGORICAL//17015//2,OMOP//OMOP_CONCEPT//317109,,True,,OMOP_CONCEPT,317109,,Respiratory arrest,AMSTEL,itemid_valueid,high
MEASUREMENT_CATEGORICAL//17017//20,OMOP//OMOP_CONCEPT//200588,,True,,OMOP_CONCEPT,200588,,Injury of abdomen,AMSTEL,itemid_valueid,high
MEASUREMENT_CATEGORICAL//17017//30,OMOP//OMOP_CONCEPT//4096313,,True,,OMOP_CONCEPT,4096313,,Multiple injuries,AMSTEL,itemid_valueid,high
MEASUREMENT_CATEGORICAL//17019//62,OMOP//OMOP_CONCEPT//321710,,True,,OMOP_CONCEPT,321710,,Contusion to heart,AMSTEL,itemid_valueid,high
MEASUREMENT_CATEGORICAL//17019//68,OMOP//OMOP_CONCEPT//37311319,,True,,OMOP_CONCEPT,37311319,,Hypovolemia,AMSTEL,itemid_valueid,high
MEASUREMENT_CATEGORICAL//17019//90,OMOP//OMOP_CONCEPT//4278217,,True,,OMOP_CONCEPT,4278217,,Arterial thrombosis,AMSTEL,itemid_valueid,high
MEASUREMENT_CATEGORICAL//17020//27,OMOP//OMOP_CONCEPT//192671,,True,,OMOP_CONCEPT,192671,,Gastrointestinal hemorrhage,AMSTEL,itemid_valueid,high
MEASUREMENT_CATEGORICAL//17020//31,OMOP//OMOP_CONCEPT//4181343,,True,,OMOP_CONCEPT,4181343,,Malignant tumor of esophagus,AMSTEL,itemid_valueid,high
MEASUREMENT_CATEGORICAL//17020//42,OMOP//OMOP_CONCEPT//4195665,,True,,OMOP_CONCEPT,4195665,,Gastrointestinal tract vascular insufficiency,AMSTEL,itemid_valueid,high
MEASUREMENT_CATEGORICAL//17023//24,OMOP//OMOP_CONCEPT//4182596,,True,,OMOP_CONCEPT,4182596,,Myxedema,AMSTEL,itemid_valueid,high
MEASUREMENT_CATEGORICAL//17024//18,OMOP//OMOP_CONCEPT//4244662,,True,,OMOP_CONCEPT,4244662,,Disorder of musculoskeletal system,AMSTEL,itemid_valueid,high
MEASUREMENT_CATEGORICAL//17025//29,OMOP//OMOP_CONCEPT//4247297,,True,,OMOP_CONCEPT,4247297,,Cerebral abscess,AMSTEL,itemid_valueid,high
MEASUREMENT_CATEGORICAL//17025//36,OMOP//OMOP_CONCEPT//4164770,,True,,OMOP_CONCEPT,4164770,,Guillain-Barré syndrome,AMSTEL,itemid_valueid,high
MEASUREMENT_CATEGORICAL//17025//45,OMOP//OMOP_CONCEPT//44812002,,True,,OMOP_CONCEPT,44812002,,Neuromuscular disorder,AMSTEL,itemid_valueid,high
MEASUREMENT_CATEGORICAL//17028//48,OMOP//OMOP_CONCEPT//4094683,,True,,OMOP_CONCEPT,4094683,,Chest injury,AMSTEL,itemid_valueid,high
MEASUREMENT_CATEGORICAL//17029//87,OMOP//OMOP_CONCEPT//4012185,,True,,OMOP_CONCEPT,4012185,,Cardiovascular surgical procedure,AMSTEL,itemid_valueid,high
MEASUREMENT_CATEGORICAL//17029//89,OMOP//OMOP_CONCEPT//4148948,,True,,OMOP_CONCEPT,4148948,,Vascular surgery procedure,AMSTEL,itemid_valueid,high
MEASUREMENT_CATEGORICAL//17033//9,OMOP//OMOP_CONCEPT//141253,,True,,OMOP_CONCEPT,141253,,Disorder of thyroid gland,AMSTEL,itemid_valueid,high
MEASUREMENT_CATEGORICAL//17035//31,OMOP//OMOP_CONCEPT//4176148,,True,,OMOP_CONCEPT,4176148,,Extradural intracranial hematoma,AMSTEL,itemid_valueid,high
MEASUREMENT_CATEGORICAL//17035//43,OMOP//OMOP_CONCEPT//4130040,,True,,OMOP_CONCEPT,4130040,,Neoplasm of spinal cord,AMSTEL,itemid_valueid,high
MEASUREMENT_CATEGORICAL//17035//52,OMOP//OMOP_CONCEPT//4122291,,True,,OMOP_CONCEPT,4122291,,Cranial ventriculostomy,AMSTEL,itemid_valueid,high
MEASUREMENT_CATEGORICAL//17036//27,OMOP//OMOP_CONCEPT//257010,,True,,OMOP_CONCEPT,257010,,Abscess of lung,AMSTEL,itemid_valueid,high
MEASUREMENT_CATEGORICAL//17038//43,OMOP//OMOP_CONCEPT//200588,,True,,OMOP_CONCEPT,200588,,Injury of abdomen,AMSTEL,itemid_valueid,high
MEASUREMENT_CATEGORICAL//17038//52,OMOP//OMOP_CONCEPT//133468,,True,,OMOP_CONCEPT,133468,,Disorder of limb,AMSTEL,itemid_valueid,high
MEASUREMENT_CATEGORICAL//18602//4,OMOP//OMOP_CONCEPT//317109,,True,,OMOP_CONCEPT,317109,,Respiratory arrest,AMSTEL,itemid_valueid,high
MEASUREMENT_CATEGORICAL//18610//16,OMOP//OMOP_CONCEPT//317009,,True,,OMOP_CONCEPT,317009,,Asthma,AMSTEL,itemid_valueid,high
MEASUREMENT_CATEGORICAL//18670//112,OMOP//OMOP_CONCEPT//257581,,True,,OMOP_CONCEPT,257581,,Acute asthma,AMSTEL,itemid_valueid,high
MEASUREMENT_CATEGORICAL//18670//70,OMOP//OMOP_CONCEPT//4044013,,True,,OMOP_CONCEPT,4044013,,Hematologic neoplasm,AMSTEL,itemid_valueid,high
MEASUREMENT_CATEGORICAL//18671//258,OMOP//OMOP_CONCEPT//3654996,,True,,OMOP_CONCEPT,3654996,,Peripheral arterial disease,AMSTEL,itemid_valueid,high
MEASUREMENT_CATEGORICAL//18671//29,OMOP//OMOP_CONCEPT//4141491,,True,,OMOP_CONCEPT,4141491,,Mitral papillary muscle rupture,AMSTEL,itemid_valueid,high
MEASUREMENT_CATEGORICAL//18671//353,OMOP//OMOP_CONCEPT//4207050,,True,,OMOP_CONCEPT,4207050,,Cosmetic surgery,AMSTEL,itemid_valueid,high
MEASUREMENT_CATEGORICAL//18671//386,OMOP//OMOP_CONCEPT//4307240,,True,,OMOP_CONCEPT,4307240,,Uvulopalatopharyngoplasty,AMSTEL,itemid_valueid,high
MEASUREMENT_CATEGORICAL//18671//54,OMOP//OMOP_CONCEPT//4130373,,True,,OMOP_CONCEPT,4130373,,Neoplasm of gastrointestinal tract,AMSTEL,itemid_valueid,high
MEASUREMENT_CATEGORICAL//18671//75,OMOP//OMOP_CONCEPT//4316366,,True,,OMOP_CONCEPT,4316366,,Hemorrhage of kidney,AMSTEL,itemid_valueid,high
MEASUREMENT_CATEGORICAL//18673//456,OMOP//OMOP_CONCEPT//4119942,,True,,OMOP_CONCEPT,4119942,,Stable angina,AMSTEL,itemid_valueid,high
MEASUREMENT_CATEGORICAL//18673//474,OMOP//OMOP_CONCEPT//37311319,,True,,OMOP_CONCEPT,37311319,,Hypovolemia,AMSTEL,itemid_valueid,high
MEASUREMENT_CATEGORICAL//18673//496,OMOP//OMOP_CONCEPT//4278217,,True,,OMOP_CONCEPT,4278217,,Arterial thrombosis,AMSTEL,itemid_valueid,high
MEASUREMENT_CATEGORICAL//18673//501,OMOP//OMOP_CONCEPT//192671,,True,,OMOP_CONCEPT,192671,,Gastrointestinal hemorrhage,AMSTEL,itemid_valueid,high
MEASUREMENT_CATEGORICAL//18673//504,OMOP//OMOP_CONCEPT//37168850,,True,,OMOP_CONCEPT,37168850,,Colorectal cancer,AMSTEL,itemid_valueid,high
MEASUREMENT_CATEGORICAL//18673//505,OMOP//OMOP_CONCEPT//4181343,,True,,OMOP_CONCEPT,4181343,,Malignant tumor of esophagus,AMSTEL,itemid_valueid,high
MEASUREMENT_CATEGORICAL//18673//511,OMOP//OMOP_CONCEPT//4029488,,True,,OMOP_CONCEPT,4029488,,Hepatic encephalopathy,AMSTEL,itemid_valueid,high
MEASUREMENT_CATEGORICAL//18673//516,OMOP//OMOP_CONCEPT//4195665,,True,,OMOP_CONCEPT,4195665,,Gastrointestinal tract vascular insufficiency,AMSTEL,itemid_valueid,high
MEASUREMENT_CATEGORICAL//18673//556,OMOP//OMOP_CONCEPT//4182596,,True,,OMOP_CONCEPT,4182596,,Myxedema,AMSTEL,itemid_valueid,high
MEASUREMENT_CATEGORICAL//18673//562,OMOP//OMOP_CONCEPT//4320030,,True,,OMOP_CONCEPT,4320030,,Soft tissue infection,AMSTEL,itemid_valueid,high
MEASUREMENT_CATEGORICAL//18673//565,OMOP//OMOP_CONCEPT//4244662,,True,,OMOP_CONCEPT,4244662,,Disorder of musculoskeletal system,AMSTEL,itemid_valueid,high
MEASUREMENT_CATEGORICAL//18673//577,OMOP//OMOP_CONCEPT//4164770,,True,,OMOP_CONCEPT,4164770,,Guillain-Barré syndrome,AMSTEL,itemid_valueid,high
MEASUREMENT_CATEGORICAL//18673//586,OMOP//OMOP_CONCEPT//44812002,,True,,OMOP_CONCEPT,44812002,,Neuromuscular disorder,AMSTEL,itemid_valueid,high
MEASUREMENT_CATEGORICAL//18673//602,OMOP//OMOP_CONCEPT//261880,,True,,OMOP_CONCEPT,261880,,Atelectasis,AMSTEL,itemid_valueid,high
MEASUREMENT_CATEGORICAL//18673//652,OMOP//OMOP_CONCEPT//133468,,True,,OMOP_CONCEPT,133468,,Disorder of limb,AMSTEL,itemid_valueid,high
MEASUREMENT_CATEGORICAL//18673//696,OMOP//OMOP_CONCEPT//4012185,,True,,OMOP_CONCEPT,4012185,,Cardiovascular surgical procedure,AMSTEL,itemid_valueid,high
MEASUREMENT_CATEGORICAL//18673//816,OMOP//OMOP_CONCEPT//4176148,,True,,OMOP_CONCEPT,4176148,,Extradural intracranial hematoma,AMSTEL,itemid_valueid,high
MEASUREMENT_CATEGORICAL//18673//828,OMOP//OMOP_CONCEPT//4130040,,True,,OMOP_CONCEPT,4130040,,Neoplasm of spinal cord,AMSTEL,itemid_valueid,high
MEASUREMENT_CATEGORICAL//18673//837,OMOP//OMOP_CONCEPT//4122291,,True,,OMOP_CONCEPT,4122291,,Cranial ventriculostomy,AMSTEL,itemid_valueid,high
MEASUREMENT_CATEGORICAL//18682//18,,,False,,,,,,,,unmapped
MEASUREMENT_CATEGORICAL//18682//34,,,False,,,,,,,,unmapped
MEASUREMENT_CATEGORICAL//18682//43,,,False,,,,,,,,unmapped
MEASUREMENT_CATEGORICAL//19646//1,,,False,,,,,,,,unmapped
MEASUREMENT_CATEGORICAL//19719//6,,,False,,,,,,,,unmapped
MEASUREMENT_CATEGORICAL//20098//13,,,False,,,,,,,,unmapped
MEASUREMENT_CATEGORICAL//20104//31,,,False,,,,,,,,unmapped
MEASUREMENT_CATEGORICAL//20105//35,,,False,,,,,,,,unmapped
MEASUREMENT_CATEGORICAL//20107//40,,,False,,,,,,,,unmapped
MEASUREMENT_CATEGORICAL//20960//2,,,False,,,,,,,,unmapped
MEASUREMENT_CATEGORICAL//21192//18,,,False,,,,,,,,unmapped
MEASUREMENT_CATEGORICAL//8733//21,SNOMED//4085985,,False,,SNOMED,4085985,,4085985,AMSTEL,source_code,high
MEASUREMENT_CATEGORICAL//8897//7,OMOP//OMOP_CONCEPT//4035566,,True,,OMOP_CONCEPT,4035566,,Text value,AMSTEL,itemid_valueid,high
MEASUREMENT_CATEGORICAL//10464//6,,,False,,,,,,,,unmapped
MEASUREMENT_CATEGORICAL//10468//11,SNOMED//4087925,,True,,SNOMED,4087925,,4087925,AMSTEL,source_code,high
MEASUREMENT_CATEGORICAL//10472//22,SNOMED//44810687,,True,,SNOMED,44810687,,44810687,AMSTEL,source_code,high
MEASUREMENT_CATEGORICAL//10472//48,SNOMED//44810687,,True,,SNOMED,44810687,,44810687,AMSTEL,source_code,high
MEASUREMENT_CATEGORICAL//10543//1,,,False,,,,,,,,unmapped
MEASUREMENT_CATEGORICAL//12108//20,LOINC//36203284,,True,,LOINC,36203284,,36203284,AMSTEL,source_code,high
MEASUREMENT_CATEGORICAL//12108//5,LOINC//36203284,,True,,LOINC,36203284,,36203284,AMSTEL,source_code,high
MEASUREMENT_CATEGORICAL//12108//8,LOINC//36203284,,True,,LOINC,36203284,,36203284,AMSTEL,source_code,high
MEASUREMENT_CATEGORICAL//12111//14,LOINC//36203284,,True,,LOINC,36203284,,36203284,AMSTEL,source_code,high
MEASUREMENT_CATEGORICAL//12129//4,LOINC//3046359,,True,,LOINC,3046359,,3046359,AMSTEL,source_code,high
MEASUREMENT_CATEGORICAL//12520//2,,,False,,,,,,,,unmapped
MEASUREMENT_CATEGORICAL//12615//4,LOINC//3016384,,True,,LOINC,3016384,,3016384,AMSTEL,source_code,high
MEASUREMENT_CATEGORICAL//12624//9,LOINC//21491186,,True,,LOINC,21491186,,21491186,AMSTEL,source_code,high
MEASUREMENT_CATEGORICAL//12666//2,,,False,,,,,,,,unmapped
MEASUREMENT_CATEGORICAL//12666//3,,,False,,,,,,,,unmapped
MEASUREMENT_CATEGORICAL//12670//1,,,False,,,,,,,,unmapped
MEASUREMENT_CATEGORICAL//12817//5,OMOP//OMOP_CONCEPT//37156242,,True,,OMOP_CONCEPT,37156242,,Pressure injury stage IV,AMSTEL,itemid_valueid,high
MEASUREMENT_CATEGORICAL//12823//5,OMOP//OMOP_CONCEPT//37156242,,True,,OMOP_CONCEPT,37156242,,Pressure injury stage IV,AMSTEL,itemid_valueid,high
MEASUREMENT_CATEGORICAL//13117//1,OMOP//OMOP_CONCEPT//4012932,,True,,OMOP_CONCEPT,4012932,,Atrioseptoplasty,AMSTEL,itemid_valueid,high
MEASUREMENT_CATEGORICAL//13117//5,OMOP//OMOP_CONCEPT//4236169,,True,,OMOP_CONCEPT,4236169,,Ventricular aneurysm,AMSTEL,itemid_valueid,high
MEASUREMENT_CATEGORICAL//13128//9,OMOP//OMOP_CONCEPT//4029497,,True,,OMOP_CONCEPT,4029497,,Cerebral arterial aneurysm,AMSTEL,itemid_valueid,high
MEASUREMENT_CATEGORICAL//14143//12,,,False,,,,,,,,unmapped
MEASUREMENT_CATEGORICAL//14149//1,,,False,,,,,,,,unmapped
MEASUREMENT_CATEGORICAL//14163//1,,,False,,,,,,,,unmapped
MEASUREMENT_CATEGORICAL//14426//31,LOINC//3021707,,True,,LOINC,3021707,,3021707,AMSTEL,source_code,high
MEASUREMENT_CATEGORICAL//14426//32,LOINC//3021707,,True,,LOINC,3021707,,3021707,AMSTEL,source_code,high
MEASUREMENT_CATEGORICAL//14427//32,LOINC//3021707,,True,,LOINC,3021707,,3021707,AMSTEL,source_code,high
MEASUREMENT_CATEGORICAL//14562//7,,,False,,,,,,,,unmapped
MEASUREMENT_CATEGORICAL//14565//55,,,False,,,,,,,,unmapped
MEASUREMENT_CATEGORICAL//14565//76,,,False,,,,,,,,unmapped
MEASUREMENT_CATEGORICAL//16102//7,SNOMED//321042,,True,,SNOMED,321042,,321042,AMSTEL,source_code,high
MEASUREMENT_CATEGORICAL//16177//5,,,False,,,,,,,,unmapped
MEASUREMENT_CATEGORICAL//16179//5,SNOMED//604177,,True,,SNOMED,604177,,604177,AMSTEL,source_code,high
MEASUREMENT_CATEGORICAL//16182//32,,,False,,,,,,,,unmapped
MEASUREMENT_CATEGORICAL//16182//7,,,False,,,,,,,,unmapped
MEASUREMENT_CATEGORICAL//16253//2,,,False,,,,,,,,unmapped
MEASUREMENT_CATEGORICAL//16274//4,,,False,,,,,,,,unmapped
MEASUREMENT_CATEGORICAL//16281//37,,,False,,,,,,,,unmapped
MEASUREMENT_CATEGORICAL//16282//43,,,False,,,,,,,,unmapped
MEASUREMENT_CATEGORICAL//16282//47,,,False,,,,,,,,unmapped
MEASUREMENT_CATEGORICAL//16287//12,,,False,,,,,,,,unmapped
MEASUREMENT_CATEGORICAL//16295//5,,,False,,,,,,,,unmapped
MEASUREMENT_CATEGORICAL//16298//19,,,False,,,,,,,,unmapped
MEASUREMENT_CATEGORICAL//16302//37,,,False,,,,,,,,unmapped
MEASUREMENT_CATEGORICAL//16304//47,,,False,,,,,,,,unmapped
MEASUREMENT_CATEGORICAL//16305//53,,,False,,,,,,,,unmapped
MEASUREMENT_CATEGORICAL//16306//59,,,False,,,,,,,,unmapped
MEASUREMENT_CATEGORICAL//16308//69,,,False,,,,,,,,unmapped
MEASUREMENT_CATEGORICAL//16310//78,,,False,,,,,,,,unmapped
MEASUREMENT_CATEGORICAL//16312//8,,,False,,,,,,,,unmapped
MEASUREMENT_CATEGORICAL//16314//43,,,False,,,,,,,,unmapped
MEASUREMENT_CATEGORICAL//16314//45,,,False,,,,,,,,unmapped
MEASUREMENT_CATEGORICAL//16315//74,,,False,,,,,,,,unmapped
MEASUREMENT_CATEGORICAL//16316//68,,,False,,,,,,,,unmapped
MEASUREMENT_CATEGORICAL//16319//50,,,False,,,,,,,,unmapped
MEASUREMENT_CATEGORICAL//16321//83,,,False,,,,,,,,unmapped
MEASUREMENT_CATEGORICAL//16323//65,,,False,,,,,,,,unmapped
MEASUREMENT_CATEGORICAL//16324//88,,,False,,,,,,,,unmapped
MEASUREMENT_CATEGORICAL//16325//22,,,False,,,,,,,,unmapped
MEASUREMENT_CATEGORICAL//16325//24,,,False,,,,,,,,unmapped
MEASUREMENT_CATEGORICAL//16326//58,,,False,,,,,,,,unmapped
MEASUREMENT_CATEGORICAL//16448//15,SNOMED//4052413,,True,,SNOMED,4052413,,4052413,AMSTEL,source_code,high
MEASUREMENT_CATEGORICAL//16448//16,SNOMED//4052413,,True,,SNOMED,4052413,,4052413,AMSTEL,source_code,high
MEASUREMENT_CATEGORICAL//16642//7,OMOP//OMOP_CONCEPT//318459,,True,,OMOP_CONCEPT,318459,,Respiratory insufficiency,AMSTEL,itemid_valueid,high
MEASUREMENT_CATEGORICAL//16644//4,OMOP//OMOP_CONCEPT//31821,,True,,OMOP_CONCEPT,31821,,Disorder of endocrine system,AMSTEL,itemid_valueid,high
MEASUREMENT_CATEGORICAL//16646//7,OMOP//OMOP_CONCEPT//4208113,,True,,OMOP_CONCEPT,4208113,,Spinal arthrodesis,AMSTEL,itemid_valueid,high
MEASUREMENT_CATEGORICAL//16648//18,OMOP//OMOP_CONCEPT//4094683,,True,,OMOP_CONCEPT,4094683,,Chest injury,AMSTEL,itemid_valueid,high
MEASUREMENT_CATEGORICAL//16649//12,OMOP//OMOP_CONCEPT//4038335,,True,,OMOP_CONCEPT,4038335,,Operation on male genital system,AMSTEL,itemid_valueid,high
MEASUREMENT_CATEGORICAL//16653//16,OMOP//OMOP_CONCEPT//4329847,,True,,OMOP_CONCEPT,4329847,,Myocardial infarction,AMSTEL,itemid_valueid,high
MEASUREMENT_CATEGORICAL//16661//23,OMOP//OMOP_CONCEPT//4063759,,True,,OMOP_CONCEPT,4063759,,Evacuation of intracranial extradural hematoma,AMSTEL,itemid_valueid,high
MEASUREMENT_CATEGORICAL//16663//11,OMOP//OMOP_CONCEPT//4028070,,True,,OMOP_CONCEPT,4028070,,Infectious disease of central nervous system,AMSTEL,itemid_valueid,high
MEASUREMENT_CATEGORICAL//16663//14,OMOP//OMOP_CONCEPT//376337,,True,,OMOP_CONCEPT,376337,,Disorder of nervous system,AMSTEL,itemid_valueid,high
MEASUREMENT_CATEGORICAL//16666//15,,,False,,,,,,,,unmapped
MEASUREMENT_CATEGORICAL//16673//10,OMOP//OMOP_CONCEPT//258369,,True,,OMOP_CONCEPT,258369,,Primary malignant neoplasm of lung,AMSTEL,itemid_valueid,high
MEASUREMENT_CATEGORICAL//16685//1,LOINC//46237002,,True,,LOINC,46237002,,46237002,AMSTEL,source_code,high
MEASUREMENT_CATEGORICAL//16999//7,OMOP//OMOP_CONCEPT//4181343,,True,,OMOP_CONCEPT,4181343,,Malignant tumor of esophagus,AMSTEL,itemid_valueid,high
MEASUREMENT_CATEGORICAL//17000//4,OMOP//OMOP_CONCEPT//439393,,True,,OMOP_CONCEPT,439393,,Pre-eclampsia,AMSTEL,itemid_valueid,high
MEASUREMENT_CATEGORICAL//17004//1,OMOP//OMOP_CONCEPT//4247297,,True,,OMOP_CONCEPT,4247297,,Cerebral abscess,AMSTEL,itemid_valueid,high
MEASUREMENT_CATEGORICAL//17004//27,OMOP//OMOP_CONCEPT//4046364,,True,,OMOP_CONCEPT,4046364,,Subarachnoid hemorrhage due to ruptured arteriovenous malformation,AMSTEL,itemid_valueid,high
MEASUREMENT_CATEGORICAL//17006//4,OMOP//OMOP_CONCEPT//37018761,,True,,OMOP_CONCEPT,37018761,,Chronic kidney disease stage 5 with transplant,AMSTEL,itemid_valueid,high
MEASUREMENT_CATEGORICAL//17008//33,OMOP//OMOP_CONCEPT//321052,,True,,OMOP_CONCEPT,321052,,Peripheral vascular disease,AMSTEL,itemid_valueid,high
MEASUREMENT_CATEGORICAL//17009//17,OMOP//OMOP_CONCEPT//4090739,,True,,OMOP_CONCEPT,4090739,,Nutritional disorder,AMSTEL,itemid_valueid,high
MEASUREMENT_CATEGORICAL//17009//23,OMOP//OMOP_CONCEPT//4224004,,True,,OMOP_CONCEPT,4224004,,Hiatal hernia,AMSTEL,itemid_valueid,high
MEASUREMENT_CATEGORICAL//17009//24,OMOP//OMOP_CONCEPT//4244809,,True,,OMOP_CONCEPT,4244809,,Esophageal hiatus hernia repair,AMSTEL,itemid_valueid,high
MEASUREMENT_CATEGORICAL//17009//27,OMOP//OMOP_CONCEPT//40488822,,True,,OMOP_CONCEPT,40488822,,Laparotomy and decompression of intestine,AMSTEL,itemid_valueid,high
MEASUREMENT_CATEGORICAL//17009//32,OMOP//OMOP_CONCEPT//201265,,True,,OMOP_CONCEPT,201265,,Disorder of spleen,AMSTEL,itemid_valueid,high
MEASUREMENT_CATEGORICAL//17010//1,OMOP//OMOP_CONCEPT//4023287,,True,,OMOP_CONCEPT,4023287,,Repair of rupture of bladder,AMSTEL,itemid_valueid,high
MEASUREMENT_CATEGORICAL//17010//13,OMOP//OMOP_CONCEPT//318096,,False,,OMOP_CONCEPT,318096,,Metastatic malignant neoplasm to lymph node,AMSTEL,itemid_valueid,high
MEASUREMENT_CATEGORICAL//17010//23,OMOP//OMOP_CONCEPT//198803,,True,,OMOP_CONCEPT,198803,,Benign prostatic hyperplasia,AMSTEL,itemid_valueid,high
MEASUREMENT_CATEGORICAL//17017//18,OMOP//OMOP_CONCEPT//4096313,,True,,OMOP_CONCEPT,4096313,,Multiple injuries,AMSTEL,itemid_valueid,high
MEASUREMENT_CATEGORICAL//17018//35,,,False,,,,,,,,unmapped
MEASUREMENT_CATEGORICAL//17019//50,OMOP//OMOP_CONCEPT//321318,,True,,OMOP_CONCEPT,321318,,Angina pectoris,AMSTEL,itemid_valueid,high
MEASUREMENT_CATEGORICAL//17019//71,OMOP//OMOP_CONCEPT//4145721,,True,,OMOP_CONCEPT,4145721,,Acute non-Q wave infarction,AMSTEL,itemid_valueid,high
MEASUREMENT_CATEGORICAL//17019//74,OMOP//OMOP_CONCEPT//201965,,True,,OMOP_CONCEPT,201965,,Shock,AMSTEL,itemid_valueid,high
MEASUREMENT_CATEGORICAL//17020//30,OMOP//OMOP_CONCEPT//37168850,,True,,OMOP_CONCEPT,37168850,,Colorectal cancer,AMSTEL,itemid_valueid,high
MEASUREMENT_CATEGORICAL//17020//37,OMOP//OMOP_CONCEPT//4029488,,True,,OMOP_CONCEPT,4029488,,Hepatic encephalopathy,AMSTEL,itemid_valueid,high
MEASUREMENT_CATEGORICAL//17020//43,OMOP//OMOP_CONCEPT//40483641,,True,,OMOP_CONCEPT,40483641,,Hemorrhage into peritoneal cavity,AMSTEL,itemid_valueid,high
MEASUREMENT_CATEGORICAL//17022//21,OMOP//OMOP_CONCEPT//138379,,True,,OMOP_CONCEPT,138379,,"Chronic lymphoid leukemia, disease",AMSTEL,itemid_valueid,high
MEASUREMENT_CATEGORICAL//17024//15,OMOP//OMOP_CONCEPT//4320030,,True,,OMOP_CONCEPT,4320030,,Soft tissue infection,AMSTEL,itemid_valueid,high
MEASUREMENT_CATEGORICAL//17025//33,OMOP//OMOP_CONCEPT//37165425,,True,,OMOP_CONCEPT,37165425,,Substance withdrawal,AMSTEL,itemid_valueid,high
MEASUREMENT_CATEGORICAL//17025//49,OMOP//OMOP_CONCEPT//4176983,,True,,OMOP_CONCEPT,4176983,,Overdose of antidepressant drug,AMSTEL,itemid_valueid,high
MEASUREMENT_CATEGORICAL//17026//31,OMOP//OMOP_CONCEPT//45769438,,True,,OMOP_CONCEPT,45769438,,Acute severe exacerbation of asthma,AMSTEL,itemid_valueid,high
MEASUREMENT_CATEGORICAL//17026//32,OMOP//OMOP_CONCEPT//261880,,True,,OMOP_CONCEPT,261880,,Atelectasis,AMSTEL,itemid_valueid,high
MEASUREMENT_CATEGORICAL//17028//52,OMOP//OMOP_CONCEPT//133468,,True,,OMOP_CONCEPT,133468,,Disorder of limb,AMSTEL,itemid_valueid,high
MEASUREMENT_CATEGORICAL//17028//58,OMOP//OMOP_CONCEPT//133468,,True,,OMOP_CONCEPT,133468,,Disorder of limb,AMSTEL,itemid_valueid,high
MEASUREMENT_CATEGORICAL//17028//59,OMOP//OMOP_CONCEPT//375415,,True,,OMOP_CONCEPT,375415,,Injury of head,AMSTEL,itemid_valueid,high
MEASUREMENT_CATEGORICAL//17029//104,OMOP//OMOP_CONCEPT//3654996,,True,,OMOP_CONCEPT,3654996,,Peripheral arterial disease,AMSTEL,itemid_valueid,high
MEASUREMENT_CATEGORICAL//17035//36,OMOP//OMOP_CONCEPT//4174520,,True,,OMOP_CONCEPT,4174520,,Fracture of vertebral column,AMSTEL,itemid_valueid,high
MEASUREMENT_CATEGORICAL//17035//38,OMOP//OMOP_CONCEPT//4063759,,True,,OMOP_CONCEPT,4063759,,Evacuation of intracranial extradural hematoma,AMSTEL,itemid_valueid,high
MEASUREMENT_CATEGORICAL//17035//44,OMOP//OMOP_CONCEPT//376337,,True,,OMOP_CONCEPT,376337,,Disorder of nervous system,AMSTEL,itemid_valueid,high
MEASUREMENT_CATEGORICAL//17036//30,OMOP//OMOP_CONCEPT//4119939,,True,,OMOP_CONCEPT,4119939,,Bronchopleural fistula,AMSTEL,itemid_valueid,high
MEASUREMENT_CATEGORICAL//17036//31,OMOP//OMOP_CONCEPT//4073393,,True,,OMOP_CONCEPT,4073393,,Opening of chest,AMSTEL,itemid_valueid,high
MEASUREMENT_CATEGORICAL//17036//35,OMOP//OMOP_CONCEPT//320136,,True,,OMOP_CONCEPT,320136,,Disorder of respiratory system,AMSTEL,itemid_valueid,high
MEASUREMENT_CATEGORICAL//17038//40,OMOP//OMOP_CONCEPT//200588,,True,,OMOP_CONCEPT,200588,,Injury of abdomen,AMSTEL,itemid_valueid,high
MEASUREMENT_CATEGORICAL//17038//46,OMOP//OMOP_CONCEPT//4094683,,True,,OMOP_CONCEPT,4094683,,Chest injury,AMSTEL,itemid_valueid,high
MEASUREMENT_CATEGORICAL//17038//54,OMOP//OMOP_CONCEPT//4096313,,True,,OMOP_CONCEPT,4096313,,Multiple injuries,AMSTEL,itemid_valueid,high
MEASUREMENT_CATEGORICAL//18671//118,OMOP//OMOP_CONCEPT//374335,,True,,OMOP_CONCEPT,374335,,Intracranial and intraspinal abscesses,AMSTEL,itemid_valueid,high
MEASUREMENT_CATEGORICAL//18671//13,OMOP//OMOP_CONCEPT//4164649,,True,,OMOP_CONCEPT,4164649,,Non-cardiac chest pain,AMSTEL,itemid_valueid,high
MEASUREMENT_CATEGORICAL//18671//176,OMOP//OMOP_CONCEPT//37018761,,True,,OMOP_CONCEPT,37018761,,Chronic kidney disease stage 5 with transplant,AMSTEL,itemid_valueid,high
MEASUREMENT_CATEGORICAL//18671//199,OMOP//OMOP_CONCEPT//133468,,True,,OMOP_CONCEPT,133468,,Disorder of limb,AMSTEL,itemid_valueid,high
MEASUREMENT_CATEGORICAL//18671//248,OMOP//OMOP_CONCEPT//42538522,,True,,OMOP_CONCEPT,42538522,,Congenital cardiovascular disorder,AMSTEL,itemid_valueid,high
MEASUREMENT_CATEGORICAL//18671//253,OMOP//OMOP_CONCEPT//3654996,,True,,OMOP_CONCEPT,3654996,,Peripheral arterial disease,AMSTEL,itemid_valueid,high
MEASUREMENT_CATEGORICAL//18671//307,OMOP//OMOP_CONCEPT//4244809,,True,,OMOP_CONCEPT,4244809,,Esophageal hiatus hernia repair,AMSTEL,itemid_valueid,high
MEASUREMENT_CATEGORICAL//18671//310,OMOP//OMOP_CONCEPT//40488822,,True,,OMOP_CONCEPT,40488822,,Laparotomy and decompression of intestine,AMSTEL,itemid_valueid,high
MEASUREMENT_CATEGORICAL//18671//329,OMOP//OMOP_CONCEPT//3662206,,True,,OMOP_CONCEPT,3662206,,Dissection of lymph node,AMSTEL,itemid_valueid,high
MEASUREMENT_CATEGORICAL//18671//330,OMOP//OMOP_CONCEPT//37164749,,True,,OMOP_CONCEPT,37164749,,Excision of breast,AMSTEL,itemid_valueid,high
MEASUREMENT_CATEGORICAL//18671//337,OMOP//OMOP_CONCEPT//4129900,,True,,OMOP_CONCEPT,4129900,,Neoplasm of testis,AMSTEL,itemid_valueid,high
MEASUREMENT_CATEGORICAL//18671//339,OMOP//OMOP_CONCEPT//198803,,True,,OMOP_CONCEPT,198803,,Benign prostatic hyperplasia,AMSTEL,itemid_valueid,high
MEASUREMENT_CATEGORICAL//18671//397,OMOP//OMOP_CONCEPT//4073393,,True,,OMOP_CONCEPT,4073393,,Opening of chest,AMSTEL,itemid_valueid,high
MEASUREMENT_CATEGORICAL//18671//399,OMOP//OMOP_CONCEPT//4050961,,True,,OMOP_CONCEPT,4050961,,Giant bullous emphysema,AMSTEL,itemid_valueid,high
MEASUREMENT_CATEGORICAL//18671//434,OMOP//OMOP_CONCEPT//4096313,,True,,OMOP_CONCEPT,4096313,,Multiple injuries,AMSTEL,itemid_valueid,high
MEASUREMENT_CATEGORICAL//18671//53,OMOP//OMOP_CONCEPT//4181343,,True,,OMOP_CONCEPT,4181343,,Malignant tumor of esophagus,AMSTEL,itemid_valueid,high
MEASUREMENT_CATEGORICAL//18671//74,OMOP//OMOP_CONCEPT//443700,,True,,OMOP_CONCEPT,443700,,Eclampsia,AMSTEL,itemid_valueid,high
MEASUREMENT_CATEGORICAL//18673//477,OMOP//OMOP_CONCEPT//4145721,,True,,OMOP_CONCEPT,4145721,,Acute non-Q wave infarction,AMSTEL,itemid_valueid,high
MEASUREMENT_CATEGORICAL//18673//480,OMOP//OMOP_CONCEPT//201965,,True,,OMOP_CONCEPT,201965,,Shock,AMSTEL,itemid_valueid,high
MEASUREMENT_CATEGORICAL//18673//517,OMOP//OMOP_CONCEPT//40483641,,True,,OMOP_CONCEPT,40483641,,Hemorrhage into peritoneal cavity,AMSTEL,itemid_valueid,high
MEASUREMENT_CATEGORICAL//18673//538,OMOP//OMOP_CONCEPT//138379,,True,,OMOP_CONCEPT,138379,,"Chronic lymphoid leukemia, disease",AMSTEL,itemid_valueid,high
MEASUREMENT_CATEGORICAL//18673//574,OMOP//OMOP_CONCEPT//37165425,,True,,OMOP_CONCEPT,37165425,,Substance withdrawal,AMSTEL,itemid_valueid,high
MEASUREMENT_CATEGORICAL//18673//590,OMOP//OMOP_CONCEPT//4176983,,True,,OMOP_CONCEPT,4176983,,Overdose of antidepressant drug,AMSTEL,itemid_valueid,high
MEASUREMENT_CATEGORICAL//18673//596,OMOP//OMOP_CONCEPT//4046364,,True,,OMOP_CONCEPT,4046364,,Subarachnoid hemorrhage due to ruptured arteriovenous malformation,AMSTEL,itemid_valueid,high
MEASUREMENT_CATEGORICAL//18673//601,OMOP//OMOP_CONCEPT//45769438,,True,,OMOP_CONCEPT,45769438,,Acute severe exacerbation of asthma,AMSTEL,itemid_valueid,high
MEASUREMENT_CATEGORICAL//18673//659,OMOP//OMOP_CONCEPT//375415,,True,,OMOP_CONCEPT,375415,,Injury of head,AMSTEL,itemid_valueid,high
MEASUREMENT_CATEGORICAL//18673//698,OMOP//OMOP_CONCEPT//4148948,,True,,OMOP_CONCEPT,4148948,,Vascular surgery procedure,AMSTEL,itemid_valueid,high
MEASUREMENT_CATEGORICAL//18673//713,OMOP//OMOP_CONCEPT//3654996,,True,,OMOP_CONCEPT,3654996,,Peripheral arterial disease,AMSTEL,itemid_valueid,high
MEASUREMENT_CATEGORICAL//18673//751,OMOP//OMOP_CONCEPT//4295370,,True,,OMOP_CONCEPT,4295370,,Gastrointestinal fistula,AMSTEL,itemid_valueid,high
MEASUREMENT_CATEGORICAL//18673//801,OMOP//OMOP_CONCEPT//141253,,True,,OMOP_CONCEPT,141253,,Disorder of thyroid gland,AMSTEL,itemid_valueid,high
MEASUREMENT_CATEGORICAL//18673//821,OMOP//OMOP_CONCEPT//4174520,,True,,OMOP_CONCEPT,4174520,,Fracture of vertebral column,AMSTEL,itemid_valueid,high
MEASUREMENT_CATEGORICAL//18673//823,OMOP//OMOP_CONCEPT//4063759,,True,,OMOP_CONCEPT,4063759,,Evacuation of intracranial extradural hematoma,AMSTEL,itemid_valueid,high
MEASUREMENT_CATEGORICAL//18673//829,OMOP//OMOP_CONCEPT//376337,,True,,OMOP_CONCEPT,376337,,Disorder of nervous system,AMSTEL,itemid_valueid,high
MEASUREMENT_CATEGORICAL//18673//848,OMOP//OMOP_CONCEPT//4119939,,True,,OMOP_CONCEPT,4119939,,Bronchopleural fistula,AMSTEL,itemid_valueid,high
MEASUREMENT_CATEGORICAL//18673//849,OMOP//OMOP_CONCEPT//4073393,,True,,OMOP_CONCEPT,4073393,,Opening of chest,AMSTEL,itemid_valueid,high
MEASUREMENT_CATEGORICAL//18673//872,OMOP//OMOP_CONCEPT//200588,,True,,OMOP_CONCEPT,200588,,Injury of abdomen,AMSTEL,itemid_valueid,high
MEASUREMENT_CATEGORICAL//18673//878,OMOP//OMOP_CONCEPT//4094683,,True,,OMOP_CONCEPT,4094683,,Chest injury,AMSTEL,itemid_valueid,high
MEASUREMENT_CATEGORICAL//18682//30,,,False,,,,,,,,unmapped
MEASUREMENT_CATEGORICAL//18682//31,,,False,,,,,,,,unmapped
MEASUREMENT_CATEGORICAL//18682//47,,,False,,,,,,,,unmapped
MEASUREMENT_CATEGORICAL//19289//5,OMOP//OMOP_CONCEPT//45878583,,True,,OMOP_CONCEPT,45878583,,Negative,AMSTEL,itemid_valueid,high
MEASUREMENT_CATEGORICAL//19289//6,OMOP//OMOP_CONCEPT//45884091,,True,,OMOP_CONCEPT,45884091,,Indeterminate,AMSTEL,itemid_valueid,high
MEASUREMENT_CATEGORICAL//19290//9,OMOP//OMOP_CONCEPT//45884091,,True,,OMOP_CONCEPT,45884091,,Indeterminate,AMSTEL,itemid_valueid,high
MEASUREMENT_CATEGORICAL//19641//3,,,False,,,,,,,,unmapped
MEASUREMENT_CATEGORICAL//19643//3,,,False,,,,,,,,unmapped
MEASUREMENT_CATEGORICAL//19643//4,,,False,,,,,,,,unmapped
MEASUREMENT_CATEGORICAL//19644//2,LOINC//43054909,,True,,LOINC,43054909,,43054909,AMSTEL,source_code,high
MEASUREMENT_CATEGORICAL//19718//3,,,False,,,,,,,,unmapped
MEASUREMENT_CATEGORICAL//19846//22,,,False,,,,,,,,unmapped
MEASUREMENT_CATEGORICAL//19994//3,,,False,,,,,,,,unmapped
MEASUREMENT_CATEGORICAL//20011//5,,,False,,,,,,,,unmapped
MEASUREMENT_CATEGORICAL//20100//20,,,False,,,,,,,,unmapped
MEASUREMENT_CATEGORICAL//20124//92,,,False,,,,,,,,unmapped
MEASUREMENT_CATEGORICAL//20960//3,,,False,,,,,,,,unmapped
MEASUREMENT_CATEGORICAL//20960//5,,,False,,,,,,,,unmapped
MEASUREMENT_CATEGORICAL//9534//5,LOINC//3004921,,True,,LOINC,3004921,,3004921,AMSTEL,source_code,high
MEASUREMENT_CATEGORICAL//10464//1,,,False,,,,,,,,unmapped
MEASUREMENT_CATEGORICAL//10468//12,SNOMED//4087925,,True,,SNOMED,4087925,,4087925,AMSTEL,source_code,high
MEASUREMENT_CATEGORICAL//10470//8,SNOMED//763892,,True,,SNOMED,763892,,763892,AMSTEL,source_code,high
MEASUREMENT_CATEGORICAL//12108//3,LOINC//36203284,,True,,LOINC,36203284,,36203284,AMSTEL,source_code,high
MEASUREMENT_CATEGORICAL//12108//9,LOINC//36203284,,True,,LOINC,36203284,,36203284,AMSTEL,source_code,high
MEASUREMENT_CATEGORICAL//12109//25,LOINC//36203284,,True,,LOINC,36203284,,36203284,AMSTEL,source_code,high
MEASUREMENT_CATEGORICAL//12114//1,,,False,,,,,,,,unmapped
MEASUREMENT_CATEGORICAL//12127//1,,,False,,,,,,,,unmapped
MEASUREMENT_CATEGORICAL//12129//10,LOINC//3046359,,True,,LOINC,3046359,,3046359,AMSTEL,source_code,high
MEASUREMENT_CATEGORICAL//12347//8,LOINC//3004921,,True,,LOINC,3004921,,3004921,AMSTEL,source_code,high
MEASUREMENT_CATEGORICAL//12521//2,,,False,,,,,,,,unmapped
MEASUREMENT_CATEGORICAL//12524//2,,,False,,,,,,,,unmapped
MEASUREMENT_CATEGORICAL//12526//1,,,False,,,,,,,,unmapped
MEASUREMENT_CATEGORICAL//12625//4,OMOP//OMOP_CONCEPT//4109447,,True,,OMOP_CONCEPT,4109447,,Approach via tracheostomy,AMSTEL,itemid_valueid,high
MEASUREMENT_CATEGORICAL//12665//4,,,False,,,,,,,,unmapped
MEASUREMENT_CATEGORICAL//12667//3,,,False,,,,,,,,unmapped
MEASUREMENT_CATEGORICAL//12667//4,,,False,,,,,,,,unmapped
MEASUREMENT_CATEGORICAL//12668//3,,,False,,,,,,,,unmapped
MEASUREMENT_CATEGORICAL//12668//4,,,False,,,,,,,,unmapped
MEASUREMENT_CATEGORICAL//12669//2,,,False,,,,,,,,unmapped
MEASUREMENT_CATEGORICAL//12669//3,,,False,,,,,,,,unmapped
MEASUREMENT_CATEGORICAL//12669//5,,,False,,,,,,,,unmapped
MEASUREMENT_CATEGORICAL//12670//5,,,False,,,,,,,,unmapped
MEASUREMENT_CATEGORICAL//12827//5,OMOP//OMOP_CONCEPT//37156242,,True,,OMOP_CONCEPT,37156242,,Pressure injury stage IV,AMSTEL,itemid_valueid,high
MEASUREMENT_CATEGORICAL//13120//7,OMOP//OMOP_CONCEPT//3654996,,True,,OMOP_CONCEPT,3654996,,Peripheral arterial disease,AMSTEL,itemid_valueid,high
MEASUREMENT_CATEGORICAL//13131//2,OMOP//OMOP_CONCEPT//432923,,True,,OMOP_CONCEPT,432923,,Subarachnoid hemorrhage,AMSTEL,itemid_valueid,high
MEASUREMENT_CATEGORICAL//13138//3,OMOP//OMOP_CONCEPT//196455,,True,,OMOP_CONCEPT,196455,,Hepatorenal syndrome,AMSTEL,itemid_valueid,high
MEASUREMENT_CATEGORICAL//14143//15,,,False,,,,,,,,unmapped
MEASUREMENT_CATEGORICAL//14143//20,,,False,,,,,,,,unmapped
MEASUREMENT_CATEGORICAL//14149//5,,,False,,,,,,,,unmapped
MEASUREMENT_CATEGORICAL//14426//25,LOINC//3021707,,True,,LOINC,3021707,,3021707,AMSTEL,source_code,high
MEASUREMENT_CATEGORICAL//14427//27,LOINC//3021707,,True,,LOINC,3021707,,3021707,AMSTEL,source_code,high
MEASUREMENT_CATEGORICAL//14469//6,SNOMED//37154585,,True,,SNOMED,37154585,,37154585,AMSTEL,source_code,high
MEASUREMENT_CATEGORICAL//14470//7,LOINC//3026019,,True,,LOINC,3026019,,3026019,AMSTEL,source_code,high
MEASUREMENT_CATEGORICAL//14562//1,,,False,,,,,,,,unmapped
MEASUREMENT_CATEGORICAL//16101//3,OMOP//OMOP_CONCEPT//4026048,,True,,OMOP_CONCEPT,4026048,,Precordial thump,AMSTEL,itemid_valueid,high
MEASUREMENT_CATEGORICAL//16102//6,SNOMED//321042,,True,,SNOMED,321042,,321042,AMSTEL,source_code,high
MEASUREMENT_CATEGORICAL//16177//1,,,False,,,,,,,,unmapped
MEASUREMENT_CATEGORICAL//16182//15,,,False,,,,,,,,unmapped
MEASUREMENT_CATEGORICAL//16182//4,,,False,,,,,,,,unmapped
MEASUREMENT_CATEGORICAL//16182//6,,,False,,,,,,,,unmapped
MEASUREMENT_CATEGORICAL//16182//9,,,False,,,,,,,,unmapped
MEASUREMENT_CATEGORICAL//16263//1,,,False,,,,,,,,unmapped
MEASUREMENT_CATEGORICAL//16277//15,,,False,,,,,,,,unmapped
MEASUREMENT_CATEGORICAL//16278//23,,,False,,,,,,,,unmapped
MEASUREMENT_CATEGORICAL//16279//25,,,False,,,,,,,,unmapped
MEASUREMENT_CATEGORICAL//16280//33,,,False,,,,,,,,unmapped
MEASUREMENT_CATEGORICAL//16281//38,,,False,,,,,,,,unmapped
MEASUREMENT_CATEGORICAL//16283//53,,,False,,,,,,,,unmapped
MEASUREMENT_CATEGORICAL//16283//54,,,False,,,,,,,,unmapped
MEASUREMENT_CATEGORICAL//16286//6,,,False,,,,,,,,unmapped
MEASUREMENT_CATEGORICAL//16298//18,,,False,,,,,,,,unmapped
MEASUREMENT_CATEGORICAL//16299//22,,,False,,,,,,,,unmapped
MEASUREMENT_CATEGORICAL//16300//28,,,False,,,,,,,,unmapped
MEASUREMENT_CATEGORICAL//16300//30,,,False,,,,,,,,unmapped
MEASUREMENT_CATEGORICAL//16301//32,,,False,,,,,,,,unmapped
MEASUREMENT_CATEGORICAL//16301//35,,,False,,,,,,,,unmapped
MEASUREMENT_CATEGORICAL//16302//38,,,False,,,,,,,,unmapped
MEASUREMENT_CATEGORICAL//16304//50,,,False,,,,,,,,unmapped
MEASUREMENT_CATEGORICAL//16305//52,,,False,,,,,,,,unmapped
MEASUREMENT_CATEGORICAL//16305//54,,,False,,,,,,,,unmapped
MEASUREMENT_CATEGORICAL//16305//55,,,False,,,,,,,,unmapped
MEASUREMENT_CATEGORICAL//16307//64,,,False,,,,,,,,unmapped
MEASUREMENT_CATEGORICAL//16310//80,,,False,,,,,,,,unmapped
MEASUREMENT_CATEGORICAL//16312//7,,,False,,,,,,,,unmapped
MEASUREMENT_CATEGORICAL//16314//42,,,False,,,,,,,,unmapped
MEASUREMENT_CATEGORICAL//16314//44,,,False,,,,,,,,unmapped
MEASUREMENT_CATEGORICAL//16315//75,,,False,,,,,,,,unmapped
MEASUREMENT_CATEGORICAL//16316//67,,,False,,,,,,,,unmapped
MEASUREMENT_CATEGORICAL//16318//53,,,False,,,,,,,,unmapped
MEASUREMENT_CATEGORICAL//16318//55,,,False,,,,,,,,unmapped
MEASUREMENT_CATEGORICAL//16319//47,,,False,,,,,,,,unmapped
MEASUREMENT_CATEGORICAL//16321//85,,,False,,,,,,,,unmapped
MEASUREMENT_CATEGORICAL//16322//19,,,False,,,,,,,,unmapped
MEASUREMENT_CATEGORICAL//16324//89,,,False,,,,,,,,unmapped
MEASUREMENT_CATEGORICAL//16325//25,,,False,,,,,,,,unmapped
MEASUREMENT_CATEGORICAL//16326//59,,,False,,,,,,,,unmapped
MEASUREMENT_CATEGORICAL//16326//60,,,False,,,,,,,,unmapped
MEASUREMENT_CATEGORICAL//16448//19,SNOMED//4052413,,True,,SNOMED,4052413,,4052413,AMSTEL,source_code,high
MEASUREMENT_CATEGORICAL//16448//20,SNOMED//4052413,,True,,SNOMED,4052413,,4052413,AMSTEL,source_code,high
MEASUREMENT_CATEGORICAL//16634//8,LOINC//3026549,,True,,LOINC,3026549,,3026549,AMSTEL,source_code,high
MEASUREMENT_CATEGORICAL//16634//9,LOINC//3026549,,True,,LOINC,3026549,,3026549,AMSTEL,source_code,high
MEASUREMENT_CATEGORICAL//16647//9,OMOP//OMOP_CONCEPT//201254,,True,,OMOP_CONCEPT,201254,,Type 1 diabetes mellitus,AMSTEL,itemid_valueid,high
MEASUREMENT_CATEGORICAL//16648//26,OMOP//OMOP_CONCEPT//4301351,,True,,OMOP_CONCEPT,4301351,,Surgical procedure,AMSTEL,itemid_valueid,high
MEASUREMENT_CATEGORICAL//16652//14,OMOP//OMOP_CONCEPT//4000610,,True,,OMOP_CONCEPT,4000610,,Disorder of gastrointestinal tract,AMSTEL,itemid_valueid,high
MEASUREMENT_CATEGORICAL//16652//9,OMOP//OMOP_CONCEPT//195856,,True,,OMOP_CONCEPT,195856,,Cholangitis,AMSTEL,itemid_valueid,high
MEASUREMENT_CATEGORICAL//16653//13,OMOP//OMOP_CONCEPT//198571,,True,,OMOP_CONCEPT,198571,,Cardiogenic shock,AMSTEL,itemid_valueid,high
MEASUREMENT_CATEGORICAL//16658//19,OMOP//OMOP_CONCEPT//317009,,True,,OMOP_CONCEPT,317009,,Asthma,AMSTEL,itemid_valueid,high
MEASUREMENT_CATEGORICAL//16660//11,OMOP//OMOP_CONCEPT//4103961,,True,,OMOP_CONCEPT,4103961,,Removal of acoustic neuroma,AMSTEL,itemid_valueid,high
MEASUREMENT_CATEGORICAL//16661//25,OMOP//OMOP_CONCEPT//381591,,True,,OMOP_CONCEPT,381591,,Cerebrovascular disease,AMSTEL,itemid_valueid,high
MEASUREMENT_CATEGORICAL//16669//7,,,False,,,,,,,,unmapped
MEASUREMENT_CATEGORICAL//16670//16,OMOP//OMOP_CONCEPT//443622,,True,,OMOP_CONCEPT,443622,,Aneurysm of thoracic aorta,AMSTEL,itemid_valueid,high
MEASUREMENT_CATEGORICAL//16670//18,OMOP//OMOP_CONCEPT//4139931,,True,,OMOP_CONCEPT,4139931,,Operation on aorta,AMSTEL,itemid_valueid,high
MEASUREMENT_CATEGORICAL//16671//25,OMOP//OMOP_CONCEPT//317576,,True,,OMOP_CONCEPT,317576,,Coronary arteriosclerosis,AMSTEL,itemid_valueid,high
MEASUREMENT_CATEGORICAL//16998//13,OMOP//OMOP_CONCEPT//77670,,True,,OMOP_CONCEPT,77670,,Chest pain,AMSTEL,itemid_valueid,high
MEASUREMENT_CATEGORICAL//16998//16,OMOP//OMOP_CONCEPT//321710,,True,,OMOP_CONCEPT,321710,,Contusion to heart,AMSTEL,itemid_valueid,high
MEASUREMENT_CATEGORICAL//16998//19,OMOP//OMOP_CONCEPT//4299449,,True,,OMOP_CONCEPT,4299449,,Hematoma,AMSTEL,itemid_valueid,high
MEASUREMENT_CATEGORICAL//16999//8,OMOP//OMOP_CONCEPT//443568,,True,,OMOP_CONCEPT,443568,,Malignant neoplasm of gastrointestinal tract,AMSTEL,itemid_valueid,high
MEASUREMENT_CATEGORICAL//17001//10,OMOP//OMOP_CONCEPT//4038835,,True,,OMOP_CONCEPT,4038835,,Hodgkin's disease (clinical),AMSTEL,itemid_valueid,high
MEASUREMENT_CATEGORICAL//17001//8,OMOP//OMOP_CONCEPT//134603,,True,,OMOP_CONCEPT,134603,,Chronic myeloid leukemia,AMSTEL,itemid_valueid,high
MEASUREMENT_CATEGORICAL//17002//7,OMOP//OMOP_CONCEPT//4178904,,True,,OMOP_CONCEPT,4178904,,Body temperature above reference range,AMSTEL,itemid_valueid,high
MEASUREMENT_CATEGORICAL//17005//21,OMOP//OMOP_CONCEPT//4190647,,True,,OMOP_CONCEPT,4190647,,Pneumocystosis pneumonia,AMSTEL,itemid_valueid,high
MEASUREMENT_CATEGORICAL//17005//8,OMOP//OMOP_CONCEPT//439404,,True,,OMOP_CONCEPT,439404,,Primary malignant neoplasm of oral cavity,AMSTEL,itemid_valueid,high
MEASUREMENT_CATEGORICAL//17006//1,OMOP//OMOP_CONCEPT//4323781,,True,,OMOP_CONCEPT,4323781,,Disorder related to bone marrow transplantation,AMSTEL,itemid_valueid,high
MEASUREMENT_CATEGORICAL//17007//11,OMOP//OMOP_CONCEPT//4094683,,True,,OMOP_CONCEPT,4094683,,Chest injury,AMSTEL,itemid_valueid,high
MEASUREMENT_CATEGORICAL//17007//20,OMOP//OMOP_CONCEPT//200588,,True,,OMOP_CONCEPT,200588,,Injury of abdomen,AMSTEL,itemid_valueid,high
MEASUREMENT_CATEGORICAL//17007//6,OMOP//OMOP_CONCEPT//200588,,True,,OMOP_CONCEPT,200588,,Injury of abdomen,AMSTEL,itemid_valueid,high
MEASUREMENT_CATEGORICAL//17010//6,OMOP//OMOP_CONCEPT//4220384,,True,,OMOP_CONCEPT,4220384,,Removal of ectopic fetus,AMSTEL,itemid_valueid,high
MEASUREMENT_CATEGORICAL//17015//12,OMOP//OMOP_CONCEPT//4073393,,True,,OMOP_CONCEPT,4073393,,Opening of chest,AMSTEL,itemid_valueid,high
MEASUREMENT_CATEGORICAL//17015//3,OMOP//OMOP_CONCEPT//4203096,,True,,OMOP_CONCEPT,4203096,,Lung mass,AMSTEL,itemid_valueid,high
MEASUREMENT_CATEGORICAL//17017//15,OMOP//OMOP_CONCEPT//133468,,True,,OMOP_CONCEPT,133468,,Disorder of limb,AMSTEL,itemid_valueid,high
MEASUREMENT_CATEGORICAL//17017//3,OMOP//OMOP_CONCEPT//200588,,True,,OMOP_CONCEPT,200588,,Injury of abdomen,AMSTEL,itemid_valueid,high
MEASUREMENT_CATEGORICAL//17018//29,,,False,,,,,,,,unmapped
MEASUREMENT_CATEGORICAL//17019//88,OMOP//OMOP_CONCEPT//318450,,True,,OMOP_CONCEPT,318450,,Cardiac tamponade,AMSTEL,itemid_valueid,high
MEASUREMENT_CATEGORICAL//17020//32,OMOP//OMOP_CONCEPT//443568,,True,,OMOP_CONCEPT,443568,,Malignant neoplasm of gastrointestinal tract,AMSTEL,itemid_valueid,high
MEASUREMENT_CATEGORICAL//17022//24,OMOP//OMOP_CONCEPT//4038835,,True,,OMOP_CONCEPT,4038835,,Hodgkin's disease (clinical),AMSTEL,itemid_valueid,high
MEASUREMENT_CATEGORICAL//17023//19,OMOP//OMOP_CONCEPT//437744,,True,,OMOP_CONCEPT,437744,,Heat exhaustion,AMSTEL,itemid_valueid,high
MEASUREMENT_CATEGORICAL//17026//28,OMOP//OMOP_CONCEPT//442588,,True,,OMOP_CONCEPT,442588,,Obstructive sleep apnea syndrome,AMSTEL,itemid_valueid,high
MEASUREMENT_CATEGORICAL//17027//16,OMOP//OMOP_CONCEPT//37018761,,True,,OMOP_CONCEPT,37018761,,Chronic kidney disease stage 5 with transplant,AMSTEL,itemid_valueid,high
MEASUREMENT_CATEGORICAL//17028//37,OMOP//OMOP_CONCEPT//200588,,True,,OMOP_CONCEPT,200588,,Injury of abdomen,AMSTEL,itemid_valueid,high
MEASUREMENT_CATEGORICAL//17028//50,OMOP//OMOP_CONCEPT//133468,,True,,OMOP_CONCEPT,133468,,Disorder of limb,AMSTEL,itemid_valueid,high
MEASUREMENT_CATEGORICAL//17028//60,OMOP//OMOP_CONCEPT//375415,,True,,OMOP_CONCEPT,375415,,Injury of head,AMSTEL,itemid_valueid,high
MEASUREMENT_CATEGORICAL//17028//61,OMOP//OMOP_CONCEPT//375415,,True,,OMOP_CONCEPT,375415,,Injury of head,AMSTEL,itemid_valueid,high
MEASUREMENT_CATEGORICAL//17028//62,OMOP//OMOP_CONCEPT//375415,,True,,OMOP_CONCEPT,375415,,Injury of head,AMSTEL,itemid_valueid,high
MEASUREMENT_CATEGORICAL//17029//100,OMOP//OMOP_CONCEPT//3654996,,True,,OMOP_CONCEPT,3654996,,Peripheral arterial disease,AMSTEL,itemid_valueid,high
MEASUREMENT_CATEGORICAL//17029//112,OMOP//OMOP_CONCEPT//132797,,True,,OMOP_CONCEPT,132797,,Sepsis,AMSTEL,itemid_valueid,high
MEASUREMENT_CATEGORICAL//17029//64,OMOP//OMOP_CONCEPT//4266600,,True,,OMOP_CONCEPT,4266600,,Abnormal cardiac conduction,AMSTEL,itemid_valueid,high
MEASUREMENT_CATEGORICAL//17029//67,OMOP//OMOP_CONCEPT//37110863,,True,,OMOP_CONCEPT,37110863,,Repair of dissection of abdominal aorta,AMSTEL,itemid_valueid,high
MEASUREMENT_CATEGORICAL//17029//78,OMOP//OMOP_CONCEPT//317576,,True,,OMOP_CONCEPT,317576,,Coronary arteriosclerosis,AMSTEL,itemid_valueid,high
MEASUREMENT_CATEGORICAL//17030//42,OMOP//OMOP_CONCEPT//4030148,,True,,OMOP_CONCEPT,4030148,,Small intestine excision,AMSTEL,itemid_valueid,high
MEASUREMENT_CATEGORICAL//17030//49,OMOP//OMOP_CONCEPT//197328,,True,,OMOP_CONCEPT,197328,,Abscess of intestine,AMSTEL,itemid_valueid,high
MEASUREMENT_CATEGORICAL//17030//57,OMOP//OMOP_CONCEPT//4244809,,True,,OMOP_CONCEPT,4244809,,Esophageal hiatus hernia repair,AMSTEL,itemid_valueid,high
MEASUREMENT_CATEGORICAL//17031//30,OMOP//OMOP_CONCEPT//4029571,,True,,OMOP_CONCEPT,4029571,,Bladder excision,AMSTEL,itemid_valueid,high
MEASUREMENT_CATEGORICAL//17031//42,OMOP//OMOP_CONCEPT//196653,,True,,OMOP_CONCEPT,196653,,Malignant tumor of kidney,AMSTEL,itemid_valueid,high
MEASUREMENT_CATEGORICAL//17031//45,OMOP//OMOP_CONCEPT//194406,,True,,OMOP_CONCEPT,194406,,Urinary tract obstruction,AMSTEL,itemid_valueid,high
MEASUREMENT_CATEGORICAL//17034//10,OMOP//OMOP_CONCEPT//4124836,,True,,OMOP_CONCEPT,4124836,,Peripheral ischemia,AMSTEL,itemid_valueid,high
MEASUREMENT_CATEGORICAL//17034//14,OMOP//OMOP_CONCEPT//4118634,,True,,OMOP_CONCEPT,4118634,,Grafting to skin,AMSTEL,itemid_valueid,high
MEASUREMENT_CATEGORICAL//17034//16,OMOP//OMOP_CONCEPT//4324765,,True,,OMOP_CONCEPT,4324765,,Arthropathy of knee joint,AMSTEL,itemid_valueid,high
MEASUREMENT_CATEGORICAL//17035//30,OMOP//OMOP_CONCEPT//4116092,,True,,OMOP_CONCEPT,4116092,,Intracranial tumor,AMSTEL,itemid_valueid,high
MEASUREMENT_CATEGORICAL//17038//49,OMOP//OMOP_CONCEPT//4094683,,True,,OMOP_CONCEPT,4094683,,Chest injury,AMSTEL,itemid_valueid,high
MEASUREMENT_CATEGORICAL//17038//57,OMOP//OMOP_CONCEPT//375415,,True,,OMOP_CONCEPT,375415,,Injury of head,AMSTEL,itemid_valueid,high
MEASUREMENT_CATEGORICAL//18603//17,,,False,,,,,,,,unmapped
MEASUREMENT_CATEGORICAL//18613//2,OMOP//OMOP_CONCEPT//4044013,,True,,OMOP_CONCEPT,4044013,,Hematologic neoplasm,AMSTEL,itemid_valueid,high
MEASUREMENT_CATEGORICAL//18671//100,OMOP//OMOP_CONCEPT//4178904,,True,,OMOP_CONCEPT,4178904,,Body temperature above reference range,AMSTEL,itemid_valueid,high
MEASUREMENT_CATEGORICAL//18671//153,OMOP//OMOP_CONCEPT//25189,,True,,OMOP_CONCEPT,25189,,Malignant tumor of oral cavity,AMSTEL,itemid_valueid,high
MEASUREMENT_CATEGORICAL//18671//16,OMOP//OMOP_CONCEPT//321710,,True,,OMOP_CONCEPT,321710,,Contusion to heart,AMSTEL,itemid_valueid,high
MEASUREMENT_CATEGORICAL//18671//190,OMOP//OMOP_CONCEPT//200588,,True,,OMOP_CONCEPT,200588,,Injury of abdomen,AMSTEL,itemid_valueid,high
MEASUREMENT_CATEGORICAL//18671//195,OMOP//OMOP_CONCEPT//4094683,,True,,OMOP_CONCEPT,4094683,,Chest injury,AMSTEL,itemid_valueid,high
MEASUREMENT_CATEGORICAL//18671//204,OMOP//OMOP_CONCEPT//200588,,True,,OMOP_CONCEPT,200588,,Injury of abdomen,AMSTEL,itemid_valueid,high
MEASUREMENT_CATEGORICAL//18671//213,OMOP//OMOP_CONCEPT//193666,,True,,OMOP_CONCEPT,193666,,Injury of hip region,AMSTEL,itemid_valueid,high
MEASUREMENT_CATEGORICAL//18671//242,OMOP//OMOP_CONCEPT//317576,,True,,OMOP_CONCEPT,317576,,Coronary arteriosclerosis,AMSTEL,itemid_valueid,high
MEASUREMENT_CATEGORICAL//18671//278,OMOP//OMOP_CONCEPT//316993,,True,,OMOP_CONCEPT,316993,,Tricuspid valve disorder,AMSTEL,itemid_valueid,high
MEASUREMENT_CATEGORICAL//18671//322,OMOP//OMOP_CONCEPT//4220384,,True,,OMOP_CONCEPT,4220384,,Removal of ectopic fetus,AMSTEL,itemid_valueid,high
MEASUREMENT_CATEGORICAL//18671//388,OMOP//OMOP_CONCEPT//320136,,True,,OMOP_CONCEPT,320136,,Disorder of respiratory system,AMSTEL,itemid_valueid,high
MEASUREMENT_CATEGORICAL//18671//431,OMOP//OMOP_CONCEPT//133468,,True,,OMOP_CONCEPT,133468,,Disorder of limb,AMSTEL,itemid_valueid,high
MEASUREMENT_CATEGORICAL//18673//494,OMOP//OMOP_CONCEPT//318450,,True,,OMOP_CONCEPT,318450,,Cardiac tamponade,AMSTEL,itemid_valueid,high
MEASUREMENT_CATEGORICAL//18673//506,OMOP//OMOP_CONCEPT//4130373,,True,,OMOP_CONCEPT,4130373,,Neoplasm of gastrointestinal tract,AMSTEL,itemid_valueid,high
MEASUREMENT_CATEGORICAL//18673//524,OMOP//OMOP_CONCEPT//443929,,True,,OMOP_CONCEPT,443929,,Postpartum hemorrhage,AMSTEL,itemid_valueid,high
MEASUREMENT_CATEGORICAL//18673//541,OMOP//OMOP_CONCEPT//4038835,,True,,OMOP_CONCEPT,4038835,,Hodgkin's disease (clinical),AMSTEL,itemid_valueid,high
MEASUREMENT_CATEGORICAL//18673//551,OMOP//OMOP_CONCEPT//437744,,True,,OMOP_CONCEPT,437744,,Heat exhaustion,AMSTEL,itemid_valueid,high
MEASUREMENT_CATEGORICAL//18673//598,OMOP//OMOP_CONCEPT//313459,,True,,OMOP_CONCEPT,313459,,Sleep apnea,AMSTEL,itemid_valueid,high
MEASUREMENT_CATEGORICAL//18673//628,OMOP//OMOP_CONCEPT//37018761,,True,,OMOP_CONCEPT,37018761,,Chronic kidney disease stage 5 with transplant,AMSTEL,itemid_valueid,high
MEASUREMENT_CATEGORICAL//18673//637,OMOP//OMOP_CONCEPT//200588,,True,,OMOP_CONCEPT,200588,,Injury of abdomen,AMSTEL,itemid_valueid,high
MEASUREMENT_CATEGORICAL//18673//650,OMOP//OMOP_CONCEPT//133468,,True,,OMOP_CONCEPT,133468,,Disorder of limb,AMSTEL,itemid_valueid,high
MEASUREMENT_CATEGORICAL//18673//658,OMOP//OMOP_CONCEPT//133468,,True,,OMOP_CONCEPT,133468,,Disorder of limb,AMSTEL,itemid_valueid,high
MEASUREMENT_CATEGORICAL//18673//660,OMOP//OMOP_CONCEPT//375415,,True,,OMOP_CONCEPT,375415,,Injury of head,AMSTEL,itemid_valueid,high
MEASUREMENT_CATEGORICAL//18673//661,OMOP//OMOP_CONCEPT//375415,,True,,OMOP_CONCEPT,375415,,Injury of head,AMSTEL,itemid_valueid,high
MEASUREMENT_CATEGORICAL//18673//662,OMOP//OMOP_CONCEPT//375415,,True,,OMOP_CONCEPT,375415,,Injury of head,AMSTEL,itemid_valueid,high
MEASUREMENT_CATEGORICAL//18673//673,OMOP//OMOP_CONCEPT//4335811,,True,,OMOP_CONCEPT,4335811,,Cardiac ablation using fluoroscopy guidance,AMSTEL,itemid_valueid,high
MEASUREMENT_CATEGORICAL//18673//676,OMOP//OMOP_CONCEPT//37110863,,True,,OMOP_CONCEPT,37110863,,Repair of dissection of abdominal aorta,AMSTEL,itemid_valueid,high
MEASUREMENT_CATEGORICAL//18673//684,OMOP//OMOP_CONCEPT//4012932,,True,,OMOP_CONCEPT,4012932,,Atrioseptoplasty,AMSTEL,itemid_valueid,high
MEASUREMENT_CATEGORICAL//18673//687,OMOP//OMOP_CONCEPT//317576,,True,,OMOP_CONCEPT,317576,,Coronary arteriosclerosis,AMSTEL,itemid_valueid,high
MEASUREMENT_CATEGORICAL//18673//709,OMOP//OMOP_CONCEPT//3654996,,True,,OMOP_CONCEPT,3654996,,Peripheral arterial disease,AMSTEL,itemid_valueid,high
MEASUREMENT_CATEGORICAL//18673//721,OMOP//OMOP_CONCEPT//132797,,True,,OMOP_CONCEPT,132797,,Sepsis,AMSTEL,itemid_valueid,high
MEASUREMENT_CATEGORICAL//18673//744,OMOP//OMOP_CONCEPT//4030148,,True,,OMOP_CONCEPT,4030148,,Small intestine excision,AMSTEL,itemid_valueid,high
MEASUREMENT_CATEGORICAL//18673//747,OMOP//OMOP_CONCEPT//195856,,True,,OMOP_CONCEPT,195856,,Cholangitis,AMSTEL,itemid_valueid,high
MEASUREMENT_CATEGORICAL//18673//759,OMOP//OMOP_CONCEPT//4244809,,True,,OMOP_CONCEPT,4244809,,Esophageal hiatus hernia repair,AMSTEL,itemid_valueid,high
MEASUREMENT_CATEGORICAL//18673//772,OMOP//OMOP_CONCEPT//201337,,True,,OMOP_CONCEPT,201337,,Disorder of bladder,AMSTEL,itemid_valueid,high
MEASUREMENT_CATEGORICAL//18673//784,OMOP//OMOP_CONCEPT//196653,,True,,OMOP_CONCEPT,196653,,Malignant tumor of kidney,AMSTEL,itemid_valueid,high
MEASUREMENT_CATEGORICAL//18673//787,OMOP//OMOP_CONCEPT//194406,,True,,OMOP_CONCEPT,194406,,Urinary tract obstruction,AMSTEL,itemid_valueid,high
MEASUREMENT_CATEGORICAL//18673//807,OMOP//OMOP_CONCEPT//4118634,,True,,OMOP_CONCEPT,4118634,,Grafting to skin,AMSTEL,itemid_valueid,high
MEASUREMENT_CATEGORICAL//18673//809,OMOP//OMOP_CONCEPT//4324765,,True,,OMOP_CONCEPT,4324765,,Arthropathy of knee joint,AMSTEL,itemid_valueid,high
MEASUREMENT_CATEGORICAL//18673//815,OMOP//OMOP_CONCEPT//376337,,True,,OMOP_CONCEPT,376337,,Disorder of nervous system,AMSTEL,itemid_valueid,high
MEASUREMENT_CATEGORICAL//18673//881,OMOP//OMOP_CONCEPT//4094683,,True,,OMOP_CONCEPT,4094683,,Chest injury,AMSTEL,itemid_valueid,high
MEASUREMENT_CATEGORICAL//18673//889,OMOP//OMOP_CONCEPT//375415,,True,,OMOP_CONCEPT,375415,,Injury of head,AMSTEL,itemid_valueid,high
MEASUREMENT_CATEGORICAL//18697//2,,,False,,,,,,,,unmapped
MEASUREMENT_CATEGORICAL//19248//1,,,False,,,,,,,,unmapped
MEASUREMENT_CATEGORICAL//19291//11,OMOP//OMOP_CONCEPT//45878583,,True,,OMOP_CONCEPT,45878583,,Negative,AMSTEL,itemid_valueid,high
MEASUREMENT_CATEGORICAL//19819//8,,,False,,,,,,,,unmapped
MEASUREMENT_CATEGORICAL//19840//7,,,False,,,,,,,,unmapped
MEASUREMENT_CATEGORICAL//20011//6,,,False,,,,,,,,unmapped
MEASUREMENT_CATEGORICAL//20094//2,,,False,,,,,,,,unmapped
MEASUREMENT_CATEGORICAL//20106//39,,,False,,,,,,,,unmapped
MEASUREMENT_CATEGORICAL//20108//44,,,False,,,,,,,,unmapped
MEASUREMENT_CATEGORICAL//20109//47,,,False,,,,,,,,unmapped
MEASUREMENT_CATEGORICAL//20110//50,,,False,,,,,,,,unmapped
MEASUREMENT_CATEGORICAL//20115//65,,,False,,,,,,,,unmapped
MEASUREMENT_CATEGORICAL//20121//84,,,False,,,,,,,,unmapped
MEASUREMENT_CATEGORICAL//20122//86,,,False,,,,,,,,unmapped
MEASUREMENT_CATEGORICAL//20123//89,,,False,,,,,,,,unmapped
MEASUREMENT_CATEGORICAL//20961//3,,,False,,,,,,,,unmapped
MEASUREMENT_CATEGORICAL//21234//30,,,False,,,,,,,,unmapped
MEASUREMENT_CATEGORICAL//6685//6,LOINC//3004921,,True,,LOINC,3004921,,3004921,AMSTEL,source_code,high
MEASUREMENT_CATEGORICAL//7969//14,,,False,,,,,,,,unmapped
MEASUREMENT_CATEGORICAL//7969//9,,,False,,,,,,,,unmapped
MEASUREMENT_CATEGORICAL//10466//11,OMOP//OMOP_CONCEPT//4051379,,False,,OMOP_CONCEPT,4051379,,"Jewish, follower of religion",AMSTEL,itemid_valueid,low
MEASUREMENT_CATEGORICAL//10468//15,SNOMED//4087925,,True,,SNOMED,4087925,,4087925,AMSTEL,source_code,high
MEASUREMENT_CATEGORICAL//10468//7,SNOMED//4087925,,True,,SNOMED,4087925,,4087925,AMSTEL,source_code,high
MEASUREMENT_CATEGORICAL//10472//26,SNOMED//44810687,,True,,SNOMED,44810687,,44810687,AMSTEL,source_code,high
MEASUREMENT_CATEGORICAL//10474//1,,,False,,,,,,,,unmapped
MEASUREMENT_CATEGORICAL//10474//10,,,False,,,,,,,,unmapped
MEASUREMENT_CATEGORICAL//10502//2,,,False,,,,,,,,unmapped
MEASUREMENT_CATEGORICAL//10515//1,,,False,,,,,,,,unmapped
MEASUREMENT_CATEGORICAL//10515//2,,,False,,,,,,,,unmapped
MEASUREMENT_CATEGORICAL//10522//1,,,False,,,,,,,,unmapped
MEASUREMENT_CATEGORICAL//12111//25,LOINC//36203284,,True,,LOINC,36203284,,36203284,AMSTEL,source_code,high
MEASUREMENT_CATEGORICAL//12129//23,LOINC//3046359,,True,,LOINC,3046359,,3046359,AMSTEL,source_code,high
MEASUREMENT_CATEGORICAL//12132//7,SNOMED//4152283,,True,,SNOMED,4152283,,4152283,AMSTEL,source_code,high
MEASUREMENT_CATEGORICAL//12290//5,OMOP//OMOP//3004921,,True,,OMOP,3004921,,ventilator_mode,BlendedICU,label_exact,high
MEASUREMENT_CATEGORICAL//12347//6,LOINC//3004921,,True,,LOINC,3004921,,3004921,AMSTEL,source_code,high
MEASUREMENT_CATEGORICAL//12347//7,LOINC//3004921,,True,,LOINC,3004921,,3004921,AMSTEL,source_code,high
MEASUREMENT_CATEGORICAL//12522//1,,,False,,,,,,,,unmapped
MEASUREMENT_CATEGORICAL//12522//2,,,False,,,,,,,,unmapped
MEASUREMENT_CATEGORICAL//12523//1,,,False,,,,,,,,unmapped
MEASUREMENT_CATEGORICAL//12525//2,,,False,,,,,,,,unmapped
MEASUREMENT_CATEGORICAL//12525//3,,,False,,,,,,,,unmapped
MEASUREMENT_CATEGORICAL//12525//4,,,False,,,,,,,,unmapped
MEASUREMENT_CATEGORICAL//12665//3,,,False,,,,,,,,unmapped
MEASUREMENT_CATEGORICAL//12666//4,,,False,,,,,,,,unmapped
MEASUREMENT_CATEGORICAL//12669//4,,,False,,,,,,,,unmapped
MEASUREMENT_CATEGORICAL//12815//6,OMOP//OMOP_CONCEPT//37156242,,True,,OMOP_CONCEPT,37156242,,Pressure injury stage IV,AMSTEL,itemid_valueid,high
MEASUREMENT_CATEGORICAL//13110//5,,,False,,,,,,,,unmapped
MEASUREMENT_CATEGORICAL//13128//5,OMOP//OMOP_CONCEPT//4242877,,True,,OMOP_CONCEPT,4242877,,Evacuation of subdural hematoma,AMSTEL,itemid_valueid,high
MEASUREMENT_CATEGORICAL//13135//4,OMOP//OMOP_CONCEPT//192680,,True,,OMOP_CONCEPT,192680,,Portal hypertension,AMSTEL,itemid_valueid,high
MEASUREMENT_CATEGORICAL//14171//4,,,False,,,,,,,,unmapped
MEASUREMENT_CATEGORICAL//14171//7,,,False,,,,,,,,unmapped
MEASUREMENT_CATEGORICAL//14183//10,,,False,,,,,,,,unmapped
MEASUREMENT_CATEGORICAL//14426//28,LOINC//3021707,,True,,LOINC,3021707,,3021707,AMSTEL,source_code,high
MEASUREMENT_CATEGORICAL//14476//11,LOINC//3026549,,True,,LOINC,3026549,,3026549,AMSTEL,source_code,high
MEASUREMENT_CATEGORICAL//14486//11,,,False,,,,,,,,unmapped
MEASUREMENT_CATEGORICAL//14486//18,,,False,,,,,,,,unmapped
MEASUREMENT_CATEGORICAL//14486//22,,,False,,,,,,,,unmapped
MEASUREMENT_CATEGORICAL//14486//3,,,False,,,,,,,,unmapped
MEASUREMENT_CATEGORICAL//14486//7,,,False,,,,,,,,unmapped
MEASUREMENT_CATEGORICAL//14565//54,,,False,,,,,,,,unmapped
MEASUREMENT_CATEGORICAL//14565//56,,,False,,,,,,,,unmapped
MEASUREMENT_CATEGORICAL//14565//88,,,False,,,,,,,,unmapped
MEASUREMENT_CATEGORICAL//14579//8,,,False,,,,,,,,unmapped
MEASUREMENT_CATEGORICAL//16101//7,OMOP//OMOP_CONCEPT//4240305,,True,,OMOP_CONCEPT,4240305,,Thoracentesis,AMSTEL,itemid_valueid,high
MEASUREMENT_CATEGORICAL//16182//11,,,False,,,,,,,,unmapped
MEASUREMENT_CATEGORICAL//16182//12,,,False,,,,,,,,unmapped
MEASUREMENT_CATEGORICAL//16182//21,,,False,,,,,,,,unmapped
MEASUREMENT_CATEGORICAL//16182//3,,,False,,,,,,,,unmapped
MEASUREMENT_CATEGORICAL//16182//33,,,False,,,,,,,,unmapped
MEASUREMENT_CATEGORICAL//16182//5,,,False,,,,,,,,unmapped
MEASUREMENT_CATEGORICAL//16228//1,,,False,,,,,,,,unmapped
MEASUREMENT_CATEGORICAL//16228//2,,,False,,,,,,,,unmapped
MEASUREMENT_CATEGORICAL//16229//1,,,False,,,,,,,,unmapped
MEASUREMENT_CATEGORICAL//16252//1,LOINC//46235663,,True,,LOINC,46235663,,46235663,AMSTEL,source_code,high
MEASUREMENT_CATEGORICAL//16273//6,,,False,,,,,,,,unmapped
MEASUREMENT_CATEGORICAL//16275//6,,,False,,,,,,,,unmapped
MEASUREMENT_CATEGORICAL//16276//8,,,False,,,,,,,,unmapped
MEASUREMENT_CATEGORICAL//16276//9,,,False,,,,,,,,unmapped
MEASUREMENT_CATEGORICAL//16279//30,,,False,,,,,,,,unmapped
MEASUREMENT_CATEGORICAL//16280//31,,,False,,,,,,,,unmapped
MEASUREMENT_CATEGORICAL//16288//16,,,False,,,,,,,,unmapped
MEASUREMENT_CATEGORICAL//16296//10,,,False,,,,,,,,unmapped
MEASUREMENT_CATEGORICAL//16297//13,,,False,,,,,,,,unmapped
MEASUREMENT_CATEGORICAL//16297//14,,,False,,,,,,,,unmapped
MEASUREMENT_CATEGORICAL//16297//15,,,False,,,,,,,,unmapped
MEASUREMENT_CATEGORICAL//16298//20,,,False,,,,,,,,unmapped
MEASUREMENT_CATEGORICAL//16300//27,,,False,,,,,,,,unmapped
MEASUREMENT_CATEGORICAL//16301//33,,,False,,,,,,,,unmapped
MEASUREMENT_CATEGORICAL//16302//39,,,False,,,,,,,,unmapped
MEASUREMENT_CATEGORICAL//16303//42,,,False,,,,,,,,unmapped
MEASUREMENT_CATEGORICAL//16303//44,,,False,,,,,,,,unmapped
MEASUREMENT_CATEGORICAL//16304//49,,,False,,,,,,,,unmapped
MEASUREMENT_CATEGORICAL//16307//62,,,False,,,,,,,,unmapped
MEASUREMENT_CATEGORICAL//16310//77,,,False,,,,,,,,unmapped
MEASUREMENT_CATEGORICAL//16311//82,,,False,,,,,,,,unmapped
MEASUREMENT_CATEGORICAL//16311//85,,,False,,,,,,,,unmapped
MEASUREMENT_CATEGORICAL//16317//28,,,False,,,,,,,,unmapped
MEASUREMENT_CATEGORICAL//16318//54,,,False,,,,,,,,unmapped
MEASUREMENT_CATEGORICAL//16319//49,,,False,,,,,,,,unmapped
MEASUREMENT_CATEGORICAL//16320//15,,,False,,,,,,,,unmapped
MEASUREMENT_CATEGORICAL//16324//87,,,False,,,,,,,,unmapped
MEASUREMENT_CATEGORICAL//16326//57,,,False,,,,,,,,unmapped
MEASUREMENT_CATEGORICAL//16327//39,,,False,,,,,,,,unmapped
MEASUREMENT_CATEGORICAL//16327//40,,,False,,,,,,,,unmapped
MEASUREMENT_CATEGORICAL//16411//2,,,False,,,,,,,,unmapped
MEASUREMENT_CATEGORICAL//16448//17,SNOMED//4052413,,True,,SNOMED,4052413,,4052413,AMSTEL,source_code,high
MEASUREMENT_CATEGORICAL//16448//23,SNOMED//4052413,,True,,SNOMED,4052413,,4052413,AMSTEL,source_code,high
MEASUREMENT_CATEGORICAL//16602//4,LOINC//40769732,,True,,LOINC,40769732,,40769732,AMSTEL,source_code,high
MEASUREMENT_CATEGORICAL//16602//5,LOINC//40769732,,True,,LOINC,40769732,,40769732,AMSTEL,source_code,high
MEASUREMENT_CATEGORICAL//16602//7,LOINC//40769732,,True,,LOINC,40769732,,40769732,AMSTEL,source_code,high
MEASUREMENT_CATEGORICAL//16604//5,OMOP//OMOP_CONCEPT//4230380,,True,,OMOP_CONCEPT,4230380,,Fibrinogen deficiency,AMSTEL,itemid_valueid,high
MEASUREMENT_CATEGORICAL//16606//10,LOINC//21491193,,True,,LOINC,21491193,,21491193,AMSTEL,source_code,high
MEASUREMENT_CATEGORICAL//16606//3,LOINC//21491193,,True,,LOINC,21491193,,21491193,AMSTEL,source_code,high
MEASUREMENT_CATEGORICAL//16642//10,OMOP//OMOP_CONCEPT//132797,,True,,OMOP_CONCEPT,132797,,Sepsis,AMSTEL,itemid_valueid,high
MEASUREMENT_CATEGORICAL//16642//9,OMOP//OMOP_CONCEPT//4148882,,True,,OMOP_CONCEPT,4148882,,Hemorrhagic shock,AMSTEL,itemid_valueid,high
MEASUREMENT_CATEGORICAL//16645//7,OMOP//OMOP_CONCEPT//201965,,True,,OMOP_CONCEPT,201965,,Shock,AMSTEL,itemid_valueid,high
MEASUREMENT_CATEGORICAL//16648//17,OMOP//OMOP_CONCEPT//375415,,True,,OMOP_CONCEPT,375415,,Injury of head,AMSTEL,itemid_valueid,high
MEASUREMENT_CATEGORICAL//16648//25,OMOP//OMOP_CONCEPT//133468,,True,,OMOP_CONCEPT,133468,,Disorder of limb,AMSTEL,itemid_valueid,high
MEASUREMENT_CATEGORICAL//16649//11,OMOP//OMOP_CONCEPT//4129747,,True,,OMOP_CONCEPT,4129747,,Operation on female genital organs,AMSTEL,itemid_valueid,high
MEASUREMENT_CATEGORICAL//16653//20,OMOP//OMOP_CONCEPT//317585,,True,,OMOP_CONCEPT,317585,,Aortic aneurysm,AMSTEL,itemid_valueid,high
MEASUREMENT_CATEGORICAL//16654//9,OMOP//OMOP_CONCEPT//4147164,,True,,OMOP_CONCEPT,4147164,,Malignant tumor of lymphoid hemopoietic and related tissue,AMSTEL,itemid_valueid,high
MEASUREMENT_CATEGORICAL//16658//16,OMOP//OMOP_CONCEPT//440417,,True,,OMOP_CONCEPT,440417,,Pulmonary embolism,AMSTEL,itemid_valueid,high
MEASUREMENT_CATEGORICAL//16658//17,OMOP//OMOP_CONCEPT//252280,,True,,OMOP_CONCEPT,252280,,Neoplasm of respiratory tract,AMSTEL,itemid_valueid,high
MEASUREMENT_CATEGORICAL//16658//21,OMOP//OMOP_CONCEPT//602985,,True,,OMOP_CONCEPT,602985,,Intoxication,AMSTEL,itemid_valueid,high
MEASUREMENT_CATEGORICAL//16659//5,OMOP//OMOP_CONCEPT//444044,,True,,OMOP_CONCEPT,444044,,Acute tubular necrosis,AMSTEL,itemid_valueid,high
MEASUREMENT_CATEGORICAL//16661//21,OMOP//OMOP_CONCEPT//4045952,,True,,OMOP_CONCEPT,4045952,,Excision of intracranial arteriovenous malformation,AMSTEL,itemid_valueid,high
MEASUREMENT_CATEGORICAL//16663//15,OMOP//OMOP_CONCEPT//376337,,True,,OMOP_CONCEPT,376337,,Disorder of nervous system,AMSTEL,itemid_valueid,high
MEASUREMENT_CATEGORICAL//16663//9,OMOP//OMOP_CONCEPT//380834,,True,,OMOP_CONCEPT,380834,,Coma,AMSTEL,itemid_valueid,high
MEASUREMENT_CATEGORICAL//16664//11,OMOP//OMOP_CONCEPT//376713,,True,,OMOP_CONCEPT,376713,,Cerebral hemorrhage,AMSTEL,itemid_valueid,high
MEASUREMENT_CATEGORICAL//16670//12,OMOP//OMOP_CONCEPT//44783222,,True,,OMOP_CONCEPT,44783222,,Aortic arch replacement,AMSTEL,itemid_valueid,high
MEASUREMENT_CATEGORICAL//16670//15,OMOP//OMOP_CONCEPT//4199966,,True,,OMOP_CONCEPT,4199966,,Repair of thoracoabdominal aortic aneurysm,AMSTEL,itemid_valueid,high
MEASUREMENT_CATEGORICAL//16670//17,OMOP//OMOP_CONCEPT//436136,,True,,OMOP_CONCEPT,436136,,Dissection of thoracic aorta,AMSTEL,itemid_valueid,high
MEASUREMENT_CATEGORICAL//16672//18,OMOP//OMOP_CONCEPT//4107225,,True,,OMOP_CONCEPT,4107225,,Rupture of heart,AMSTEL,itemid_valueid,high
MEASUREMENT_CATEGORICAL//16673//13,OMOP//OMOP_CONCEPT//4079730,,True,,OMOP_CONCEPT,4079730,,Pleurectomy,AMSTEL,itemid_valueid,high
MEASUREMENT_CATEGORICAL//16685//5,LOINC//46237002,,True,,LOINC,46237002,,46237002,AMSTEL,source_code,high
MEASUREMENT_CATEGORICAL//16993//2,OMOP//OMOP_CONCEPT//8870,,True,,OMOP_CONCEPT,8870,,Emergency Room - Hospital,AMSTEL,itemid_valueid,high
MEASUREMENT_CATEGORICAL//16995//4,SNOMED//37154585,,True,,SNOMED,37154585,,37154585,AMSTEL,source_code,high
MEASUREMENT_CATEGORICAL//16998//17,OMOP//OMOP_CONCEPT//4161701,,True,,OMOP_CONCEPT,4161701,,Pericardial effusion,AMSTEL,itemid_valueid,high
MEASUREMENT_CATEGORICAL//17002//8,OMOP//OMOP_CONCEPT//133436,,True,,OMOP_CONCEPT,133436,,Thyrotoxic crisis,AMSTEL,itemid_valueid,high
MEASUREMENT_CATEGORICAL//17004//12,OMOP//OMOP_CONCEPT//440385,,True,,OMOP_CONCEPT,440385,,Obstructive hydrocephalus,AMSTEL,itemid_valueid,high
MEASUREMENT_CATEGORICAL//17007//15,OMOP//OMOP_CONCEPT//133468,,True,,OMOP_CONCEPT,133468,,Disorder of limb,AMSTEL,itemid_valueid,high
MEASUREMENT_CATEGORICAL//17007//29,OMOP//OMOP_CONCEPT//193666,,True,,OMOP_CONCEPT,193666,,Injury of hip region,AMSTEL,itemid_valueid,high
MEASUREMENT_CATEGORICAL//17007//3,OMOP//OMOP_CONCEPT//200588,,True,,OMOP_CONCEPT,200588,,Injury of abdomen,AMSTEL,itemid_valueid,high
MEASUREMENT_CATEGORICAL//17007//30,OMOP//OMOP_CONCEPT//4096313,,True,,OMOP_CONCEPT,4096313,,Multiple injuries,AMSTEL,itemid_valueid,high
MEASUREMENT_CATEGORICAL//17007//5,OMOP//OMOP_CONCEPT//200588,,True,,OMOP_CONCEPT,200588,,Injury of abdomen,AMSTEL,itemid_valueid,high
MEASUREMENT_CATEGORICAL//17008//28,OMOP//OMOP_CONCEPT//312723,,True,,OMOP_CONCEPT,312723,,Congenital heart disease,AMSTEL,itemid_valueid,high
MEASUREMENT_CATEGORICAL//17008//30,OMOP//OMOP_CONCEPT//3654996,,True,,OMOP_CONCEPT,3654996,,Peripheral arterial disease,AMSTEL,itemid_valueid,high
MEASUREMENT_CATEGORICAL//17008//36,OMOP//OMOP_CONCEPT//193782,,True,,OMOP_CONCEPT,193782,,End-stage renal disease,AMSTEL,itemid_valueid,high
MEASUREMENT_CATEGORICAL//17008//58,OMOP//OMOP_CONCEPT//316993,,True,,OMOP_CONCEPT,316993,,Tricuspid valve disorder,AMSTEL,itemid_valueid,high
MEASUREMENT_CATEGORICAL//17009//29,OMOP//OMOP_CONCEPT//196152,,True,,OMOP_CONCEPT,196152,,Peritonitis,AMSTEL,itemid_valueid,high
MEASUREMENT_CATEGORICAL//17010//17,OMOP//OMOP_CONCEPT//194406,,True,,OMOP_CONCEPT,194406,,Urinary tract obstruction,AMSTEL,itemid_valueid,high
MEASUREMENT_CATEGORICAL//17010//21,OMOP//OMOP_CONCEPT//4129900,,True,,OMOP_CONCEPT,4129900,,Neoplasm of testis,AMSTEL,itemid_valueid,high
MEASUREMENT_CATEGORICAL//17013//5,OMOP//OMOP_CONCEPT//4118634,,True,,OMOP_CONCEPT,4118634,,Grafting to skin,AMSTEL,itemid_valueid,high
MEASUREMENT_CATEGORICAL//17015//14,OMOP//OMOP_CONCEPT//4110048,,True,,OMOP_CONCEPT,4110048,,Chronic bullous emphysema,AMSTEL,itemid_valueid,high
MEASUREMENT_CATEGORICAL//17017//6,OMOP//OMOP_CONCEPT//200588,,True,,OMOP_CONCEPT,200588,,Injury of abdomen,AMSTEL,itemid_valueid,high
MEASUREMENT_CATEGORICAL//17019//47,OMOP//OMOP_CONCEPT//441202,,True,,OMOP_CONCEPT,441202,,Anaphylaxis,AMSTEL,itemid_valueid,high
MEASUREMENT_CATEGORICAL//17019//49,OMOP//OMOP_CONCEPT//40479758,,True,,OMOP_CONCEPT,40479758,,Pseudoaneurysm,AMSTEL,itemid_valueid,high
MEASUREMENT_CATEGORICAL//17019//61,OMOP//OMOP_CONCEPT//4300243,,True,,OMOP_CONCEPT,4300243,,Postoperative complication,AMSTEL,itemid_valueid,high
MEASUREMENT_CATEGORICAL//17019//63,OMOP//OMOP_CONCEPT//4161701,,True,,OMOP_CONCEPT,4161701,,Pericardial effusion,AMSTEL,itemid_valueid,high
MEASUREMENT_CATEGORICAL//17019//73,OMOP//OMOP_CONCEPT//4124686,,True,,OMOP_CONCEPT,4124686,,Silent myocardial infarction,AMSTEL,itemid_valueid,high
MEASUREMENT_CATEGORICAL//17019//75,OMOP//OMOP_CONCEPT//4141491,,True,,OMOP_CONCEPT,4141491,,Mitral papillary muscle rupture,AMSTEL,itemid_valueid,high
MEASUREMENT_CATEGORICAL//17020//36,OMOP//OMOP_CONCEPT//4266809,,True,,OMOP_CONCEPT,4266809,,Diverticular disease,AMSTEL,itemid_valueid,high
MEASUREMENT_CATEGORICAL//17020//40,OMOP//OMOP_CONCEPT//4129389,,True,,OMOP_CONCEPT,4129389,,Gastrointestinal obstruction,AMSTEL,itemid_valueid,high
MEASUREMENT_CATEGORICAL//17021//11,OMOP//OMOP_CONCEPT//443929,,True,,OMOP_CONCEPT,443929,,Postpartum hemorrhage,AMSTEL,itemid_valueid,high
MEASUREMENT_CATEGORICAL//17022//23,OMOP//OMOP_CONCEPT//317510,,True,,OMOP_CONCEPT,317510,,Leukemia,AMSTEL,itemid_valueid,high
MEASUREMENT_CATEGORICAL//17022//26,OMOP//OMOP_CONCEPT//320073,,True,,OMOP_CONCEPT,320073,,Neutropenia,AMSTEL,itemid_valueid,high
MEASUREMENT_CATEGORICAL//17024//12,OMOP//OMOP_CONCEPT//80809,,True,,OMOP_CONCEPT,80809,,Rheumatoid arthritis,AMSTEL,itemid_valueid,high
MEASUREMENT_CATEGORICAL//17024//20,OMOP//OMOP_CONCEPT//4345578,,True,,OMOP_CONCEPT,4345578,,Rhabdomyolysis,AMSTEL,itemid_valueid,high
MEASUREMENT_CATEGORICAL//17025//40,OMOP//OMOP_CONCEPT//440385,,True,,OMOP_CONCEPT,440385,,Obstructive hydrocephalus,AMSTEL,itemid_valueid,high
MEASUREMENT_CATEGORICAL//17025//55,OMOP//OMOP_CONCEPT//4046364,,True,,OMOP_CONCEPT,4046364,,Subarachnoid hemorrhage due to ruptured arteriovenous malformation,AMSTEL,itemid_valueid,high
MEASUREMENT_CATEGORICAL//17026//42,OMOP//OMOP_CONCEPT//439973,,True,,OMOP_CONCEPT,439973,,Nonfatal submersion,AMSTEL,itemid_valueid,high
MEASUREMENT_CATEGORICAL//17026//46,OMOP//OMOP_CONCEPT//4049965,,True,,OMOP_CONCEPT,4049965,,Fungal pneumonia,AMSTEL,itemid_valueid,high
MEASUREMENT_CATEGORICAL//17026//52,OMOP//OMOP_CONCEPT//4266931,,True,,OMOP_CONCEPT,4266931,,Restrictive lung disease,AMSTEL,itemid_valueid,high
MEASUREMENT_CATEGORICAL//17026//54,OMOP//OMOP_CONCEPT//4031380,,True,,OMOP_CONCEPT,4031380,,Dysfunctional ventilatory weaning response,AMSTEL,itemid_valueid,high
MEASUREMENT_CATEGORICAL//17028//40,OMOP//OMOP_CONCEPT//200588,,True,,OMOP_CONCEPT,200588,,Injury of abdomen,AMSTEL,itemid_valueid,high
MEASUREMENT_CATEGORICAL//17028//42,OMOP//OMOP_CONCEPT//200588,,True,,OMOP_CONCEPT,200588,,Injury of abdomen,AMSTEL,itemid_valueid,high
MEASUREMENT_CATEGORICAL//17028//45,OMOP//OMOP_CONCEPT//4094683,,True,,OMOP_CONCEPT,4094683,,Chest injury,AMSTEL,itemid_valueid,high
MEASUREMENT_CATEGORICAL//17028//54,OMOP//OMOP_CONCEPT//4096313,,True,,OMOP_CONCEPT,4096313,,Multiple injuries,AMSTEL,itemid_valueid,high
MEASUREMENT_CATEGORICAL//17029//109,OMOP//OMOP_CONCEPT//4018853,,True,,OMOP_CONCEPT,4018853,,Decompression of cardiac tamponade,AMSTEL,itemid_valueid,high
MEASUREMENT_CATEGORICAL//17029//115,OMOP//OMOP_CONCEPT//132797,,True,,OMOP_CONCEPT,132797,,Sepsis,AMSTEL,itemid_valueid,high
MEASUREMENT_CATEGORICAL//17029//116,OMOP//OMOP_CONCEPT//132797,,True,,OMOP_CONCEPT,132797,,Sepsis,AMSTEL,itemid_valueid,high
MEASUREMENT_CATEGORICAL//17029//75,OMOP//OMOP_CONCEPT//4012932,,True,,OMOP_CONCEPT,4012932,,Atrioseptoplasty,AMSTEL,itemid_valueid,high
MEASUREMENT_CATEGORICAL//17029//81,OMOP//OMOP_CONCEPT//317576,,True,,OMOP_CONCEPT,317576,,Coronary arteriosclerosis,AMSTEL,itemid_valueid,high
MEASUREMENT_CATEGORICAL//17029//91,OMOP//OMOP_CONCEPT//312723,,True,,OMOP_CONCEPT,312723,,Congenital heart disease,AMSTEL,itemid_valueid,high
MEASUREMENT_CATEGORICAL//17029//98,OMOP//OMOP_CONCEPT//4153380,,True,,OMOP_CONCEPT,4153380,,Disorder of carotid artery,AMSTEL,itemid_valueid,high
MEASUREMENT_CATEGORICAL//17030//45,OMOP//OMOP_CONCEPT//195856,,True,,OMOP_CONCEPT,195856,,Cholangitis,AMSTEL,itemid_valueid,high
MEASUREMENT_CATEGORICAL//17030//66,OMOP//OMOP_CONCEPT//4020329,,True,,OMOP_CONCEPT,4020329,,Pancreaticoduodenectomy,AMSTEL,itemid_valueid,high
MEASUREMENT_CATEGORICAL//17031//36,OMOP//OMOP_CONCEPT//197230,,True,,OMOP_CONCEPT,197230,,Malignant neoplasm of uterus,AMSTEL,itemid_valueid,high
MEASUREMENT_CATEGORICAL//17034//12,OMOP//OMOP_CONCEPT//37110585,,True,,OMOP_CONCEPT,37110585,,Complication due to and following cosmetic surgery,AMSTEL,itemid_valueid,high
MEASUREMENT_CATEGORICAL//17034//13,OMOP//OMOP_CONCEPT//4346395,,True,,OMOP_CONCEPT,4346395,,Operation on fracture,AMSTEL,itemid_valueid,high
MEASUREMENT_CATEGORICAL//17035//46,OMOP//OMOP_CONCEPT//4003037,,True,,OMOP_CONCEPT,4003037,,Creation of cerebrospinal fluid shunt,AMSTEL,itemid_valueid,high
MEASUREMENT_CATEGORICAL//17036//21,OMOP//OMOP_CONCEPT//317109,,True,,OMOP_CONCEPT,317109,,Respiratory arrest,AMSTEL,itemid_valueid,high
MEASUREMENT_CATEGORICAL//17036//24,OMOP//OMOP_CONCEPT//4301351,,True,,OMOP_CONCEPT,4301351,,Surgical procedure,AMSTEL,itemid_valueid,high
MEASUREMENT_CATEGORICAL//17036//37,OMOP//OMOP_CONCEPT//4073393,,True,,OMOP_CONCEPT,4073393,,Opening of chest,AMSTEL,itemid_valueid,high
MEASUREMENT_CATEGORICAL//17038//51,OMOP//OMOP_CONCEPT//133468,,True,,OMOP_CONCEPT,133468,,Disorder of limb,AMSTEL,itemid_valueid,high
MEASUREMENT_CATEGORICAL//17038//59,OMOP//OMOP_CONCEPT//375415,,True,,OMOP_CONCEPT,375415,,Injury of head,AMSTEL,itemid_valueid,high
MEASUREMENT_CATEGORICAL//17038//60,OMOP//OMOP_CONCEPT//375415,,True,,OMOP_CONCEPT,375415,,Injury of head,AMSTEL,itemid_valueid,high
MEASUREMENT_CATEGORICAL//17038//62,OMOP//OMOP_CONCEPT//375415,,True,,OMOP_CONCEPT,375415,,Injury of head,AMSTEL,itemid_valueid,high
MEASUREMENT_CATEGORICAL//18671//129,OMOP//OMOP_CONCEPT//440385,,True,,OMOP_CONCEPT,440385,,Obstructive hydrocephalus,AMSTEL,itemid_valueid,high
MEASUREMENT_CATEGORICAL//18671//17,OMOP//OMOP_CONCEPT//4161701,,True,,OMOP_CONCEPT,4161701,,Pericardial effusion,AMSTEL,itemid_valueid,high
MEASUREMENT_CATEGORICAL//18671//173,OMOP//OMOP_CONCEPT//4323781,,True,,OMOP_CONCEPT,4323781,,Disorder related to bone marrow transplantation,AMSTEL,itemid_valueid,high
MEASUREMENT_CATEGORICAL//18671//187,OMOP//OMOP_CONCEPT//200588,,True,,OMOP_CONCEPT,200588,,Injury of abdomen,AMSTEL,itemid_valueid,high
MEASUREMENT_CATEGORICAL//18671//189,OMOP//OMOP_CONCEPT//200588,,True,,OMOP_CONCEPT,200588,,Injury of abdomen,AMSTEL,itemid_valueid,high
MEASUREMENT_CATEGORICAL//18671//214,OMOP//OMOP_CONCEPT//4096313,,True,,OMOP_CONCEPT,4096313,,Multiple injuries,AMSTEL,itemid_valueid,high
MEASUREMENT_CATEGORICAL//18671//256,OMOP//OMOP_CONCEPT//193782,,True,,OMOP_CONCEPT,193782,,End-stage renal disease,AMSTEL,itemid_valueid,high
MEASUREMENT_CATEGORICAL//18671//312,OMOP//OMOP_CONCEPT//196152,,True,,OMOP_CONCEPT,196152,,Peritonitis,AMSTEL,itemid_valueid,high
MEASUREMENT_CATEGORICAL//18671//355,OMOP//OMOP_CONCEPT//4118634,,True,,OMOP_CONCEPT,4118634,,Grafting to skin,AMSTEL,itemid_valueid,high
MEASUREMENT_CATEGORICAL//18671//36,OMOP//OMOP_CONCEPT//132797,,True,,OMOP_CONCEPT,132797,,Sepsis,AMSTEL,itemid_valueid,high
MEASUREMENT_CATEGORICAL//18671//410,OMOP//OMOP_CONCEPT//4076862,,True,,OMOP_CONCEPT,4076862,,Transplantation of liver,AMSTEL,itemid_valueid,high
MEASUREMENT_CATEGORICAL//18671//422,OMOP//OMOP_CONCEPT//200588,,True,,OMOP_CONCEPT,200588,,Injury of abdomen,AMSTEL,itemid_valueid,high
MEASUREMENT_CATEGORICAL//18673//453,OMOP//OMOP_CONCEPT//441202,,True,,OMOP_CONCEPT,441202,,Anaphylaxis,AMSTEL,itemid_valueid,high
MEASUREMENT_CATEGORICAL//18673//455,OMOP//OMOP_CONCEPT//40479758,,True,,OMOP_CONCEPT,40479758,,Pseudoaneurysm,AMSTEL,itemid_valueid,high
MEASUREMENT_CATEGORICAL//18673//467,OMOP//OMOP_CONCEPT//4300243,,True,,OMOP_CONCEPT,4300243,,Postoperative complication,AMSTEL,itemid_valueid,high
MEASUREMENT_CATEGORICAL//18673//469,OMOP//OMOP_CONCEPT//4161701,,True,,OMOP_CONCEPT,4161701,,Pericardial effusion,AMSTEL,itemid_valueid,high
MEASUREMENT_CATEGORICAL//18673//479,OMOP//OMOP_CONCEPT//4124686,,True,,OMOP_CONCEPT,4124686,,Silent myocardial infarction,AMSTEL,itemid_valueid,high
MEASUREMENT_CATEGORICAL//18673//481,OMOP//OMOP_CONCEPT//4141491,,True,,OMOP_CONCEPT,4141491,,Mitral papillary muscle rupture,AMSTEL,itemid_valueid,high
MEASUREMENT_CATEGORICAL//18673//510,OMOP//OMOP_CONCEPT//4266809,,True,,OMOP_CONCEPT,4266809,,Diverticular disease,AMSTEL,itemid_valueid,high
MEASUREMENT_CATEGORICAL//18673//514,OMOP//OMOP_CONCEPT//4129389,,True,,OMOP_CONCEPT,4129389,,Gastrointestinal obstruction,AMSTEL,itemid_valueid,high
MEASUREMENT_CATEGORICAL//18673//540,OMOP//OMOP_CONCEPT//317510,,True,,OMOP_CONCEPT,317510,,Leukemia,AMSTEL,itemid_valueid,high
MEASUREMENT_CATEGORICAL//18673//543,OMOP//OMOP_CONCEPT//320073,,True,,OMOP_CONCEPT,320073,,Neutropenia,AMSTEL,itemid_valueid,high
MEASUREMENT_CATEGORICAL//18673//559,OMOP//OMOP_CONCEPT//80809,,True,,OMOP_CONCEPT,80809,,Rheumatoid arthritis,AMSTEL,itemid_valueid,high
MEASUREMENT_CATEGORICAL//18673//567,OMOP//OMOP_CONCEPT//4345578,,True,,OMOP_CONCEPT,4345578,,Rhabdomyolysis,AMSTEL,itemid_valueid,high
MEASUREMENT_CATEGORICAL//18673//581,OMOP//OMOP_CONCEPT//440385,,True,,OMOP_CONCEPT,440385,,Obstructive hydrocephalus,AMSTEL,itemid_valueid,high
MEASUREMENT_CATEGORICAL//18673//612,OMOP//OMOP_CONCEPT//439973,,True,,OMOP_CONCEPT,439973,,Nonfatal submersion,AMSTEL,itemid_valueid,high
MEASUREMENT_CATEGORICAL//18673//616,OMOP//OMOP_CONCEPT//4049965,,True,,OMOP_CONCEPT,4049965,,Fungal pneumonia,AMSTEL,itemid_valueid,high
MEASUREMENT_CATEGORICAL//18673//622,OMOP//OMOP_CONCEPT//4266931,,True,,OMOP_CONCEPT,4266931,,Restrictive lung disease,AMSTEL,itemid_valueid,high
MEASUREMENT_CATEGORICAL//18673//624,OMOP//OMOP_CONCEPT//4031380,,True,,OMOP_CONCEPT,4031380,,Dysfunctional ventilatory weaning response,AMSTEL,itemid_valueid,high
MEASUREMENT_CATEGORICAL//18673//640,OMOP//OMOP_CONCEPT//200588,,True,,OMOP_CONCEPT,200588,,Injury of abdomen,AMSTEL,itemid_valueid,high
MEASUREMENT_CATEGORICAL//18673//642,OMOP//OMOP_CONCEPT//200588,,True,,OMOP_CONCEPT,200588,,Injury of abdomen,AMSTEL,itemid_valueid,high
MEASUREMENT_CATEGORICAL//18673//645,OMOP//OMOP_CONCEPT//4094683,,True,,OMOP_CONCEPT,4094683,,Chest injury,AMSTEL,itemid_valueid,high
MEASUREMENT_CATEGORICAL//18673//654,OMOP//OMOP_CONCEPT//4096313,,True,,OMOP_CONCEPT,4096313,,Multiple injuries,AMSTEL,itemid_valueid,high
MEASUREMENT_CATEGORICAL//18673//690,OMOP//OMOP_CONCEPT//314054,,True,,OMOP_CONCEPT,314054,,Aortic valve disorder,AMSTEL,itemid_valueid,high
MEASUREMENT_CATEGORICAL//18673//700,OMOP//OMOP_CONCEPT//42538522,,True,,OMOP_CONCEPT,42538522,,Congenital cardiovascular disorder,AMSTEL,itemid_valueid,high
MEASUREMENT_CATEGORICAL//18673//707,OMOP//OMOP_CONCEPT//4153380,,True,,OMOP_CONCEPT,4153380,,Disorder of carotid artery,AMSTEL,itemid_valueid,high
MEASUREMENT_CATEGORICAL//18673//718,OMOP//OMOP_CONCEPT//4018853,,True,,OMOP_CONCEPT,4018853,,Decompression of cardiac tamponade,AMSTEL,itemid_valueid,high
MEASUREMENT_CATEGORICAL//18673//724,OMOP//OMOP_CONCEPT//132797,,True,,OMOP_CONCEPT,132797,,Sepsis,AMSTEL,itemid_valueid,high
MEASUREMENT_CATEGORICAL//18673//725,OMOP//OMOP_CONCEPT//132797,,True,,OMOP_CONCEPT,132797,,Sepsis,AMSTEL,itemid_valueid,high
MEASUREMENT_CATEGORICAL//18673//768,OMOP//OMOP_CONCEPT//4020329,,True,,OMOP_CONCEPT,4020329,,Pancreaticoduodenectomy,AMSTEL,itemid_valueid,high
MEASUREMENT_CATEGORICAL//18673//778,OMOP//OMOP_CONCEPT//197230,,True,,OMOP_CONCEPT,197230,,Malignant neoplasm of uterus,AMSTEL,itemid_valueid,high
MEASUREMENT_CATEGORICAL//18673//803,OMOP//OMOP_CONCEPT//3654996,,True,,OMOP_CONCEPT,3654996,,Peripheral arterial disease,AMSTEL,itemid_valueid,high
MEASUREMENT_CATEGORICAL//18673//805,OMOP//OMOP_CONCEPT//4207050,,True,,OMOP_CONCEPT,4207050,,Cosmetic surgery,AMSTEL,itemid_valueid,high
MEASUREMENT_CATEGORICAL//18673//806,OMOP//OMOP_CONCEPT//4346395,,True,,OMOP_CONCEPT,4346395,,Operation on fracture,AMSTEL,itemid_valueid,high
MEASUREMENT_CATEGORICAL//18673//831,OMOP//OMOP_CONCEPT//4003037,,True,,OMOP_CONCEPT,4003037,,Creation of cerebrospinal fluid shunt,AMSTEL,itemid_valueid,high
MEASUREMENT_CATEGORICAL//18673//839,OMOP//OMOP_CONCEPT//317109,,True,,OMOP_CONCEPT,317109,,Respiratory arrest,AMSTEL,itemid_valueid,high
MEASUREMENT_CATEGORICAL//18673//842,OMOP//OMOP_CONCEPT//25189,,True,,OMOP_CONCEPT,25189,,Malignant tumor of oral cavity,AMSTEL,itemid_valueid,high
MEASUREMENT_CATEGORICAL//18673//855,OMOP//OMOP_CONCEPT//257010,,True,,OMOP_CONCEPT,257010,,Abscess of lung,AMSTEL,itemid_valueid,high
MEASUREMENT_CATEGORICAL//18673//883,OMOP//OMOP_CONCEPT//133468,,True,,OMOP_CONCEPT,133468,,Disorder of limb,AMSTEL,itemid_valueid,high
MEASUREMENT_CATEGORICAL//18673//891,OMOP//OMOP_CONCEPT//375415,,True,,OMOP_CONCEPT,375415,,Injury of head,AMSTEL,itemid_valueid,high
MEASUREMENT_CATEGORICAL//18673//892,OMOP//OMOP_CONCEPT//375415,,True,,OMOP_CONCEPT,375415,,Injury of head,AMSTEL,itemid_valueid,high
MEASUREMENT_CATEGORICAL//18673//894,OMOP//OMOP_CONCEPT//375415,,True,,OMOP_CONCEPT,375415,,Injury of head,AMSTEL,itemid_valueid,high
MEASUREMENT_CATEGORICAL//18682//12,,,False,,,,,,,,unmapped
MEASUREMENT_CATEGORICAL//18682//15,,,False,,,,,,,,unmapped
MEASUREMENT_CATEGORICAL//18682//23,,,False,,,,,,,,unmapped
MEASUREMENT_CATEGORICAL//18682//32,,,False,,,,,,,,unmapped
MEASUREMENT_CATEGORICAL//18682//38,,,False,,,,,,,,unmapped
MEASUREMENT_CATEGORICAL//18683//56,,,False,,,,,,,,unmapped
MEASUREMENT_CATEGORICAL//18693//3,,,False,,,,,,,,unmapped
MEASUREMENT_CATEGORICAL//18697//3,,,False,,,,,,,,unmapped
MEASUREMENT_CATEGORICAL//19643//2,,,False,,,,,,,,unmapped
MEASUREMENT_CATEGORICAL//19820//10,,,False,,,,,,,,unmapped
MEASUREMENT_CATEGORICAL//19837//2,,,False,,,,,,,,unmapped
MEASUREMENT_CATEGORICAL//19841//10,,,False,,,,,,,,unmapped
MEASUREMENT_CATEGORICAL//20015//2,,,False,,,,,,,,unmapped
MEASUREMENT_CATEGORICAL//20015//6,,,False,,,,,,,,unmapped
MEASUREMENT_CATEGORICAL//20094//1,,,False,,,,,,,,unmapped
MEASUREMENT_CATEGORICAL//20098//15,,,False,,,,,,,,unmapped
MEASUREMENT_CATEGORICAL//20104//32,,,False,,,,,,,,unmapped
MEASUREMENT_CATEGORICAL//20111//53,,,False,,,,,,,,unmapped
MEASUREMENT_CATEGORICAL//20115//64,,,False,,,,,,,,unmapped
MEASUREMENT_CATEGORICAL//20141//5,,,False,,,,,,,,unmapped
MEASUREMENT_CATEGORICAL//20961//2,,,False,,,,,,,,unmapped
MEASUREMENT_CATEGORICAL//21191//16,,,False,,,,,,,,unmapped
MEASUREMENT_CATEGORICAL//8733//11,SNOMED//4085985,,False,,SNOMED,4085985,,4085985,AMSTEL,source_code,high
MEASUREMENT_CATEGORICAL//8840//2,,,False,,,,,,,,unmapped
MEASUREMENT_CATEGORICAL//10104//2,LOINC//40763161,,True,,LOINC,40763161,,40763161,AMSTEL,source_code,high
MEASUREMENT_CATEGORICAL//10466//1,OMOP//OMOP_CONCEPT//4051382,,False,,OMOP_CONCEPT,4051382,,"Baptist, follower of religion",AMSTEL,itemid_valueid,low
MEASUREMENT_CATEGORICAL//10468//20,SNOMED//4087925,,True,,SNOMED,4087925,,4087925,AMSTEL,source_code,high
MEASUREMENT_CATEGORICAL//10468//21,OMOP//OMOP_CONCEPT//38003584,,True,,OMOP_CONCEPT,38003584,,Japanese,AMSTEL,itemid_valueid,high
MEASUREMENT_CATEGORICAL//10468//4,SNOMED//4087925,,True,,SNOMED,4087925,,4087925,AMSTEL,source_code,high
MEASUREMENT_CATEGORICAL//10468//6,SNOMED//4087925,,True,,SNOMED,4087925,,4087925,AMSTEL,source_code,high
MEASUREMENT_CATEGORICAL//10472//1,SNOMED//44810687,,True,,SNOMED,44810687,,44810687,AMSTEL,source_code,high
MEASUREMENT_CATEGORICAL//10472//36,SNOMED//44810687,,True,,SNOMED,44810687,,44810687,AMSTEL,source_code,high
MEASUREMENT_CATEGORICAL//10472//37,SNOMED//44810687,,True,,SNOMED,44810687,,44810687,AMSTEL,source_code,high
MEASUREMENT_CATEGORICAL//10472//42,SNOMED//44810687,,True,,SNOMED,44810687,,44810687,AMSTEL,source_code,high
MEASUREMENT_CATEGORICAL//10472//50,SNOMED//44810687,,True,,SNOMED,44810687,,44810687,AMSTEL,source_code,high
MEASUREMENT_CATEGORICAL//12102//2,LOINC//3003680,,True,,LOINC,3003680,,3003680,AMSTEL,source_code,high
MEASUREMENT_CATEGORICAL//12108//11,LOINC//36203284,,True,,LOINC,36203284,,36203284,AMSTEL,source_code,high
MEASUREMENT_CATEGORICAL//12108//18,LOINC//36203284,,True,,LOINC,36203284,,36203284,AMSTEL,source_code,high
MEASUREMENT_CATEGORICAL//12108//7,LOINC//36203284,,True,,LOINC,36203284,,36203284,AMSTEL,source_code,high
MEASUREMENT_CATEGORICAL//12109//12,LOINC//36203284,,True,,LOINC,36203284,,36203284,AMSTEL,source_code,high
MEASUREMENT_CATEGORICAL//12110//25,LOINC//36203284,,True,,LOINC,36203284,,36203284,AMSTEL,source_code,high
MEASUREMENT_CATEGORICAL//12111//12,LOINC//36203284,,True,,LOINC,36203284,,36203284,AMSTEL,source_code,high
MEASUREMENT_CATEGORICAL//12111//13,LOINC//36203284,,True,,LOINC,36203284,,36203284,AMSTEL,source_code,high
MEASUREMENT_CATEGORICAL//12111//21,LOINC//36203284,,True,,LOINC,36203284,,36203284,AMSTEL,source_code,high
MEASUREMENT_CATEGORICAL//12111//24,LOINC//36203284,,True,,LOINC,36203284,,36203284,AMSTEL,source_code,high
MEASUREMENT_CATEGORICAL//12128//19,OMOP//OMOP_CONCEPT//38004463,,False,,OMOP_CONCEPT,38004463,,Ophthalmology,AMSTEL,itemid_valueid,high
MEASUREMENT_CATEGORICAL//12129//16,LOINC//3046359,,True,,LOINC,3046359,,3046359,AMSTEL,source_code,high
MEASUREMENT_CATEGORICAL//12129//18,LOINC//3046359,,True,,LOINC,3046359,,3046359,AMSTEL,source_code,high
MEASUREMENT_CATEGORICAL//12290//15,OMOP//OMOP//3004921,,True,,OMOP,3004921,,ventilator_mode,BlendedICU,label_exact,high
MEASUREMENT_CATEGORICAL//12347//1,LOINC//3004921,,True,,LOINC,3004921,,3004921,AMSTEL,source_code,high
MEASUREMENT_CATEGORICAL//12347//3,LOINC//3004921,,True,,LOINC,3004921,,3004921,AMSTEL,source_code,high
MEASUREMENT_CATEGORICAL//12502//1,LOINC//3004779,,True,,LOINC,3004779,,3004779,AMSTEL,source_code,high
MEASUREMENT_CATEGORICAL//12513//1,SNOMED//4122997,,True,,SNOMED,4122997,,4122997,AMSTEL,source_code,high
MEASUREMENT_CATEGORICAL//12514//2,OMOP//OMOP_CONCEPT//4035566,,True,,OMOP_CONCEPT,4035566,,Text value,AMSTEL,itemid_valueid,high
MEASUREMENT_CATEGORICAL//12521//4,,,False,,,,,,,,unmapped
MEASUREMENT_CATEGORICAL//12524//3,,,False,,,,,,,,unmapped
MEASUREMENT_CATEGORICAL//12524//4,,,False,,,,,,,,unmapped
MEASUREMENT_CATEGORICAL//12668//2,,,False,,,,,,,,unmapped
MEASUREMENT_CATEGORICAL//12670//3,,,False,,,,,,,,unmapped
MEASUREMENT_CATEGORICAL//12820//5,OMOP//OMOP_CONCEPT//37156242,,True,,OMOP_CONCEPT,37156242,,Pressure injury stage IV,AMSTEL,itemid_valueid,high
MEASUREMENT_CATEGORICAL//12834//5,OMOP//OMOP_CONCEPT//37156242,,True,,OMOP_CONCEPT,37156242,,Pressure injury stage IV,AMSTEL,itemid_valueid,high
MEASUREMENT_CATEGORICAL//13122//4,OMOP//OMOP_CONCEPT//201254,,True,,OMOP_CONCEPT,201254,,Type 1 diabetes mellitus,AMSTEL,itemid_valueid,high
MEASUREMENT_CATEGORICAL//13128//1,OMOP//OMOP_CONCEPT//4045469,,True,,OMOP_CONCEPT,4045469,,Clipping of intracranial aneurysm,AMSTEL,itemid_valueid,high
MEASUREMENT_CATEGORICAL//14143//13,,,False,,,,,,,,unmapped
MEASUREMENT_CATEGORICAL//14143//9,,,False,,,,,,,,unmapped
MEASUREMENT_CATEGORICAL//14163//3,,,False,,,,,,,,unmapped
MEASUREMENT_CATEGORICAL//14171//2,,,False,,,,,,,,unmapped
MEASUREMENT_CATEGORICAL//14171//5,,,False,,,,,,,,unmapped
MEASUREMENT_CATEGORICAL//14426//22,LOINC//3021707,,True,,LOINC,3021707,,3021707,AMSTEL,source_code,high
MEASUREMENT_CATEGORICAL//14427//28,LOINC//3021707,,True,,LOINC,3021707,,3021707,AMSTEL,source_code,high
MEASUREMENT_CATEGORICAL//14476//10,LOINC//3026549,,True,,LOINC,3026549,,3026549,AMSTEL,source_code,high
MEASUREMENT_CATEGORICAL//14486//19,,,False,,,,,,,,unmapped
MEASUREMENT_CATEGORICAL//14486//21,,,False,,,,,,,,unmapped
MEASUREMENT_CATEGORICAL//14486//4,,,False,,,,,,,,unmapped
MEASUREMENT_CATEGORICAL//14562//6,,,False,,,,,,,,unmapped
MEASUREMENT_CATEGORICAL//14565//52,,,False,,,,,,,,unmapped
MEASUREMENT_CATEGORICAL//14565//53,,,False,,,,,,,,unmapped
MEASUREMENT_CATEGORICAL//14565//65,,,False,,,,,,,,unmapped
MEASUREMENT_CATEGORICAL//14565//87,,,False,,,,,,,,unmapped
MEASUREMENT_CATEGORICAL//16101//5,OMOP//OMOP_CONCEPT//4039415,,True,,OMOP_CONCEPT,4039415,,Puncture of pericardium,AMSTEL,itemid_valueid,high
MEASUREMENT_CATEGORICAL//16177//4,,,False,,,,,,,,unmapped
MEASUREMENT_CATEGORICAL//16182//13,,,False,,,,,,,,unmapped
MEASUREMENT_CATEGORICAL//16182//14,,,False,,,,,,,,unmapped
MEASUREMENT_CATEGORICAL//16182//16,,,False,,,,,,,,unmapped
MEASUREMENT_CATEGORICAL//16182//2,,,False,,,,,,,,unmapped
MEASUREMENT_CATEGORICAL//16182//35,,,False,,,,,,,,unmapped
MEASUREMENT_CATEGORICAL//16254//3,,,False,,,,,,,,unmapped
MEASUREMENT_CATEGORICAL//16273//5,,,False,,,,,,,,unmapped
MEASUREMENT_CATEGORICAL//16276//7,,,False,,,,,,,,unmapped
MEASUREMENT_CATEGORICAL//16277//13,,,False,,,,,,,,unmapped
MEASUREMENT_CATEGORICAL//16278//24,,,False,,,,,,,,unmapped
MEASUREMENT_CATEGORICAL//16282//48,,,False,,,,,,,,unmapped
MEASUREMENT_CATEGORICAL//16295//4,,,False,,,,,,,,unmapped
MEASUREMENT_CATEGORICAL//16296//7,,,False,,,,,,,,unmapped
MEASUREMENT_CATEGORICAL//16296//8,,,False,,,,,,,,unmapped
MEASUREMENT_CATEGORICAL//16296//9,,,False,,,,,,,,unmapped
MEASUREMENT_CATEGORICAL//16297//12,,,False,,,,,,,,unmapped
MEASUREMENT_CATEGORICAL//16299//23,,,False,,,,,,,,unmapped
MEASUREMENT_CATEGORICAL//16299//24,,,False,,,,,,,,unmapped
MEASUREMENT_CATEGORICAL//16299//25,,,False,,,,,,,,unmapped
MEASUREMENT_CATEGORICAL//16300//29,,,False,,,,,,,,unmapped
MEASUREMENT_CATEGORICAL//16301//34,,,False,,,,,,,,unmapped
MEASUREMENT_CATEGORICAL//16312//10,,,False,,,,,,,,unmapped
MEASUREMENT_CATEGORICAL//16317//27,,,False,,,,,,,,unmapped
MEASUREMENT_CATEGORICAL//16317//29,,,False,,,,,,,,unmapped
MEASUREMENT_CATEGORICAL//16317//30,,,False,,,,,,,,unmapped
MEASUREMENT_CATEGORICAL//16320//12,,,False,,,,,,,,unmapped
MEASUREMENT_CATEGORICAL//16320//13,,,False,,,,,,,,unmapped
MEASUREMENT_CATEGORICAL//16320//14,,,False,,,,,,,,unmapped
MEASUREMENT_CATEGORICAL//16321//82,,,False,,,,,,,,unmapped
MEASUREMENT_CATEGORICAL//16322//17,,,False,,,,,,,,unmapped
MEASUREMENT_CATEGORICAL//16322//18,,,False,,,,,,,,unmapped
MEASUREMENT_CATEGORICAL//16322//20,,,False,,,,,,,,unmapped
MEASUREMENT_CATEGORICAL//16324//90,,,False,,,,,,,,unmapped
MEASUREMENT_CATEGORICAL//16327//38,,,False,,,,,,,,unmapped
MEASUREMENT_CATEGORICAL//16328//32,,,False,,,,,,,,unmapped
MEASUREMENT_CATEGORICAL//16328//34,,,False,,,,,,,,unmapped
MEASUREMENT_CATEGORICAL//16328//35,,,False,,,,,,,,unmapped
MEASUREMENT_CATEGORICAL//16448//13,SNOMED//4052413,,True,,SNOMED,4052413,,4052413,AMSTEL,source_code,high
MEASUREMENT_CATEGORICAL//16604//2,SNOMED//4206625,,True,,SNOMED,4206625,,4206625,AMSTEL,source_code,high
MEASUREMENT_CATEGORICAL//16606//2,LOINC//21491193,,True,,LOINC,21491193,,21491193,AMSTEL,source_code,high
MEASUREMENT_CATEGORICAL//16606//4,LOINC//21491193,,True,,LOINC,21491193,,21491193,AMSTEL,source_code,high
MEASUREMENT_CATEGORICAL//16652//10,OMOP//OMOP_CONCEPT//4245975,,True,,OMOP_CONCEPT,4245975,,Hepatic failure,AMSTEL,itemid_valueid,high
MEASUREMENT_CATEGORICAL//16654//10,OMOP//OMOP_CONCEPT//4044013,,True,,OMOP_CONCEPT,4044013,,Hematologic neoplasm,AMSTEL,itemid_valueid,high
MEASUREMENT_CATEGORICAL//16654//8,OMOP//OMOP_CONCEPT//4198102,,True,,OMOP_CONCEPT,4198102,,Microangiopathic hemolytic anemia,AMSTEL,itemid_valueid,high
MEASUREMENT_CATEGORICAL//16655//7,OMOP//OMOP_CONCEPT//441589,,True,,OMOP_CONCEPT,441589,,Endocarditis,AMSTEL,itemid_valueid,high
MEASUREMENT_CATEGORICAL//16657//5,OMOP//OMOP_CONCEPT//4316372,,True,,OMOP_CONCEPT,4316372,,HELLP syndrome,AMSTEL,itemid_valueid,high
MEASUREMENT_CATEGORICAL//16658//18,OMOP//OMOP_CONCEPT//317109,,True,,OMOP_CONCEPT,317109,,Respiratory arrest,AMSTEL,itemid_valueid,high
MEASUREMENT_CATEGORICAL//16663//13,OMOP//OMOP_CONCEPT//44812002,,True,,OMOP_CONCEPT,44812002,,Neuromuscular disorder,AMSTEL,itemid_valueid,high
MEASUREMENT_CATEGORICAL//16664//8,OMOP//OMOP_CONCEPT//432923,,True,,OMOP_CONCEPT,432923,,Subarachnoid hemorrhage,AMSTEL,itemid_valueid,high
MEASUREMENT_CATEGORICAL//16670//11,OMOP//OMOP_CONCEPT//4138183,,True,,OMOP_CONCEPT,4138183,,Aneurysm of ascending aorta,AMSTEL,itemid_valueid,high
MEASUREMENT_CATEGORICAL//16670//14,OMOP//OMOP_CONCEPT//4138183,,True,,OMOP_CONCEPT,4138183,,Aneurysm of ascending aorta,AMSTEL,itemid_valueid,high
MEASUREMENT_CATEGORICAL//16671//18,OMOP//OMOP_CONCEPT//314054,,True,,OMOP_CONCEPT,314054,,Aortic valve disorder,AMSTEL,itemid_valueid,high
MEASUREMENT_CATEGORICAL//16672//20,OMOP//OMOP_CONCEPT//4018853,,True,,OMOP_CONCEPT,4018853,,Decompression of cardiac tamponade,AMSTEL,itemid_valueid,high
MEASUREMENT_CATEGORICAL//16997//14,,,False,,,,,,,,unmapped
MEASUREMENT_CATEGORICAL//16998//36,OMOP//OMOP_CONCEPT//132797,,True,,OMOP_CONCEPT,132797,,Sepsis,AMSTEL,itemid_valueid,high
MEASUREMENT_CATEGORICAL//16998//9,OMOP//OMOP_CONCEPT//4164649,,True,,OMOP_CONCEPT,4164649,,Non-cardiac chest pain,AMSTEL,itemid_valueid,high
MEASUREMENT_CATEGORICAL//16999//1,OMOP//OMOP_CONCEPT//375519,,True,,OMOP_CONCEPT,375519,,Alcohol withdrawal,AMSTEL,itemid_valueid,high
MEASUREMENT_CATEGORICAL//16999//24,OMOP//OMOP_CONCEPT//4027663,,True,,OMOP_CONCEPT,4027663,,Peptic ulcer,AMSTEL,itemid_valueid,high
MEASUREMENT_CATEGORICAL//17000//8,OMOP//OMOP_CONCEPT//196653,,True,,OMOP_CONCEPT,196653,,Malignant tumor of kidney,AMSTEL,itemid_valueid,high
MEASUREMENT_CATEGORICAL//17001//14,OMOP//OMOP_CONCEPT//26942,,True,,OMOP_CONCEPT,26942,,Hemoglobin SS disease with crisis,AMSTEL,itemid_valueid,high
MEASUREMENT_CATEGORICAL//17004//25,OMOP//OMOP_CONCEPT//442562,,True,,OMOP_CONCEPT,442562,,Poisoning,AMSTEL,itemid_valueid,high
MEASUREMENT_CATEGORICAL//17007//2,OMOP//OMOP_CONCEPT//133468,,True,,OMOP_CONCEPT,133468,,Disorder of limb,AMSTEL,itemid_valueid,high
MEASUREMENT_CATEGORICAL//17007//27,OMOP//OMOP_CONCEPT//133468,,True,,OMOP_CONCEPT,133468,,Disorder of limb,AMSTEL,itemid_valueid,high
MEASUREMENT_CATEGORICAL//17007//28,OMOP//OMOP_CONCEPT//4154168,,True,,OMOP_CONCEPT,4154168,,Pelvic injury,AMSTEL,itemid_valueid,high
MEASUREMENT_CATEGORICAL//17008//22,OMOP//OMOP_CONCEPT//317576,,True,,OMOP_CONCEPT,317576,,Coronary arteriosclerosis,AMSTEL,itemid_valueid,high
MEASUREMENT_CATEGORICAL//17008//43,OMOP//OMOP_CONCEPT//40484137,,True,,OMOP_CONCEPT,40484137,,Excision of infected vascular graft,AMSTEL,itemid_valueid,high
MEASUREMENT_CATEGORICAL//17008//54,OMOP//OMOP_CONCEPT//132797,,True,,OMOP_CONCEPT,132797,,Sepsis,AMSTEL,itemid_valueid,high
MEASUREMENT_CATEGORICAL//17009//25,OMOP//OMOP_CONCEPT//4074815,,True,,OMOP_CONCEPT,4074815,,Inflammatory bowel disease,AMSTEL,itemid_valueid,high
MEASUREMENT_CATEGORICAL//17009//28,OMOP//OMOP_CONCEPT//196152,,True,,OMOP_CONCEPT,196152,,Peritonitis,AMSTEL,itemid_valueid,high
MEASUREMENT_CATEGORICAL//17009//5,OMOP//OMOP_CONCEPT//28779,,True,,OMOP_CONCEPT,28779,,Bleeding esophageal varices,AMSTEL,itemid_valueid,high
MEASUREMENT_CATEGORICAL//17010//14,OMOP//OMOP_CONCEPT//37164749,,True,,OMOP_CONCEPT,37164749,,Excision of breast,AMSTEL,itemid_valueid,high
MEASUREMENT_CATEGORICAL//17010//7,SNOMED//52224004,,True,,SNOMED,4178736,,Pelvic exenteration,AMSTEL,itemid_valueid,high
MEASUREMENT_CATEGORICAL//17010//8,OMOP//OMOP_CONCEPT//4274975,,True,,OMOP_CONCEPT,4274975,,"Pelvic exenteration, male",AMSTEL,itemid_valueid,high
MEASUREMENT_CATEGORICAL//17011//1,OMOP//OMOP_CONCEPT//4044013,,True,,OMOP_CONCEPT,4044013,,Hematologic neoplasm,AMSTEL,itemid_valueid,high
MEASUREMENT_CATEGORICAL//17016//12,OMOP//OMOP_CONCEPT//37156007,,True,,OMOP_CONCEPT,37156007,,End stage organ failure,AMSTEL,itemid_valueid,high
MEASUREMENT_CATEGORICAL//17016//6,OMOP//OMOP_CONCEPT//4076862,,True,,OMOP_CONCEPT,4076862,,Transplantation of liver,AMSTEL,itemid_valueid,high
MEASUREMENT_CATEGORICAL//17017//31,OMOP//OMOP_CONCEPT//4095850,,True,,OMOP_CONCEPT,4095850,,Spinal injury,AMSTEL,itemid_valueid,high
MEASUREMENT_CATEGORICAL//17017//9,OMOP//OMOP_CONCEPT//4094683,,True,,OMOP_CONCEPT,4094683,,Chest injury,AMSTEL,itemid_valueid,high
MEASUREMENT_CATEGORICAL//17019//65,OMOP//OMOP_CONCEPT//4299449,,True,,OMOP_CONCEPT,4299449,,Hematoma,AMSTEL,itemid_valueid,high
MEASUREMENT_CATEGORICAL//17019//89,OMOP//OMOP_CONCEPT//4133004,,True,,OMOP_CONCEPT,4133004,,Deep venous thrombosis,AMSTEL,itemid_valueid,high
MEASUREMENT_CATEGORICAL//17019//91,OMOP//OMOP_CONCEPT//602985,,True,,OMOP_CONCEPT,602985,,Intoxication,AMSTEL,itemid_valueid,high
MEASUREMENT_CATEGORICAL//17020//25,OMOP//OMOP_CONCEPT//375519,,True,,OMOP_CONCEPT,375519,,Alcohol withdrawal,AMSTEL,itemid_valueid,high
MEASUREMENT_CATEGORICAL//17020//26,OMOP//OMOP_CONCEPT//28779,,True,,OMOP_CONCEPT,28779,,Bleeding esophageal varices,AMSTEL,itemid_valueid,high
MEASUREMENT_CATEGORICAL//17020//38,OMOP//OMOP_CONCEPT//4326255,,True,,OMOP_CONCEPT,4326255,,Abdominal abscess,AMSTEL,itemid_valueid,high
MEASUREMENT_CATEGORICAL//17020//47,OMOP//OMOP_CONCEPT//196152,,True,,OMOP_CONCEPT,196152,,Peritonitis,AMSTEL,itemid_valueid,high
MEASUREMENT_CATEGORICAL//17021//12,OMOP//OMOP_CONCEPT//196455,,True,,OMOP_CONCEPT,196455,,Hepatorenal syndrome,AMSTEL,itemid_valueid,high
MEASUREMENT_CATEGORICAL//17021//13,OMOP//OMOP_CONCEPT//439393,,True,,OMOP_CONCEPT,439393,,Pre-eclampsia,AMSTEL,itemid_valueid,high
MEASUREMENT_CATEGORICAL//17021//17,OMOP//OMOP_CONCEPT//196653,,True,,OMOP_CONCEPT,196653,,Malignant tumor of kidney,AMSTEL,itemid_valueid,high
MEASUREMENT_CATEGORICAL//17022//15,OMOP//OMOP_CONCEPT//439777,,True,,OMOP_CONCEPT,439777,,Anemia,AMSTEL,itemid_valueid,high
MEASUREMENT_CATEGORICAL//17022//17,OMOP//OMOP_CONCEPT//432585,,True,,OMOP_CONCEPT,432585,,Blood coagulation disorder,AMSTEL,itemid_valueid,high
MEASUREMENT_CATEGORICAL//17025//53,OMOP//OMOP_CONCEPT//442562,,True,,OMOP_CONCEPT,442562,,Poisoning,AMSTEL,itemid_valueid,high
MEASUREMENT_CATEGORICAL//17028//38,OMOP//OMOP_CONCEPT//133468,,True,,OMOP_CONCEPT,133468,,Disorder of limb,AMSTEL,itemid_valueid,high
MEASUREMENT_CATEGORICAL//17028//53,OMOP//OMOP_CONCEPT//440921,,True,,OMOP_CONCEPT,440921,,Traumatic injury,AMSTEL,itemid_valueid,high
MEASUREMENT_CATEGORICAL//17028//64,OMOP//OMOP_CONCEPT//4154168,,True,,OMOP_CONCEPT,4154168,,Pelvic injury,AMSTEL,itemid_valueid,high
MEASUREMENT_CATEGORICAL//17028//68,OMOP//OMOP_CONCEPT//600861,,True,,OMOP_CONCEPT,600861,,Traumatic spinal cord injury,AMSTEL,itemid_valueid,high
MEASUREMENT_CATEGORICAL//17029//101,OMOP//OMOP_CONCEPT//3654996,,True,,OMOP_CONCEPT,3654996,,Peripheral arterial disease,AMSTEL,itemid_valueid,high
MEASUREMENT_CATEGORICAL//17029//106,OMOP//OMOP_CONCEPT//40484137,,True,,OMOP_CONCEPT,40484137,,Excision of infected vascular graft,AMSTEL,itemid_valueid,high
MEASUREMENT_CATEGORICAL//17029//119,OMOP//OMOP_CONCEPT//3654996,,True,,OMOP_CONCEPT,3654996,,Peripheral arterial disease,AMSTEL,itemid_valueid,high
MEASUREMENT_CATEGORICAL//17029//71,OMOP//OMOP_CONCEPT//4000088,,True,,OMOP_CONCEPT,4000088,,Repair of thoracic aortic aneurysm,AMSTEL,itemid_valueid,high
MEASUREMENT_CATEGORICAL//17029//90,OMOP//OMOP_CONCEPT//4012185,,True,,OMOP_CONCEPT,4012185,,Cardiovascular surgical procedure,AMSTEL,itemid_valueid,high
MEASUREMENT_CATEGORICAL//17032//5,OMOP//OMOP_CONCEPT//4038835,,True,,OMOP_CONCEPT,4038835,,Hodgkin's disease (clinical),AMSTEL,itemid_valueid,high
MEASUREMENT_CATEGORICAL//17035//32,OMOP//OMOP_CONCEPT//4046448,,True,,OMOP_CONCEPT,4046448,,Cerebrospinal fluid leak,AMSTEL,itemid_valueid,high
MEASUREMENT_CATEGORICAL//17036//29,OMOP//OMOP_CONCEPT//4073393,,True,,OMOP_CONCEPT,4073393,,Opening of chest,AMSTEL,itemid_valueid,high
MEASUREMENT_CATEGORICAL//17036//36,OMOP//OMOP_CONCEPT//4073393,,True,,OMOP_CONCEPT,4073393,,Opening of chest,AMSTEL,itemid_valueid,high
MEASUREMENT_CATEGORICAL//17036//38,OMOP//OMOP_CONCEPT//4201387,,True,,OMOP_CONCEPT,4201387,,Tracheostomy present,AMSTEL,itemid_valueid,high
MEASUREMENT_CATEGORICAL//17038//37,OMOP//OMOP_CONCEPT//200588,,True,,OMOP_CONCEPT,200588,,Injury of abdomen,AMSTEL,itemid_valueid,high
MEASUREMENT_CATEGORICAL//17038//53,OMOP//OMOP_CONCEPT//4301351,,True,,OMOP_CONCEPT,4301351,,Surgical procedure,AMSTEL,itemid_valueid,high
MEASUREMENT_CATEGORICAL//17038//63,OMOP//OMOP_CONCEPT//133468,,True,,OMOP_CONCEPT,133468,,Disorder of limb,AMSTEL,itemid_valueid,high
MEASUREMENT_CATEGORICAL//18671//142,OMOP//OMOP_CONCEPT//442562,,True,,OMOP_CONCEPT,442562,,Poisoning,AMSTEL,itemid_valueid,high
MEASUREMENT_CATEGORICAL//18671//186,OMOP//OMOP_CONCEPT//133468,,True,,OMOP_CONCEPT,133468,,Disorder of limb,AMSTEL,itemid_valueid,high
MEASUREMENT_CATEGORICAL//18671//211,OMOP//OMOP_CONCEPT//133468,,True,,OMOP_CONCEPT,133468,,Disorder of limb,AMSTEL,itemid_valueid,high
MEASUREMENT_CATEGORICAL//18671//212,OMOP//OMOP_CONCEPT//4154168,,True,,OMOP_CONCEPT,4154168,,Pelvic injury,AMSTEL,itemid_valueid,high
MEASUREMENT_CATEGORICAL//18671//263,OMOP//OMOP_CONCEPT//40484137,,True,,OMOP_CONCEPT,40484137,,Excision of infected vascular graft,AMSTEL,itemid_valueid,high
MEASUREMENT_CATEGORICAL//18671//274,OMOP//OMOP_CONCEPT//132797,,True,,OMOP_CONCEPT,132797,,Sepsis,AMSTEL,itemid_valueid,high
MEASUREMENT_CATEGORICAL//18671//288,OMOP//OMOP_CONCEPT//28779,,True,,OMOP_CONCEPT,28779,,Bleeding esophageal varices,AMSTEL,itemid_valueid,high
MEASUREMENT_CATEGORICAL//18671//308,OMOP//OMOP_CONCEPT//4074815,,True,,OMOP_CONCEPT,4074815,,Inflammatory bowel disease,AMSTEL,itemid_valueid,high
MEASUREMENT_CATEGORICAL//18671//311,OMOP//OMOP_CONCEPT//196152,,True,,OMOP_CONCEPT,196152,,Peritonitis,AMSTEL,itemid_valueid,high
MEASUREMENT_CATEGORICAL//18671//323,SNOMED//52224004,,True,,SNOMED,4178736,,Pelvic exenteration,AMSTEL,itemid_valueid,high
MEASUREMENT_CATEGORICAL//18671//324,OMOP//OMOP_CONCEPT//4274975,,True,,OMOP_CONCEPT,4274975,,"Pelvic exenteration, male",AMSTEL,itemid_valueid,high
MEASUREMENT_CATEGORICAL//18671//416,OMOP//OMOP_CONCEPT//37156007,,True,,OMOP_CONCEPT,37156007,,End stage organ failure,AMSTEL,itemid_valueid,high
MEASUREMENT_CATEGORICAL//18671//425,OMOP//OMOP_CONCEPT//4094683,,True,,OMOP_CONCEPT,4094683,,Chest injury,AMSTEL,itemid_valueid,high
MEASUREMENT_CATEGORICAL//18671//447,OMOP//OMOP_CONCEPT//4095850,,True,,OMOP_CONCEPT,4095850,,Spinal injury,AMSTEL,itemid_valueid,high
MEASUREMENT_CATEGORICAL//18671//47,OMOP//OMOP_CONCEPT//375519,,True,,OMOP_CONCEPT,375519,,Alcohol withdrawal,AMSTEL,itemid_valueid,high
MEASUREMENT_CATEGORICAL//18671//70,OMOP//OMOP_CONCEPT//4247120,,True,,OMOP_CONCEPT,4247120,,Gastrointestinal ulcer,AMSTEL,itemid_valueid,high
MEASUREMENT_CATEGORICAL//18671//78,OMOP//OMOP_CONCEPT//196653,,True,,OMOP_CONCEPT,196653,,Malignant tumor of kidney,AMSTEL,itemid_valueid,high
MEASUREMENT_CATEGORICAL//18671//9,OMOP//OMOP_CONCEPT//4164649,,True,,OMOP_CONCEPT,4164649,,Non-cardiac chest pain,AMSTEL,itemid_valueid,high
MEASUREMENT_CATEGORICAL//18671//93,OMOP//OMOP_CONCEPT//26942,,True,,OMOP_CONCEPT,26942,,Hemoglobin SS disease with crisis,AMSTEL,itemid_valueid,high
MEASUREMENT_CATEGORICAL//18673//471,OMOP//OMOP_CONCEPT//4299449,,True,,OMOP_CONCEPT,4299449,,Hematoma,AMSTEL,itemid_valueid,high
MEASUREMENT_CATEGORICAL//18673//495,OMOP//OMOP_CONCEPT//4133004,,True,,OMOP_CONCEPT,4133004,,Deep venous thrombosis,AMSTEL,itemid_valueid,high
MEASUREMENT_CATEGORICAL//18673//497,OMOP//OMOP_CONCEPT//602985,,True,,OMOP_CONCEPT,602985,,Intoxication,AMSTEL,itemid_valueid,high
MEASUREMENT_CATEGORICAL//18673//499,OMOP//OMOP_CONCEPT//375519,,True,,OMOP_CONCEPT,375519,,Alcohol withdrawal,AMSTEL,itemid_valueid,high
MEASUREMENT_CATEGORICAL//18673//500,OMOP//OMOP_CONCEPT//28779,,True,,OMOP_CONCEPT,28779,,Bleeding esophageal varices,AMSTEL,itemid_valueid,high
MEASUREMENT_CATEGORICAL//18673//512,OMOP//OMOP_CONCEPT//4326255,,True,,OMOP_CONCEPT,4326255,,Abdominal abscess,AMSTEL,itemid_valueid,high
MEASUREMENT_CATEGORICAL//18673//521,OMOP//OMOP_CONCEPT//196152,,True,,OMOP_CONCEPT,196152,,Peritonitis,AMSTEL,itemid_valueid,high
MEASUREMENT_CATEGORICAL//18673//525,OMOP//OMOP_CONCEPT//196455,,True,,OMOP_CONCEPT,196455,,Hepatorenal syndrome,AMSTEL,itemid_valueid,high
MEASUREMENT_CATEGORICAL//18673//526,OMOP//OMOP_CONCEPT//443700,,True,,OMOP_CONCEPT,443700,,Eclampsia,AMSTEL,itemid_valueid,high
MEASUREMENT_CATEGORICAL//18673//530,OMOP//OMOP_CONCEPT//196653,,True,,OMOP_CONCEPT,196653,,Malignant tumor of kidney,AMSTEL,itemid_valueid,high
MEASUREMENT_CATEGORICAL//18673//532,OMOP//OMOP_CONCEPT//439777,,True,,OMOP_CONCEPT,439777,,Anemia,AMSTEL,itemid_valueid,high
MEASUREMENT_CATEGORICAL//18673//534,OMOP//OMOP_CONCEPT//432585,,True,,OMOP_CONCEPT,432585,,Blood coagulation disorder,AMSTEL,itemid_valueid,high
MEASUREMENT_CATEGORICAL//18673//594,OMOP//OMOP_CONCEPT//442562,,True,,OMOP_CONCEPT,442562,,Poisoning,AMSTEL,itemid_valueid,high
MEASUREMENT_CATEGORICAL//18673//638,OMOP//OMOP_CONCEPT//133468,,True,,OMOP_CONCEPT,133468,,Disorder of limb,AMSTEL,itemid_valueid,high
MEASUREMENT_CATEGORICAL//18673//653,OMOP//OMOP_CONCEPT//440921,,True,,OMOP_CONCEPT,440921,,Traumatic injury,AMSTEL,itemid_valueid,high
MEASUREMENT_CATEGORICAL//18673//664,OMOP//OMOP_CONCEPT//4154168,,True,,OMOP_CONCEPT,4154168,,Pelvic injury,AMSTEL,itemid_valueid,high
MEASUREMENT_CATEGORICAL//18673//668,OMOP//OMOP_CONCEPT//4235863,,True,,OMOP_CONCEPT,4235863,,Spinal cord injury,AMSTEL,itemid_valueid,high
MEASUREMENT_CATEGORICAL//18673//680,OMOP//OMOP_CONCEPT//4000088,,True,,OMOP_CONCEPT,4000088,,Repair of thoracic aortic aneurysm,AMSTEL,itemid_valueid,high
MEASUREMENT_CATEGORICAL//18673//699,OMOP//OMOP_CONCEPT//134057,,True,,OMOP_CONCEPT,134057,,Disorder of cardiovascular system,AMSTEL,itemid_valueid,high
MEASUREMENT_CATEGORICAL//18673//710,OMOP//OMOP_CONCEPT//3654996,,True,,OMOP_CONCEPT,3654996,,Peripheral arterial disease,AMSTEL,itemid_valueid,high
MEASUREMENT_CATEGORICAL//18673//715,OMOP//OMOP_CONCEPT//40484137,,True,,OMOP_CONCEPT,40484137,,Excision of infected vascular graft,AMSTEL,itemid_valueid,high
MEASUREMENT_CATEGORICAL//18673//728,OMOP//OMOP_CONCEPT//3654996,,True,,OMOP_CONCEPT,3654996,,Peripheral arterial disease,AMSTEL,itemid_valueid,high
MEASUREMENT_CATEGORICAL//18673//796,OMOP//OMOP_CONCEPT//4038835,,True,,OMOP_CONCEPT,4038835,,Hodgkin's disease (clinical),AMSTEL,itemid_valueid,high
MEASUREMENT_CATEGORICAL//18673//817,OMOP//OMOP_CONCEPT//4046448,,True,,OMOP_CONCEPT,4046448,,Cerebrospinal fluid leak,AMSTEL,itemid_valueid,high
MEASUREMENT_CATEGORICAL//18673//847,OMOP//OMOP_CONCEPT//4073393,,True,,OMOP_CONCEPT,4073393,,Opening of chest,AMSTEL,itemid_valueid,high
MEASUREMENT_CATEGORICAL//18673//854,OMOP//OMOP_CONCEPT//4073393,,True,,OMOP_CONCEPT,4073393,,Opening of chest,AMSTEL,itemid_valueid,high
MEASUREMENT_CATEGORICAL//18673//856,OMOP//OMOP_CONCEPT//4201387,,True,,OMOP_CONCEPT,4201387,,Tracheostomy present,AMSTEL,itemid_valueid,high
MEASUREMENT_CATEGORICAL//18673//869,OMOP//OMOP_CONCEPT//200588,,True,,OMOP_CONCEPT,200588,,Injury of abdomen,AMSTEL,itemid_valueid,high
MEASUREMENT_CATEGORICAL//18673//885,OMOP//OMOP_CONCEPT//4301351,,True,,OMOP_CONCEPT,4301351,,Surgical procedure,AMSTEL,itemid_valueid,high
MEASUREMENT_CATEGORICAL//18673//895,OMOP//OMOP_CONCEPT//133468,,True,,OMOP_CONCEPT,133468,,Disorder of limb,AMSTEL,itemid_valueid,high
MEASUREMENT_CATEGORICAL//18682//33,,,False,,,,,,,,unmapped
MEASUREMENT_CATEGORICAL//18682//49,,,False,,,,,,,,unmapped
MEASUREMENT_CATEGORICAL//18683//88,,,False,,,,,,,,unmapped
MEASUREMENT_CATEGORICAL//18684//105,,,False,,,,,,,,unmapped
MEASUREMENT_CATEGORICAL//18688//8,,,False,,,,,,,,unmapped
MEASUREMENT_CATEGORICAL//18693//4,,,False,,,,,,,,unmapped
MEASUREMENT_CATEGORICAL//18698//4,,,False,,,,,,,,unmapped
MEASUREMENT_CATEGORICAL//19290//8,OMOP//OMOP_CONCEPT//45878583,,True,,OMOP_CONCEPT,45878583,,Negative,AMSTEL,itemid_valueid,high
MEASUREMENT_CATEGORICAL//19731//3,,,False,,,,,,,,unmapped
MEASUREMENT_CATEGORICAL//19834//8,,,False,,,,,,,,unmapped
MEASUREMENT_CATEGORICAL//19841//11,,,False,,,,,,,,unmapped
MEASUREMENT_CATEGORICAL//19847//26,,,False,,,,,,,,unmapped
MEASUREMENT_CATEGORICAL//19847//27,,,False,,,,,,,,unmapped
MEASUREMENT_CATEGORICAL//20094//3,,,False,,,,,,,,unmapped
MEASUREMENT_CATEGORICAL//20096//7,,,False,,,,,,,,unmapped
MEASUREMENT_CATEGORICAL//20100//19,,,False,,,,,,,,unmapped
MEASUREMENT_CATEGORICAL//20100//21,,,False,,,,,,,,unmapped
MEASUREMENT_CATEGORICAL//20101//23,,,False,,,,,,,,unmapped
MEASUREMENT_CATEGORICAL//20102//26,,,False,,,,,,,,unmapped
MEASUREMENT_CATEGORICAL//20102//27,,,False,,,,,,,,unmapped
MEASUREMENT_CATEGORICAL//20107//42,,,False,,,,,,,,unmapped
MEASUREMENT_CATEGORICAL//20109//46,,,False,,,,,,,,unmapped
MEASUREMENT_CATEGORICAL//20110//49,,,False,,,,,,,,unmapped
MEASUREMENT_CATEGORICAL//20111//52,,,False,,,,,,,,unmapped
MEASUREMENT_CATEGORICAL//20114//61,,,False,,,,,,,,unmapped
MEASUREMENT_CATEGORICAL//20114//62,,,False,,,,,,,,unmapped
MEASUREMENT_CATEGORICAL//20119//77,,,False,,,,,,,,unmapped
MEASUREMENT_CATEGORICAL//20122//85,,,False,,,,,,,,unmapped
MEASUREMENT_CATEGORICAL//20124//91,,,False,,,,,,,,unmapped
MEASUREMENT_CATEGORICAL//21190//12,,,False,,,,,,,,unmapped
MEASUREMENT_CATEGORICAL//21191//15,,,False,,,,,,,,unmapped
MEASUREMENT_CATEGORICAL//21192//19,,,False,,,,,,,,unmapped
MEASUREMENT_CATEGORICAL//21192//20,,,False,,,,,,,,unmapped
MEASUREMENT_CATEGORICAL//21233//15,,,False,,,,,,,,unmapped
MEASUREMENT_CATEGORICAL//6685//20,LOINC//3004921,,True,,LOINC,3004921,,3004921,AMSTEL,source_code,high
MEASUREMENT_CATEGORICAL//7969//6,,,False,,,,,,,,unmapped
MEASUREMENT_CATEGORICAL//8189//15,OMOP//OMOP_CONCEPT//4208623,,True,,OMOP_CONCEPT,4208623,,Double lumen tracheobronchial tube,AMSTEL,itemid_valueid,high
MEASUREMENT_CATEGORICAL//8200//8,LOINC//1989388,,True,,LOINC,1989388,,1989388,AMSTEL,source_code,high
MEASUREMENT_CATEGORICAL//8400//3,,,False,,,,,,,,unmapped
MEASUREMENT_CATEGORICAL//8647//5,SNOMED//4044874,,True,,SNOMED,4044874,,4044874,AMSTEL,source_code,high
MEASUREMENT_CATEGORICAL//8693//5,SNOMED//4122997,,True,,SNOMED,4122997,,4122997,AMSTEL,source_code,high
MEASUREMENT_CATEGORICAL//8732//14,SNOMED//4085985,,False,,SNOMED,4085985,,4085985,AMSTEL,source_code,high
MEASUREMENT_CATEGORICAL//8733//12,SNOMED//4085985,,False,,SNOMED,4085985,,4085985,AMSTEL,source_code,high
MEASUREMENT_CATEGORICAL//9631//2,,,False,,,,,,,,unmapped
MEASUREMENT_CATEGORICAL//9652//15,LOINC//3004921,,True,,LOINC,3004921,,3004921,AMSTEL,source_code,high
MEASUREMENT_BEDSIDE//6640///min,LOINC//8867-4,,True,,LOINC,3027018,,Heart rate,BlendedICU,label_exact,high
MEASUREMENT_BEDSIDE//6709//UNKNOWN,OMOP//OMOP//4196147,,True,,OMOP,4196147,,O2_pulseoxymetry_saturation,BlendedICU,label_exact,high
MEASUREMENT_BEDSIDE//6642//mmHg,OMOP//OMOP//4108290,,True,,OMOP,4108290,,invasive_mean_blood_pressure,BlendedICU,label_exact,high
MEASUREMENT_BEDSIDE//6641//mmHg,OMOP//OMOP//4353843,,True,,OMOP,4353843,,invasive_systolic_blood_pressure,BlendedICU,label_exact,high
MEASUREMENT_BEDSIDE//6643//mmHg,OMOP//OMOP//4354253,,True,,OMOP,4354253,,invasive_diastolic_blood_pressure,BlendedICU,label_exact,high
MEASUREMENT_BEDSIDE//6665//mm,LOINC//21490799,,True,,LOINC,21490799,,21490799,AMSTEL,source_code,high
MEASUREMENT_BEDSIDE//6666//mm,LOINC//21490800,,True,,LOINC,21490800,,21490800,AMSTEL,source_code,high
MEASUREMENT_BEDSIDE//6664//mm,LOINC//21490798,,True,,LOINC,21490798,,21490798,AMSTEL,source_code,high
MEASUREMENT_BEDSIDE//8874//UNKNOWN,LOINC//3024171,,True,,LOINC,3024171,,3024171,AMSTEL,source_code,high
MEASUREMENT_BEDSIDE//6667//mm,LOINC//21490803,,True,,LOINC,21490803,,21490803,AMSTEL,source_code,high
MEASUREMENT_BEDSIDE//6668//mm,LOINC//21490801,,True,,LOINC,21490801,,21490801,AMSTEL,source_code,high
MEASUREMENT_BEDSIDE//6669//mm,LOINC//21490802,,True,,LOINC,21490802,,21490802,AMSTEL,source_code,high
MEASUREMENT_BEDSIDE//6670//mm,LOINC//21490792,,True,,LOINC,21490792,,21490792,AMSTEL,source_code,high
MEASUREMENT_BEDSIDE//6673//mm,LOINC//21490794,,True,,LOINC,21490794,,21490794,AMSTEL,source_code,high
MEASUREMENT_BEDSIDE//6672//mm,LOINC//21490793,,True,,LOINC,21490793,,21490793,AMSTEL,source_code,high
MEASUREMENT_BEDSIDE//6674//mm,LOINC//21490795,,True,,LOINC,21490795,,21490795,AMSTEL,source_code,high
MEASUREMENT_BEDSIDE//6675//mm,LOINC//21490796,,True,,LOINC,21490796,,21490796,AMSTEL,source_code,high
MEASUREMENT_BEDSIDE//6676//mm,LOINC//21490797,,True,,LOINC,21490797,,21490797,AMSTEL,source_code,high
MEASUREMENT_BEDSIDE//12284//cmH2O,OMOP//OMOP//4353713,,True,,OMOP,4353713,,PEEP,BlendedICU,label_exact,high
MEASUREMENT_BEDSIDE//12282//Geen,LOINC//3024882,,True,,LOINC,3024882,,3024882,AMSTEL,source_code,high
MEASUREMENT_BEDSIDE//12279//Geen,LOINC//3025408,,True,,LOINC,3025408,,3025408,AMSTEL,source_code,high
MEASUREMENT_BEDSIDE//12305//cmH2O,LOINC//3006802,,True,,LOINC,3006802,,3006802,AMSTEL,source_code,high
MEASUREMENT_BEDSIDE//6694//cmH2O,LOINC//21490855,,True,,LOINC,21490855,,21490855,AMSTEL,source_code,high
MEASUREMENT_BEDSIDE//12273//l/min,LOINC//42527120,,True,,LOINC,42527120,,42527120,AMSTEL,source_code,high
MEASUREMENT_BEDSIDE//12281//cmH2O,LOINC//3016078,,True,,LOINC,3016078,,3016078,AMSTEL,source_code,high
MEASUREMENT_BEDSIDE//12278//cmH2O,LOINC//42527086,,True,,LOINC,42527086,,42527086,AMSTEL,source_code,high
MEASUREMENT_BEDSIDE//12276//l/min,LOINC//42527121,,True,,LOINC,42527121,,42527121,AMSTEL,source_code,high
MEASUREMENT_BEDSIDE//12275//ml,OMOP//OMOP//44782827,,True,,OMOP,44782827,,expiratory_tidal_volume,BlendedICU,label_exact,high
MEASUREMENT_BEDSIDE//12277//ml,LOINC//3016166,,True,,LOINC,3016166,,3016166,AMSTEL,source_code,high
MEASUREMENT_BEDSIDE//12266///min,OMOP//OMOP//4313591,,True,,OMOP,4313591,,respiratory_rate,BlendedICU,label_exact,high
MEASUREMENT_BEDSIDE//12576//sec,LOINC//40760770,,True,,LOINC,40760770,,40760770,AMSTEL,source_code,high
MEASUREMENT_BEDSIDE//12804//mbar,LOINC//3007955,,True,,LOINC,3007955,,3007955,AMSTEL,source_code,high
MEASUREMENT_BEDSIDE//12567//J/l,,,False,,,,,,,,unmapped
MEASUREMENT_BEDSIDE//12561//ml/cmH2O,LOINC//21490582,,True,,LOINC,21490582,,21490582,AMSTEL,source_code,high
MEASUREMENT_BEDSIDE//12805//Geen,LOINC//3017485,,True,,LOINC,3017485,,3017485,AMSTEL,source_code,high
MEASUREMENT_BEDSIDE//12270//ml,LOINC//21490580,,True,,LOINC,21490580,,21490580,AMSTEL,source_code,high
MEASUREMENT_BEDSIDE//8080//ml/min,LOINC//21490580,,True,,LOINC,21490580,,21490580,AMSTEL,source_code,high
MEASUREMENT_BEDSIDE//12578//l/min,SNOMED//4108000,,True,,SNOMED,4108000,,4108000,AMSTEL,source_code,high
MEASUREMENT_BEDSIDE//12292//Geen,LOINC//3009065,,True,,LOINC,3009065,,3009065,AMSTEL,source_code,high
MEASUREMENT_BEDSIDE//12286//cmH2O,LOINC//3000461,,True,,LOINC,3000461,,3000461,AMSTEL,source_code,high
MEASUREMENT_BEDSIDE//12303//Geen,,,False,,,,,,,,unmapped
MEASUREMENT_BEDSIDE//6707//mmHg,LOINC//3035357,,True,,LOINC,3035357,,3035357,AMSTEL,source_code,high
MEASUREMENT_BEDSIDE//12293//cmH2O,LOINC//42527136,,True,,LOINC,42527136,,42527136,AMSTEL,source_code,high
MEASUREMENT_BEDSIDE//12684//Geen,LOINC//40760770,,True,,LOINC,40760770,,40760770,AMSTEL,source_code,high
MEASUREMENT_BEDSIDE//12558///min,LOINC//3018557,,True,,LOINC,3018557,,3018557,AMSTEL,source_code,high
MEASUREMENT_BEDSIDE//12559//sec,LOINC//36304672,,True,,LOINC,36304672,,36304672,AMSTEL,source_code,high
MEASUREMENT_BEDSIDE//12573//sec,LOINC//36304672,,True,,LOINC,36304672,,36304672,AMSTEL,source_code,high
MEASUREMENT_BEDSIDE//20926//mmHg,LOINC//3000333,,True,,LOINC,3000333,,3000333,AMSTEL,source_code,high
MEASUREMENT_BEDSIDE//12683//sec,SNOMED//4353947,,True,,SNOMED,4353947,,4353947,AMSTEL,source_code,high
MEASUREMENT_BEDSIDE//12283///min,OMOP//OMOP//4108138,,True,,OMOP,4108138,,respiratory_rate_setting,BlendedICU,label_exact,high
MEASUREMENT_BEDSIDE//12285//cmH2O,LOINC//42527137,,True,,LOINC,42527137,,42527137,AMSTEL,source_code,high
MEASUREMENT_BEDSIDE//14838//mmHg,LOINC//1989190,,True,,LOINC,1989190,,1989190,AMSTEL,source_code,high
MEASUREMENT_BEDSIDE//14835//mmHg,LOINC//1989079,,True,,LOINC,1989079,,1989079,AMSTEL,source_code,high
MEASUREMENT_BEDSIDE//14837//mmHg,LOINC//1988071,,True,,LOINC,1988071,,1988071,AMSTEL,source_code,high
MEASUREMENT_BEDSIDE//14836//mmHg,LOINC//1988101,,True,,LOINC,1988101,,1988101,AMSTEL,source_code,high
MEASUREMENT_BEDSIDE//14839//mmHg,LOINC//1989498,,True,,LOINC,1989498,,1989498,AMSTEL,source_code,high
MEASUREMENT_BEDSIDE//14842//mmHg,,,False,,,,,,,,unmapped
MEASUREMENT_BEDSIDE//14840//mmHg,,,False,,,,,,,,unmapped
MEASUREMENT_BEDSIDE//14841//mmHg,,,False,,,,,,,,unmapped
MEASUREMENT_BEDSIDE//14843//mmHg,,,False,,,,,,,,unmapped
MEASUREMENT_BEDSIDE//14845//mmHg,,,False,,,,,,,,unmapped
MEASUREMENT_BEDSIDE//14844//mmHg,,,False,,,,,,,,unmapped
MEASUREMENT_BEDSIDE//8658//°C,OMOP//OMOP//4174894,,True,,OMOP,4174894,,temperature,BlendedICU,label_exact,high
MEASUREMENT_BEDSIDE//14850//ml/min,LOINC//1988610,,True,,LOINC,1988610,,1988610,AMSTEL,source_code,high
MEASUREMENT_BEDSIDE//14849//ml/uur,LOINC//1988683,,True,,LOINC,1988683,,1988683,AMSTEL,source_code,high
MEASUREMENT_BEDSIDE//13063//°C,LOINC//3039856,,True,,LOINC,3039856,,3039856,AMSTEL,source_code,high
MEASUREMENT_BEDSIDE//12294//sec,SNOMED//4108449,,True,,SNOMED,4108449,,4108449,AMSTEL,source_code,high
MEASUREMENT_BEDSIDE//6645//mmHg,LOINC//3028074,,True,,LOINC,3028074,,3028074,AMSTEL,source_code,high
MEASUREMENT_BEDSIDE//6644//mmHg,LOINC//3005606,,True,,LOINC,3005606,,3005606,AMSTEL,source_code,high
MEASUREMENT_BEDSIDE//6646//mmHg,LOINC//3017188,,True,,LOINC,3017188,,3017188,AMSTEL,source_code,high
MEASUREMENT_BEDSIDE//14852//°C,SNOMED//44813196,,True,,SNOMED,44813196,,44813196,AMSTEL,source_code,high
MEASUREMENT_BEDSIDE//14851//ml,,,False,,,,,,,,unmapped
MEASUREMENT_BEDSIDE//20080//uur,SNOMED//40493256,,True,,SNOMED,40493256,,40493256,AMSTEL,source_code,high
MEASUREMENT_BEDSIDE//20079//l,LOINC//1988590,,True,,LOINC,1988590,,1988590,AMSTEL,source_code,high
MEASUREMENT_BEDSIDE//20078//l,,,False,,,,,,,,unmapped
SUBJECT_FLUID_OUTPUT//8794//ml,OMOP//OMOP//4145209,,True,,OMOP,4145209,,urine_output,BlendedICU,label_exact,high
MEASUREMENT_BEDSIDE//20340//uur,,,False,,,,,,,,unmapped
MEASUREMENT_BEDSIDE//14848//ml/uur,LOINC//1988543,,True,,LOINC,1988543,,1988543,AMSTEL,source_code,high
MEASUREMENT_BEDSIDE//13952//°C,LOINC//21490870,,True,,LOINC,21490870,,21490870,AMSTEL,source_code,high
MEASUREMENT_BEDSIDE//20707//l,SNOMED//45769788,,True,,SNOMED,45769788,,45769788,AMSTEL,source_code,high
MEASUREMENT_BEDSIDE//20706//l,,,False,,,,,,,,unmapped
MEASUREMENT_BEDSIDE//20709//l,SNOMED//45769788,,True,,SNOMED,45769788,,45769788,AMSTEL,source_code,high
MEASUREMENT_BEDSIDE//20708//l,,,False,,,,,,,,unmapped
MEASUREMENT_BEDSIDE//8835//mmHg,LOINC//21490653,,True,,LOINC,21490653,,21490653,AMSTEL,source_code,high
MEASUREMENT_BEDSIDE//16110//°C,LOINC//21490588,,True,,LOINC,21490588,,21490588,AMSTEL,source_code,high
MEASUREMENT_BEDSIDE//20710//ml/uur,LOINC//1988543,,True,,LOINC,1988543,,1988543,AMSTEL,source_code,high
LAB//9947//mmol/l,OMOP//OMOP//3020491,,True,,OMOP,3020491,,blood_glucose,BlendedICU,label_exact,high
MEASUREMENT_BEDSIDE//20716//ml/uur,LOINC//1989384,,True,,LOINC,1989384,,1989384,AMSTEL,source_code,high
MEASUREMENT_BEDSIDE//20076//l,SNOMED//45769788,,True,,SNOMED,45769788,,45769788,AMSTEL,source_code,high
MEASUREMENT_BEDSIDE//20077//l,SNOMED//45769788,,True,,SNOMED,45769788,,45769788,AMSTEL,source_code,high
LAB//9990//mmHg,OMOP//OMOP//3027946,,True,,OMOP,3027946,,paCO2,BlendedICU,label_exact,high
LAB//12310//Geen,OMOP//OMOP//3019977,,True,,OMOP,3019977,,pH,BlendedICU,label_exact,high
LAB//9992//mmol/l,OMOP//OMOP//3008152,,True,,OMOP,3008152,,bicarbonate,BlendedICU,label_exact,high
MEASUREMENT_BEDSIDE//8845//l/min,LOINC//3014080,,True,,LOINC,3014080,,3014080,AMSTEL,source_code,high
LAB//9994//mmol/l,LOINC//3012501,,True,,LOINC,3012501,,3012501,AMSTEL,source_code,high
LAB//9996//mmHg,OMOP//OMOP//3027801,,True,,OMOP,3027801,,paO2,BlendedICU,label_exact,high
LAB//12311//Geen,OMOP//OMOP//40483579,,True,,OMOP,40483579,,O2_arterial_saturation,BlendedICU,label_exact,high
LAB//10285//mmol/l,OMOP//OMOP//3005456,,True,,OMOP,3005456,,potassium,BlendedICU,label_exact,high
LAB//10284//mmol/l,LOINC//3000285,,True,,LOINC,3000285,,3000285,AMSTEL,source_code,high
LAB//11545//Geen,LOINC//42869588,,True,,LOINC,42869588,,42869588,AMSTEL,source_code,high
LAB//10286//mmol/l,LOINC//40762351,,True,,LOINC,40762351,,40762351,AMSTEL,source_code,high
MEASUREMENT_BEDSIDE//6655//mmHg,LOINC//21490675,,True,,LOINC,21490675,,21490675,AMSTEL,source_code,high
LAB//10267//mmol/l,LOINC//3048816,,True,,LOINC,3048816,,3048816,AMSTEL,source_code,high
LAB//9559//mmol/l,LOINC//3039000,,True,,LOINC,3039000,,3039000,AMSTEL,source_code,high
LAB//11541//Geen,LOINC//3014646,,True,,LOINC,3014646,,3014646,AMSTEL,source_code,high
MEASUREMENT_BEDSIDE//13058//°C,LOINC//3022060,,True,,LOINC,3022060,,3022060,AMSTEL,source_code,high
LAB//11889//°,RICU//TEMP,,False,,RICU,,,temp,YAIB_ricu,table_itemid,medium
LAB//14413//mmol/l,LOINC//3018572,,True,,LOINC,3018572,,3018572,AMSTEL,source_code,high
LAB//10282//ml/dl,LOINC//3044904,,True,,LOINC,3044904,,3044904,AMSTEL,source_code,high
LAB//11690//Geen,LOINC//3023081,,True,,LOINC,3023081,,3023081,AMSTEL,source_code,high
LAB//14412//Geen,LOINC//3007930,,True,,LOINC,3007930,,3007930,AMSTEL,source_code,high
MEASUREMENT_BEDSIDE//12289//l/min,LOINC//3045410,,True,,LOINC,3045410,,3045410,AMSTEL,source_code,high
MEASUREMENT_BEDSIDE//12291//ml,LOINC//3012410,,True,,LOINC,3012410,,3012410,AMSTEL,source_code,high
MEASUREMENT_BEDSIDE//12574//sec,LOINC//36303489,,True,,LOINC,36303489,,36303489,AMSTEL,source_code,high
MEASUREMENT_BEDSIDE//12280//cmH2O,LOINC//21490737,,True,,LOINC,21490737,,21490737,AMSTEL,source_code,high
LAB//9924//mmol/l,OMOP//OMOP//3000285,,True,,OMOP,3000285,,sodium,BlendedICU,label_exact,high
MEASUREMENT_BEDSIDE//8671//ml,,,False,,,,,,,,unmapped
LAB//9927//mmol/l,LOINC//3023103,,True,,LOINC,3023103,,3023103,AMSTEL,source_code,high
LAB//9960//mmol/l,OMOP//OMOP//3000963,,True,,OMOP,3000963,,hemoglobin,BlendedICU,label_exact,high
LAB//9964//10^9/l,OMOP//OMOP//3007461,,True,,OMOP,3007461,,platelets,BlendedICU,label_exact,high
MEASUREMENT_BEDSIDE//13060//°C,LOINC//3025085,,True,,LOINC,3025085,,3025085,AMSTEL,source_code,high
LAB//11423//Geen,LOINC//42869588,,True,,LOINC,42869588,,42869588,AMSTEL,source_code,high
LAB//9941//µmol/l,OMOP//OMOP//40762887,,True,,OMOP,40762887,,creatinine,BlendedICU,label_exact,high
MEASUREMENT_BEDSIDE//6678//mmHg,OMOP//OMOP//4152194,,True,,OMOP,4152194,,noninvasive_systolic_blood_pressure,BlendedICU,label_exact,high
LAB//9965//10^9/l,OMOP//OMOP//3010813,,True,,OMOP,3010813,,white_blood_cells,BlendedICU,label_exact,high
MEASUREMENT_BEDSIDE//6679//mmHg,OMOP//OMOP//4239021,,True,,OMOP,4239021,,noninvasive_mean_blood_pressure,BlendedICU,label_exact,high
MEASUREMENT_BEDSIDE//6680//mmHg,OMOP//OMOP//4154790,,True,,OMOP,4154790,,noninvasive_diastolic_blood_pressure,BlendedICU,label_exact,high
MEASUREMENT_BEDSIDE//20955//l/min,SNOMED//4221102,,True,,SNOMED,4221102,,4221102,AMSTEL,source_code,high
MEASUREMENT_BEDSIDE//20956//l/min/m2,SNOMED//4208254,,True,,SNOMED,4208254,,4208254,AMSTEL,source_code,high
MEASUREMENT_BEDSIDE//20951//UNKNOWN,SNOMED//37116693,,True,,SNOMED,37116693,,37116693,AMSTEL,source_code,high
LAB//10053//mmol/l,OMOP//OMOP//40762125,,True,,OMOP,40762125,,lactate,BlendedICU,label_exact,high
LAB//9930//mmol/l,OMOP//OMOP//3018572,,True,,OMOP,3018572,,chloride,BlendedICU,label_exact,high
SUBJECT_FLUID_OUTPUT//8699//ml,LOINC//3026556,,True,,LOINC,3026556,,3026556,AMSTEL,source_code,high
MEASUREMENT_BEDSIDE//8662//°C,LOINC//21493955,,True,,LOINC,21493955,,21493955,AMSTEL,source_code,high
MEASUREMENT_BEDSIDE//12287//l/min,LOINC//3006306,,True,,LOINC,3006306,,3006306,AMSTEL,source_code,high
LAB//9933//mmol/l,OMOP//OMOP//3005162,,True,,OMOP,3005162,,calcium,BlendedICU,label_exact,high
LAB//9935//mmol/l,OMOP//OMOP//3018913,,True,,OMOP,3018913,,phosphate,BlendedICU,label_exact,high
LAB//11944//sec,OMOP//OMOP//3013466,,True,,OMOP,3013466,,PTT,BlendedICU,label_exact,high
LAB//14442//ml/min/1.73m2,LOINC//46236952,,True,,LOINC,46236952,,46236952,AMSTEL,source_code,high
LAB//9952//mmol/l,OMOP//OMOP//3033836,,True,,OMOP,3033836,,magnesium,BlendedICU,label_exact,high
LAB//11894//INR,LOINC//3032080,,True,,LOINC,3032080,,3032080,AMSTEL,source_code,high
LAB//11998//E/l,LOINC//3007220,,True,,LOINC,3007220,,3007220,AMSTEL,source_code,high
LAB//9943//mmol/l,OMOP//OMOP//43534100,,True,,OMOP,43534100,,blood_urea_nitrogen,BlendedICU,label_exact,high
LAB//9937//g/l,OMOP//OMOP//3024561,,True,,OMOP,3024561,,albumin,BlendedICU,label_exact,high
MEASUREMENT_BEDSIDE//12288//Geen,LOINC//40760768,,True,,LOINC,40760768,,40760768,AMSTEL,source_code,high
SUBJECT_FLUID_OUTPUT//8789//ml,LOINC//3011087,,True,,LOINC,3011087,,3011087,AMSTEL,source_code,high
MEASUREMENT_BEDSIDE//16809//UNKNOWN,,,False,,,,,,,,unmapped
SUBJECT_FLUID_OUTPUT//8805//ml,LOINC//3020433,,True,,LOINC,3020433,,3020433,AMSTEL,source_code,high
MEASUREMENT_BEDSIDE//6699//Geen,OMOP//OMOP//4353936,,True,,OMOP,4353936,,FiO2,BlendedICU,label_exact,high
MEASUREMENT_BEDSIDE//16818//ml/uur,,,False,,,,,,,,unmapped
MEASUREMENT_BEDSIDE//16808//mmol/l,,,False,,,,,,,,unmapped
MEASUREMENT_BEDSIDE//13059//°C,SNOMED//4189949,,True,,SNOMED,4189949,,4189949,AMSTEL,source_code,high
MEASUREMENT_BEDSIDE//16820//ml/uur,,,False,,,,,,,,unmapped
MEASUREMENT_BEDSIDE//16819//ml/uur,,,False,,,,,,,,unmapped
MEASUREMENT_BEDSIDE//16821//UNKNOWN,,,False,,,,,,,,unmapped
MEASUREMENT_BEDSIDE//16822//mmol/l,,,False,,,,,,,,unmapped
MEASUREMENT_BEDSIDE//16823//UNKNOWN,,,False,,,,,,,,unmapped
MEASUREMENT_BEDSIDE//16824//UNKNOWN,,,False,,,,,,,,unmapped
MEASUREMENT_BEDSIDE//16825//UNKNOWN,,,False,,,,,,,,unmapped
MEASUREMENT_BEDSIDE//16826//UNKNOWN,,,False,,,,,,,,unmapped
MEASUREMENT_BEDSIDE//16802//ml/uur,,,False,,,,,,,,unmapped
MEASUREMENT_BEDSIDE//8871//l,LOINC//21490789,,True,,LOINC,21490789,,21490789,AMSTEL,source_code,high
MEASUREMENT_BEDSIDE//8862//mbar,LOINC//3022875,,True,,LOINC,3022875,,3022875,AMSTEL,source_code,high
MEASUREMENT_BEDSIDE//8873//UNKNOWN,LOINC//3007646,,True,,LOINC,3007646,,3007646,AMSTEL,source_code,high
MEASUREMENT_BEDSIDE//8869//UNKNOWN,LOINC//3020716,,True,,LOINC,3020716,,3020716,AMSTEL,source_code,high
MEASUREMENT_BEDSIDE//16805//ml/uur,,,False,,,,,,,,unmapped
MEASUREMENT_BEDSIDE//8877//mbar,LOINC//3016078,,True,,LOINC,3016078,,3016078,AMSTEL,source_code,high
MEASUREMENT_BEDSIDE//8655//mmHg,,,False,,,,,,,,unmapped
MEASUREMENT_BEDSIDE//8870//l/min,SNOMED//4144329,,True,,SNOMED,4144329,,4144329,AMSTEL,source_code,high
MEASUREMENT_BEDSIDE//8649//mmHg,,,False,,,,,,,,unmapped
MEASUREMENT_BEDSIDE//12091//ml,SNOMED//4089846,,True,,SNOMED,4089846,,4089846,AMSTEL,source_code,high
MEASUREMENT_BEDSIDE//8879//mbar,LOINC//21490855,,True,,LOINC,21490855,,21490855,AMSTEL,source_code,high
MEASUREMENT_BEDSIDE//12440///min,LOINC//3027018,,True,,LOINC,3027018,,3027018,AMSTEL,source_code,high
MEASUREMENT_BEDSIDE//12443//mmHG/lsb.,LOINC//21490673,,True,,LOINC,21490673,,21490673,AMSTEL,source_code,high
MEASUREMENT_BEDSIDE//7666//mmHg,LOINC//1989079,,True,,LOINC,1989079,,1989079,AMSTEL,source_code,high
MEASUREMENT_BEDSIDE//7668//mmHg,LOINC//1988071,,True,,LOINC,1988071,,1988071,AMSTEL,source_code,high
MEASUREMENT_BEDSIDE//7667//mmHg,LOINC//1989498,,True,,LOINC,1989498,,1989498,AMSTEL,source_code,high
MEASUREMENT_BEDSIDE//12441//mmHG/lsb.,LOINC//21490674,,True,,LOINC,21490674,,21490674,AMSTEL,source_code,high
MEASUREMENT_BEDSIDE//12442//mmHG/lsb.,LOINC//21490672,,True,,LOINC,21490672,,21490672,AMSTEL,source_code,high
MEASUREMENT_BEDSIDE//7671//mmHg,LOINC//1988101,,True,,LOINC,1988101,,1988101,AMSTEL,source_code,high
LAB//10079//mg/l,LOINC//3020460,,True,,LOINC,3020460,,3020460,AMSTEL,source_code,high
MEASUREMENT_BEDSIDE//8854//mbar,LOINC//36305890,,True,,LOINC,36305890,,36305890,AMSTEL,source_code,high
MEASUREMENT_BEDSIDE//10736//ml/min,LOINC//1988610,,True,,LOINC,1988610,,1988610,AMSTEL,source_code,high
MEASUREMENT_BEDSIDE//8779//ml,SNOMED//35608035,,True,,SNOMED,35608035,,35608035,AMSTEL,source_code,high
LAB//11978//E/l,OMOP//OMOP//3006923,,True,,OMOP,3006923,,alanine_aminotransferase,BlendedICU,label_exact,high
MEASUREMENT_BEDSIDE//19609//Geen,SNOMED//4022240,,True,,SNOMED,4022240,,4022240,AMSTEL,source_code,high
LAB//11990//E/l,OMOP//OMOP//3013721,,True,,OMOP,3013721,,aspartate_aminotransferase,BlendedICU,label_exact,high
MEASUREMENT_BEDSIDE//8865//mbar,LOINC//3000461,,True,,LOINC,3000461,,3000461,AMSTEL,source_code,high
MEASUREMENT_BEDSIDE//18816//UNKNOWN,,,False,,,,,,,,unmapped
MEASUREMENT_BEDSIDE//18833//UNKNOWN,,,False,,,,,,,,unmapped
MEASUREMENT_BEDSIDE//18835//UNKNOWN,,,False,,,,,,,,unmapped
MEASUREMENT_BEDSIDE//18836//UNKNOWN,,,False,,,,,,,,unmapped
MEASUREMENT_BEDSIDE//18837//UNKNOWN,,,False,,,,,,,,unmapped
MEASUREMENT_BEDSIDE//18827//UNKNOWN,,,False,,,,,,,,unmapped
MEASUREMENT_BEDSIDE//18843//Geen,,,False,,,,,,,,unmapped
MEASUREMENT_BEDSIDE//12459//mmHg,LOINC//1989190,,True,,LOINC,1989190,,1989190,AMSTEL,source_code,high
MEASUREMENT_BEDSIDE//12456//mmHg,LOINC//1989498,,True,,LOINC,1989498,,1989498,AMSTEL,source_code,high
MEASUREMENT_BEDSIDE//12444//ml/min,LOINC//1988610,,True,,LOINC,1988610,,1988610,AMSTEL,source_code,high
MEASUREMENT_BEDSIDE//12454//ml/uur,SNOMED//44802820,,True,,SNOMED,44802820,,44802820,AMSTEL,source_code,high
MEASUREMENT_BEDSIDE//18832//UNKNOWN,,,False,,,,,,,,unmapped
MEASUREMENT_BEDSIDE//12452//ml/uur,LOINC//1988543,,True,,LOINC,1988543,,1988543,AMSTEL,source_code,high
MEASUREMENT_BEDSIDE//8622//mmHg,,,False,,,,,,,,unmapped
MEASUREMENT_BEDSIDE//12445//mmHg,,,False,,,,,,,,unmapped
MEASUREMENT_BEDSIDE//12446//mmHg,,,False,,,,,,,,unmapped
MEASUREMENT_BEDSIDE//12450//mmHg,,,False,,,,,,,,unmapped
MEASUREMENT_BEDSIDE//12449//mmHg,,,False,,,,,,,,unmapped
MEASUREMENT_BEDSIDE//7905//°C,SNOMED//602639,,True,,SNOMED,602639,,602639,AMSTEL,source_code,high
MEASUREMENT_BEDSIDE//12453//mmHg,,,False,,,,,,,,unmapped
MEASUREMENT_BEDSIDE//12448//mmHg,,,False,,,,,,,,unmapped
LAB//17982//sec,OMOP//OMOP//3013466,,True,,OMOP,3013466,,PTT,BlendedICU,label_exact,high
MEASUREMENT_BEDSIDE//12447//mmHg,,,False,,,,,,,,unmapped
MEASUREMENT_BEDSIDE//6684//ml,SNOMED//44802821,,True,,SNOMED,44802821,,44802821,AMSTEL,source_code,high
MEASUREMENT_BEDSIDE//12451//ml,SNOMED//45769788,,True,,SNOMED,45769788,,45769788,AMSTEL,source_code,high
LAB//11893//INR,LOINC//3032080,,True,,LOINC,3032080,,3032080,AMSTEL,source_code,high
MEASUREMENT_BEDSIDE//12458//°C,SNOMED//4353720,,True,,SNOMED,4353720,,4353720,AMSTEL,source_code,high
MEASUREMENT_BEDSIDE//12455//mmHg,,,False,,,,,,,,unmapped
LAB//12023//E/l,LOINC//3016436,,True,,LOINC,3016436,,3016436,AMSTEL,source_code,high
MEASUREMENT_BEDSIDE//16800//UNKNOWN,,,False,,,,,,,,unmapped
LAB//12071//E/l,LOINC//3026910,,True,,LOINC,3026910,,3026910,AMSTEL,source_code,high
LAB//11984//E/l,OMOP//OMOP//3001110,,True,,OMOP,3001110,,alkaline_phosphatase,BlendedICU,label_exact,high
LAB//10413//µg/l,LOINC//3005785,,True,,LOINC,3005785,,3005785,AMSTEL,source_code,high
MEASUREMENT_BEDSIDE//8852//mbar,LOINC//3016078,,True,,LOINC,3016078,,3016078,AMSTEL,source_code,high
LAB//9945//µmol/l,OMOP//OMOP//3006140,,True,,OMOP,3006140,,bilirubine,BlendedICU,label_exact,high
MEASUREMENT_BEDSIDE//8850//UNKNOWN,LOINC//3007469,,True,,LOINC,3007469,,3007469,AMSTEL,source_code,high
SUBJECT_FLUID_OUTPUT//8770//ml,LOINC//3018767,,True,,LOINC,3018767,,3018767,AMSTEL,source_code,high
MEASUREMENT_BEDSIDE//9532//UNKNOWN,LOINC//3014454,,True,,LOINC,3014454,,3014454,AMSTEL,source_code,high
MEASUREMENT_BEDSIDE//9533//UNKNOWN,LOINC//3006106,,True,,LOINC,3006106,,3006106,AMSTEL,source_code,high
MEASUREMENT_BEDSIDE//8843//mmHg,LOINC//21490852,,True,,LOINC,21490852,,21490852,AMSTEL,source_code,high
MEASUREMENT_BEDSIDE//8841//mmHg,LOINC//21490853,,True,,LOINC,21490853,,21490853,AMSTEL,source_code,high
MEASUREMENT_BEDSIDE//8842//mmHg,LOINC//21490851,,True,,LOINC,21490851,,21490851,AMSTEL,source_code,high
MEASUREMENT_BEDSIDE//9356//cm,,,False,,,,,,,,unmapped
MEASUREMENT_BEDSIDE//6710//UNKNOWN,SNOMED//4090654,,True,,SNOMED,4090654,,4090654,AMSTEL,source_code,high
MEASUREMENT_BEDSIDE//8880//cmH2O,LOINC//21490740,,True,,LOINC,21490740,,21490740,AMSTEL,source_code,high
MEASUREMENT_BEDSIDE//6657//mmHg,LOINC//21490776,,True,,LOINC,21490776,,21490776,AMSTEL,source_code,high
SUBJECT_FLUID_OUTPUT//8774//ml,,,False,,,,,,,,unmapped
MEASUREMENT_BEDSIDE//6656//l/min,SNOMED//4221102,,True,,SNOMED,4221102,,4221102,AMSTEL,source_code,high
MEASUREMENT_BEDSIDE//13062//°C,LOINC//3025163,,True,,LOINC,3025163,,3025163,AMSTEL,source_code,high
MEASUREMENT_BEDSIDE//10735//ml/uur,LOINC//1988543,,True,,LOINC,1988543,,1988543,AMSTEL,source_code,high
MEASUREMENT_BEDSIDE//14091//µV,,,False,,,,,,,,unmapped
MEASUREMENT_BEDSIDE//14092//µV,,,False,,,,,,,,unmapped
MEASUREMENT_BEDSIDE//9583//ml,,,False,,,,,,,,unmapped
MEASUREMENT_BEDSIDE//18838//UNKNOWN,,,False,,,,,,,,unmapped
MEASUREMENT_BEDSIDE//8856//l/min,LOINC//40760768,,True,,LOINC,40760768,,40760768,AMSTEL,source_code,high
MEASUREMENT_BEDSIDE//18817//UNKNOWN,,,False,,,,,,,,unmapped
MEASUREMENT_BEDSIDE//7726//UNKNOWN,LOINC//3026892,,True,,LOINC,3026892,,3026892,AMSTEL,source_code,high
MEASUREMENT_BEDSIDE//8851//ml,OMOP//OMOP//4220163,,True,,OMOP,4220163,,tidal_volume_setting,BlendedICU,label_exact,high
MEASUREMENT_BEDSIDE//8849//l/min,LOINC//3011557,,True,,LOINC,3011557,,3011557,AMSTEL,source_code,high
MEASUREMENT_BEDSIDE//18826//UNKNOWN,,,False,,,,,,,,unmapped
MEASUREMENT_BEDSIDE//8955//cmH2O,LOINC//3028878,,True,,LOINC,3028878,,3028878,AMSTEL,source_code,high
MEASUREMENT_BEDSIDE//8857//mbar,LOINC//3000461,,True,,LOINC,3000461,,3000461,AMSTEL,source_code,high
MEASUREMENT_BEDSIDE//8858//mbar,LOINC//36305628,,True,,LOINC,36305628,,36305628,AMSTEL,source_code,high
MEASUREMENT_BEDSIDE//8853//UNKNOWN,LOINC//3022352,,True,,LOINC,3022352,,3022352,AMSTEL,source_code,high
MEASUREMENT_BEDSIDE//9611//UNKNOWN,LOINC//36306099,,True,,LOINC,36306099,,36306099,AMSTEL,source_code,high
MEASUREMENT_BEDSIDE//9609//UNKNOWN,LOINC//36303705,,True,,LOINC,36303705,,36303705,AMSTEL,source_code,high
MEASUREMENT_BEDSIDE//8672//ml,,,False,,,,,,,,unmapped
LAB//11986//E/l,LOINC//3016771,,True,,LOINC,3016771,,3016771,AMSTEL,source_code,high
MEASUREMENT_BEDSIDE//18621//UNKNOWN,,,False,,,,,,,,unmapped
MEASUREMENT_BEDSIDE//18624//UNKNOWN,,,False,,,,,,,,unmapped
MEASUREMENT_BEDSIDE//18626//UNKNOWN,,,False,,,,,,,,unmapped
MEASUREMENT_BEDSIDE//18627//UNKNOWN,,,False,,,,,,,,unmapped
MEASUREMENT_BEDSIDE//18628//UNKNOWN,,,False,,,,,,,,unmapped
MEASUREMENT_BEDSIDE//18618//Geen,,,False,,,,,,,,unmapped
MEASUREMENT_BEDSIDE//18829//UNKNOWN,,,False,,,,,,,,unmapped
MEASUREMENT_BEDSIDE//18622//UNKNOWN,,,False,,,,,,,,unmapped
MEASUREMENT_BEDSIDE//8699//ml,LOINC//3026556,,True,,LOINC,3026556,,3026556,AMSTEL,source_code,high
MEASUREMENT_BEDSIDE//8875//l/min,SNOMED//4108000,,True,,SNOMED,4108000,,4108000,AMSTEL,source_code,high
SUBJECT_FLUID_OUTPUT//8777//ml,LOINC//3023454,,True,,LOINC,3023454,,3023454,AMSTEL,source_code,high
MEASUREMENT_BEDSIDE//8789//ml,LOINC//3011087,,True,,LOINC,3011087,,3011087,AMSTEL,source_code,high
MEASUREMENT_BEDSIDE//8659//°C,LOINC//21493955,,True,,LOINC,21493955,,21493955,AMSTEL,source_code,high
MEASUREMENT_BEDSIDE//18819//UNKNOWN,,,False,,,,,,,,unmapped
MEASUREMENT_BEDSIDE//18623//UNKNOWN,,,False,,,,,,,,unmapped
MEASUREMENT_BEDSIDE//16858//ml,,,False,,,,,,,,unmapped
MEASUREMENT_BEDSIDE//14089//cmH2O/µV,,,False,,,,,,,,unmapped
MEASUREMENT_BEDSIDE//8794//ml,OMOP//OMOP//4145209,,True,,OMOP,4145209,,urine_output,BlendedICU,label_exact,high
MEASUREMENT_BEDSIDE//14090//µV,,,False,,,,,,,,unmapped
LAB//7433//mmHg,LOINC//3027315,,True,,LOINC,3027315,,3027315,AMSTEL,source_code,high
LAB//6848//UNKNOWN,LOINC//3010421,,True,,LOINC,3010421,,3010421,AMSTEL,source_code,high
LAB//6846//mmHg,LOINC//3013290,,True,,LOINC,3013290,,3013290,AMSTEL,source_code,high
LAB//6810//mmol/l,LOINC//3006576,,True,,LOINC,3006576,,3006576,AMSTEL,source_code,high
LAB//6807//mmol/l,LOINC//3012501,,True,,LOINC,3012501,,3012501,AMSTEL,source_code,high
MEASUREMENT_BEDSIDE//15292//ml,SNOMED//602639,,True,,SNOMED,602639,,602639,AMSTEL,source_code,high
LAB//8903//UNKNOWN,LOINC//42869608,,True,,LOINC,42869608,,42869608,AMSTEL,source_code,high
SUBJECT_FLUID_OUTPUT//8700//ml,LOINC//3026556,,True,,LOINC,3026556,,3026556,AMSTEL,source_code,high
LAB//10407//µg/l,LOINC//3019800,,True,,LOINC,3019800,,3019800,AMSTEL,source_code,high
SUBJECT_FLUID_OUTPUT//8717//ml,LOINC//3006376,,True,,LOINC,3006376,,3006376,AMSTEL,source_code,high
MEASUREMENT_BEDSIDE//16053//ml,,,False,,,,,,,,unmapped
LAB//9553//mmol/l,LOINC//40762351,,True,,LOINC,40762351,,40762351,AMSTEL,source_code,high
MEASUREMENT_BEDSIDE//18834//UNKNOWN,,,False,,,,,,,,unmapped
MEASUREMENT_BEDSIDE//8878//mbar,OMOP//OMOP//4139635,,True,,OMOP,4139635,,plateau_pressure,BlendedICU,label_exact,high
LAB//18001//mmol/l,LOINC//3020059,,True,,LOINC,3020059,,3020059,AMSTEL,source_code,high
MEASUREMENT_BEDSIDE//9584//ml,,,False,,,,,,,,unmapped
LAB//9557//mmol/l,LOINC//3020491,,True,,LOINC,3020491,,3020491,AMSTEL,source_code,high
LAB//9556//mmol/l,LOINC//3005456,,True,,LOINC,3005456,,3005456,AMSTEL,source_code,high
LAB//9555//mmol/l,LOINC//3000285,,True,,LOINC,3000285,,3000285,AMSTEL,source_code,high
MEASUREMENT_BEDSIDE//9554//l,,,False,,,,,,,,unmapped
LAB//11902//mm/uur,LOINC//3015183,,True,,LOINC,3015183,,3015183,AMSTEL,source_code,high
MEASUREMENT_BEDSIDE//14736//mmHg,SNOMED//602639,,True,,SNOMED,602639,,602639,AMSTEL,source_code,high
MEASUREMENT_BEDSIDE//18629//UNKNOWN,,,False,,,,,,,,unmapped
MEASUREMENT_BEDSIDE//19227//Geen,,,False,,,,,,,,unmapped
MEASUREMENT_BEDSIDE//12106///dag,LOINC//40766929,,True,,LOINC,40766929,,40766929,AMSTEL,source_code,high
LAB//9560//mmol/l,LOINC//3021119,,True,,LOINC,3021119,,3021119,AMSTEL,source_code,high
MEASUREMENT_BEDSIDE//18641//UNKNOWN,,,False,,,,,,,,unmapped
SUBJECT_FLUID_OUTPUT//8796//ml,LOINC//3014315,,True,,LOINC,3014315,,3014315,AMSTEL,source_code,high
MEASUREMENT_BEDSIDE//8717//ml,LOINC//3006376,,True,,LOINC,3006376,,3006376,AMSTEL,source_code,high
MEASUREMENT_BEDSIDE//18818//UNKNOWN,,,False,,,,,,,,unmapped
MEASUREMENT_BEDSIDE//12304//cmH2O,LOINC//36305590,,True,,LOINC,36305590,,36305590,AMSTEL,source_code,high
SUBJECT_FLUID_OUTPUT//8798//ml,LOINC//3007123,,True,,LOINC,3007123,,3007123,AMSTEL,source_code,high
LAB//9561//mmol/l,LOINC//3048816,,True,,LOINC,3048816,,3048816,AMSTEL,source_code,high
MEASUREMENT_BEDSIDE//9469//UNKNOWN,LOINC//1989527,,True,,LOINC,1989527,,1989527,AMSTEL,source_code,high
MEASUREMENT_BEDSIDE//12107///jaar,OMOP//OMOP_CONCEPT//903650,,True,,OMOP_CONCEPT,903650,,Cigarettes pack-years smoked during life,AMSTEL,itemid,medium
LAB//9962//10^12/l,LOINC//3026361,,True,,LOINC,3026361,,3026361,AMSTEL,source_code,high
MEASUREMENT_BEDSIDE//13950//Geen,,,False,,,,,,,,unmapped
MEASUREMENT_BEDSIDE//8774//ml,,,False,,,,,,,,unmapped
LAB//11925//mE/l,LOINC//3009201,,True,,LOINC,3009201,,3009201,AMSTEL,source_code,high
LAB//14258//10^9/l,LOINC//3019198,,True,,LOINC,3019198,,3019198,AMSTEL,source_code,high
LAB//14256//10^9/l,LOINC//3006315,,True,,LOINC,3006315,,3006315,AMSTEL,source_code,high
LAB//14260//10^9/l,LOINC//3001604,,True,,LOINC,3001604,,3001604,AMSTEL,source_code,high
LAB//10187//pmol/l,LOINC//3008486,,True,,LOINC,3008486,,3008486,AMSTEL,source_code,high
MEASUREMENT_BEDSIDE//9471//mV,LOINC//1989569,,True,,LOINC,1989569,,1989569,AMSTEL,source_code,high
MEASUREMENT_BEDSIDE//13076//Geen,,,False,,,,,,,,unmapped
MEASUREMENT_BEDSIDE//9470//UNKNOWN,LOINC//1989449,,True,,LOINC,1989449,,1989449,AMSTEL,source_code,high
LAB//9967//10^9/l,LOINC//3028615,,True,,LOINC,3028615,,3028615,AMSTEL,source_code,high
MEASUREMENT_BEDSIDE//12297//sec,LOINC//36306099,,True,,LOINC,36306099,,36306099,AMSTEL,source_code,high
MEASUREMENT_BEDSIDE//13081//Geen,,,False,,,,,,,,unmapped
LAB//14249//ng/l,LOINC//3029187,,True,,LOINC,3029187,,3029187,AMSTEL,source_code,high
SUBJECT_FLUID_OUTPUT//8719//ml,LOINC//3006376,,True,,LOINC,3006376,,3006376,AMSTEL,source_code,high
MEASUREMENT_BEDSIDE//8700//ml,LOINC//3026556,,True,,LOINC,3026556,,3026556,AMSTEL,source_code,high
LAB//21213//kPa,LOINC//3013290,,True,,LOINC,3013290,,3013290,AMSTEL,source_code,high
MEASUREMENT_BEDSIDE//12460//ml/min,,,False,,,,,,,,unmapped
MEASUREMENT_BEDSIDE//12461//ml/uur,,,False,,,,,,,,unmapped
MEASUREMENT_BEDSIDE//12463//ml/uur,,,False,,,,,,,,unmapped
LAB//21214//kPa,LOINC//3027315,,True,,LOINC,3027315,,3027315,AMSTEL,source_code,high
LAB//14254//10^9/l,LOINC//3013650,,True,,LOINC,3013650,,3013650,AMSTEL,source_code,high
MEASUREMENT_BEDSIDE//12295//cmH2O,LOINC//40762053,,True,,LOINC,40762053,,40762053,AMSTEL,source_code,high
MEASUREMENT_BEDSIDE//12298//cmH2O,LOINC//3000461,,True,,LOINC,3000461,,3000461,AMSTEL,source_code,high
MEASUREMENT_BEDSIDE//12296//sec,LOINC//36303705,,True,,LOINC,36303705,,36303705,AMSTEL,source_code,high
LAB//6835//mmol/l,LOINC//3023103,,True,,LOINC,3023103,,3023103,AMSTEL,source_code,high
LAB//6840//mmol/l,LOINC//3019550,,True,,LOINC,3019550,,3019550,AMSTEL,source_code,high
LAB//10387//l/min,LOINC//3005629,,True,,LOINC,3005629,,3005629,AMSTEL,source_code,high
LAB//9968//fl,LOINC//3023599,,True,,LOINC,3023599,,3023599,AMSTEL,source_code,high
LAB//11679//amol,LOINC//40762531,,True,,LOINC,40762531,,40762531,AMSTEL,source_code,high
LAB//6833//mmol/l,LOINC//3020491,,True,,LOINC,3020491,,3020491,AMSTEL,source_code,high
MEASUREMENT_BEDSIDE//19611//UNKNOWN,SNOMED//602639,,True,,SNOMED,602639,,602639,AMSTEL,source_code,high
MEASUREMENT_BEDSIDE//18625//UNKNOWN,,,False,,,,,,,,unmapped
LAB//6778//mmol/l,LOINC//40762351,,True,,LOINC,40762351,,40762351,AMSTEL,source_code,high
LAB//6777//l,LOINC//42869588,,True,,LOINC,42869588,,42869588,AMSTEL,source_code,high
LAB//11493//Geen,LOINC//3015736,,True,,LOINC,3015736,,3015736,AMSTEL,source_code,high
MEASUREMENT_BEDSIDE//8719//ml,LOINC//3006376,,True,,LOINC,3006376,,3006376,AMSTEL,source_code,high
MEASUREMENT_BEDSIDE//12301//cmH2O,LOINC//42527140,,True,,LOINC,42527140,,42527140,AMSTEL,source_code,high
LAB//11492//Geen,,,False,,,,,,,,unmapped
MEASUREMENT_BEDSIDE//9585//ml,,,False,,,,,,,,unmapped
LAB//6797//10^9/l,LOINC//3007461,,True,,LOINC,3007461,,3007461,AMSTEL,source_code,high
SUBJECT_FLUID_OUTPUT//9626//ml,LOINC//3039001,,True,,LOINC,3039001,,3039001,AMSTEL,source_code,high
MEASUREMENT_BEDSIDE//15278//mmHg,SNOMED//602639,,True,,SNOMED,602639,,602639,AMSTEL,source_code,high
SUBJECT_FLUID_OUTPUT//8803//ml,LOINC//3014315,,True,,LOINC,3014315,,3014315,AMSTEL,source_code,high
LAB//6836//µmol,LOINC//3020564,,True,,LOINC,3020564,,3020564,AMSTEL,source_code,high
LAB//6779//10^9/l,LOINC//3010813,,True,,LOINC,3010813,,3010813,AMSTEL,source_code,high
MEASUREMENT_BEDSIDE//8673//ml,,,False,,,,,,,,unmapped
MEASUREMENT_BEDSIDE//8805//ml,LOINC//3020433,,True,,LOINC,3020433,,3020433,AMSTEL,source_code,high
MEASUREMENT_BEDSIDE//18639//UNKNOWN,,,False,,,,,,,,unmapped
LAB//6771//sec,LOINC//3013466,,True,,LOINC,3013466,,3013466,AMSTEL,source_code,high
MEASUREMENT_BEDSIDE//18821//UNKNOWN,,,False,,,,,,,,unmapped
MEASUREMENT_BEDSIDE//15770//°C,SNOMED//602639,,True,,SNOMED,602639,,602639,AMSTEL,source_code,high
LAB//6789//sec,LOINC//3034426,,True,,LOINC,3034426,,3034426,AMSTEL,source_code,high
SUBJECT_FLUID_OUTPUT//9360//ml,LOINC//21491180,,True,,LOINC,21491180,,21491180,AMSTEL,source_code,high
MEASUREMENT_BEDSIDE//18630//UNKNOWN,,,False,,,,,,,,unmapped
MEASUREMENT_BEDSIDE//18823//UNKNOWN,,,False,,,,,,,,unmapped
LAB//6817//mmol/l,LOINC//3015377,,True,,LOINC,3015377,,3015377,AMSTEL,source_code,high
LAB//6828//mmol/l,LOINC//3003458,,True,,LOINC,3003458,,3003458,AMSTEL,source_code,high
LAB//11910//mmol/cel,LOINC//40762530,,True,,LOINC,40762530,,40762530,AMSTEL,source_code,high
MEASUREMENT_BEDSIDE//13154//Geen,SNOMED//37116693,,True,,SNOMED,37116693,,37116693,AMSTEL,source_code,high
MEASUREMENT_BEDSIDE//13155//Geen,,,False,,,,,,,,unmapped
LAB//10269//mmol/l,LOINC//3003181,,True,,LOINC,3003181,,3003181,AMSTEL,source_code,high
SUBJECT_FLUID_OUTPUT//8780//ml,LOINC//3028277,,True,,LOINC,3028277,,3028277,AMSTEL,source_code,high
SUBJECT_FLUID_OUTPUT//8786//ml,LOINC//21491184,,True,,LOINC,21491184,,21491184,AMSTEL,source_code,high
MEASUREMENT_BEDSIDE//14048//kg,,,False,,,,,,,,unmapped
LAB//11918//mosmol/kg,LOINC//3008295,,True,,LOINC,3008295,,3008295,AMSTEL,source_code,high
MEASUREMENT_BEDSIDE//14047//°C,LOINC//21490586,,True,,LOINC,21490586,,21490586,AMSTEL,source_code,high
MEASUREMENT_BEDSIDE//14056//mmHg,LOINC//21490853,,True,,LOINC,21490853,,21490853,AMSTEL,source_code,high
LAB//11790//Geen,LOINC//3006504,,True,,LOINC,3006504,,3006504,AMSTEL,source_code,high
LAB//6839//mmol/l,LOINC//3033836,,True,,LOINC,3033836,,3033836,AMSTEL,source_code,high
MEASUREMENT_BEDSIDE//14057//mmHg,LOINC//21490851,,True,,LOINC,21490851,,21490851,AMSTEL,source_code,high
LAB//11846//Geen,LOINC//3002030,,True,,LOINC,3002030,,3002030,AMSTEL,source_code,high
MEASUREMENT_BEDSIDE//8770//ml,LOINC//3018767,,True,,LOINC,3018767,,3018767,AMSTEL,source_code,high
LAB//11850//Geen,LOINC//3019069,,True,,LOINC,3019069,,3019069,AMSTEL,source_code,high
MEASUREMENT_BEDSIDE//14055///min,LOINC//3027018,,True,,LOINC,3027018,,3027018,AMSTEL,source_code,high
MEASUREMENT_BEDSIDE//14062//l/min,LOINC//21492228,,True,,LOINC,21492228,,21492228,AMSTEL,source_code,high
MEASUREMENT_BEDSIDE//14065//ml,SNOMED//4231869,,True,,SNOMED,4231869,,4231869,AMSTEL,source_code,high
LAB//6822//IE/l,LOINC//3007220,,True,,LOINC,3007220,,3007220,AMSTEL,source_code,high
LAB//14253//10^9/l,LOINC//3023520,,True,,LOINC,3023520,,3023520,AMSTEL,source_code,high
LAB//12079//x TOT,LOINC//3043744,,True,,LOINC,3043744,,3043744,AMSTEL,source_code,high
MEASUREMENT_BEDSIDE//20081//kg,,,False,,,,,,,,unmapped
MEASUREMENT_BEDSIDE//14064//Geen,SNOMED//4323433,,True,,SNOMED,4323433,,4323433,AMSTEL,source_code,high
MEASUREMENT_BEDSIDE//14050//[0.0001] m2,,,False,,,,,,,,unmapped
MEASUREMENT_BEDSIDE//20019//mmol/l,SNOMED//602639,,True,,SNOMED,602639,,602639,AMSTEL,source_code,high
MEASUREMENT_BEDSIDE//14058//mmHg,LOINC//21490852,,True,,LOINC,21490852,,21490852,AMSTEL,source_code,high
LAB//11710//Geen,LOINC//3022096,,True,,LOINC,3022096,,3022096,AMSTEL,source_code,high
MEASUREMENT_BEDSIDE//18824//UNKNOWN,,,False,,,,,,,,unmapped
SUBJECT_FLUID_OUTPUT//10745//ml,LOINC//21491173,,True,,LOINC,21491173,,21491173,AMSTEL,source_code,high
MEASUREMENT_BEDSIDE//14074//dynes.sec.cm-5,LOINC//3035146,,True,,LOINC,3035146,,3035146,AMSTEL,source_code,high
SUBJECT_FLUID_OUTPUT//8701//ml,LOINC//3026556,,True,,LOINC,3026556,,3026556,AMSTEL,source_code,high
SUBJECT_FLUID_OUTPUT//8788//ml,LOINC//3004267,,True,,LOINC,3004267,,3004267,AMSTEL,source_code,high
SUBJECT_FLUID_OUTPUT//8720//ml,LOINC//3006376,,True,,LOINC,3006376,,3006376,AMSTEL,source_code,high
LAB//12043//E/l,LOINC//3004905,,True,,LOINC,3004905,,3004905,AMSTEL,source_code,high
MEASUREMENT_BEDSIDE//19244//Geen,,,False,,,,,,,,unmapped
LAB//10279//mmol/l,LOINC//3009508,,True,,LOINC,3009508,,3009508,AMSTEL,source_code,high
MEASUREMENT_BEDSIDE//15277//mmHg,SNOMED//602639,,True,,SNOMED,602639,,602639,AMSTEL,source_code,high
MEASUREMENT_BEDSIDE//16443//UNKNOWN,,,False,,,,,,,,unmapped
LAB//9949//mmol/l,LOINC//3020044,,True,,LOINC,3020044,,3020044,AMSTEL,source_code,high
LAB//9939//g/l,LOINC//3020630,,True,,LOINC,3020630,,3020630,AMSTEL,source_code,high
MEASUREMENT_BEDSIDE//16444//UNKNOWN,,,False,,,,,,,,unmapped
MEASUREMENT_BEDSIDE//8777//ml,LOINC//3023454,,True,,LOINC,3023454,,3023454,AMSTEL,source_code,high
LAB//6850//mmol/l,LOINC//43534077,,True,,LOINC,43534077,,43534077,AMSTEL,source_code,high
LAB//11658///3 µl,LOINC//3016543,,True,,LOINC,3016543,,3016543,AMSTEL,source_code,high
MEASUREMENT_BEDSIDE//18631//UNKNOWN,,,False,,,,,,,,unmapped
LAB//6801//g/l,LOINC//3024561,,True,,LOINC,3024561,,3024561,AMSTEL,source_code,high
LAB//11656///3 µl,LOINC//3027475,,True,,LOINC,3027475,,3027475,AMSTEL,source_code,high
LAB//9835//mg/l,LOINC//3010935,,True,,LOINC,3010935,,3010935,AMSTEL,source_code,high
SUBJECT_FLUID_OUTPUT//10743//ml,LOINC//21491173,,True,,LOINC,21491173,,21491173,AMSTEL,source_code,high
MEASUREMENT_BEDSIDE//19618//sec,SNOMED//602639,,True,,SNOMED,602639,,602639,AMSTEL,source_code,high
LAB//11921//mosmol/kg,LOINC//3026782,,True,,LOINC,3026782,,3026782,AMSTEL,source_code,high
MEASUREMENT_BEDSIDE//19619//sec,SNOMED//602639,,True,,SNOMED,602639,,602639,AMSTEL,source_code,high
MEASUREMENT_BEDSIDE//8720//ml,LOINC//3006376,,True,,LOINC,3006376,,3006376,AMSTEL,source_code,high
MEASUREMENT_BEDSIDE//19358//cmH2O,LOINC//21490653,,True,,LOINC,21490653,,21490653,AMSTEL,source_code,high
LAB//9958//mg/l,LOINC//3019473,,True,,LOINC,3019473,,3019473,AMSTEL,source_code,high
LAB//9558//mmol/l,LOINC//3018572,,True,,LOINC,3018572,,3018572,AMSTEL,source_code,high
MEASUREMENT_BEDSIDE//9357//cm,,,False,,,,,,,,unmapped
SUBJECT_FLUID_OUTPUT//8800//ml,LOINC//3014315,,True,,LOINC,3014315,,3014315,AMSTEL,source_code,high
MEASUREMENT_BEDSIDE//16801//UNKNOWN,,,False,,,,,,,,unmapped
LAB//11856//Geen,LOINC//3008342,,True,,LOINC,3008342,,3008342,AMSTEL,source_code,high
LAB//14340//10^9/l,LOINC//3015586,,True,,LOINC,3015586,,3015586,AMSTEL,source_code,high
LAB//14336//10^9/l,LOINC//3022709,,True,,LOINC,3022709,,3022709,AMSTEL,source_code,high
LAB//14337//10^9/l,LOINC//3021120,,True,,LOINC,3021120,,3021120,AMSTEL,source_code,high
LAB//14338//10^9/l,LOINC//3024507,,True,,LOINC,3024507,,3024507,AMSTEL,source_code,high
LAB//14339//10^9/l,LOINC//3018199,,True,,LOINC,3018199,,3018199,AMSTEL,source_code,high
LAB//14334//10^9/l,LOINC//3013115,,True,,LOINC,3013115,,3013115,AMSTEL,source_code,high
LAB//14335//10^9/l,LOINC//3005105,,True,,LOINC,3005105,,3005105,AMSTEL,source_code,high
MEASUREMENT_BEDSIDE//6638//kg,,,False,,,,,,,,unmapped
LAB//10175//g/l,LOINC//3016407,,True,,LOINC,3016407,,3016407,AMSTEL,source_code,high
LAB//11490///100 leuc,LOINC//3034708,,True,,LOINC,3034708,,3034708,AMSTEL,source_code,high
LAB//11692//Geen,LOINC//3007930,,True,,LOINC,3007930,,3007930,AMSTEL,source_code,high
LAB//18666//mmol/cel,LOINC//40762530,,True,,LOINC,40762530,,40762530,AMSTEL,source_code,high
MEASUREMENT_BEDSIDE//6637//kg,,,False,,,,,,,,unmapped
MEASUREMENT_BEDSIDE//16813//UNKNOWN,,,False,,,,,,,,unmapped
MEASUREMENT_BEDSIDE//16814//UNKNOWN,,,False,,,,,,,,unmapped
MEASUREMENT_BEDSIDE//16815//UNKNOWN,,,False,,,,,,,,unmapped
MEASUREMENT_BEDSIDE//12570//ml/cmH2O,LOINC//21490583,,True,,LOINC,21490583,,21490583,AMSTEL,source_code,high
MEASUREMENT_BEDSIDE//19262//Geen,,,False,,,,,,,,unmapped
LAB//9950//µmol/l,LOINC//3026493,,True,,LOINC,3026493,,3026493,AMSTEL,source_code,high
MEASUREMENT_BEDSIDE//12533//ml,,,False,,,,,,,,unmapped
MEASUREMENT_BEDSIDE//12778//ml,,,False,,,,,,,,unmapped
SUBJECT_FLUID_OUTPUT//8925//ml,LOINC//3023454,,True,,LOINC,3023454,,3023454,AMSTEL,source_code,high
LAB//10238//nmol/l,LOINC//3036481,,True,,LOINC,3036481,,3036481,AMSTEL,source_code,high
LAB//11663///µl,LOINC//3016543,,True,,LOINC,3016543,,3016543,AMSTEL,source_code,high
MEASUREMENT_BEDSIDE//19499//Geen,,,False,,,,,,,,unmapped
LAB//9954//mmol/l,LOINC//3019900,,True,,LOINC,3019900,,3019900,AMSTEL,source_code,high
LAB//11661///µl,LOINC//3027475,,True,,LOINC,3027475,,3027475,AMSTEL,source_code,high
LAB//6824//IE/l,LOINC//3005785,,True,,LOINC,3005785,,3005785,AMSTEL,source_code,high
MEASUREMENT_BEDSIDE//12564//cmH20/l/s,LOINC//21490741,,True,,LOINC,21490741,,21490741,AMSTEL,source_code,high
LAB//6806//IE/l,LOINC//3013721,,True,,LOINC,3013721,,3013721,AMSTEL,source_code,high
MEASUREMENT_BEDSIDE//18632//UNKNOWN,,,False,,,,,,,,unmapped
LAB//6800//IE/l,LOINC//3006923,,True,,LOINC,3006923,,3006923,AMSTEL,source_code,high
LAB//10412//g/l,LOINC//3019473,,True,,LOINC,3019473,,3019473,AMSTEL,source_code,high
MEASUREMENT_BEDSIDE//19500//Geen,,,False,,,,,,,,unmapped
MEASUREMENT_BEDSIDE//8882//mbar,LOINC//3035822,,True,,LOINC,3035822,,3035822,AMSTEL,source_code,high
MEASUREMENT_BEDSIDE//8701//ml,LOINC//3026556,,True,,LOINC,3026556,,3026556,AMSTEL,source_code,high
LAB//18361//µmol/l,LOINC//3005772,,True,,LOINC,3005772,,3005772,AMSTEL,source_code,high
MEASUREMENT_BEDSIDE//9587//ml,,,False,,,,,,,,unmapped
MEASUREMENT_BEDSIDE//13945//cm,SNOMED//4047285,,True,,SNOMED,4047285,,4047285,AMSTEL,source_code,high
MEASUREMENT_BEDSIDE//19503//UNKNOWN,SNOMED//273811002,,True,,SNOMED,4169343,,Simplified Acute Physiology Score,AMSTEL,source_code,high
LAB//11539///100 leuc,LOINC//3034708,,True,,LOINC,3034708,,3034708,AMSTEL,source_code,high
MEASUREMENT_BEDSIDE//16332//UNKNOWN,,,False,,,,,,,,unmapped
MEASUREMENT_BEDSIDE//19343//°,,,False,,,,,,,,unmapped
LAB//6831//E/l,LOINC//3026910,,True,,LOINC,3026910,,3026910,AMSTEL,source_code,high
SUBJECT_FLUID_OUTPUT//12580//ml,LOINC//3008793,,True,,LOINC,3008793,,3008793,AMSTEL,source_code,high
MEASUREMENT_BEDSIDE//12563//cmH20/l/s,LOINC//21490742,,True,,LOINC,21490742,,21490742,AMSTEL,source_code,high
MEASUREMENT_BEDSIDE//19277//°,,,False,,,,,,,,unmapped
LAB//10271//mmol/l,LOINC//3016038,,True,,LOINC,3016038,,3016038,AMSTEL,source_code,high
MEASUREMENT_BEDSIDE//19330//°,,,False,,,,,,,,unmapped
MEASUREMENT_BEDSIDE//19331//°,,,False,,,,,,,,unmapped
MEASUREMENT_BEDSIDE//19332//°,,,False,,,,,,,,unmapped
MEASUREMENT_BEDSIDE//19334//°,,,False,,,,,,,,unmapped
MEASUREMENT_BEDSIDE//19342//°,,,False,,,,,,,,unmapped
MEASUREMENT_BEDSIDE//19344//°,,,False,,,,,,,,unmapped
MEASUREMENT_BEDSIDE//19346//°,,,False,,,,,,,,unmapped
MEASUREMENT_BEDSIDE//19265//°,,,False,,,,,,,,unmapped
MEASUREMENT_BEDSIDE//19266//°,,,False,,,,,,,,unmapped
MEASUREMENT_BEDSIDE//19267//°,,,False,,,,,,,,unmapped
MEASUREMENT_BEDSIDE//19269//°,,,False,,,,,,,,unmapped
MEASUREMENT_BEDSIDE//19271//°,,,False,,,,,,,,unmapped
MEASUREMENT_BEDSIDE//19273//°,,,False,,,,,,,,unmapped
MEASUREMENT_BEDSIDE//19274//°,,,False,,,,,,,,unmapped
MEASUREMENT_BEDSIDE//19275//°,,,False,,,,,,,,unmapped
MEASUREMENT_BEDSIDE//19276//°,,,False,,,,,,,,unmapped
MEASUREMENT_BEDSIDE//19279//°,,,False,,,,,,,,unmapped
MEASUREMENT_BEDSIDE//19281//°,,,False,,,,,,,,unmapped
MEASUREMENT_BEDSIDE//19282//°,,,False,,,,,,,,unmapped
MEASUREMENT_BEDSIDE//19311//°,,,False,,,,,,,,unmapped
MEASUREMENT_BEDSIDE//19313//°,,,False,,,,,,,,unmapped
MEASUREMENT_BEDSIDE//19318//°,,,False,,,,,,,,unmapped
MEASUREMENT_BEDSIDE//19320//°,,,False,,,,,,,,unmapped
MEASUREMENT_BEDSIDE//19324//°,,,False,,,,,,,,unmapped
MEASUREMENT_BEDSIDE//19327//°,,,False,,,,,,,,unmapped
MEASUREMENT_BEDSIDE//19336//°,,,False,,,,,,,,unmapped
MEASUREMENT_BEDSIDE//19338//°,,,False,,,,,,,,unmapped
MEASUREMENT_BEDSIDE//19339//°,,,False,,,,,,,,unmapped
MEASUREMENT_BEDSIDE//19340//°,,,False,,,,,,,,unmapped
MEASUREMENT_BEDSIDE//19278//°,,,False,,,,,,,,unmapped
MEASUREMENT_BEDSIDE//19283//°,,,False,,,,,,,,unmapped
MEASUREMENT_BEDSIDE//19287//°,,,False,,,,,,,,unmapped
MEASUREMENT_BEDSIDE//19293//°,,,False,,,,,,,,unmapped
MEASUREMENT_BEDSIDE//19295//°,,,False,,,,,,,,unmapped
MEASUREMENT_BEDSIDE//19297//°,,,False,,,,,,,,unmapped
MEASUREMENT_BEDSIDE//19300//°,,,False,,,,,,,,unmapped
MEASUREMENT_BEDSIDE//19305//°,,,False,,,,,,,,unmapped
MEASUREMENT_BEDSIDE//19307//°,,,False,,,,,,,,unmapped
MEASUREMENT_BEDSIDE//19329//°,,,False,,,,,,,,unmapped
MEASUREMENT_BEDSIDE//19333//°,,,False,,,,,,,,unmapped
MEASUREMENT_BEDSIDE//19341//°,,,False,,,,,,,,unmapped
MEASUREMENT_BEDSIDE//19345//°,,,False,,,,,,,,unmapped
MEASUREMENT_BEDSIDE//19264//°,,,False,,,,,,,,unmapped
MEASUREMENT_BEDSIDE//19268//°,,,False,,,,,,,,unmapped
MEASUREMENT_BEDSIDE//19270//°,,,False,,,,,,,,unmapped
MEASUREMENT_BEDSIDE//19272//°,,,False,,,,,,,,unmapped
MEASUREMENT_BEDSIDE//19319//°,,,False,,,,,,,,unmapped
MEASUREMENT_BEDSIDE//19322//°,,,False,,,,,,,,unmapped
MEASUREMENT_BEDSIDE//19323//°,,,False,,,,,,,,unmapped
MEASUREMENT_BEDSIDE//19325//°,,,False,,,,,,,,unmapped
MEASUREMENT_BEDSIDE//19326//°,,,False,,,,,,,,unmapped
MEASUREMENT_BEDSIDE//19328//°,,,False,,,,,,,,unmapped
MEASUREMENT_BEDSIDE//19335//°,,,False,,,,,,,,unmapped
MEASUREMENT_BEDSIDE//19337//°,,,False,,,,,,,,unmapped
MEASUREMENT_BEDSIDE//19292//°,,,False,,,,,,,,unmapped
MEASUREMENT_BEDSIDE//19294//°,,,False,,,,,,,,unmapped
MEASUREMENT_BEDSIDE//19296//°,,,False,,,,,,,,unmapped
MEASUREMENT_BEDSIDE//19298//°,,,False,,,,,,,,unmapped
MEASUREMENT_BEDSIDE//19299//°,,,False,,,,,,,,unmapped
MEASUREMENT_BEDSIDE//19301//°,,,False,,,,,,,,unmapped
MEASUREMENT_BEDSIDE//19302//°,,,False,,,,,,,,unmapped
MEASUREMENT_BEDSIDE//19303//°,,,False,,,,,,,,unmapped
MEASUREMENT_BEDSIDE//19306//°,,,False,,,,,,,,unmapped
MEASUREMENT_BEDSIDE//19308//°,,,False,,,,,,,,unmapped
MEASUREMENT_BEDSIDE//19309//°,,,False,,,,,,,,unmapped
MEASUREMENT_BEDSIDE//19312//°,,,False,,,,,,,,unmapped
MEASUREMENT_BEDSIDE//19314//°,,,False,,,,,,,,unmapped
MEASUREMENT_BEDSIDE//19315//°,,,False,,,,,,,,unmapped
MEASUREMENT_BEDSIDE//19317//°,,,False,,,,,,,,unmapped
MEASUREMENT_BEDSIDE//19321//°,,,False,,,,,,,,unmapped
MEASUREMENT_BEDSIDE//19310//°,,,False,,,,,,,,unmapped
MEASUREMENT_BEDSIDE//19285//°,,,False,,,,,,,,unmapped
MEASUREMENT_BEDSIDE//19286//°,,,False,,,,,,,,unmapped
MEASUREMENT_BEDSIDE//19304//°,,,False,,,,,,,,unmapped
MEASUREMENT_BEDSIDE//19280//°,,,False,,,,,,,,unmapped
MEASUREMENT_BEDSIDE//19284//°,,,False,,,,,,,,unmapped
LAB//6803//IE/l,LOINC//3035995,,True,,LOINC,3035995,,3035995,AMSTEL,source_code,high
MEASUREMENT_BEDSIDE//16333//UNKNOWN,,,False,,,,,,,,unmapped
MEASUREMENT_BEDSIDE//16629//Geen,,,False,,,,,,,,unmapped
LAB//11868//Geen,LOINC//3021440,,True,,LOINC,3021440,,3021440,AMSTEL,source_code,high
LAB//15775//µg/l,LOINC//3046279,,True,,LOINC,3046279,,3046279,AMSTEL,source_code,high
LAB//11854//Geen,LOINC//3017181,,True,,LOINC,3017181,,3017181,AMSTEL,source_code,high
LAB//11849//Geen,LOINC//3002179,,True,,LOINC,3002179,,3002179,AMSTEL,source_code,high
LAB//11586//Geen,LOINC//3004809,,True,,LOINC,3004809,,3004809,AMSTEL,source_code,high
LAB//11716//Geen,LOINC//3025159,,True,,LOINC,3025159,,3025159,AMSTEL,source_code,high
MEASUREMENT_BEDSIDE//16624//Geen,,,False,,,,,,,,unmapped
MEASUREMENT_BEDSIDE//18828//UNKNOWN,,,False,,,,,,,,unmapped
MEASUREMENT_BEDSIDE//16447//UNKNOWN,SNOMED//4052413,,True,,SNOMED,4052413,,4052413,AMSTEL,source_code,high
MEASUREMENT_BEDSIDE//18637//UNKNOWN,,,False,,,,,,,,unmapped
SUBJECT_FLUID_OUTPUT//9564//ml,SNOMED//4092499,,True,,SNOMED,4092499,,4092499,AMSTEL,source_code,high
LAB//6813//µmol,LOINC//40757494,,True,,LOINC,40757494,,40757494,AMSTEL,source_code,high
LAB//10052//µmol/l,LOINC//3005347,,True,,LOINC,3005347,,3005347,AMSTEL,source_code,high
LAB//11875//Geen,LOINC//3017354,,True,,LOINC,3017354,,3017354,AMSTEL,source_code,high
MEASUREMENT_BEDSIDE//8463//mmHg,SNOMED//4197273,,True,,SNOMED,4197273,,4197273,AMSTEL,source_code,high
MEASUREMENT_BEDSIDE//14128//ml,,,False,,,,,,,,unmapped
MEASUREMENT_BEDSIDE//12302//l/min,,,False,,,,,,,,unmapped
SUBJECT_FLUID_OUTPUT//13495//ml,LOINC//3018767,,True,,LOINC,3018767,,3018767,AMSTEL,source_code,high
MEASUREMENT_BEDSIDE//10439//jaar,,,False,,,,,,,,unmapped
MEASUREMENT_BEDSIDE//12435//kcal/24-uur,LOINC//21493641,,True,,LOINC,21493641,,21493641,AMSTEL,source_code,high
MEASUREMENT_BEDSIDE//12433//ml/min,LOINC//21490598,,True,,LOINC,21490598,,21490598,AMSTEL,source_code,high
MEASUREMENT_BEDSIDE//12432//ml/min,LOINC//21490580,,True,,LOINC,21490580,,21490580,AMSTEL,source_code,high
MEASUREMENT_BEDSIDE//18825//UNKNOWN,,,False,,,,,,,,unmapped
LAB//6838//IE/l,LOINC//3016436,,True,,LOINC,3016436,,3016436,AMSTEL,source_code,high
MEASUREMENT_BEDSIDE//8883//ml,LOINC//21490564,,True,,LOINC,21490564,,21490564,AMSTEL,source_code,high
LAB//9956//mmol/l,LOINC//42868692,,True,,LOINC,42868692,,42868692,AMSTEL,source_code,high
LAB//6837//mmol/l,LOINC//3014111,,True,,LOINC,3014111,,3014111,AMSTEL,source_code,high
LAB//18338//g/l,LOINC//3025643,,True,,LOINC,3025643,,3025643,AMSTEL,source_code,high
LAB//9989//g/l,LOINC//3016407,,True,,LOINC,3016407,,3016407,AMSTEL,source_code,high
LAB//6819//mmol/l,LOINC//3014576,,True,,LOINC,3014576,,3014576,AMSTEL,source_code,high
LAB//10065//µmol/l,LOINC//3020717,,True,,LOINC,3020717,,3020717,AMSTEL,source_code,high
MEASUREMENT_BEDSIDE//13151//l/min,LOINC//3002309,,True,,LOINC,3002309,,3002309,AMSTEL,source_code,high
MEASUREMENT_BEDSIDE//12572//Geen,LOINC//42868487,,True,,LOINC,42868487,,42868487,AMSTEL,source_code,high
MEASUREMENT_BEDSIDE//18831//UNKNOWN,,,False,,,,,,,,unmapped
MEASUREMENT_BEDSIDE//16838//mmHg,SNOMED//602639,,True,,SNOMED,602639,,602639,AMSTEL,source_code,high
MEASUREMENT_BEDSIDE//14742//mmHg,SNOMED//602639,,True,,SNOMED,602639,,602639,AMSTEL,source_code,high
MEASUREMENT_BEDSIDE//18643//UNKNOWN,,,False,,,,,,,,unmapped
MEASUREMENT_BEDSIDE//12403//UNKNOWN,LOINC//1989522,,True,,LOINC,1989522,,1989522,AMSTEL,source_code,high
MEASUREMENT_BEDSIDE//19363//UNKNOWN,LOINC//1988118,,True,,LOINC,1988118,,1988118,AMSTEL,source_code,high
LAB//11942//o/oo,LOINC//3027945,,True,,LOINC,3027945,,3027945,AMSTEL,source_code,high
MEASUREMENT_BEDSIDE//16122//UNKNOWN,SNOMED//4013354,,True,,SNOMED,4013354,,4013354,AMSTEL,source_code,high
LAB//10201//pmol/l,LOINC//3026989,,True,,LOINC,3026989,,3026989,AMSTEL,source_code,high
LAB//6845//E/l,LOINC//3016771,,True,,LOINC,3016771,,3016771,AMSTEL,source_code,high
SUBJECT_FLUID_OUTPUT//8721//ml,LOINC//3006376,,True,,LOINC,3006376,,3006376,AMSTEL,source_code,high
MEASUREMENT_BEDSIDE//12404//mV,LOINC//1989128,,True,,LOINC,1989128,,1989128,AMSTEL,source_code,high
MEASUREMENT_BEDSIDE//12507//ml,,,False,,,,,,,,unmapped
LAB//10056//mmol/l,LOINC//3023602,,True,,LOINC,3023602,,3023602,AMSTEL,source_code,high
MEASUREMENT_BEDSIDE//19364//mV,LOINC//1989306,,True,,LOINC,1989306,,1989306,AMSTEL,source_code,high
LAB//10057//mmol/l,LOINC//3001506,,True,,LOINC,3001506,,3001506,AMSTEL,source_code,high
MEASUREMENT_BEDSIDE//10442//kg,,,False,,,,,,,,unmapped
LAB//10054//µmol/l,LOINC//3022948,,True,,LOINC,3022948,,3022948,AMSTEL,source_code,high
MEASUREMENT_BEDSIDE//12300//sec,,,False,,,,,,,,unmapped
LAB//10162//µg/l,LOINC//3011961,,True,,LOINC,3011961,,3011961,AMSTEL,source_code,high
MEASUREMENT_BEDSIDE//15290//mmHg,SNOMED//602639,,True,,SNOMED,602639,,602639,AMSTEL,source_code,high
LAB//10055//µmol/l,LOINC//3009577,,True,,LOINC,3009577,,3009577,AMSTEL,source_code,high
LAB//11887//Geen,LOINC//3009814,,True,,LOINC,3009814,,3009814,AMSTEL,source_code,high
LAB//10393//mg/l,LOINC//42870366,,True,,LOINC,42870366,,42870366,AMSTEL,source_code,high
MEASUREMENT_BEDSIDE//12087//cm,SNOMED//4245376,,True,,SNOMED,4245376,,4245376,AMSTEL,source_code,high
LAB//9580//mmol/l,LOINC//3047181,,True,,LOINC,3047181,,3047181,AMSTEL,source_code,high
MEASUREMENT_BEDSIDE//15279//mmHg,SNOMED//602639,,True,,SNOMED,602639,,602639,AMSTEL,source_code,high
LAB//12196///veld,LOINC//3035583,,True,,LOINC,3035583,,3035583,AMSTEL,source_code,high
MEASUREMENT_BEDSIDE//16837//mmHg,SNOMED//602639,,True,,SNOMED,602639,,602639,AMSTEL,source_code,high
MEASUREMENT_BEDSIDE//19234//Geen,,,False,,,,,,,,unmapped
MEASUREMENT_BEDSIDE//19236//Geen,,,False,,,,,,,,unmapped
MEASUREMENT_BEDSIDE//19238//Geen,,,False,,,,,,,,unmapped
MEASUREMENT_BEDSIDE//18830//UNKNOWN,,,False,,,,,,,,unmapped
MEASUREMENT_BEDSIDE//13940//mmHg,LOINC//21490653,,True,,LOINC,21490653,,21490653,AMSTEL,source_code,high
LAB//10291//g/l,LOINC//3037121,,True,,LOINC,3037121,,3037121,AMSTEL,source_code,high
MEASUREMENT_BEDSIDE//19750//Geen,,,False,,,,,,,,unmapped
MEASUREMENT_BEDSIDE//8721//ml,LOINC//3006376,,True,,LOINC,3006376,,3006376,AMSTEL,source_code,high
MEASUREMENT_BEDSIDE//9626//ml,LOINC//3039001,,True,,LOINC,3039001,,3039001,AMSTEL,source_code,high
MEASUREMENT_BEDSIDE//8796//ml,LOINC//3014315,,True,,LOINC,3014315,,3014315,AMSTEL,source_code,high
SUBJECT_FLUID_OUTPUT//10592//ml,LOINC//3017152,,True,,LOINC,3017152,,3017152,AMSTEL,source_code,high
LAB//12230//mmol/24uur,LOINC//3025549,,True,,LOINC,3025549,,3025549,AMSTEL,source_code,high
MEASUREMENT_BEDSIDE//8868//°C,LOINC//3003259,,True,,LOINC,3003259,,3003259,AMSTEL,source_code,high
SUBJECT_FLUID_OUTPUT//19922//ml,LOINC//3014315,,True,,LOINC,3014315,,3014315,AMSTEL,source_code,high
MEASUREMENT_BEDSIDE//19945//Ohm,,,False,,,,,,,,unmapped
MEASUREMENT_BEDSIDE//19944//Ohm,,,False,,,,,,,,unmapped
MEASUREMENT_BEDSIDE//19943//°,,,False,,,,,,,,unmapped
MEASUREMENT_BEDSIDE//18640//UNKNOWN,,,False,,,,,,,,unmapped
SUBJECT_FLUID_OUTPUT//8792//ml,LOINC//21493943,,True,,LOINC,21493943,,21493943,AMSTEL,source_code,high
LAB//10073//nmol/l,LOINC//3006653,,True,,LOINC,3006653,,3006653,AMSTEL,source_code,high
MEASUREMENT_BEDSIDE//20953//ml/m2,,,False,,,,,,,,unmapped
MEASUREMENT_BEDSIDE//20957//ml/m2,,,False,,,,,,,,unmapped
MEASUREMENT_BEDSIDE//20952//ml/kg,SNOMED//3661655,,True,,SNOMED,3661655,,3661655,AMSTEL,source_code,high
MEASUREMENT_BEDSIDE//15168//Geen,SNOMED//602639,,True,,SNOMED,602639,,602639,AMSTEL,source_code,high
MEASUREMENT_BEDSIDE//13152//ml/m2,,,False,,,,,,,,unmapped
MEASUREMENT_BEDSIDE//20672//Aantal,LOINC//40770161,,True,,LOINC,40770161,,40770161,AMSTEL,source_code,high
MEASUREMENT_BEDSIDE//12580//ml,LOINC//3008793,,True,,LOINC,3008793,,3008793,AMSTEL,source_code,high
MEASUREMENT_BEDSIDE//8767//ml,LOINC//3016267,,True,,LOINC,3016267,,3016267,AMSTEL,source_code,high
MEASUREMENT_BEDSIDE//13153//ml/kg,SNOMED//3661655,,True,,SNOMED,3661655,,3661655,AMSTEL,source_code,high
MEASUREMENT_BEDSIDE//19245//Geen,,,False,,,,,,,,unmapped
MEASUREMENT_BEDSIDE//14060//l/min,LOINC//3002309,,True,,LOINC,3002309,,3002309,AMSTEL,source_code,high
LAB//8115//ng/ml,LOINC//3048529,,True,,LOINC,3048529,,3048529,AMSTEL,source_code,high
MEASUREMENT_BEDSIDE//8766//ml,LOINC//3009994,,True,,LOINC,3009994,,3009994,AMSTEL,source_code,high
MEASUREMENT_BEDSIDE//14066//ml,,,False,,,,,,,,unmapped
MEASUREMENT_BEDSIDE//14071//ml,SNOMED//3661655,,True,,SNOMED,3661655,,3661655,AMSTEL,source_code,high
MEASUREMENT_BEDSIDE//8786//ml,LOINC//21491184,,True,,LOINC,21491184,,21491184,AMSTEL,source_code,high
MEASUREMENT_BEDSIDE//14067//ml,,,False,,,,,,,,unmapped
MEASUREMENT_BEDSIDE//9360//ml,LOINC//21491180,,True,,LOINC,21491180,,21491180,AMSTEL,source_code,high
MEASUREMENT_BEDSIDE//14070//ml,SNOMED//3661655,,True,,SNOMED,3661655,,3661655,AMSTEL,source_code,high
SUBJECT_FLUID_OUTPUT//12503//ml,LOINC//3026556,,True,,LOINC,3026556,,3026556,AMSTEL,source_code,high
MEASUREMENT_BEDSIDE//14430//ml,,,False,,,,,,,,unmapped
MEASUREMENT_BEDSIDE//8788//ml,LOINC//3004267,,True,,LOINC,3004267,,3004267,AMSTEL,source_code,high
MEASUREMENT_BEDSIDE//20539//mmol/l,,,False,,,,,,,,unmapped
LAB//10028//g/l,LOINC//3025643,,True,,LOINC,3025643,,3025643,AMSTEL,source_code,high
MEASUREMENT_BEDSIDE//13061//°C,LOINC//3006322,,True,,LOINC,3006322,,3006322,AMSTEL,source_code,high
MEASUREMENT_BEDSIDE//20538//ml/min,,,False,,,,,,,,unmapped
MEASUREMENT_BEDSIDE//18820//UNKNOWN,,,False,,,,,,,,unmapped
MEASUREMENT_BEDSIDE//20547//ml,,,False,,,,,,,,unmapped
LAB//10208//pmol/l,LOINC//3010566,,True,,LOINC,3010566,,3010566,AMSTEL,source_code,high
MEASUREMENT_BEDSIDE//20537//sec,,,False,,,,,,,,unmapped
MEASUREMENT_BEDSIDE//9564//ml,SNOMED//4092499,,True,,SNOMED,4092499,,4092499,AMSTEL,source_code,high
MEASUREMENT_BEDSIDE//20543//ml/uur,,,False,,,,,,,,unmapped
LAB//9825//mg/l,LOINC//3035509,,True,,LOINC,3035509,,3035509,AMSTEL,source_code,high
MEASUREMENT_BEDSIDE//12776//ml,,,False,,,,,,,,unmapped
MEASUREMENT_BEDSIDE//8703//ml,LOINC//3017152,,True,,LOINC,3017152,,3017152,AMSTEL,source_code,high
LAB//12192//mmol/l,LOINC//3045185,,True,,LOINC,3045185,,3045185,AMSTEL,source_code,high
MEASUREMENT_BEDSIDE//16379//UNKNOWN,,,False,,,,,,,,unmapped
MEASUREMENT_BEDSIDE//16376//UNKNOWN,,,False,,,,,,,,unmapped
MEASUREMENT_BEDSIDE//20544//ml,,,False,,,,,,,,unmapped
MEASUREMENT_BEDSIDE//20648//l/min,SNOMED//40479778,,True,,SNOMED,40479778,,40479778,AMSTEL,source_code,high
MEASUREMENT_BEDSIDE//20649///min,,,False,,,,,,,,unmapped
MEASUREMENT_BEDSIDE//20650//mmHg,,,False,,,,,,,,unmapped
MEASUREMENT_BEDSIDE//20656//Geen,LOINC//42869590,,True,,LOINC,42869590,,42869590,AMSTEL,source_code,high
MEASUREMENT_BEDSIDE//20658//Geen,LOINC//3024928,,True,,LOINC,3024928,,3024928,AMSTEL,source_code,high
MEASUREMENT_BEDSIDE//20651//mmHg,,,False,,,,,,,,unmapped
MEASUREMENT_BEDSIDE//20652//mmHg,,,False,,,,,,,,unmapped
MEASUREMENT_BEDSIDE//20657//l/min,SNOMED//4089495,,True,,SNOMED,4089495,,4089495,AMSTEL,source_code,high
MEASUREMENT_BEDSIDE//20654//°C,,,False,,,,,,,,unmapped
MEASUREMENT_BEDSIDE//8859//sec,LOINC//36303705,,True,,LOINC,36303705,,36303705,AMSTEL,source_code,high
MEASUREMENT_BEDSIDE//8860//sec,LOINC//36306099,,True,,LOINC,36306099,,36306099,AMSTEL,source_code,high
LAB//17981//IE/ml,LOINC//3020427,,True,,LOINC,3020427,,3020427,AMSTEL,source_code,high
SUBJECT_FLUID_OUTPUT//19921//ml,LOINC//3014315,,True,,LOINC,3014315,,3014315,AMSTEL,source_code,high
MEASUREMENT_BEDSIDE//20659//g/dl,LOINC//46235392,,True,,LOINC,46235392,,46235392,AMSTEL,source_code,high
LAB//10280//mmol/l,LOINC//3012898,,True,,LOINC,3012898,,3012898,AMSTEL,source_code,high
MEASUREMENT_BEDSIDE//20655//°C,,,False,,,,,,,,unmapped
MEASUREMENT_BEDSIDE//8702//ml,LOINC//3000728,,True,,LOINC,3000728,,3000728,AMSTEL,source_code,high
SUBJECT_FLUID_OUTPUT//12553//ml,LOINC//3006376,,True,,LOINC,3006376,,3006376,AMSTEL,source_code,high
MEASUREMENT_BEDSIDE//20661//Geen,LOINC//3034976,,True,,LOINC,3034976,,3034976,AMSTEL,source_code,high
MEASUREMENT_BEDSIDE//8798//ml,LOINC//3007123,,True,,LOINC,3007123,,3007123,AMSTEL,source_code,high
MEASUREMENT_BEDSIDE//16123//UNKNOWN,SNOMED//4032404,,True,,SNOMED,4032404,,4032404,AMSTEL,source_code,high
MEASUREMENT_BEDSIDE//8761//ml,SNOMED//4092499,,True,,SNOMED,4092499,,4092499,AMSTEL,source_code,high
LAB//10173//pmol/l,LOINC//3011152,,True,,LOINC,3011152,,3011152,AMSTEL,source_code,high
LAB//18572//uur,LOINC//3016750,,True,,LOINC,3016750,,3016750,AMSTEL,source_code,high
MEASUREMENT_BEDSIDE//16385//UNKNOWN,,,False,,,,,,,,unmapped
LAB//10287//ml,LOINC//3036603,,True,,LOINC,3036603,,3036603,AMSTEL,source_code,high
MEASUREMENT_BEDSIDE//16382//UNKNOWN,,,False,,,,,,,,unmapped
LAB//9966//10^9/l,LOINC//3022174,,True,,LOINC,3022174,,3022174,AMSTEL,source_code,high
MEASUREMENT_BEDSIDE//8925//ml,LOINC//3023454,,True,,LOINC,3023454,,3023454,AMSTEL,source_code,high
MEASUREMENT_BEDSIDE//12503//ml,LOINC//3026556,,True,,LOINC,3026556,,3026556,AMSTEL,source_code,high
MEASUREMENT_BEDSIDE//8885//mmHg,LOINC//3035357,,True,,LOINC,3035357,,3035357,AMSTEL,source_code,high
MEASUREMENT_BEDSIDE//10745//ml,LOINC//21491173,,True,,LOINC,21491173,,21491173,AMSTEL,source_code,high
LAB//12024//E/l,LOINC//3008338,,True,,LOINC,3008338,,3008338,AMSTEL,source_code,high
LAB//9707//µg/l,LOINC//3010375,,True,,LOINC,3010375,,3010375,AMSTEL,source_code,high
LAB//6825//mg/l,LOINC//3020460,,True,,LOINC,3020460,,3020460,AMSTEL,source_code,high
MEASUREMENT_BEDSIDE//8760//ml,LOINC//3000728,,True,,LOINC,3000728,,3000728,AMSTEL,source_code,high
LAB//14252//10^9/l,LOINC//3011435,,True,,LOINC,3011435,,3011435,AMSTEL,source_code,high
SUBJECT_FLUID_OUTPUT//14428//ml,LOINC//3006376,,True,,LOINC,3006376,,3006376,AMSTEL,source_code,high
LAB//11945//sec,LOINC//3013466,,True,,LOINC,3013466,,3013466,AMSTEL,source_code,high
MEASUREMENT_BEDSIDE//19708//UNKNOWN,SNOMED//37209046,,True,,SNOMED,37209046,,37209046,AMSTEL,source_code,high
MEASUREMENT_BEDSIDE//12356//mmHg,LOINC//3035357,,True,,LOINC,3035357,,3035357,AMSTEL,source_code,high
LAB//10129//g/l,LOINC//3012336,,True,,LOINC,3012336,,3012336,AMSTEL,source_code,high
LAB//6812//µmol,LOINC//3005772,,True,,LOINC,3005772,,3005772,AMSTEL,source_code,high
MEASUREMENT_BEDSIDE//12369//Geen,LOINC//3024882,,True,,LOINC,3024882,,3024882,AMSTEL,source_code,high
MEASUREMENT_BEDSIDE//16691//ml,,,False,,,,,,,,unmapped
LAB//9938//g/l,LOINC//3025313,,True,,LOINC,3025313,,3025313,AMSTEL,source_code,high
LAB//9741//mg/l,LOINC//3035510,,True,,LOINC,3035510,,3035510,AMSTEL,source_code,high
LAB//10174//nmol/l,LOINC//3021960,,True,,LOINC,3021960,,3021960,AMSTEL,source_code,high
LAB//12234//mmol/24uur,LOINC//3002079,,True,,LOINC,3002079,,3002079,AMSTEL,source_code,high
MEASUREMENT_BEDSIDE//18822//UNKNOWN,,,False,,,,,,,,unmapped
LAB//11987//E/l,LOINC//3012133,,True,,LOINC,3012133,,3012133,AMSTEL,source_code,high
MEASUREMENT_BEDSIDE//21181//msec,LOINC//1988618,,True,,LOINC,1988618,,1988618,AMSTEL,source_code,high
MEASUREMENT_BEDSIDE//12777//ml,,,False,,,,,,,,unmapped
MEASUREMENT_BEDSIDE//20018//10^9/l,SNOMED//602639,,True,,SNOMED,602639,,602639,AMSTEL,source_code,high
LAB//10195//pmol/l,LOINC//3035963,,True,,LOINC,3035963,,3035963,AMSTEL,source_code,high
MEASUREMENT_BEDSIDE//13491//ml,LOINC//3020063,,True,,LOINC,3020063,,3020063,AMSTEL,source_code,high
LAB//12249//g/24uur,LOINC//3020876,,True,,LOINC,3020876,,3020876,AMSTEL,source_code,high
MEASUREMENT_BEDSIDE//12577///min,LOINC//3026892,,True,,LOINC,3026892,,3026892,AMSTEL,source_code,high
LAB//10116//mg/l,LOINC//3010279,,True,,LOINC,3010279,,3010279,AMSTEL,source_code,high
LAB//10115//mg/l,LOINC//3007368,,True,,LOINC,3007368,,3007368,AMSTEL,source_code,high
MEASUREMENT_BEDSIDE//12534//Geen,LOINC//3018465,,True,,LOINC,3018465,,3018465,AMSTEL,source_code,high
LAB//9948//mmol/l,LOINC//3035729,,True,,LOINC,3035729,,3035729,AMSTEL,source_code,high
MEASUREMENT_BEDSIDE//16625//Geen,,,False,,,,,,,,unmapped
LAB//11548//Geen,LOINC//3015736,,True,,LOINC,3015736,,3015736,AMSTEL,source_code,high
MEASUREMENT_BEDSIDE//12571//cmH2O/l,,,False,,,,,,,,unmapped
LAB//17980//E/l,LOINC//3012133,,True,,LOINC,3012133,,3012133,AMSTEL,source_code,high
LAB//9728//mg/l,LOINC//3022616,,True,,LOINC,3022616,,3022616,AMSTEL,source_code,high
MEASUREMENT_BEDSIDE//13495//ml,LOINC//3018767,,True,,LOINC,3018767,,3018767,AMSTEL,source_code,high
LAB//9940//g/l,LOINC//3005029,,True,,LOINC,3005029,,3005029,AMSTEL,source_code,high
MEASUREMENT_BEDSIDE//12378//cmH2O,LOINC//36305628,,True,,LOINC,36305628,,36305628,AMSTEL,source_code,high
MEASUREMENT_BEDSIDE//12379//cmH2O,LOINC//3000461,,True,,LOINC,3000461,,3000461,AMSTEL,source_code,high
SUBJECT_FLUID_OUTPUT//8806//ml,LOINC//3020433,,True,,LOINC,3020433,,3020433,AMSTEL,source_code,high
MEASUREMENT_BEDSIDE//14431//ml,,,False,,,,,,,,unmapped
MEASUREMENT_BEDSIDE//10743//ml,LOINC//21491173,,True,,LOINC,21491173,,21491173,AMSTEL,source_code,high
LAB//11812//Geen,LOINC//3004410,,True,,LOINC,3004410,,3004410,AMSTEL,source_code,high
LAB//14306//µg/l,LOINC//3026250,,True,,LOINC,3026250,,3026250,AMSTEL,source_code,high
MEASUREMENT_BEDSIDE//19721//Geen,LOINC//3018616,,True,,LOINC,3018616,,3018616,AMSTEL,source_code,high
LAB//10292//g/l,LOINC//3011705,,True,,LOINC,3011705,,3011705,AMSTEL,source_code,high
MEASUREMENT_BEDSIDE//14428//ml,LOINC//3006376,,True,,LOINC,3006376,,3006376,AMSTEL,source_code,high
LAB//11800//Geen,LOINC//3019250,,True,,LOINC,3019250,,3019250,AMSTEL,source_code,high
MEASUREMENT_BEDSIDE//16375//UNKNOWN,SNOMED//4134745,,True,,SNOMED,4134745,,4134745,AMSTEL,source_code,high
MEASUREMENT_BEDSIDE//16120//UNKNOWN,SNOMED//4232320,,True,,SNOMED,4232320,,4232320,AMSTEL,source_code,high
LAB//10391//IE/ml,LOINC//3020427,,True,,LOINC,3020427,,3020427,AMSTEL,source_code,high
LAB//9833//mg/l,LOINC//3016201,,True,,LOINC,3016201,,3016201,AMSTEL,source_code,high
MEASUREMENT_BEDSIDE//12508//ml,,,False,,,,,,,,unmapped
MEASUREMENT_BEDSIDE//8566//UNKNOWN,,,False,,,,,,,,unmapped
LAB//10051//g/l,LOINC//3020630,,True,,LOINC,3020630,,3020630,AMSTEL,source_code,high
LAB//6774//10^12/l,LOINC//3026361,,True,,LOINC,3026361,,3026361,AMSTEL,source_code,high
LAB//9957//mmol/l,LOINC//3026101,,True,,LOINC,3026101,,3026101,AMSTEL,source_code,high
MEASUREMENT_BEDSIDE//16383//UNKNOWN,SNOMED//4141919,,True,,SNOMED,4141919,,4141919,AMSTEL,source_code,high
MEASUREMENT_BEDSIDE//16250//cmH2O,LOINC//3022875,,True,,LOINC,3022875,,3022875,AMSTEL,source_code,high
MEASUREMENT_BEDSIDE//16246//Geen,LOINC//3024882,,True,,LOINC,3024882,,3024882,AMSTEL,source_code,high
MEASUREMENT_BEDSIDE//18638//UNKNOWN,,,False,,,,,,,,unmapped
MEASUREMENT_BEDSIDE//18634//UNKNOWN,,,False,,,,,,,,unmapped
LAB//18437//E/l,LOINC//3015054,,True,,LOINC,3015054,,3015054,AMSTEL,source_code,high
SUBJECT_FLUID_OUTPUT//8784//ml,LOINC//21491184,,True,,LOINC,21491184,,21491184,AMSTEL,source_code,high
LAB//9977//g/l,LOINC//3005719,,True,,LOINC,3005719,,3005719,AMSTEL,source_code,high
MEASUREMENT_BEDSIDE//16121//UNKNOWN,SNOMED//4078793,,True,,SNOMED,4078793,,4078793,AMSTEL,source_code,high
LAB//10382//mg/l,LOINC//3000034,,True,,LOINC,3000034,,3000034,AMSTEL,source_code,high
MEASUREMENT_BEDSIDE//12372///min,LOINC//3007646,,True,,LOINC,3007646,,3007646,AMSTEL,source_code,high
MEASUREMENT_BEDSIDE//9545//mmHg,,,False,,,,,,,,unmapped
MEASUREMENT_BEDSIDE//12373//ml,LOINC//21490854,,True,,LOINC,21490854,,21490854,AMSTEL,source_code,high
LAB//12252//mmol/24uur,LOINC//3036525,,True,,LOINC,3036525,,3036525,AMSTEL,source_code,high
LAB//18562//g/l,LOINC//3003434,,True,,LOINC,3003434,,3003434,AMSTEL,source_code,high
MEASUREMENT_BEDSIDE//16686//mmHg,SNOMED//4197273,,True,,SNOMED,4197273,,4197273,AMSTEL,source_code,high
MEASUREMENT_BEDSIDE//9546//°C,SNOMED//45771331,,True,,SNOMED,45771331,,45771331,AMSTEL,source_code,high
LAB//11906//mm/uur,LOINC//3015183,,True,,LOINC,3015183,,3015183,AMSTEL,source_code,high
MEASUREMENT_BEDSIDE//16848///min,SNOMED//602639,,True,,SNOMED,602639,,602639,AMSTEL,source_code,high
LAB//16166//mmol/mol,LOINC//3004410,,True,,LOINC,3004410,,3004410,AMSTEL,source_code,high
LAB//10281//mmol/l,LOINC//3015672,,True,,LOINC,3015672,,3015672,AMSTEL,source_code,high
MEASUREMENT_BEDSIDE//13067//°C,,,False,,,,,,,,unmapped
LAB//10270//mmol/l,LOINC//3014485,,True,,LOINC,3014485,,3014485,AMSTEL,source_code,high
LAB//14441//µmol/l,LOINC//3026726,,True,,LOINC,3026726,,3026726,AMSTEL,source_code,high
SUBJECT_FLUID_OUTPUT//15257//ml,LOINC//3025727,,True,,LOINC,3025727,,3025727,AMSTEL,source_code,high
LAB//11801//Geen,LOINC//3006109,,True,,LOINC,3006109,,3006109,AMSTEL,source_code,high
LAB//10273//mmol/l,LOINC//3007733,,True,,LOINC,3007733,,3007733,AMSTEL,source_code,high
LAB//10024//mg/l,LOINC//40763107,,True,,LOINC,40763107,,40763107,AMSTEL,source_code,high
MEASUREMENT_BEDSIDE//16251//+PEEP,LOINC//3000461,,True,,LOINC,3000461,,3000461,AMSTEL,source_code,high
LAB//11543//Geen,LOINC//42869608,,True,,LOINC,42869608,,42869608,AMSTEL,source_code,high
MEASUREMENT_BEDSIDE//12385///min,LOINC//3007469,,True,,LOINC,3007469,,3007469,AMSTEL,source_code,high
SUBJECT_FLUID_OUTPUT//14429//ml,LOINC//3006376,,True,,LOINC,3006376,,3006376,AMSTEL,source_code,high
LAB//18851//µmol/l,LOINC//3012310,,True,,LOINC,3012310,,3012310,AMSTEL,source_code,high
LAB//11797//Geen,LOINC//3005757,,True,,LOINC,3005757,,3005757,AMSTEL,source_code,high
LAB//18368//mmol/l,LOINC//3036782,,True,,LOINC,3036782,,3036782,AMSTEL,source_code,high
MEASUREMENT_BEDSIDE//20156//UNKNOWN,SNOMED//1109961000000103,,True,,SNOMED,37208878,,SNAQ - Simplified Nutritional Appetite Questionnaire,AMSTEL,source_code,high
LAB//6808//mm,LOINC//3015183,,True,,LOINC,3015183,,3015183,AMSTEL,source_code,high
LAB//11988//E/l,LOINC//3017315,,True,,LOINC,3017315,,3017315,AMSTEL,source_code,high
MEASUREMENT_BEDSIDE//12374//l/min,LOINC//3045410,,True,,LOINC,3045410,,3045410,AMSTEL,source_code,high
MEASUREMENT_BEDSIDE//8803//ml,LOINC//3014315,,True,,LOINC,3014315,,3014315,AMSTEL,source_code,high
LAB//11901//ml/min,LOINC//3005770,,True,,LOINC,3005770,,3005770,AMSTEL,source_code,high
LAB//9721//µg/l,LOINC//3011335,,True,,LOINC,3011335,,3011335,AMSTEL,source_code,high
LAB//11798//Geen,LOINC//3011547,,True,,LOINC,3011547,,3011547,AMSTEL,source_code,high
LAB//17972//g/l,LOINC//3011544,,True,,LOINC,3011544,,3011544,AMSTEL,source_code,high
LAB//11424//Geen,LOINC//3018672,,True,,LOINC,3018672,,3018672,AMSTEL,source_code,high
LAB//14347//mg/l,LOINC//3050218,,True,,LOINC,3050218,,3050218,AMSTEL,source_code,high
LAB//11553//Geen,,,False,,,,,,,,unmapped
LAB//11793//Geen,LOINC//3001850,,True,,LOINC,3001850,,3001850,AMSTEL,source_code,high
MEASUREMENT_BEDSIDE//13069//µmol/l,,,False,,,,,,,,unmapped
LAB//11796//Geen,LOINC//3005353,,True,,LOINC,3005353,,3005353,AMSTEL,source_code,high
LAB//11792//Geen,LOINC//3004409,,True,,LOINC,3004409,,3004409,AMSTEL,source_code,high
LAB//9946//µmol/l,LOINC//3012310,,True,,LOINC,3012310,,3012310,AMSTEL,source_code,high
LAB//10067//mmol/l,LOINC//3007452,,True,,LOINC,3007452,,3007452,AMSTEL,source_code,high
LAB//11794//Geen,LOINC//3002348,,True,,LOINC,3002348,,3002348,AMSTEL,source_code,high
LAB//9972//g/l,LOINC//3028026,,True,,LOINC,3028026,,3028026,AMSTEL,source_code,high
LAB//19702//pmol/l,LOINC//3026989,,True,,LOINC,3026989,,3026989,AMSTEL,source_code,high
MEASUREMENT_BEDSIDE//12553//ml,LOINC//3006376,,True,,LOINC,3006376,,3006376,AMSTEL,source_code,high
LAB//7004//UNKNOWN,LOINC//3007930,,True,,LOINC,3007930,,3007930,AMSTEL,source_code,high
LAB//10417//mg/l,LOINC//3018174,,True,,LOINC,3018174,,3018174,AMSTEL,source_code,high
LAB//8916//UNKNOWN,LOINC//3014646,,True,,LOINC,3014646,,3014646,AMSTEL,source_code,high
LAB//6784//fl,LOINC//3023599,,True,,LOINC,3023599,,3023599,AMSTEL,source_code,high
LAB//6782//UNKNOWN,LOINC//40762531,,True,,LOINC,40762531,,40762531,AMSTEL,source_code,high
LAB//6783//mmol/l,LOINC//40762530,,True,,LOINC,40762530,,40762530,AMSTEL,source_code,high
MEASUREMENT_BEDSIDE//12773//ml,,,False,,,,,,,,unmapped
MEASUREMENT_BEDSIDE//13080//Geen,,,False,,,,,,,,unmapped
MEASUREMENT_BEDSIDE//16847///min,SNOMED//602639,,True,,SNOMED,602639,,602639,AMSTEL,source_code,high
LAB//18490//Geen,LOINC//3035880,,True,,LOINC,3035880,,3035880,AMSTEL,source_code,high
MEASUREMENT_BEDSIDE//8780//ml,LOINC//3028277,,True,,LOINC,3028277,,3028277,AMSTEL,source_code,high
LAB//9969//g/l,LOINC//3007164,,True,,LOINC,3007164,,3007164,AMSTEL,source_code,high
MEASUREMENT_BEDSIDE//12775//ml,,,False,,,,,,,,unmapped
LAB//12228//mmol/24uur,LOINC//3016330,,True,,LOINC,3016330,,3016330,AMSTEL,source_code,high
LAB//6984//UNKNOWN,LOINC//3023081,,True,,LOINC,3023081,,3023081,AMSTEL,source_code,high
MEASUREMENT_BEDSIDE//12504//ml,LOINC//3026556,,True,,LOINC,3026556,,3026556,AMSTEL,source_code,high
MEASUREMENT_BEDSIDE//14429//ml,LOINC//3006376,,True,,LOINC,3006376,,3006376,AMSTEL,source_code,high
SUBJECT_FLUID_OUTPUT//12504//ml,LOINC//3026556,,True,,LOINC,3026556,,3026556,AMSTEL,source_code,high
LAB//11709//Geen,LOINC//3003771,,True,,LOINC,3003771,,3003771,AMSTEL,source_code,high
MEASUREMENT_BEDSIDE//19361//UNKNOWN,LOINC//1988745,,True,,LOINC,1988745,,1988745,AMSTEL,source_code,high
MEASUREMENT_BEDSIDE//13073//10^9/l,,,False,,,,,,,,unmapped
MEASUREMENT_BEDSIDE//19455//uur,,,False,,,,,,,,unmapped
MEASUREMENT_BEDSIDE//12371//cmH2O,LOINC//3035167,,True,,LOINC,3035167,,3035167,AMSTEL,source_code,high
LAB//7848//mmol/l,LOINC//3003181,,True,,LOINC,3003181,,3003181,AMSTEL,source_code,high
LAB//9753//mmol/l,LOINC//3024666,,True,,LOINC,3024666,,3024666,AMSTEL,source_code,high
LAB//10159//µg/l,,,False,,,,,,,,unmapped
SUBJECT_FLUID_OUTPUT//12792//ml,LOINC//3020433,,True,,LOINC,3020433,,3020433,AMSTEL,source_code,high
MEASUREMENT_BEDSIDE//12774//ml,,,False,,,,,,,,unmapped
LAB//7008//UNKNOWN,LOINC//3045150,,True,,LOINC,3045150,,3045150,AMSTEL,source_code,high
LAB//6986//UNKNOWN,,,False,,,,,,,,unmapped
LAB//18587//Geen,LOINC//3005629,,True,,LOINC,3005629,,3005629,AMSTEL,source_code,high
MEASUREMENT_BEDSIDE//15257//ml,LOINC//3025727,,True,,LOINC,3025727,,3025727,AMSTEL,source_code,high
LAB//10169//µg/l,LOINC//3013603,,True,,LOINC,3013603,,3013603,AMSTEL,source_code,high
LAB//9961//mmol/l,,,False,,,,,,,,unmapped
LAB//10272//mmol/l,LOINC//3010796,,True,,LOINC,3010796,,3010796,AMSTEL,source_code,high
SUBJECT_FLUID_OUTPUT//8808//ml,LOINC//3017152,,True,,LOINC,3017152,,3017152,AMSTEL,source_code,high
MEASUREMENT_BEDSIDE//6698//cmH2O,LOINC//3016078,,True,,LOINC,3016078,,3016078,AMSTEL,source_code,high
LAB//10210//nmol/l,,,False,,,,,,,,unmapped
LAB//11900//ml/min,LOINC//3005770,,True,,LOINC,3005770,,3005770,AMSTEL,source_code,high
MEASUREMENT_BEDSIDE//10592//ml,LOINC//3017152,,True,,LOINC,3017152,,3017152,AMSTEL,source_code,high
MEASUREMENT_BEDSIDE//13092///min,,,False,,,,,,,,unmapped
LAB//12062//E/l,,,False,,,,,,,,unmapped
LAB//10156//µg/l,,,False,,,,,,,,unmapped
SUBJECT_FLUID_OUTPUT//10595//ml,LOINC//3026556,,True,,LOINC,3026556,,3026556,AMSTEL,source_code,high
SUBJECT_FLUID_OUTPUT//13031//ml,LOINC//21491180,,True,,LOINC,21491180,,21491180,AMSTEL,source_code,high
LAB//10346//g/l,,,False,,,,,,,,unmapped
LAB//10135//g/l,,,False,,,,,,,,unmapped
LAB//10137//g/l,,,False,,,,,,,,unmapped
LAB//10347//g/l,,,False,,,,,,,,unmapped
MEASUREMENT_BEDSIDE//16248///min,LOINC//3007469,,True,,LOINC,3007469,,3007469,AMSTEL,source_code,high
MEASUREMENT_BEDSIDE//13093//mmHg,,,False,,,,,,,,unmapped
LAB//11873//Geen,,,False,,,,,,,,unmapped
MEASUREMENT_BEDSIDE//8800//ml,LOINC//3014315,,True,,LOINC,3014315,,3014315,AMSTEL,source_code,high
LAB//11874//Geen,,,False,,,,,,,,unmapped
MEASUREMENT_BEDSIDE//12509//ml,,,False,,,,,,,,unmapped
LAB//11585//Geen,,,False,,,,,,,,unmapped
LAB//18323//µg/l,LOINC//3011335,,True,,LOINC,3011335,,3011335,AMSTEL,source_code,high
LAB//7126//UNKNOWN,LOINC//3015736,,True,,LOINC,3015736,,3015736,AMSTEL,source_code,high
LAB//9975//g/l,LOINC//3028286,,True,,LOINC,3028286,,3028286,AMSTEL,source_code,high
MEASUREMENT_BEDSIDE//14471//Geen,,,False,,,,,,,,unmapped
SUBJECT_FLUID_OUTPUT//8772//ml,LOINC//3037836,,True,,LOINC,3037836,,3037836,AMSTEL,source_code,high
MEASUREMENT_BEDSIDE//12381//sec,LOINC//36304672,,True,,LOINC,36304672,,36304672,AMSTEL,source_code,high
MEASUREMENT_BEDSIDE//12329//Geen,LOINC//3024882,,True,,LOINC,3024882,,3024882,AMSTEL,source_code,high
LAB//18442//10^9/l,LOINC//3023487,,True,,LOINC,3023487,,3023487,AMSTEL,source_code,high
MEASUREMENT_BEDSIDE//12336//cmH2O,LOINC//3022875,,True,,LOINC,3022875,,3022875,AMSTEL,source_code,high
MEASUREMENT_BEDSIDE//14453//Geen,,,False,,,,,,,,unmapped
MEASUREMENT_BEDSIDE//18633//UNKNOWN,,,False,,,,,,,,unmapped
LAB//14349//g/l,LOINC//3028286,,True,,LOINC,3028286,,3028286,AMSTEL,source_code,high
LAB//10275//mmol/l,LOINC//3018133,,True,,LOINC,3018133,,3018133,AMSTEL,source_code,high
LAB//14502//g/l,,,False,,,,,,,,unmapped
LAB//14504//g/l,,,False,,,,,,,,unmapped
LAB//14506//g/l,,,False,,,,,,,,unmapped
LAB//14508//g/l,,,False,,,,,,,,unmapped
MEASUREMENT_BEDSIDE//16244//l,LOINC//42527120,,True,,LOINC,42527120,,42527120,AMSTEL,source_code,high
LAB//9984//µmol/l,,,False,,,,,,,,unmapped
MEASUREMENT_BEDSIDE//12322///min,LOINC//3007469,,True,,LOINC,3007469,,3007469,AMSTEL,source_code,high
MEASUREMENT_BEDSIDE//12335//cmH2O,LOINC//42527137,,True,,LOINC,42527137,,42527137,AMSTEL,source_code,high
MEASUREMENT_BEDSIDE//12357//l/min,LOINC//42527120,,True,,LOINC,42527120,,42527120,AMSTEL,source_code,high
MEASUREMENT_BEDSIDE//12358//ml,LOINC//3015016,,True,,LOINC,3015016,,3015016,AMSTEL,source_code,high
MEASUREMENT_BEDSIDE//16243//ml,LOINC//21490789,,True,,LOINC,21490789,,21490789,AMSTEL,source_code,high
MEASUREMENT_BEDSIDE//20403//l/min,LOINC//42528498,,True,,LOINC,42528498,,42528498,AMSTEL,source_code,high
MEASUREMENT_BEDSIDE//8886//°C,LOINC//3003259,,True,,LOINC,3003259,,3003259,AMSTEL,source_code,high
LAB//11876//Geen,LOINC//3037285,,True,,LOINC,3037285,,3037285,AMSTEL,source_code,high
MEASUREMENT_BEDSIDE//16197//kg,,,False,,,,,,,,unmapped
LAB//11959//E/ml,,,False,,,,,,,,unmapped
LAB//18952//UNKNOWN,,,False,,,,,,,,unmapped
LAB//11865//Geen,,,False,,,,,,,,unmapped
LAB//11962//E/ml,,,False,,,,,,,,unmapped
MEASUREMENT_BEDSIDE//16198//kg,,,False,,,,,,,,unmapped
MEASUREMENT_BEDSIDE//16239//cmH2O,LOINC//3016078,,True,,LOINC,3016078,,3016078,AMSTEL,source_code,high
MEASUREMENT_BEDSIDE//16835//mmHg,SNOMED//602639,,True,,SNOMED,602639,,602639,AMSTEL,source_code,high
MEASUREMENT_BEDSIDE//20404//ppm,LOINC//21490692,,True,,LOINC,21490692,,21490692,AMSTEL,source_code,high
MEASUREMENT_BEDSIDE//20405//ppm,LOINC//21490826,,True,,LOINC,21490826,,21490826,AMSTEL,source_code,high
MEASUREMENT_BEDSIDE//8884//UNKNOWN,LOINC//3017485,,True,,LOINC,3017485,,3017485,AMSTEL,source_code,high
LAB//12044//E/l,LOINC//3026286,,True,,LOINC,3026286,,3026286,AMSTEL,source_code,high
LAB//17971//g/l,LOINC//3026692,,True,,LOINC,3026692,,3026692,AMSTEL,source_code,high
LAB//7073//mmol/l,LOINC//3026493,,True,,LOINC,3026493,,3026493,AMSTEL,source_code,high
MEASUREMENT_BEDSIDE//16249//+PEEP,LOINC//42527137,,True,,LOINC,42527137,,42527137,AMSTEL,source_code,high
MEASUREMENT_BEDSIDE//19922//ml,LOINC//3014315,,True,,LOINC,3014315,,3014315,AMSTEL,source_code,high
LAB//10294//mmol/l,LOINC//3017400,,True,,LOINC,3017400,,3017400,AMSTEL,source_code,high
LAB//18446//10^9/l,LOINC//3023199,,True,,LOINC,3023199,,3023199,AMSTEL,source_code,high
MEASUREMENT_BEDSIDE//16241///min,LOINC//3007646,,True,,LOINC,3007646,,3007646,AMSTEL,source_code,high
LAB//10409//10^9/l,LOINC//3007461,,True,,LOINC,3007461,,3007461,AMSTEL,source_code,high
LAB//11700//Geen,,,False,,,,,,,,unmapped
LAB//18869//mmol/l,LOINC//3026101,,True,,LOINC,3026101,,3026101,AMSTEL,source_code,high
LAB//7101//mmol/l,LOINC//3016038,,True,,LOINC,3016038,,3016038,AMSTEL,source_code,high
MEASUREMENT_BEDSIDE//19362//mV,LOINC//1988892,,True,,LOINC,1988892,,1988892,AMSTEL,source_code,high
LAB//11695//Geen,,,False,,,,,,,,unmapped
LAB//11705//Geen,LOINC//3028286,,True,,LOINC,3028286,,3028286,AMSTEL,source_code,high
LAB//11712//Geen,,,False,,,,,,,,unmapped
LAB//11804//Geen,,,False,,,,,,,,unmapped
LAB//9944//mmol/l,LOINC//3014594,,True,,LOINC,3014594,,3014594,AMSTEL,source_code,high
LAB//18358//Geen,LOINC//46235754,,True,,LOINC,46235754,,46235754,AMSTEL,source_code,high
LAB//9926//mmol/l,,,False,,,,,,,,unmapped
LAB//6826//g/l,LOINC//3020630,,True,,LOINC,3020630,,3020630,AMSTEL,source_code,high
MEASUREMENT_BEDSIDE//13075///min,,,False,,,,,,,,unmapped
MEASUREMENT_BEDSIDE//8861//UNKNOWN,LOINC//21490806,,True,,LOINC,21490806,,21490806,AMSTEL,source_code,high
MEASUREMENT_BEDSIDE//16637//µmol/l,,,False,,,,,,,,unmapped
LAB//11684//g/24uur,,,False,,,,,,,,unmapped
LAB//18436//E/l,LOINC//3008581,,True,,LOINC,3008581,,3008581,AMSTEL,source_code,high
MEASUREMENT_BEDSIDE//12365//cmH2O,LOINC//3016078,,True,,LOINC,3016078,,3016078,AMSTEL,source_code,high
LAB//12181//mE/l,,,False,,,,,,,,unmapped
LAB//11886//Geen,,,False,,,,,,,,unmapped
LAB//8492//mmol/l,LOINC//3039000,,True,,LOINC,3039000,,3039000,AMSTEL,source_code,high
MEASUREMENT_BEDSIDE//12348///min,LOINC//3007646,,True,,LOINC,3007646,,3007646,AMSTEL,source_code,high
MEASUREMENT_BEDSIDE//16245//Geen,LOINC//3025408,,True,,LOINC,3025408,,3025408,AMSTEL,source_code,high
MEASUREMENT_BEDSIDE//12354//cmH2O,LOINC//21490855,,True,,LOINC,21490855,,21490855,AMSTEL,source_code,high
MEASUREMENT_BEDSIDE//12360//ml,LOINC//3016166,,True,,LOINC,3016166,,3016166,AMSTEL,source_code,high
MEASUREMENT_BEDSIDE//12362//cmH2O,LOINC//42527086,,True,,LOINC,42527086,,42527086,AMSTEL,source_code,high
MEASUREMENT_BEDSIDE//8792//ml,LOINC//21493943,,True,,LOINC,21493943,,21493943,AMSTEL,source_code,high
LAB//8923//UNKNOWN,LOINC//3016543,,True,,LOINC,3016543,,3016543,AMSTEL,source_code,high
MEASUREMENT_BEDSIDE//12380//sec,LOINC//40760770,,True,,LOINC,40760770,,40760770,AMSTEL,source_code,high
LAB//10074//nmol/l,,,False,,,,,,,,unmapped
LAB//6785//UNKNOWN,LOINC//3019069,,True,,LOINC,3019069,,3019069,AMSTEL,source_code,high
LAB//9577//UNKNOWN,LOINC//3027475,,True,,LOINC,3027475,,3027475,AMSTEL,source_code,high
LAB//9980//g/l,,,False,,,,,,,,unmapped
MEASUREMENT_BEDSIDE//16633//10^9/l,,,False,,,,,,,,unmapped
MEASUREMENT_BEDSIDE//16636//mmol/l,,,False,,,,,,,,unmapped
LAB//6781//UNKNOWN,LOINC//3002030,,True,,LOINC,3002030,,3002030,AMSTEL,source_code,high
LAB//10293//g/l,,,False,,,,,,,,unmapped
LAB//12010//E/l,,,False,,,,,,,,unmapped
LAB//6805//µmol,,,False,,,,,,,,unmapped
LAB//7109//mmol/l,,,False,,,,,,,,unmapped
LAB//9955//mmol/l,,,False,,,,,,,,unmapped
MEASUREMENT_BEDSIDE//12350//ml/min,LOINC//21490580,,True,,LOINC,21490580,,21490580,AMSTEL,source_code,high
MEASUREMENT_BEDSIDE//12352//ml,LOINC//21490580,,True,,LOINC,21490580,,21490580,AMSTEL,source_code,high
MEASUREMENT_BEDSIDE//13068//mmol/l,,,False,,,,,,,,unmapped
MEASUREMENT_BEDSIDE//8772//ml,LOINC//3037836,,True,,LOINC,3037836,,3037836,AMSTEL,source_code,high
LAB//9576//UNKNOWN,LOINC//3016543,,True,,LOINC,3016543,,3016543,AMSTEL,source_code,high
LAB//9578//UNKNOWN,LOINC//3027475,,True,,LOINC,3027475,,3027475,AMSTEL,source_code,high
LAB//14314//mg/l,LOINC//3027653,,True,,LOINC,3027653,,3027653,AMSTEL,source_code,high
LAB//14682//mg/l,LOINC//3020666,,True,,LOINC,3020666,,3020666,AMSTEL,source_code,high
MEASUREMENT_BEDSIDE//16240//cmH2O,LOINC//36305727,,True,,LOINC,36305727,,36305727,AMSTEL,source_code,high
LAB//6773//UNKNOWN,LOINC//3006504,,True,,LOINC,3006504,,3006504,AMSTEL,source_code,high
LAB//9729//mg/l,LOINC//3005893,,True,,LOINC,3005893,,3005893,AMSTEL,source_code,high
LAB//10176//min,,,False,,,,,,,,unmapped
LAB//9942//µmol/l,,,False,,,,,,,,unmapped
MEASUREMENT_BEDSIDE//16638//mmol/l,,,False,,,,,,,,unmapped
MEASUREMENT_BEDSIDE//16631//Geen,,,False,,,,,,,,unmapped
MEASUREMENT_BEDSIDE//20958//kg,SNOMED//37206608,,True,,SNOMED,37206608,,37206608,AMSTEL,source_code,high
LAB//15369//kopie/ml,LOINC//3037329,,True,,LOINC,3037329,,3037329,AMSTEL,source_code,high
LAB//6786//UNKNOWN,LOINC//3018010,,True,,LOINC,3018010,,3018010,AMSTEL,source_code,high
MEASUREMENT_BEDSIDE//13074//Geen,,,False,,,,,,,,unmapped
LAB//10289//mmol/l,LOINC//3027874,,True,,LOINC,3027874,,3027874,AMSTEL,source_code,high
LAB//11510//Geen,,,False,,,,,,,,unmapped
LAB//7840//UNKNOWN,LOINC//3026782,,True,,LOINC,3026782,,3026782,AMSTEL,source_code,high
LAB//8915//mmol/l,LOINC//3048816,,True,,LOINC,3048816,,3048816,AMSTEL,source_code,high
MEASUREMENT_BEDSIDE//12383//l/min,LOINC//42868487,,True,,LOINC,42868487,,42868487,AMSTEL,source_code,high
LAB//6768//UNKNOWN,LOINC//3022096,,True,,LOINC,3022096,,3022096,AMSTEL,source_code,high
MEASUREMENT_BEDSIDE//13070//mmol/l,,,False,,,,,,,,unmapped
LAB//10152//g/l,,,False,,,,,,,,unmapped
LAB//10153//g/l,,,False,,,,,,,,unmapped
LAB//10154//g/l,,,False,,,,,,,,unmapped
LAB//10155//g/l,,,False,,,,,,,,unmapped
LAB//10277//mmol/l,LOINC//3022229,,True,,LOINC,3022229,,3022229,AMSTEL,source_code,high
LAB//17979//E/l,LOINC//3008691,,True,,LOINC,3008691,,3008691,AMSTEL,source_code,high
LAB//6776//g/l,RXNORM//4385,,False,,RxNorm,19054702,,fibrinogen,AmsterdamUMCdb_dictionary,label_exact,medium
LAB//9702//mg/l,LOINC//3028639,,True,,LOINC,3028639,,3028639,AMSTEL,source_code,high
LAB//12011//E/l,,,False,,,,,,,,unmapped
LAB//7796//mmol/l,LOINC//3020044,,True,,LOINC,3020044,,3020044,AMSTEL,source_code,high
MEASUREMENT_BEDSIDE//12506//ml,LOINC//3026556,,True,,LOINC,3026556,,3026556,AMSTEL,source_code,high
LAB//10082//mmol/l,LOINC//3005570,,True,,LOINC,3005570,,3005570,AMSTEL,source_code,high
LAB//11951//sec,,,False,,,,,,,,unmapped
LAB//14216//µmol/l,LOINC//3020564,,True,,LOINC,3020564,,3020564,AMSTEL,source_code,high
LAB//9674//mg/l,,,False,,,,,,,,unmapped
MEASUREMENT_BEDSIDE//12364//cmH2O,LOINC//42527140,,True,,LOINC,42527140,,42527140,AMSTEL,source_code,high
MEASUREMENT_BEDSIDE//12436//kcal,SNOMED//4065423,,True,,SNOMED,4065423,,4065423,AMSTEL,source_code,high
SUBJECT_FLUID_OUTPUT//12506//ml,LOINC//3026556,,True,,LOINC,3026556,,3026556,AMSTEL,source_code,high
LAB//11956//E/ml,,,False,,,,,,,,unmapped
LAB//18560//g/l,,,False,,,,,,,,unmapped
LAB//18849//E/l,LOINC//3015401,,True,,LOINC,3015401,,3015401,AMSTEL,source_code,high
MEASUREMENT_BEDSIDE//19921//ml,LOINC//3014315,,True,,LOINC,3014315,,3014315,AMSTEL,source_code,high
LAB//9699//µg/l,LOINC//3007857,,True,,LOINC,3007857,,3007857,AMSTEL,source_code,high
LAB//11682//g/24uur,,,False,,,,,,,,unmapped
LAB//11795//Geen,LOINC//3020066,,True,,LOINC,3020066,,3020066,AMSTEL,source_code,high
LAB//12241//mg/24uur,,,False,,,,,,,,unmapped
LAB//6791//UNKNOWN,,,False,,,,,,,,unmapped
LAB//9695//mg/l,LOINC//3036152,,True,,LOINC,3036152,,3036152,AMSTEL,source_code,high
MEASUREMENT_BEDSIDE//18642//UNKNOWN,,,False,,,,,,,,unmapped
LAB//12028//E/l,,,False,,,,,,,,unmapped
LAB//6865//g/dl,LOINC//3019473,,True,,LOINC,3019473,,3019473,AMSTEL,source_code,high
LAB//9837//mg/l,LOINC//3018920,,True,,LOINC,3018920,,3018920,AMSTEL,source_code,high
MEASUREMENT_BEDSIDE//16613///min,,,False,,,,,,,,unmapped
LAB//11557//Geen,,,False,,,,,,,,unmapped
LAB//12001//E/l,LOINC//3023323,,True,,LOINC,3023323,,3023323,AMSTEL,source_code,high
LAB//9934//mmol/l,LOINC//3014089,,True,,LOINC,3014089,,3014089,AMSTEL,source_code,high
LAB//18366//mmol/l,LOINC//3023044,,True,,LOINC,3023044,,3023044,AMSTEL,source_code,high
MEASUREMENT_BEDSIDE//12382//Geen,LOINC//21490725,,True,,LOINC,21490725,,21490725,AMSTEL,source_code,high
MEASUREMENT_BEDSIDE//12384//Geen,SNOMED//4353961,,True,,SNOMED,4353961,,4353961,AMSTEL,source_code,high
MEASUREMENT_BEDSIDE//12792//ml,LOINC//3020433,,True,,LOINC,3020433,,3020433,AMSTEL,source_code,high
LAB//10196//nmol/l,,,False,,,,,,,,unmapped
LAB//10197//nmol/l,,,False,,,,,,,,unmapped
LAB//10204//nmol/l,,,False,,,,,,,,unmapped
LAB//18860//mmol/l,,,False,,,,,,,,unmapped
LAB//9696//mg/l,LOINC//40763113,,True,,LOINC,40763113,,40763113,AMSTEL,source_code,high
LAB//9697//mg/l,LOINC//3036866,,True,,LOINC,3036866,,3036866,AMSTEL,source_code,high
LAB//9761//µmol/l,LOINC//3017115,,True,,LOINC,3017115,,3017115,AMSTEL,source_code,high
MEASUREMENT_BEDSIDE//8784//ml,LOINC//21491184,,True,,LOINC,21491184,,21491184,AMSTEL,source_code,high
LAB//14315//mg/l,,,False,,,,,,,,unmapped
LAB//14318//mg/l,,,False,,,,,,,,unmapped
LAB//9981//g/l,,,False,,,,,,,,unmapped
SUBJECT_FLUID_OUTPUT//8782//ml,LOINC//21491183,,True,,LOINC,21491183,,21491183,AMSTEL,source_code,high
LAB//10131//g/l,,,False,,,,,,,,unmapped
LAB//11920//mosmol/kg,LOINC//3007256,,True,,LOINC,3007256,,3007256,AMSTEL,source_code,high
LAB//14352//g/l,,,False,,,,,,,,unmapped
LAB//9836//mg/l,LOINC//3016906,,True,,LOINC,3016906,,3016906,AMSTEL,source_code,high
LAB//9953//mmol/l,LOINC//3015711,,True,,LOINC,3015711,,3015711,AMSTEL,source_code,high
LAB//10336//mmol/l,,,False,,,,,,,,unmapped
LAB//10337//mmol/l,LOINC//40762255,,True,,LOINC,40762255,,40762255,AMSTEL,source_code,high
LAB//9929//mmol/l,LOINC//3036243,,True,,LOINC,3036243,,3036243,AMSTEL,source_code,high
MEASUREMENT_BEDSIDE//13030//ml,,,False,,,,,,,,unmapped
LAB//10276//mmol/l,LOINC//3009630,,True,,LOINC,3009630,,3009630,AMSTEL,source_code,high
LAB//11898//kE/l,,,False,,,,,,,,unmapped
MEASUREMENT_BEDSIDE//12662//°,,,False,,,,,,,,unmapped
MEASUREMENT_BEDSIDE//8782//ml,LOINC//21491183,,True,,LOINC,21491183,,21491183,AMSTEL,source_code,high
LAB//11922//mosmol/kg,LOINC//3006147,,True,,LOINC,3006147,,3006147,AMSTEL,source_code,high
LAB//11941//nmol/24uur,,,False,,,,,,,,unmapped
LAB//14533//µmol/10^11 PLT,,,False,,,,,,,,unmapped
LAB//14534//µmol/10^11 PLT,,,False,,,,,,,,unmapped
LAB//9991//mmHg,LOINC//3027480,,True,,LOINC,3027480,,3027480,AMSTEL,source_code,high
MEASUREMENT_BEDSIDE//16639//°C,,,False,,,,,,,,unmapped
LAB//10383//mg/l,,,False,,,,,,,,unmapped
LAB//9808//mg/l,LOINC//3009072,,True,,LOINC,3009072,,3009072,AMSTEL,source_code,high
LAB//9932//mmol/l,LOINC//3013194,,True,,LOINC,3013194,,3013194,AMSTEL,source_code,high
MEASUREMENT_BEDSIDE//12663//°,,,False,,,,,,,,unmapped
LAB//10190//nmol/l,,,False,,,,,,,,unmapped
LAB//12217//mmol/24uur,LOINC//3010838,,True,,LOINC,3010838,,3010838,AMSTEL,source_code,high
MEASUREMENT_BEDSIDE//16494//UNKNOWN,,,False,,,,,,,,unmapped
LAB//10209//pmol/l,,,False,,,,,,,,unmapped
LAB//10386//µmol/l,,,False,,,,,,,,unmapped
LAB//11494//Geen,,,False,,,,,,,,unmapped
LAB//14328//mg/l,,,False,,,,,,,,unmapped
LAB//17993//µmol/l,LOINC//3042045,,True,,LOINC,3042045,,3042045,AMSTEL,source_code,high
LAB//7821//UNKNOWN,,,False,,,,,,,,unmapped
LAB//9713//µg/l,LOINC//3013751,,True,,LOINC,3013751,,3013751,AMSTEL,source_code,high
LAB//9802//mg/l,LOINC//3034436,,True,,LOINC,3034436,,3034436,AMSTEL,source_code,high
LAB//9804//mg/l,,,False,,,,,,,,unmapped
LAB//9985//nmol/l,,,False,,,,,,,,unmapped
LAB//10258//µmol/24uur,,,False,,,,,,,,unmapped
LAB//10259//µmol/24uur,,,False,,,,,,,,unmapped
LAB//10278//mmol/l,LOINC//3021916,,True,,LOINC,3021916,,3021916,AMSTEL,source_code,high
LAB//14325//mg/l,,,False,,,,,,,,unmapped
LAB//14415//Geen,,,False,,,,,,,,unmapped
LAB//18859//mmol/l,LOINC//3035729,,True,,LOINC,3035729,,3035729,AMSTEL,source_code,high
LAB//9742//mg/l,LOINC//3016254,,True,,LOINC,3016254,,3016254,AMSTEL,source_code,high
MEASUREMENT_BEDSIDE//8704//ml,,,False,,,,,,,,unmapped
LAB//11734//Geen,,,False,,,,,,,,unmapped
LAB//12191//mmol/l,,,False,,,,,,,,unmapped
LAB//18445//10^9/l,LOINC//3029856,,True,,LOINC,3029856,,3029856,AMSTEL,source_code,high
LAB//18854//mg/l,LOINC//3035320,,True,,LOINC,3035320,,3035320,AMSTEL,source_code,high
LAB//9780//mg/l,LOINC//40763210,,True,,LOINC,40763210,,40763210,AMSTEL,source_code,high
LAB//10230//pmol/l,,,False,,,,,,,,unmapped
LAB//12223//mmol/24uur,LOINC//3010600,,True,,LOINC,3010600,,3010600,AMSTEL,source_code,high
LAB//9812//mg/l,LOINC//3021201,,True,,LOINC,3021201,,3021201,AMSTEL,source_code,high
MEASUREMENT_BEDSIDE//13496//ml,,,False,,,,,,,,unmapped
MEASUREMENT_BEDSIDE//20631//Geen,,,False,,,,,,,,unmapped
MEASUREMENT_BEDSIDE//9658//UNKNOWN,LOINC//3017485,,True,,LOINC,3017485,,3017485,AMSTEL,source_code,high
LAB//10114//mg/l,,,False,,,,,,,,unmapped
LAB//11781//Geen,,,False,,,,,,,,unmapped
LAB//11965//µl,,,False,,,,,,,,unmapped
LAB//9703//mg/l,LOINC//3016754,,True,,LOINC,3016754,,3016754,AMSTEL,source_code,high
LAB//9800//mg/l,LOINC//40763260,,True,,LOINC,40763260,,40763260,AMSTEL,source_code,high
LAB//9997//mmHg,LOINC//3010251,,True,,LOINC,3010251,,3010251,AMSTEL,source_code,high
MEASUREMENT_BEDSIDE//14737//mmHg,SNOMED//602639,,True,,SNOMED,602639,,602639,AMSTEL,source_code,high
MEASUREMENT_BEDSIDE//18635//UNKNOWN,,,False,,,,,,,,unmapped
MEASUREMENT_BEDSIDE//20134//UNKNOWN,,,False,,,,,,,,unmapped
LAB//10090//mg/l,LOINC//3009736,,True,,LOINC,3009736,,3009736,AMSTEL,source_code,high
LAB//10163//mg/l,,,False,,,,,,,,unmapped
LAB//10167//µg/l,,,False,,,,,,,,unmapped
LAB//10356//10^9/l,,,False,,,,,,,,unmapped
LAB//11767//Geen,,,False,,,,,,,,unmapped
LAB//11784//Geen,,,False,,,,,,,,unmapped
LAB//11817//Geen,,,False,,,,,,,,unmapped
LAB//12156//E/ml,,,False,,,,,,,,unmapped
LAB//14221//µg/l,LOINC//3021494,,True,,LOINC,3021494,,3021494,AMSTEL,source_code,high
LAB//14331//Geen,,,False,,,,,,,,unmapped
LAB//14522//mg/l,,,False,,,,,,,,unmapped
LAB//18005//mg/l,LOINC//40763094,,True,,LOINC,40763094,,40763094,AMSTEL,source_code,high
LAB//18564//mmol/l,LOINC//40769427,,True,,LOINC,40769427,,40769427,AMSTEL,source_code,high
LAB//9816//mg/l,LOINC//3006638,,True,,LOINC,3006638,,3006638,AMSTEL,source_code,high
MEASUREMENT_BEDSIDE//14481//°C,,,False,,,,,,,,unmapped
MEASUREMENT_BEDSIDE//8872//ml,SNOMED//44782827,,True,,SNOMED,44782827,,44782827,AMSTEL,source_code,high
LAB//11720//Geen,,,False,,,,,,,,unmapped
LAB//11726//Geen,,,False,,,,,,,,unmapped
LAB//11744//Geen,,,False,,,,,,,,unmapped
LAB//11750//Geen,,,False,,,,,,,,unmapped
LAB//12140//IE/ml,,,False,,,,,,,,unmapped
LAB//14250//µg/l,,,False,,,,,,,,unmapped
LAB//14320//Geen,,,False,,,,,,,,unmapped
LAB//9963//10^12/l,LOINC//3010910,,True,,LOINC,3010910,,3010910,AMSTEL,source_code,high
LAB//10064//mmol/l,,,False,,,,,,,,unmapped
LAB//10076//µmol/l,,,False,,,,,,,,unmapped
LAB//10102//µg/l,LOINC//40763265,,True,,LOINC,40763265,,40763265,AMSTEL,source_code,high
LAB//10104//µg/l,LOINC//40763161,,True,,LOINC,40763161,,40763161,AMSTEL,source_code,high
LAB//10290//mmol/l,LOINC//3012713,,True,,LOINC,3012713,,3012713,AMSTEL,source_code,high
LAB//11511//Geen,,,False,,,,,,,,unmapped
LAB//11551//Geen,LOINC//3015198,,True,,LOINC,3015198,,3015198,AMSTEL,source_code,high
LAB//11559//Geen,LOINC//42869583,,True,,LOINC,42869583,,42869583,AMSTEL,source_code,high
LAB//11742//Geen,,,False,,,,,,,,unmapped
LAB//11752//Geen,,,False,,,,,,,,unmapped
LAB//12080//x TOT,LOINC//3044599,,True,,LOINC,3044599,,3044599,AMSTEL,source_code,high
LAB//15640//nmol/l,LOINC//3006214,,True,,LOINC,3006214,,3006214,AMSTEL,source_code,high
LAB//17990//Geen,,,False,,,,,,,,unmapped
LAB//17997//min,,,False,,,,,,,,unmapped
LAB//18450//E/l,LOINC//3026286,,True,,LOINC,3026286,,3026286,AMSTEL,source_code,high
LAB//18852//mmol/l,LOINC//3002991,,True,,LOINC,3002991,,3002991,AMSTEL,source_code,high
LAB//6795//UNKNOWN,LOINC//3017354,,True,,LOINC,3017354,,3017354,AMSTEL,source_code,high
MEASUREMENT_BEDSIDE//12337//cmH2O,LOINC//3000461,,True,,LOINC,3000461,,3000461,AMSTEL,source_code,high
MEASUREMENT_BEDSIDE//12671//Geen,,,False,,,,,,,,unmapped
MEASUREMENT_BEDSIDE//12672//Geen,,,False,,,,,,,,unmapped
MEASUREMENT_BEDSIDE//12673//Geen,,,False,,,,,,,,unmapped
MEASUREMENT_BEDSIDE//12674//Geen,,,False,,,,,,,,unmapped
MEASUREMENT_BEDSIDE//12675//Geen,,,False,,,,,,,,unmapped
MEASUREMENT_BEDSIDE//12676//Geen,,,False,,,,,,,,unmapped
MEASUREMENT_BEDSIDE//8757//ml,LOINC//3023454,,True,,LOINC,3023454,,3023454,AMSTEL,source_code,high
LAB//10751//nmol/l,,,False,,,,,,,,unmapped
LAB//11491//Geen,,,False,,,,,,,,unmapped
LAB//11550//Geen,LOINC//3018672,,True,,LOINC,3018672,,3018672,AMSTEL,source_code,high
LAB//11758//Geen,,,False,,,,,,,,unmapped
LAB//11763//Geen,,,False,,,,,,,,unmapped
LAB//11777//Geen,,,False,,,,,,,,unmapped
LAB//12258//kopie/ml,LOINC//3010747,,True,,LOINC,3010747,,3010747,AMSTEL,source_code,high
LAB//15622//mg/l,LOINC//3023261,,True,,LOINC,3023261,,3023261,AMSTEL,source_code,high
LAB//18558//mg/l,LOINC//3008808,,True,,LOINC,3008808,,3008808,AMSTEL,source_code,high
LAB//18862//mmol/l,LOINC//3050123,,True,,LOINC,3050123,,3050123,AMSTEL,source_code,high
LAB//19067//µg/l,LOINC//3021374,,True,,LOINC,3021374,,3021374,AMSTEL,source_code,high
LAB//7199//mg/l,LOINC//3018920,,True,,LOINC,3018920,,3018920,AMSTEL,source_code,high
MEASUREMENT_BEDSIDE//12345//cmH2O,LOINC//36303561,,True,,LOINC,36303561,,36303561,AMSTEL,source_code,high
MEASUREMENT_BEDSIDE//18636//UNKNOWN,,,False,,,,,,,,unmapped
MEASUREMENT_BEDSIDE//9661//mbar,LOINC//3035822,,True,,LOINC,3035822,,3035822,AMSTEL,source_code,high
LAB//10075//µmol/l,,,False,,,,,,,,unmapped
LAB//11673//10^7/kg,,,False,,,,,,,,unmapped
LAB//11728//Geen,,,False,,,,,,,,unmapped
LAB//11733//Geen,,,False,,,,,,,,unmapped
LAB//11769//Geen,,,False,,,,,,,,unmapped
LAB//11877//Geen,,,False,,,,,,,,unmapped
LAB//11971//E/l,,,False,,,,,,,,unmapped
LAB//12312//nmol/10^9 PLT,,,False,,,,,,,,unmapped
LAB//14494//µg/g,,,False,,,,,,,,unmapped
LAB//18364//g,LOINC//3001709,,True,,LOINC,3001709,,3001709,AMSTEL,source_code,high
LAB//18571//uur,,,False,,,,,,,,unmapped
LAB//18867//g/l,,,False,,,,,,,,unmapped
LAB//7000//µmol,,,False,,,,,,,,unmapped
LAB//7136//g/l,,,False,,,,,,,,unmapped
LAB//8912//mmol/l,,,False,,,,,,,,unmapped
LAB//9672//IE/ml,LOINC//3021236,,True,,LOINC,3021236,,3021236,AMSTEL,source_code,high
SUBJECT_FLUID_OUTPUT//10597//ml,LOINC//21491180,,True,,LOINC,21491180,,21491180,AMSTEL,source_code,high
LAB//10274//mmol/l,LOINC//3002752,,True,,LOINC,3002752,,3002752,AMSTEL,source_code,high
LAB//10368//µmol/l,,,False,,,,,,,,unmapped
LAB//10384//mg/l,,,False,,,,,,,,unmapped
LAB//11670//10^6/kg,,,False,,,,,,,,unmapped
LAB//11671//10^6/kg,,,False,,,,,,,,unmapped
LAB//11681//BE,LOINC//3024942,,True,,LOINC,3024942,,3024942,AMSTEL,source_code,high
LAB//11689//%Blast +,,,False,,,,,,,,unmapped
LAB//11719//Geen,,,False,,,,,,,,unmapped
LAB//11746//Geen,,,False,,,,,,,,unmapped
LAB//15638//µg/l,LOINC//3030552,,True,,LOINC,3030552,,3030552,AMSTEL,source_code,high
LAB//18357//Geen,LOINC//3045331,,True,,LOINC,3045331,,3045331,AMSTEL,source_code,high
LAB//18363//kg,,,False,,,,,,,,unmapped
LAB//18438//cm,,,False,,,,,,,,unmapped
LAB//18443//10^9/l,LOINC//3051232,,True,,LOINC,3051232,,3051232,AMSTEL,source_code,high
LAB//18526//Geen,,,False,,,,,,,,unmapped
LAB//18927//µmol/24uur,,,False,,,,,,,,unmapped
LAB//19703//mmol/l,LOINC//40758903,,True,,LOINC,40758903,,40758903,AMSTEL,source_code,high
LAB//9766//µg/l,LOINC//40762768,,True,,LOINC,40762768,,40762768,AMSTEL,source_code,high
MEASUREMENT_BEDSIDE//12650//°,,,False,,,,,,,,unmapped
MEASUREMENT_BEDSIDE//8806//ml,LOINC//3020433,,True,,LOINC,3020433,,3020433,AMSTEL,source_code,high
MEASUREMENT_BEDSIDE//9654//UNKNOWN,LOINC//3026892,,True,,LOINC,3026892,,3026892,AMSTEL,source_code,high
LAB//10252//µmol/24uur,,,False,,,,,,,,unmapped
LAB//10295//mmol/l,LOINC//3025734,,True,,LOINC,3025734,,3025734,AMSTEL,source_code,high
LAB//11672//10^7/kg,,,False,,,,,,,,unmapped
LAB//11678//10^8,,,False,,,,,,,,unmapped
LAB//11736//Geen,,,False,,,,,,,,unmapped
LAB//11741//Geen,,,False,,,,,,,,unmapped
LAB//11766//Geen,,,False,,,,,,,,unmapped
LAB//12147//µg/l,,,False,,,,,,,,unmapped
LAB//12219//mmol/24uur,LOINC//3006567,,True,,LOINC,3006567,,3006567,AMSTEL,source_code,high
LAB//12232//mmol/24uur,LOINC//3017937,,True,,LOINC,3017937,,3017937,AMSTEL,source_code,high
LAB//15639//µg/l,LOINC//3032328,,True,,LOINC,3032328,,3032328,AMSTEL,source_code,high
LAB//18134//Geen,,,False,,,,,,,,unmapped
LAB//18406//Geen,LOINC//2472_9,,True,,LOINC,3028026,,IgM [Mass/volume] in Serum or Plasma,AmsterdamUMCdb_dictionary,label_exact,medium
LAB//18444//10^9/l,LOINC//3022174,,True,,LOINC,3022174,,3022174,AMSTEL,source_code,high
LAB//18561//g/l,,,False,,,,,,,,unmapped
LAB//18861//Geen,LOINC//42869583,,True,,LOINC,42869583,,42869583,AMSTEL,source_code,high
LAB//19347//µg.uur/l,LOINC//37020458,,True,,LOINC,37020458,,37020458,AMSTEL,source_code,high
LAB//6796//UNKNOWN,LOINC//3004809,,True,,LOINC,3004809,,3004809,AMSTEL,source_code,high
MEASUREMENT_BEDSIDE//20347//min,SNOMED//4193586,,True,,SNOMED,4193586,,4193586,AMSTEL,source_code,high
MEASUREMENT_BEDSIDE//9619//l/min,LOINC//21490879,,True,,LOINC,21490879,,21490879,AMSTEL,source_code,high
LAB//11723//Geen,,,False,,,,,,,,unmapped
LAB//11740//Geen,,,False,,,,,,,,unmapped
LAB//11743//Geen,,,False,,,,,,,,unmapped
LAB//11749//Geen,,,False,,,,,,,,unmapped
LAB//11751//Geen,,,False,,,,,,,,unmapped
LAB//11759//Geen,,,False,,,,,,,,unmapped
LAB//11762//Geen,,,False,,,,,,,,unmapped
LAB//11779//Geen,,,False,,,,,,,,unmapped
LAB//11780//Geen,,,False,,,,,,,,unmapped
LAB//11816//Geen,,,False,,,,,,,,unmapped
LAB//11860//Geen,,,False,,,,,,,,unmapped
LAB//11883//Geen,,,False,,,,,,,,unmapped
LAB//11885//Geen,,,False,,,,,,,,unmapped
LAB//11896//kE/l,,,False,,,,,,,,unmapped
LAB//11996//E/l,,,False,,,,,,,,unmapped
LAB//12164//µg/l,LOINC//40762716,,True,,LOINC,40762716,,40762716,AMSTEL,source_code,high
LAB//12190//Geen,,,False,,,,,,,,unmapped
LAB//14354//g/l,,,False,,,,,,,,unmapped
LAB//14681//mg/l,LOINC//3013412,,True,,LOINC,3013412,,3013412,AMSTEL,source_code,high
LAB//18150//Geen,,,False,,,,,,,,unmapped
LAB//18258//µg/l,,,False,,,,,,,,unmapped
LAB//18271//µg/l,LOINC//3006872,,True,,LOINC,3006872,,3006872,AMSTEL,source_code,high
LAB//18503//Geen,,,False,,,,,,,,unmapped
LAB//19062//mg/l,LOINC//40763136,,True,,LOINC,40763136,,40763136,AMSTEL,source_code,high
LAB//6820//mmol/l,,,False,,,,,,,,unmapped
LAB//9698//µg/l,LOINC//21491391,,True,,LOINC,21491391,,21491391,AMSTEL,source_code,high
LAB//9710//µg/l,LOINC//3017249,,True,,LOINC,3017249,,3017249,AMSTEL,source_code,high
LAB//9711//µg/l,LOINC//3034523,,True,,LOINC,3034523,,3034523,AMSTEL,source_code,high
LAB//9735//mg/l,LOINC//3028019,,True,,LOINC,3028019,,3028019,AMSTEL,source_code,high
LAB//9993//mmol/l,LOINC//3024655,,True,,LOINC,3024655,,3024655,AMSTEL,source_code,high
MEASUREMENT_BEDSIDE//12651//°,,,False,,,,,,,,unmapped
MEASUREMENT_BEDSIDE//16612//mmHg,,,False,,,,,,,,unmapped
MEASUREMENT_BEDSIDE//8808//ml,LOINC//3017152,,True,,LOINC,3017152,,3017152,AMSTEL,source_code,high
LAB//10139//g/l,,,False,,,,,,,,unmapped
LAB//10157//µg/l,,,False,,,,,,,,unmapped
LAB//10193//nmol/l,,,False,,,,,,,,unmapped
LAB//10283//ml/dl,,,False,,,,,,,,unmapped
LAB//10318//µmol/l,,,False,,,,,,,,unmapped
LAB//11724//Geen,,,False,,,,,,,,unmapped
LAB//11730//Geen,,,False,,,,,,,,unmapped
LAB//11732//Geen,,,False,,,,,,,,unmapped
LAB//11738//Geen,,,False,,,,,,,,unmapped
LAB//11754//Geen,,,False,,,,,,,,unmapped
LAB//11756//Geen,,,False,,,,,,,,unmapped
LAB//11757//Geen,,,False,,,,,,,,unmapped
LAB//11761//Geen,,,False,,,,,,,,unmapped
LAB//11765//Geen,,,False,,,,,,,,unmapped
LAB//11773//Geen,,,False,,,,,,,,unmapped
LAB//11776//Geen,,,False,,,,,,,,unmapped
LAB//11786//Geen,,,False,,,,,,,,unmapped
LAB//11919//mosmol/kg,,,False,,,,,,,,unmapped
LAB//12193//Geen,,,False,,,,,,,,unmapped
LAB//12215//µmol/24uur,,,False,,,,,,,,unmapped
LAB//12256//mmol/24uur,LOINC//3028714,,True,,LOINC,3028714,,3028714,AMSTEL,source_code,high
LAB//14322//mg/l,,,False,,,,,,,,unmapped
LAB//14498//pmol/RBC,,,False,,,,,,,,unmapped
LAB//14499//pmol/RBC,,,False,,,,,,,,unmapped
LAB//14686//µg/l,,,False,,,,,,,,unmapped
LAB//18020//Geen,,,False,,,,,,,,unmapped
LAB//18041//Geen,,,False,,,,,,,,unmapped
LAB//18115//Geen,,,False,,,,,,,,unmapped
LAB//18124//10^6/kg,,,False,,,,,,,,unmapped
LAB//18168//Geen,,,False,,,,,,,,unmapped
LAB//18201//Geen,,,False,,,,,,,,unmapped
LAB//18210//Geen,,,False,,,,,,,,unmapped
LAB//18239//Geen,,,False,,,,,,,,unmapped
LAB//18255//Geen,,,False,,,,,,,,unmapped
LAB//18262//Geen,,,False,,,,,,,,unmapped
LAB//18274//10^6/kg,,,False,,,,,,,,unmapped
LAB//18278//10^7/kg,,,False,,,,,,,,unmapped
LAB//18289//Geen,,,False,,,,,,,,unmapped
LAB//18297//Geen,,,False,,,,,,,,unmapped
LAB//18315//Geen,,,False,,,,,,,,unmapped
LAB//18413//IE/ml,,,False,,,,,,,,unmapped
LAB//18449//E/l,LOINC//3045996,,True,,LOINC,3045996,,3045996,AMSTEL,source_code,high
LAB//18502//Geen,,,False,,,,,,,,unmapped
LAB//18528//mg/l,,,False,,,,,,,,unmapped
LAB//18531//Geen,,,False,,,,,,,,unmapped
LAB//18532//10^7/kg,,,False,,,,,,,,unmapped
LAB//18553//10^8,,,False,,,,,,,,unmapped
LAB//18569//µg/l,,,False,,,,,,,,unmapped
LAB//6798//sec,,,False,,,,,,,,unmapped
LAB//6849//mmol/l,LOINC//42868692,,True,,LOINC,42868692,,42868692,AMSTEL,source_code,high
LAB//7197//mg/l,LOINC//3006638,,True,,LOINC,3006638,,3006638,AMSTEL,source_code,high
LAB//7205//ng/ml,LOINC//3011335,,True,,LOINC,3011335,,3011335,AMSTEL,source_code,high
LAB//9682//µg/l,,,False,,,,,,,,unmapped
LAB//9708//µg/l,LOINC//40762688,,True,,LOINC,40762688,,40762688,AMSTEL,source_code,high
LAB//9709//µg/l,LOINC//3032341,,True,,LOINC,3032341,,3032341,AMSTEL,source_code,high
LAB//9718//mg/l,LOINC//3013580,,True,,LOINC,3013580,,3013580,AMSTEL,source_code,high
LAB//9734//mg/l,LOINC//3022843,,True,,LOINC,3022843,,3022843,AMSTEL,source_code,high
LAB//9743//mg/l,LOINC//3003506,,True,,LOINC,3003506,,3003506,AMSTEL,source_code,high
LAB//9823//mg/l,LOINC//3004090,,True,,LOINC,3004090,,3004090,AMSTEL,source_code,high
LAB//9995//mmol/l,LOINC//21490592,,True,,LOINC,21490592,,21490592,AMSTEL,source_code,high
MEASUREMENT_BEDSIDE//10595//ml,LOINC//3026556,,True,,LOINC,3026556,,3026556,AMSTEL,source_code,high
MEASUREMENT_BEDSIDE//12331//cmH2O,LOINC//3006802,,True,,LOINC,3006802,,3006802,AMSTEL,source_code,high
MEASUREMENT_BEDSIDE//9664//UNKNOWN,LOINC//3020716,,True,,LOINC,3020716,,3020716,AMSTEL,source_code,high
LAB//10032//mg/l,LOINC//3009210,,True,,LOINC,3009210,,3009210,AMSTEL,source_code,high
LAB//10072//µmol/l,,,False,,,,,,,,unmapped
LAB//10092//mg/l,LOINC//3019885,,True,,LOINC,3019885,,3019885,AMSTEL,source_code,high
LAB//10094//mg/l,LOINC//3008142,,True,,LOINC,3008142,,3008142,AMSTEL,source_code,high
LAB//10141//g/l,,,False,,,,,,,,unmapped
LAB//10151//mg/l,LOINC//3004313,,True,,LOINC,3004313,,3004313,AMSTEL,source_code,high
LAB//10191//nmol/l,,,False,,,,,,,,unmapped
LAB//10202//pmol/l,,,False,,,,,,,,unmapped
LAB//10203//pmol/l,LOINC//3026725,,True,,LOINC,3026725,,3026725,AMSTEL,source_code,high
LAB//10415//µg/l,,,False,,,,,,,,unmapped
LAB//11531//Geen,LOINC//1617530,,True,,LOINC,1617530,,1617530,AMSTEL,source_code,high
LAB//11615//Geen,,,False,,,,,,,,unmapped
LAB//11699//Geen,,,False,,,,,,,,unmapped
LAB//11727//Geen,,,False,,,,,,,,unmapped
LAB//11768//Geen,,,False,,,,,,,,unmapped
LAB//11832//Geen,,,False,,,,,,,,unmapped
LAB//11833//Geen,,,False,,,,,,,,unmapped
LAB//11871//Geen,,,False,,,,,,,,unmapped
LAB//11879//Geen,,,False,,,,,,,,unmapped
LAB//11884//Geen,,,False,,,,,,,,unmapped
LAB//11969//E/l,,,False,,,,,,,,unmapped
LAB//12013//E/l,,,False,,,,,,,,unmapped
LAB//14234//µg/l,,,False,,,,,,,,unmapped
LAB//17975//mg/l,LOINC//3009772,,True,,LOINC,3009772,,3009772,AMSTEL,source_code,high
LAB//17976//µg/l,LOINC//21491391,,True,,LOINC,21491391,,21491391,AMSTEL,source_code,high
LAB//17987//Geen,,,False,,,,,,,,unmapped
LAB//18133//Geen,,,False,,,,,,,,unmapped
LAB//18270//µg/l,,,False,,,,,,,,unmapped
LAB//18341//mg/l,LOINC//3005893,,True,,LOINC,3005893,,3005893,AMSTEL,source_code,high
LAB//18376//mmol/l,LOINC//3023745,,True,,LOINC,3023745,,3023745,AMSTEL,source_code,high
LAB//18415//mg/l,LOINC//3015051,,True,,LOINC,3015051,,3015051,AMSTEL,source_code,high
LAB//18538//Geen,,,False,,,,,,,,unmapped
LAB//18559//mg/l,LOINC//3004739,,True,,LOINC,3004739,,3004739,AMSTEL,source_code,high
LAB//19175//mE/l,,,False,,,,,,,,unmapped
LAB//19391//mmol/l,,,False,,,,,,,,unmapped
LAB//6867//UNKNOWN,,,False,,,,,,,,unmapped
LAB//7071//nmol/l,LOINC//3009201,,True,,LOINC,3009201,,3009201,AMSTEL,source_code,high
LAB//8917//mol/l,LOINC//3007733,,True,,LOINC,3007733,,3007733,AMSTEL,source_code,high
LAB//9717//µg/l,LOINC//40762777,,True,,LOINC,40762777,,40762777,AMSTEL,source_code,high
LAB//9733//mg/l,LOINC//3019268,,True,,LOINC,3019268,,3019268,AMSTEL,source_code,high
LAB//9736//µg/l,LOINC//3006263,,True,,LOINC,3006263,,3006263,AMSTEL,source_code,high
LAB//9737//µg/l,LOINC//3027428,,True,,LOINC,3027428,,3027428,AMSTEL,source_code,high
LAB//9744//µg/l,LOINC//3000415,,True,,LOINC,3000415,,3000415,AMSTEL,source_code,high
LAB//9983//nmol/l,,,False,,,,,,,,unmapped
MEASUREMENT_BEDSIDE//12648//°,,,False,,,,,,,,unmapped
MEASUREMENT_BEDSIDE//12649//°,,,False,,,,,,,,unmapped
MEASUREMENT_BEDSIDE//14455///min,,,False,,,,,,,,unmapped
MEASUREMENT_BEDSIDE//14467//Geen,,,False,,,,,,,,unmapped
MEASUREMENT_BEDSIDE//8507//UNKNOWN,LOINC//3024928,,True,,LOINC,3024928,,3024928,AMSTEL,source_code,high
MEASUREMENT_BEDSIDE//9640//UNKNOWN,LOINC//21490806,,True,,LOINC,21490806,,21490806,AMSTEL,source_code,high
LAB//10077//µmol/l,,,False,,,,,,,,unmapped
LAB//10142//g/l,,,False,,,,,,,,unmapped
LAB//10263//mg/l,,,False,,,,,,,,unmapped
LAB//10304//mmol/l,,,False,,,,,,,,unmapped
LAB//10321//µmol/l,,,False,,,,,,,,unmapped
LAB//10324//µmol/l,,,False,,,,,,,,unmapped
LAB//10363//nmol/l,,,False,,,,,,,,unmapped
LAB//10401//mmHg,,,False,,,,,,,,unmapped
LAB//10426//mg/l,LOINC//3002357,,True,,LOINC,3002357,,3002357,AMSTEL,source_code,high
LAB//11549//Geen,LOINC//3015501,,True,,LOINC,3015501,,3015501,AMSTEL,source_code,high
LAB//11725//Geen,,,False,,,,,,,,unmapped
LAB//11729//Geen,,,False,,,,,,,,unmapped
LAB//11731//Geen,,,False,,,,,,,,unmapped
LAB//11735//Geen,,,False,,,,,,,,unmapped
LAB//11737//Geen,,,False,,,,,,,,unmapped
LAB//11739//Geen,,,False,,,,,,,,unmapped
LAB//11745//Geen,,,False,,,,,,,,unmapped
LAB//11748//Geen,,,False,,,,,,,,unmapped
LAB//11753//Geen,,,False,,,,,,,,unmapped
LAB//11755//Geen,,,False,,,,,,,,unmapped
LAB//11764//Geen,,,False,,,,,,,,unmapped
LAB//11772//Geen,,,False,,,,,,,,unmapped
LAB//11778//Geen,,,False,,,,,,,,unmapped
LAB//11785//Geen,,,False,,,,,,,,unmapped
LAB//11834//Geen,,,False,,,,,,,,unmapped
LAB//11836//Geen,,,False,,,,,,,,unmapped
LAB//11838//Geen,,,False,,,,,,,,unmapped
LAB//11840//Geen,,,False,,,,,,,,unmapped
LAB//11842//Geen,,,False,,,,,,,,unmapped
LAB//11867//Geen,LOINC//3019788,,True,,LOINC,3019788,,3019788,AMSTEL,source_code,high
LAB//11870//Geen,,,False,,,,,,,,unmapped
LAB//11881//Geen,LOINC//2465_3,,True,,LOINC,3005719,,IgG [Mass/volume] in Serum or Plasma,AmsterdamUMCdb_dictionary,label_exact,medium
LAB//11948//sec,,,False,,,,,,,,unmapped
LAB//11955//E/ml,,,False,,,,,,,,unmapped
LAB//11973//E/l,,,False,,,,,,,,unmapped
LAB//12048//E/l,LOINC//3029790,,True,,LOINC,3029790,,3029790,AMSTEL,source_code,high
LAB//12162//µmol/24uur,,,False,,,,,,,,unmapped
LAB//12163//mg/l,LOINC//42870366,,True,,LOINC,42870366,,42870366,AMSTEL,source_code,high
LAB//14262//Geen,,,False,,,,,,,,unmapped
LAB//14299//kcal/kg,,,False,,,,,,,,unmapped
LAB//14301//Geen,,,False,,,,,,,,unmapped
LAB//14303//kcal/kg,,,False,,,,,,,,unmapped
LAB//14319//mg/l,,,False,,,,,,,,unmapped
LAB//14539//µg/g,,,False,,,,,,,,unmapped
LAB//15442//kopie/ml,,,False,,,,,,,,unmapped
LAB//15636//µg/l,LOINC//44787032,,True,,LOINC,44787032,,44787032,AMSTEL,source_code,high
LAB//15637//µg/l,LOINC//3022297,,True,,LOINC,3022297,,3022297,AMSTEL,source_code,high
LAB//17963//mg/g,,,False,,,,,,,,unmapped
LAB//17973//Geen,,,False,,,,,,,,unmapped
LAB//17995//Geen,LOINC//3025159,,True,,LOINC,3025159,,3025159,AMSTEL,source_code,high
LAB//18027//Geen,,,False,,,,,,,,unmapped
LAB//18053//%neg,,,False,,,,,,,,unmapped
LAB//18102//%neg,,,False,,,,,,,,unmapped
LAB//18116//Geen,,,False,,,,,,,,unmapped
LAB//18125//10^6/kg,,,False,,,,,,,,unmapped
LAB//18142//Geen,,,False,,,,,,,,unmapped
LAB//18149//Geen,,,False,,,,,,,,unmapped
LAB//18185//%neg,,,False,,,,,,,,unmapped
LAB//18275//10^6/kg,,,False,,,,,,,,unmapped
LAB//18280//10^7/kg,,,False,,,,,,,,unmapped
LAB//18344//%neg,,,False,,,,,,,,unmapped
LAB//18348//%neg,,,False,,,,,,,,unmapped
LAB//18409//Geen,,,False,,,,,,,,unmapped
LAB//18430//µmol/l,,,False,,,,,,,,unmapped
LAB//18535//Geen,,,False,,,,,,,,unmapped
LAB//18536//10^7/kg,,,False,,,,,,,,unmapped
LAB//18554//10^8,,,False,,,,,,,,unmapped
LAB//18557//10^8,,,False,,,,,,,,unmapped
LAB//18864//ng/l,,,False,,,,,,,,unmapped
LAB//18967//UNKNOWN,,,False,,,,,,,,unmapped
LAB//19065//mg/l,LOINC//3032812,,True,,LOINC,3032812,,3032812,AMSTEL,source_code,high
LAB//19385//UNKNOWN,LOINC//40765204,,True,,LOINC,40765204,,40765204,AMSTEL,source_code,high
LAB//19388//mg/l,LOINC//3039753,,True,,LOINC,3039753,,3039753,AMSTEL,source_code,high
LAB//20246//% I.S.,,,False,,,,,,,,unmapped
LAB//6772//UNKNOWN,LOINC//3009932,,True,,LOINC,3009932,,3009932,AMSTEL,source_code,high
LAB//7093//g/l,LOINC//3037121,,True,,LOINC,3037121,,3037121,AMSTEL,source_code,high
LAB//7189//UNKNOWN,LOINC//3022616,,True,,LOINC,3022616,,3022616,AMSTEL,source_code,high
LAB//7192//mg/l,LOINC//3016254,,True,,LOINC,3016254,,3016254,AMSTEL,source_code,high
LAB//8908//g/l,LOINC//3020630,,True,,LOINC,3020630,,3020630,AMSTEL,source_code,high
LAB//9774//mg/l,LOINC//40763094,,True,,LOINC,40763094,,40763094,AMSTEL,source_code,high
LAB//9841//µg/l,LOINC//3028489,,True,,LOINC,3028489,,3028489,AMSTEL,source_code,high
MEASUREMENT_BEDSIDE//12082//l/min,LOINC//36305682,,True,,LOINC,36305682,,36305682,AMSTEL,source_code,high
MEASUREMENT_BEDSIDE//12083//cmH2O,LOINC//42527086,,True,,LOINC,42527086,,42527086,AMSTEL,source_code,high
MEASUREMENT_BEDSIDE//12084//cmH2O,LOINC//42527137,,True,,LOINC,42527137,,42527137,AMSTEL,source_code,high
MEASUREMENT_BEDSIDE//12085//cmH2O,LOINC//3021748,,True,,LOINC,3021748,,3021748,AMSTEL,source_code,high
MEASUREMENT_BEDSIDE//12086//cmH2O,LOINC//3006802,,True,,LOINC,3006802,,3006802,AMSTEL,source_code,high
MEASUREMENT_BEDSIDE//12088//Geen,LOINC//21490725,,True,,LOINC,21490725,,21490725,AMSTEL,source_code,high
MEASUREMENT_BEDSIDE//12090//Hz,SNOMED//4074666,,True,,SNOMED,4074666,,4074666,AMSTEL,source_code,high
MEASUREMENT_BEDSIDE//12658//°,,,False,,,,,,,,unmapped
MEASUREMENT_BEDSIDE//13031//ml,LOINC//21491180,,True,,LOINC,21491180,,21491180,AMSTEL,source_code,high
MEASUREMENT_BEDSIDE//20072//ml,,,False,,,,,,,,unmapped
MEASUREMENT_BEDSIDE//6949//µmol,LOINC//3036481,,True,,LOINC,3036481,,3036481,AMSTEL,source_code,high
MEASUREMENT_BEDSIDE//9655//ml,LOINC//21490564,,True,,LOINC,21490564,,21490564,AMSTEL,source_code,high
LAB//10000//mg/l,,,False,,,,,,,,unmapped
LAB//10038//µg/l,,,False,,,,,,,,unmapped
LAB//10068//mmol/l,LOINC//3044319,,True,,LOINC,3044319,,3044319,AMSTEL,source_code,high
LAB//10164//µg/l,,,False,,,,,,,,unmapped
LAB//10165//µg/l,,,False,,,,,,,,unmapped
LAB//10207//nmol/l,,,False,,,,,,,,unmapped
LAB//10288//ml,,,False,,,,,,,,unmapped
LAB//10301//mmol/l,,,False,,,,,,,,unmapped
LAB//10315//mmol/l,LOINC//3031020,,True,,LOINC,3031020,,3031020,AMSTEL,source_code,high
LAB//10319//µmol/l,,,False,,,,,,,,unmapped
LAB//10322//µmol/l,,,False,,,,,,,,unmapped
LAB//10325//µmol/l,,,False,,,,,,,,unmapped
LAB//11425//Geen,,,False,,,,,,,,unmapped
LAB//11578//Geen,LOINC//3015501,,True,,LOINC,3015501,,3015501,AMSTEL,source_code,high
LAB//11722//Geen,,,False,,,,,,,,unmapped
LAB//11747//Geen,,,False,,,,,,,,unmapped
LAB//11760//Geen,,,False,,,,,,,,unmapped
LAB//11880//Geen,,,False,,,,,,,,unmapped
LAB//11929//ng/l,,,False,,,,,,,,unmapped
LAB//11950//sec,,,False,,,,,,,,unmapped
LAB//12213//µmol/24uur,,,False,,,,,,,,unmapped
LAB//14251//pmol/l,,,False,,,,,,,,unmapped
LAB//14291//Geen,,,False,,,,,,,,unmapped
LAB//14525//ng/l,,,False,,,,,,,,unmapped
LAB//14541//µmol/l,,,False,,,,,,,,unmapped
LAB//15565//µg/l,,,False,,,,,,,,unmapped
LAB//17986//Geen,,,False,,,,,,,,unmapped
LAB//18019//Geen,,,False,,,,,,,,unmapped
LAB//18040//Geen,,,False,,,,,,,,unmapped
LAB//18046//Geen,,,False,,,,,,,,unmapped
LAB//18069//Geen,,,False,,,,,,,,unmapped
LAB//18123//Geen,,,False,,,,,,,,unmapped
LAB//18141//Geen,,,False,,,,,,,,unmapped
LAB//18167//Geen,,,False,,,,,,,,unmapped
LAB//18200//Geen,,,False,,,,,,,,unmapped
LAB//18209//Geen,,,False,,,,,,,,unmapped
LAB//18221//%neg,,,False,,,,,,,,unmapped
LAB//18238//Geen,,,False,,,,,,,,unmapped
LAB//18254//Geen,,,False,,,,,,,,unmapped
LAB//18261//Geen,,,False,,,,,,,,unmapped
LAB//18272//Geen,,,False,,,,,,,,unmapped
LAB//18288//Geen,,,False,,,,,,,,unmapped
LAB//18296//Geen,,,False,,,,,,,,unmapped
LAB//18314//Geen,,,False,,,,,,,,unmapped
LAB//18354//Geen,,,False,,,,,,,,unmapped
LAB//18380//IE/ml,,,False,,,,,,,,unmapped
LAB//18468//µg/l,LOINC//40765580,,True,,LOINC,40765580,,40765580,AMSTEL,source_code,high
LAB//18486//µmol/24uur,,,False,,,,,,,,unmapped
LAB//18492//Geen,,,False,,,,,,,,unmapped
LAB//18500//Geen,,,False,,,,,,,,unmapped
LAB//18518//Geen,,,False,,,,,,,,unmapped
LAB//18537//Geen,,,False,,,,,,,,unmapped
LAB//18565//sec,,,False,,,,,,,,unmapped
LAB//18936//mg/l,LOINC//3031562,,True,,LOINC,3031562,,3031562,AMSTEL,source_code,high
LAB//19348//mg.uur/l,,,False,,,,,,,,unmapped
LAB//19766//kopie/ml,,,False,,,,,,,,unmapped
LAB//20207//IE/l,,,False,,,,,,,,unmapped
LAB//20370//mg/l,LOINC//3021600,,True,,LOINC,3021600,,3021600,AMSTEL,source_code,high
LAB//6767//UNKNOWN,LOINC//3003771,,True,,LOINC,3003771,,3003771,AMSTEL,source_code,high
LAB//6775//mg/dl,,,False,,,,,,,,unmapped
LAB//6815//mmol/l,,,False,,,,,,,,unmapped
LAB//6971//ng/ml,LOINC//3001122,,True,,LOINC,3001122,,3001122,AMSTEL,source_code,high
LAB//7078//pmol/l,,,False,,,,,,,,unmapped
LAB//7108//ml/min,,,False,,,,,,,,unmapped
LAB//7847//mmol/l,,,False,,,,,,,,unmapped
LAB//8324//mg/l,LOINC//40763107,,True,,LOINC,40763107,,40763107,AMSTEL,source_code,high
LAB//9712//µg/l,LOINC//40762698,,True,,LOINC,40762698,,40762698,AMSTEL,source_code,high
LAB//9720//µg/l,LOINC//40762806,,True,,LOINC,40762806,,40762806,AMSTEL,source_code,high
LAB//9732//mg/l,LOINC//3006689,,True,,LOINC,3006689,,3006689,AMSTEL,source_code,high
LAB//9750//mg/l,LOINC//3011941,,True,,LOINC,3011941,,3011941,AMSTEL,source_code,high
LAB//9754//µg/l,LOINC//40762760,,True,,LOINC,40762760,,40762760,AMSTEL,source_code,high
LAB//9768//mg/l,LOINC//3005578,,True,,LOINC,3005578,,3005578,AMSTEL,source_code,high
LAB//9776//µg/l,LOINC//40763195,,True,,LOINC,40763195,,40763195,AMSTEL,source_code,high
LAB//9827//mg/l,LOINC//3007933,,True,,LOINC,3007933,,3007933,AMSTEL,source_code,high
LAB//9978//mg/l,,,False,,,,,,,,unmapped
LAB//9982//mg/l,,,False,,,,,,,,unmapped
MEASUREMENT_BEDSIDE//12267//UNKNOWN,LOINC//21490580,,True,,LOINC,21490580,,21490580,AMSTEL,source_code,high
MEASUREMENT_BEDSIDE//12338//cmH2O,LOINC//3000461,,True,,LOINC,3000461,,3000461,AMSTEL,source_code,high
MEASUREMENT_BEDSIDE//12342//sec,LOINC//36306099,,True,,LOINC,36306099,,36306099,AMSTEL,source_code,high
MEASUREMENT_BEDSIDE//12654//°,,,False,,,,,,,,unmapped
MEASUREMENT_BEDSIDE//12655//°,,,False,,,,,,,,unmapped
MEASUREMENT_BEDSIDE//13150//l/min/m2,LOINC//3000569,,True,,LOINC,3000569,,3000569,AMSTEL,source_code,high
MEASUREMENT_BEDSIDE//14473//Geen,,,False,,,,,,,,unmapped
MEASUREMENT_BEDSIDE//14475//10^9/l,,,False,,,,,,,,unmapped
MEASUREMENT_BEDSIDE//14478//mmol/l,,,False,,,,,,,,unmapped
MEASUREMENT_BEDSIDE//14479//µmol/l,,,False,,,,,,,,unmapped
MEASUREMENT_BEDSIDE//14480//mmol/l,,,False,,,,,,,,unmapped
MEASUREMENT_BEDSIDE//8756//ml,LOINC//3017465,,True,,LOINC,3017465,,3017465,AMSTEL,source_code,high
MEASUREMENT_BEDSIDE//9644//°C,LOINC//3003259,,True,,LOINC,3003259,,3003259,AMSTEL,source_code,high
LAB//10004//mg/l,,,False,,,,,,,,unmapped
LAB//10008//µg/l,,,False,,,,,,,,unmapped
LAB//10070//µmol/l,,,False,,,,,,,,unmapped
LAB//10100//µg/l,LOINC//3022857,,True,,LOINC,3022857,,3022857,AMSTEL,source_code,high
LAB//10120//g/l,,,False,,,,,,,,unmapped
LAB//10178//min,,,False,,,,,,,,unmapped
LAB//10179//min,,,False,,,,,,,,unmapped
LAB//10180//ml,,,False,,,,,,,,unmapped
LAB//10181//10^9/l,,,False,,,,,,,,unmapped
LAB//10182//10^9/l,,,False,,,,,,,,unmapped
LAB//10183//10^9/l,,,False,,,,,,,,unmapped
LAB//10184//10^9/l,,,False,,,,,,,,unmapped
LAB//10186//ml,,,False,,,,,,,,unmapped
LAB//10198//nmol/l,,,False,,,,,,,,unmapped
LAB//10199//nmol/l,,,False,,,,,,,,unmapped
LAB//10300//mmol/l,,,False,,,,,,,,unmapped
LAB//10351//mg/l,,,False,,,,,,,,unmapped
LAB//10353//mg/l,,,False,,,,,,,,unmapped
LAB//10358//fl,,,False,,,,,,,,unmapped
LAB//10365//nmol/l,,,False,,,,,,,,unmapped
LAB//10369//µmol/l,,,False,,,,,,,,unmapped
LAB//10370//µmol/l,,,False,,,,,,,,unmapped
LAB//10371//mg/l,,,False,,,,,,,,unmapped
LAB//10373//mmol/l,LOINC//3035381,,True,,LOINC,3035381,,3035381,AMSTEL,source_code,high
LAB//10377//µmol/l,LOINC//44816798,,True,,LOINC,44816798,,44816798,AMSTEL,source_code,high
LAB//10381//µmol/l,,,False,,,,,,,,unmapped
LAB//10390//mmol/l,,,False,,,,,,,,unmapped
LAB//10394//nmol/l,,,False,,,,,,,,unmapped
LAB//10408//µg/l,,,False,,,,,,,,unmapped
LAB//10410//µg/l,,,False,,,,,,,,unmapped
LAB//10421//mg/l,,,False,,,,,,,,unmapped
LAB//11426//Geen,,,False,,,,,,,,unmapped
LAB//11445//Geen,LOINC//3007682,,True,,LOINC,3007682,,3007682,AMSTEL,source_code,high
LAB//11519//Geen,LOINC//3013516,,True,,LOINC,3013516,,3013516,AMSTEL,source_code,high
LAB//11669//10^4/kg,,,False,,,,,,,,unmapped
LAB//11674//10^6,,,False,,,,,,,,unmapped
LAB//11675//10^6,,,False,,,,,,,,unmapped
LAB//11717//Geen,,,False,,,,,,,,unmapped
LAB//11721//Geen,,,False,,,,,,,,unmapped
LAB//11787//Geen,,,False,,,,,,,,unmapped
LAB//11789//Geen,LOINC//3035511,,True,,LOINC,3035511,,3035511,AMSTEL,source_code,high
LAB//11810//Geen,,,False,,,,,,,,unmapped
LAB//11811//Geen,,,False,,,,,,,,unmapped
LAB//11852//Geen,,,False,,,,,,,,unmapped
LAB//11863//Geen,,,False,,,,,,,,unmapped
LAB//11869//Geen,,,False,,,,,,,,unmapped
LAB//11872//Geen,,,False,,,,,,,,unmapped
LAB//11878//Geen,,,False,,,,,,,,unmapped
LAB//11888//Geen,,,False,,,,,,,,unmapped
LAB//11936//ng/ml/uur,,,False,,,,,,,,unmapped
LAB//11970//E/l,,,False,,,,,,,,unmapped
LAB//11979//E/l,LOINC//3000784,,True,,LOINC,3000784,,3000784,AMSTEL,source_code,high
LAB//11983//E/l,,,False,,,,,,,,unmapped
LAB//11985//E/l,LOINC//3005090,,True,,LOINC,3005090,,3005090,AMSTEL,source_code,high
LAB//11991//E/l,LOINC//3003792,,True,,LOINC,3003792,,3003792,AMSTEL,source_code,high
LAB//11994//E/l,,,False,,,,,,,,unmapped
LAB//12026//E/l,,,False,,,,,,,,unmapped
LAB//12046//E/l,,,False,,,,,,,,unmapped
LAB//12072//E/l,,,False,,,,,,,,unmapped
LAB//12216//µmol/24uur,LOINC//3000822,,True,,LOINC,3000822,,3000822,AMSTEL,source_code,high
LAB//12218//µmol/24uur,LOINC//3013194,,True,,LOINC,3013194,,3013194,AMSTEL,source_code,high
LAB//12233//µmol/24uur,,,False,,,,,,,,unmapped
LAB//12253//µmol/l,LOINC//3008520,,True,,LOINC,3008520,,3008520,AMSTEL,source_code,high
LAB//12254//mmol/24uur,,,False,,,,,,,,unmapped
LAB//14224//10^9/l,,,False,,,,,,,,unmapped
LAB//14263//Geen,,,False,,,,,,,,unmapped
LAB//14272//Geen,,,False,,,,,,,,unmapped
LAB//14273//Geen,,,False,,,,,,,,unmapped
LAB//14275//ng/l,,,False,,,,,,,,unmapped
LAB//14276//ng/l,,,False,,,,,,,,unmapped
LAB//14277//ng/l,,,False,,,,,,,,unmapped
LAB//14293//Geen,,,False,,,,,,,,unmapped
LAB//14327//mg/l,,,False,,,,,,,,unmapped
LAB//14330//mg/l,,,False,,,,,,,,unmapped
LAB//14333//Geen,,,False,,,,,,,,unmapped
LAB//14364//g/l,,,False,,,,,,,,unmapped
LAB//14365//g/l,,,False,,,,,,,,unmapped
LAB//15623//mg/l,LOINC//40763251,,True,,LOINC,40763251,,40763251,AMSTEL,source_code,high
LAB//15630//mg/l,LOINC//3043736,,True,,LOINC,3043736,,3043736,AMSTEL,source_code,high
LAB//17983//kE/l,LOINC//3035826,,True,,LOINC,3035826,,3035826,AMSTEL,source_code,high
LAB//17996//Geen,,,False,,,,,,,,unmapped
LAB//18004//mg/l,LOINC//40763094,,True,,LOINC,40763094,,40763094,AMSTEL,source_code,high
LAB//18045//Geen,,,False,,,,,,,,unmapped
LAB//18181//Geen,,,False,,,,,,,,unmapped
LAB//18286//mg/l,,,False,,,,,,,,unmapped
LAB//18321//µg/l,LOINC//3027888,,True,,LOINC,3027888,,3027888,AMSTEL,source_code,high
LAB//18353//Geen,,,False,,,,,,,,unmapped
LAB//18359//Geen,LOINC//3050899,,True,,LOINC,3050899,,3050899,AMSTEL,source_code,high
LAB//18371//kE/l,,,False,,,,,,,,unmapped
LAB//18378//IE/ml,,,False,,,,,,,,unmapped
LAB//18381//IE/ml,,,False,,,,,,,,unmapped
LAB//18412//µg/l,LOINC//3036230,,True,,LOINC,3036230,,3036230,AMSTEL,source_code,high
LAB//18417//mmol/l,LOINC//3035717,,True,,LOINC,3035717,,3035717,AMSTEL,source_code,high
LAB//18422//Geen,,,False,,,,,,,,unmapped
LAB//18465//µg/l,,,False,,,,,,,,unmapped
LAB//18476//mmol/l,,,False,,,,,,,,unmapped
LAB//18478//Geen,,,False,,,,,,,,unmapped
LAB//18498//mg/l,LOINC//3050351,,True,,LOINC,3050351,,3050351,AMSTEL,source_code,high
LAB//18504//mg/l,LOINC//3002082,,True,,LOINC,3002082,,3002082,AMSTEL,source_code,high
LAB//18568//mg/l,LOINC//3016063,,True,,LOINC,3016063,,3016063,AMSTEL,source_code,high
LAB//18847//E/l,LOINC//3000784,,True,,LOINC,3000784,,3000784,AMSTEL,source_code,high
LAB//18853//mmol/l,LOINC//3009379,,True,,LOINC,3009379,,3009379,AMSTEL,source_code,high
LAB//18866//mosmol/kg,LOINC//3004663,,True,,LOINC,3004663,,3004663,AMSTEL,source_code,high
LAB//18965//UNKNOWN,,,False,,,,,,,,unmapped
LAB//18977//UNKNOWN,,,False,,,,,,,,unmapped
LAB//18979//UNKNOWN,,,False,,,,,,,,unmapped
LAB//19058//mg/l,LOINC//40761060,,True,,LOINC,40761060,,40761060,AMSTEL,source_code,high
LAB//19061//mg/l,LOINC//3031731,,True,,LOINC,3031731,,3031731,AMSTEL,source_code,high
LAB//19069//µg/l,,,False,,,,,,,,unmapped
LAB//19174//µg.uur/l,LOINC//1989318,,True,,LOINC,1989318,,1989318,AMSTEL,source_code,high
LAB//19351//mmol/24uur,,,False,,,,,,,,unmapped
LAB//19352//mmol/24uur,LOINC//3017367,,True,,LOINC,3017367,,3017367,AMSTEL,source_code,high
LAB//19353//µg/mmol,,,False,,,,,,,,unmapped
LAB//19588//UNKNOWN,,,False,,,,,,,,unmapped
LAB//20082//nmol/l,,,False,,,,,,,,unmapped
LAB//20090//nmol/l,,,False,,,,,,,,unmapped
LAB//20092//nmol/l,,,False,,,,,,,,unmapped
LAB//20982//%neg,,,False,,,,,,,,unmapped
LAB//20983//%neg,,,False,,,,,,,,unmapped
LAB//21096//ng/ml,,,False,,,,,,,,unmapped
LAB//6780//10^9/l,LOINC//3019198,,True,,LOINC,3019198,,3019198,AMSTEL,source_code,high
LAB//6878//nmol/l,,,False,,,,,,,,unmapped
LAB//6973//nmol/l,LOINC//3021960,,True,,LOINC,3021960,,3021960,AMSTEL,source_code,high
LAB//7084//µmol,,,False,,,,,,,,unmapped
LAB//7201//mg/l,LOINC//3037123,,True,,LOINC,3037123,,3037123,AMSTEL,source_code,high
LAB//7202//UNKNOWN,LOINC//3016201,,True,,LOINC,3016201,,3016201,AMSTEL,source_code,high
LAB//7810//UNKNOWN,LOINC//3004905,,True,,LOINC,3004905,,3004905,AMSTEL,source_code,high
LAB//7839//IE/ml,,,False,,,,,,,,unmapped
LAB//7846//mmol/l,LOINC//3012898,,True,,LOINC,3012898,,3012898,AMSTEL,source_code,high
LAB//8313//mmol/l,LOINC//3024666,,True,,LOINC,3024666,,3024666,AMSTEL,source_code,high
LAB//8344//mg/l,LOINC//3009917,,True,,LOINC,3009917,,3009917,AMSTEL,source_code,high
LAB//8347//mg/l,LOINC//3011461,,True,,LOINC,3011461,,3011461,AMSTEL,source_code,high
LAB//8362//mg/l,LOINC//3004090,,True,,LOINC,3004090,,3004090,AMSTEL,source_code,high
LAB//8904//nmol/l,,,False,,,,,,,,unmapped
LAB//8922//mmol/l,LOINC//3017315,,True,,LOINC,3017315,,3017315,AMSTEL,source_code,high
LAB//9692//µg/l,LOINC//3024376,,True,,LOINC,3024376,,3024376,AMSTEL,source_code,high
LAB//9727//mg/l,LOINC//40763210,,True,,LOINC,40763210,,40763210,AMSTEL,source_code,high
LAB//9745//µg/l,LOINC//3001818,,True,,LOINC,3001818,,3001818,AMSTEL,source_code,high
LAB//9746//µg/l,LOINC//3000167,,True,,LOINC,3000167,,3000167,AMSTEL,source_code,high
LAB//9767//µg/l,LOINC//40757533,,True,,LOINC,40757533,,40757533,AMSTEL,source_code,high
LAB//9796//µg/l,LOINC//3003195,,True,,LOINC,3003195,,3003195,AMSTEL,source_code,high
LAB//9798//µg/l,LOINC//3023194,,True,,LOINC,3023194,,3023194,AMSTEL,source_code,high
LAB//9834//mg/l,LOINC//3011531,,True,,LOINC,3011531,,3011531,AMSTEL,source_code,high
LAB//9839//mg/l,LOINC//3011461,,True,,LOINC,3011461,,3011461,AMSTEL,source_code,high
LAB//9884//mg/l,LOINC//3005742,,True,,LOINC,3005742,,3005742,AMSTEL,source_code,high
LAB//9897//mg/l,LOINC//3003029,,True,,LOINC,3003029,,3003029,AMSTEL,source_code,high
LAB//9959//mg/l,LOINC//3005029,,True,,LOINC,3005029,,3005029,AMSTEL,source_code,high
MEASUREMENT_BEDSIDE//12367//l/min,,,False,,,,,,,,unmapped
MEASUREMENT_BEDSIDE//14454//mmHg,,,False,,,,,,,,unmapped
MEASUREMENT_BEDSIDE//15280//mmHg,SNOMED//602639,,True,,SNOMED,602639,,602639,AMSTEL,source_code,high
MEASUREMENT_BEDSIDE//15281//mmHg,SNOMED//602639,,True,,SNOMED,602639,,602639,AMSTEL,source_code,high
MEASUREMENT_BEDSIDE//15282//mmHg,SNOMED//602639,,True,,SNOMED,602639,,602639,AMSTEL,source_code,high
MEASUREMENT_BEDSIDE//6696//ml,SNOMED//35608035,,True,,SNOMED,35608035,,35608035,AMSTEL,source_code,high
MEASUREMENT_BEDSIDE//7056//nmol/l,LOINC//3014620,,True,,LOINC,3014620,,3014620,AMSTEL,source_code,high
MEASUREMENT_BEDSIDE//7079//pmol/l,LOINC//3008486,,True,,LOINC,3008486,,3008486,AMSTEL,source_code,high
MEASUREMENT_BEDSIDE//8121//ml,SNOMED//4090197,,True,,SNOMED,4090197,,4090197,AMSTEL,source_code,high
MEASUREMENT_BEDSIDE//8168//ml,LOINC//21491184,,True,,LOINC,21491184,,21491184,AMSTEL,source_code,high
MEASUREMENT_BEDSIDE//8876//UNKNOWN,LOINC//3026892,,True,,LOINC,3026892,,3026892,AMSTEL,source_code,high
MEASUREMENT_BEDSIDE//9646//ml,LOINC//3012410,,True,,LOINC,3012410,,3012410,AMSTEL,source_code,high
MEASUREMENT_BEDSIDE//9663//l/min,SNOMED//4108000,,True,,SNOMED,4108000,,4108000,AMSTEL,source_code,high
MEASUREMENT_BEDSIDE//9666//mbar,LOINC//21490855,,True,,LOINC,21490855,,21490855,AMSTEL,source_code,high
MEASUREMENT_BEDSIDE//9668//l/min,LOINC//42527120,,True,,LOINC,42527120,,42527120,AMSTEL,source_code,high
MEASUREMENT_BEDSIDE//9669//l,LOINC//21490789,,True,,LOINC,21490789,,21490789,AMSTEL,source_code,high
ORDER_INTENT//89//13021,OMOP//OMOP_CONCEPT//44791813,,False,,OMOP_CONCEPT,44791813,,Checking procedure,AMSTEL_procedureorderitems_usagi,source_code_omop,high
ORDER_INTENT//87//12771,OMOP//OMOP_CONCEPT//4205539,,False,,OMOP_CONCEPT,4205539,,Repositioning,AMSTEL_procedureorderitems_usagi,source_code_omop,high
ORDER_INTENT//101//12896,OMOP//OMOP_CONCEPT//4021176,,False,,OMOP_CONCEPT,4021176,,Assessment of risk of pressure injury,AMSTEL_procedureorderitems_usagi,source_code_omop,high
ORDER_INTENT//101//12839,OMOP//OMOP_CONCEPT//4026989,,False,,OMOP_CONCEPT,4026989,,Prevention of pressure injury,AMSTEL_procedureorderitems_usagi,source_code_omop,high
ORDER_INTENT//83//19661,OMOP//OMOP_CONCEPT//4021323,,False,,OMOP_CONCEPT,4021323,,Pain assessment,AMSTEL_procedureorderitems_usagi,source_code_omop,high
ORDER_INTENT//73//9547,OMOP//OMOP_CONCEPT//4301936,,False,,OMOP_CONCEPT,4301936,,Blood glucose management,AMSTEL_procedureorderitems_usagi,source_code_omop,high
ORDER_INTENT//90//9287,OMOP//OMOP_CONCEPT//37396812,,False,,OMOP_CONCEPT,37396812,,Arterial catheter care management,AMSTEL_procedureorderitems_usagi,source_code_omop,low
ORDER_INTENT//111//9452,OMOP//OMOP_CONCEPT//44791828,,False,,OMOP_CONCEPT,44791828,,Checking prescription,AMSTEL_procedureorderitems_usagi,source_code_omop,low
ORDER_INTENT//73//9446,OMOP//OMOP_CONCEPT//4218408,,False,,OMOP_CONCEPT,4218408,,Collection of blood specimen for laboratory,AMSTEL_procedureorderitems_usagi,source_code_omop,low
ORDER_INTENT//89//20393,OMOP//OMOP_CONCEPT//4047393,,False,,OMOP_CONCEPT,4047393,,Maintenance of device,AMSTEL_procedureorderitems_usagi,source_code_omop,low
ORDER_INTENT//89//12368,OMOP//OMOP_CONCEPT//4234911,,False,,OMOP_CONCEPT,4234911,,Assessment of nursing care needs,AMSTEL_procedureorderitems_usagi,source_code_omop,high
ORDER_INTENT//111//9449,OMOP//OMOP_CONCEPT//44791828,,False,,OMOP_CONCEPT,44791828,,Checking prescription,AMSTEL_procedureorderitems_usagi,source_code_omop,low
ORDER_INTENT//101//12838,OMOP//OMOP_CONCEPT//4026989,,False,,OMOP_CONCEPT,4026989,,Prevention of pressure injury,AMSTEL_procedureorderitems_usagi,source_code_omop,low
ORDER_INTENT//81//9445,OMOP//OMOP_CONCEPT//4145308,,False,,OMOP_CONCEPT,4145308,,12 lead ECG,AMSTEL_procedureorderitems_usagi,source_code_omop,high
ORDER_INTENT//82//9324,OMOP//OMOP_CONCEPT//40489959,,False,,OMOP_CONCEPT,40489959,,Assessment of airway device cuff pressure,AMSTEL_procedureorderitems_usagi,source_code_omop,high
ORDER_INTENT//83//8503,OMOP//OMOP_CONCEPT//4021179,,False,,OMOP_CONCEPT,4021179,,Neurological assessment,AMSTEL_procedureorderitems_usagi,source_code_omop,high
ORDER_INTENT//90//13932,OMOP//OMOP_CONCEPT//4251737,,False,,OMOP_CONCEPT,4251737,,Ventilator care management,AMSTEL_procedureorderitems_usagi,source_code_omop,low
ORDER_INTENT//73//9270,OMOP//OMOP_CONCEPT//4138399,,False,,OMOP_CONCEPT,4138399,,Arterial specimen collection for laboratory test,AMSTEL_procedureorderitems_usagi,source_code_omop,high
ORDER_INTENT//103//9444,OMOP//OMOP_CONCEPT//4163872,,False,,OMOP_CONCEPT,4163872,,Plain chest X-ray,AMSTEL_procedureorderitems_usagi,source_code_omop,high
ORDER_INTENT//90//9291,OMOP//OMOP_CONCEPT//4257061,,False,,OMOP_CONCEPT,4257061,,Enteral feeding management,AMSTEL_procedureorderitems_usagi,source_code_omop,low
ORDER_INTENT//73//9224,OMOP//OMOP_CONCEPT//4218408,,False,,OMOP_CONCEPT,4218408,,Collection of blood specimen for laboratory,AMSTEL_procedureorderitems_usagi,source_code_omop,low
ORDER_INTENT//90//12758,OMOP//OMOP_CONCEPT//4074324,,False,,OMOP_CONCEPT,4074324,,Flushing cannula,AMSTEL_procedureorderitems_usagi,source_code_omop,low
ORDER_INTENT//89//9336,OMOP//OMOP_CONCEPT//4322976,,False,,OMOP_CONCEPT,4322976,,Procedure,AMSTEL_procedureorderitems_usagi,source_code_omop,high
ORDER_INTENT//104//12377,OMOP//OMOP_CONCEPT//4321906,,False,,OMOP_CONCEPT,4321906,,Nursing procedure,AMSTEL_procedureorderitems_usagi,source_code_omop,high
ORDER_INTENT//82//9540,OMOP//OMOP_CONCEPT//40489959,,False,,OMOP_CONCEPT,40489959,,Assessment of airway device cuff pressure,AMSTEL_procedureorderitems_usagi,source_code_omop,high
ORDER_INTENT//73//9207,OMOP//OMOP_CONCEPT//4218408,,False,,OMOP_CONCEPT,4218408,,Collection of blood specimen for laboratory,AMSTEL_procedureorderitems_usagi,source_code_omop,high
ORDER_INTENT//101//9332,OMOP//OMOP_CONCEPT//4300828,,False,,OMOP_CONCEPT,4300828,,Wound care management,AMSTEL_procedureorderitems_usagi,source_code_omop,high
ORDER_INTENT//83//20359,OMOP//OMOP_CONCEPT//36676218,,False,,OMOP_CONCEPT,36676218,,Assessment for risk of delirium,AMSTEL_procedureorderitems_usagi,source_code_omop,high
ORDER_INTENT//87//9366,OMOP//OMOP_CONCEPT//4041848,,False,,OMOP_CONCEPT,4041848,,Positioning patient,AMSTEL_procedureorderitems_usagi,source_code_omop,high
ORDER_INTENT//83//15140,OMOP//OMOP_CONCEPT//40492247,,False,,OMOP_CONCEPT,40492247,,Assessment using visual analog pain scale,AMSTEL_procedureorderitems_usagi,source_code_omop,high
ORDER_INTENT//90//12493,OMOP//OMOP_CONCEPT//4262010,,False,,OMOP_CONCEPT,4262010,,Tracheostomy care management,AMSTEL_procedureorderitems_usagi,source_code_omop,low
ORDER_INTENT//90//9288,OMOP//OMOP_CONCEPT//4299593,,False,,OMOP_CONCEPT,4299593,,Infusion care management,AMSTEL_procedureorderitems_usagi,source_code_omop,high
ORDER_INTENT//90//9280,OMOP//OMOP_CONCEPT//4262010,,False,,OMOP_CONCEPT,4262010,,Tracheostomy care management,AMSTEL_procedureorderitems_usagi,source_code_omop,high
ORDER_INTENT//104//12473,OMOP//OMOP_CONCEPT//4290236,,False,,OMOP_CONCEPT,4290236,,Irrigation of nasal passages,AMSTEL_procedureorderitems_usagi,source_code_omop,high
ORDER_INTENT//81//7921,OMOP//OMOP_CONCEPT//4145308,,False,,OMOP_CONCEPT,4145308,,12 lead ECG,AMSTEL_procedureorderitems_usagi,source_code_omop,high
ORDER_INTENT//86//9370,OMOP//OMOP_CONCEPT//4217020,,False,,OMOP_CONCEPT,4217020,,Psychosocial procedure,AMSTEL_procedureorderitems_usagi,source_code_omop,high
ORDER_INTENT//73//10752,OMOP//OMOP_CONCEPT//4218408,,False,,OMOP_CONCEPT,4218408,,Collection of blood specimen for laboratory,AMSTEL_procedureorderitems_usagi,source_code_omop,high
ORDER_INTENT//90//20271,OMOP//OMOP_CONCEPT//4294926,,False,,OMOP_CONCEPT,4294926,,Infusion care assessment,AMSTEL_procedureorderitems_usagi,source_code_omop,low
ORDER_INTENT//73//13494,OMOP//OMOP_CONCEPT//4163872,,False,,OMOP_CONCEPT,4163872,,Plain chest X-ray,AMSTEL_procedureorderitems_usagi,source_code_omop,low
ORDER_INTENT//89//12474,OMOP//OMOP_CONCEPT//4322976,,False,,OMOP_CONCEPT,4322976,,Procedure,AMSTEL_procedureorderitems_usagi,source_code_omop,low
ORDER_INTENT//89//12760,OMOP//OMOP_CONCEPT//4259233,,False,,OMOP_CONCEPT,4259233,,Ventilator care assessment,AMSTEL_procedureorderitems_usagi,source_code_omop,low
ORDER_INTENT//82//9377,OMOP//OMOP_CONCEPT//4306074,,False,,OMOP_CONCEPT,4306074,,Respiratory tract procedure,AMSTEL_procedureorderitems_usagi,source_code_omop,high
ORDER_INTENT//73//9250,OMOP//OMOP_CONCEPT//4218408,,False,,OMOP_CONCEPT,4218408,,Collection of blood specimen for laboratory,AMSTEL_procedureorderitems_usagi,source_code_omop,low
ORDER_INTENT//89//15166,OMOP//OMOP_CONCEPT//36676218,,False,,OMOP_CONCEPT,36676218,,Assessment for risk of delirium,AMSTEL_procedureorderitems_usagi,source_code_omop,high
ORDER_INTENT//73//12954,OMOP//OMOP_CONCEPT//4218408,,False,,OMOP_CONCEPT,4218408,,Collection of blood specimen for laboratory,AMSTEL_procedureorderitems_usagi,source_code_omop,low
ORDER_INTENT//81//10431,OMOP//OMOP_CONCEPT//4262005,,False,,OMOP_CONCEPT,4262005,,Pulse taking assessment,AMSTEL_procedureorderitems_usagi,source_code_omop,low
ORDER_INTENT//81//10432,OMOP//OMOP_CONCEPT//44783082,,False,,OMOP_CONCEPT,44783082,,Arterial catheter care assessment,AMSTEL_procedureorderitems_usagi,source_code_omop,low
ORDER_INTENT//74//9204,OMOP//OMOP_CONCEPT//3040827,,False,,OMOP_CONCEPT,3040827,,Bacteria identified in Anal by Culture,AMSTEL_procedureorderitems_usagi,source_code_omop,high
ORDER_INTENT//74//8097,OMOP//OMOP_CONCEPT//4015189,,False,,OMOP_CONCEPT,4015189,,Microbial culture of sputum,AMSTEL_procedureorderitems_usagi,source_code_omop,high
ORDER_INTENT//103//7922,,,False,,,,,,,,unmapped
ORDER_INTENT//81//9364,OMOP//OMOP_CONCEPT//4254351,,False,,OMOP_CONCEPT,4254351,,Circulatory care management,AMSTEL_procedureorderitems_usagi,source_code_omop,high
ORDER_INTENT//84//9337,OMOP//OMOP_CONCEPT//4285434,,False,,OMOP_CONCEPT,4285434,,Nasogastric tube aspiration,AMSTEL_procedureorderitems_usagi,source_code_omop,high
ORDER_INTENT//90//9289,OMOP//OMOP_CONCEPT//4021519,,False,,OMOP_CONCEPT,4021519,,Changing endotracheal tube tapes,AMSTEL_procedureorderitems_usagi,source_code_omop,high
ORDER_INTENT//81//9605,OMOP//OMOP_CONCEPT//4142475,,False,,OMOP_CONCEPT,4142475,,Intraaortic balloon pump maintenance,AMSTEL_procedureorderitems_usagi,source_code_omop,high
ORDER_INTENT//84//9365,OMOP//OMOP_CONCEPT//4043018,,False,,OMOP_CONCEPT,4043018,,Procedure on digestive system,AMSTEL_procedureorderitems_usagi,source_code_omop,high
ORDER_INTENT//73//9269,OMOP//OMOP_CONCEPT//4218408,,False,,OMOP_CONCEPT,4218408,,Collection of blood specimen for laboratory,AMSTEL_procedureorderitems_usagi,source_code_omop,high
ORDER_INTENT//89//15283,OMOP//OMOP_CONCEPT//4234911,,False,,OMOP_CONCEPT,4234911,,Assessment of nursing care needs,AMSTEL_procedureorderitems_usagi,source_code_omop,high
ORDER_INTENT//73//9267,OMOP//OMOP_CONCEPT//4218408,,False,,OMOP_CONCEPT,4218408,,Collection of blood specimen for laboratory,AMSTEL_procedureorderitems_usagi,source_code_omop,high
ORDER_INTENT//73//9268,OMOP//OMOP_CONCEPT//4218408,,False,,OMOP_CONCEPT,4218408,,Collection of blood specimen for laboratory,AMSTEL_procedureorderitems_usagi,source_code_omop,high
ORDER_INTENT//105//9413,OMOP//OMOP_CONCEPT//0,,False,,OMOP_CONCEPT,0,,Unmapped,AMSTEL_procedureorderitems_usagi,source_code_omop,low
ORDER_INTENT//82//12785,OMOP//OMOP_CONCEPT//40486624,,False,,OMOP_CONCEPT,40486624,,Non-invasive positive pressure ventilation,AMSTEL_procedureorderitems_usagi,source_code_omop,high
ORDER_INTENT//73//10580,OMOP//OMOP_CONCEPT//4218408,,False,,OMOP_CONCEPT,4218408,,Collection of blood specimen for laboratory,AMSTEL_procedureorderitems_usagi,source_code_omop,high
ORDER_INTENT//86//8131,OMOP//OMOP_CONCEPT//4207916,,False,,OMOP_CONCEPT,4207916,,Family counseling,AMSTEL_procedureorderitems_usagi,source_code_omop,high
ORDER_INTENT//83//9368,OMOP//OMOP_CONCEPT//4203094,,False,,OMOP_CONCEPT,4203094,,Neurological therapy,AMSTEL_procedureorderitems_usagi,source_code_omop,high
ORDER_INTENT//74//9189,OMOP//OMOP_CONCEPT//4107893,,False,,OMOP_CONCEPT,4107893,,Blood culture,AMSTEL_procedureorderitems_usagi,source_code_omop,high
ORDER_INTENT//73//9218,OMOP//OMOP_CONCEPT//4218408,,False,,OMOP_CONCEPT,4218408,,Collection of blood specimen for laboratory,AMSTEL_procedureorderitems_usagi,source_code_omop,high
ORDER_INTENT//90//13849,OMOP//OMOP_CONCEPT//44808553,,False,,OMOP_CONCEPT,44808553,,Changing infusion set,AMSTEL_procedureorderitems_usagi,source_code_omop,high
ORDER_INTENT//105//16918,OMOP//OMOP_CONCEPT//44791814,,False,,OMOP_CONCEPT,44791814,,Checking equipment,AMSTEL_procedureorderitems_usagi,source_code_omop,low
ORDER_INTENT//73//15275,OMOP//OMOP_CONCEPT//4218408,,False,,OMOP_CONCEPT,4218408,,Collection of blood specimen for laboratory,AMSTEL_procedureorderitems_usagi,source_code_omop,high
ORDER_INTENT//87//9512,OMOP//OMOP_CONCEPT//4327195,,False,,OMOP_CONCEPT,4327195,,Mobilization,AMSTEL_procedureorderitems_usagi,source_code_omop,high
ORDER_INTENT//82//9423,OMOP//OMOP_CONCEPT//4251737,,False,,OMOP_CONCEPT,4251737,,Ventilator care management,AMSTEL_procedureorderitems_usagi,source_code_omop,high
ORDER_INTENT//73//9447,OMOP//OMOP_CONCEPT//4138399,,False,,OMOP_CONCEPT,4138399,,Arterial specimen collection for laboratory test,AMSTEL_procedureorderitems_usagi,source_code_omop,high
ORDER_INTENT//89//16678,OMOP//OMOP_CONCEPT//4258484,,False,,OMOP_CONCEPT,4258484,,Dispensing medication management,AMSTEL_procedureorderitems_usagi,source_code_omop,high
ORDER_INTENT//89//12439,OMOP//OMOP_CONCEPT//4136762,,False,,OMOP_CONCEPT,4136762,,Reminding about performing procedure,AMSTEL_procedureorderitems_usagi,source_code_omop,high
ORDER_INTENT//90//12686,OMOP//OMOP_CONCEPT//4237474,,False,,OMOP_CONCEPT,4237474,,Parenteral feeding management,AMSTEL_procedureorderitems_usagi,source_code_omop,high
ORDER_INTENT//84//20071,OMOP//OMOP_CONCEPT//4068993,,False,,OMOP_CONCEPT,4068993,,Irrigation of colon,AMSTEL_procedureorderitems_usagi,source_code_omop,high
ORDER_INTENT//116//13011,OMOP//OMOP_CONCEPT//4261999,,False,,OMOP_CONCEPT,4261999,,Nutrition care management,AMSTEL_procedureorderitems_usagi,source_code_omop,high
ORDER_INTENT//90//12537,OMOP//OMOP_CONCEPT//4194653,,False,,OMOP_CONCEPT,4194653,,Irrigation,AMSTEL_procedureorderitems_usagi,source_code_omop,high
ORDER_INTENT//90//9376,OMOP//OMOP_CONCEPT//4081874,,False,,OMOP_CONCEPT,4081874,,Procedures to drains,AMSTEL_procedureorderitems_usagi,source_code_omop,high
ORDER_INTENT//104//9338,OMOP//OMOP_CONCEPT//4301571,,False,,OMOP_CONCEPT,4301571,,Mouth care management,AMSTEL_procedureorderitems_usagi,source_code_omop,high
ORDER_INTENT//81//9345,OMOP//OMOP_CONCEPT//42535695,,False,,OMOP_CONCEPT,42535695,,Doppler ultrasonography of arteries of bilateral lower limbs,AMSTEL_procedureorderitems_usagi,source_code_omop,high
ORDER_INTENT//89//8228,OMOP//OMOP_CONCEPT//4220338,,False,,OMOP_CONCEPT,4220338,,Weighing patient,AMSTEL_procedureorderitems_usagi,source_code_omop,high
ORDER_INTENT//104//15173,OMOP//OMOP_CONCEPT//4076759,,False,,OMOP_CONCEPT,4076759,,Replacing strapping on nasogastric tube,AMSTEL_procedureorderitems_usagi,source_code_omop,high
ORDER_INTENT//74//13024,OMOP//OMOP_CONCEPT//3040827,,False,,OMOP_CONCEPT,3040827,,Bacteria identified in Anal by Culture,AMSTEL_procedureorderitems_usagi,source_code_omop,high
ORDER_INTENT//82//10429,OMOP//OMOP_CONCEPT//0,,False,,OMOP_CONCEPT,0,,Unmapped,AMSTEL_procedureorderitems_usagi,source_code_omop,low
ORDER_INTENT//86//10764,OMOP//OMOP_CONCEPT//46271884,,False,,OMOP_CONCEPT,46271884,,Promotion of family support,AMSTEL_procedureorderitems_usagi,source_code_omop,high
ORDER_INTENT//111//9451,OMOP//OMOP_CONCEPT//44791828,,False,,OMOP_CONCEPT,44791828,,Checking prescription,AMSTEL_procedureorderitems_usagi,source_code_omop,high
ORDER_INTENT//90//8002,OMOP//OMOP_CONCEPT//4251737,,False,,OMOP_CONCEPT,4251737,,Ventilator care management,AMSTEL_procedureorderitems_usagi,source_code_omop,high
ORDER_INTENT//73//8094,OMOP//OMOP_CONCEPT//4218408,,False,,OMOP_CONCEPT,4218408,,Collection of blood specimen for laboratory,AMSTEL_procedureorderitems_usagi,source_code_omop,high
ORDER_INTENT//81//12265,OMOP//OMOP_CONCEPT//4140976,,False,,OMOP_CONCEPT,4140976,,Check artificial pacemaker for amperage threshold,AMSTEL_procedureorderitems_usagi,source_code_omop,high
ORDER_INTENT//104//9429,OMOP//OMOP_CONCEPT//4221994,,False,,OMOP_CONCEPT,4221994,,History taking,AMSTEL_procedureorderitems_usagi,source_code_omop,high
ORDER_INTENT//89//14690,OMOP//OMOP_CONCEPT//4021018,,False,,OMOP_CONCEPT,4021018,,Implementation of planned interventions,AMSTEL_procedureorderitems_usagi,source_code_omop,high
ORDER_INTENT//89//10737,OMOP//OMOP_CONCEPT//46272483,,False,,OMOP_CONCEPT,46272483,,Assessment of fluid balance,AMSTEL_procedureorderitems_usagi,source_code_omop,high
ORDER_INTENT//81//9483,OMOP//OMOP_CONCEPT//4196232,,False,,OMOP_CONCEPT,4196232,,Hemodynamic measurements,AMSTEL_procedureorderitems_usagi,source_code_omop,high
ORDER_INTENT//73//12779,OMOP//OMOP_CONCEPT//4212473,,False,,OMOP_CONCEPT,4212473,,Urine specimen collection,AMSTEL_procedureorderitems_usagi,source_code_omop,high
ORDER_INTENT//89//13954,OMOP//OMOP_CONCEPT//4295043,,False,,OMOP_CONCEPT,4295043,,Nursing care coordination,AMSTEL_procedureorderitems_usagi,source_code_omop,high
ORDER_INTENT//87//12802,OMOP//OMOP_CONCEPT//4145643,,False,,OMOP_CONCEPT,4145643,,Procedures relating to splintage and immobilization,AMSTEL_procedureorderitems_usagi,source_code_omop,high
ORDER_INTENT//73//10606,OMOP//OMOP_CONCEPT//4218408,,False,,OMOP_CONCEPT,4218408,,Collection of blood specimen for laboratory,AMSTEL_procedureorderitems_usagi,source_code_omop,high
ORDER_INTENT//101//9367,OMOP//OMOP_CONCEPT//4040401,,False,,OMOP_CONCEPT,4040401,,Procedure on skin,AMSTEL_procedureorderitems_usagi,source_code_omop,high
ORDER_INTENT//73//10605,OMOP//OMOP_CONCEPT//4218408,,False,,OMOP_CONCEPT,4218408,,Collection of blood specimen for laboratory,AMSTEL_procedureorderitems_usagi,source_code_omop,high
ORDER_INTENT//85//9443,OMOP//OMOP_CONCEPT//4302745,,False,,OMOP_CONCEPT,4302745,,Irrigation of urinary bladder,AMSTEL_procedureorderitems_usagi,source_code_omop,high
ORDER_INTENT//73//9500,OMOP//OMOP_CONCEPT//4333821,,False,,OMOP_CONCEPT,4333821,,Cerebrospinal fluid collection,AMSTEL_procedureorderitems_usagi,source_code_omop,high
ORDER_INTENT//73//12392,OMOP//OMOP_CONCEPT//4218408,,False,,OMOP_CONCEPT,4218408,,Collection of blood specimen for laboratory,AMSTEL_procedureorderitems_usagi,source_code_omop,high
ORDER_INTENT//73//9231,OMOP//OMOP_CONCEPT//4218408,,False,,OMOP_CONCEPT,4218408,,Collection of blood specimen for laboratory,AMSTEL_procedureorderitems_usagi,source_code_omop,high
ORDER_INTENT//82//9335,OMOP//OMOP_CONCEPT//4336460,,False,,OMOP_CONCEPT,4336460,,Bronchial suction,AMSTEL_procedureorderitems_usagi,source_code_omop,high
ORDER_INTENT//89//12135,OMOP//OMOP_CONCEPT//761902,,False,,OMOP_CONCEPT,761902,,Anticoagulation medication review,AMSTEL_procedureorderitems_usagi,source_code_omop,high
ORDER_INTENT//82//10591,OMOP//OMOP_CONCEPT//4308797,,False,,OMOP_CONCEPT,4308797,,Trial of spontaneous breathing,AMSTEL_procedureorderitems_usagi,source_code_omop,high
ORDER_INTENT//82//9326,OMOP//OMOP_CONCEPT//4239191,,False,,OMOP_CONCEPT,4239191,,Tracheobronchial suctioning,AMSTEL_procedureorderitems_usagi,source_code_omop,high
ORDER_INTENT//73//12393,OMOP//OMOP_CONCEPT//4218408,,False,,OMOP_CONCEPT,4218408,,Collection of blood specimen for laboratory,AMSTEL_procedureorderitems_usagi,source_code_omop,high
ORDER_INTENT//85//9378,OMOP//OMOP_CONCEPT//4181165,,False,,OMOP_CONCEPT,4181165,,Procedure involving urinary catheter,AMSTEL_procedureorderitems_usagi,source_code_omop,high
ORDER_INTENT//73//15274,OMOP//OMOP_CONCEPT//4218408,,False,,OMOP_CONCEPT,4218408,,Collection of blood specimen for laboratory,AMSTEL_procedureorderitems_usagi,source_code_omop,high
ORDER_INTENT//88//9369,OMOP//OMOP_CONCEPT//4298121,,False,,OMOP_CONCEPT,4298121,,Infection control procedure,AMSTEL_procedureorderitems_usagi,source_code_omop,high
ORDER_INTENT//89//21228,OMOP//OMOP_CONCEPT//4251737,,False,,OMOP_CONCEPT,4251737,,Ventilator care management,AMSTEL_procedureorderitems_usagi,source_code_omop,high
ORDER_INTENT//101//14537,OMOP//OMOP_CONCEPT//4076776,,False,,OMOP_CONCEPT,4076776,,Application of dressing to pressure injury,AMSTEL_procedureorderitems_usagi,source_code_omop,high
ORDER_INTENT//90//9281,OMOP//OMOP_CONCEPT//4076785,,False,,OMOP_CONCEPT,4076785,,Changing stoma appliance pouch,AMSTEL_procedureorderitems_usagi,source_code_omop,high
ORDER_INTENT//82//7928,OMOP//OMOP_CONCEPT//4043669,,False,,OMOP_CONCEPT,4043669,,Aspiration of trachea,AMSTEL_procedureorderitems_usagi,source_code_omop,high
ORDER_INTENT//111//9450,OMOP//OMOP_CONCEPT//44791828,,False,,OMOP_CONCEPT,44791828,,Checking prescription,AMSTEL_procedureorderitems_usagi,source_code_omop,high
ORDER_INTENT//101//12770,OMOP//OMOP_CONCEPT//4021322,,False,,OMOP_CONCEPT,4021322,,Wound assessment,AMSTEL_procedureorderitems_usagi,source_code_omop,high
ORDER_INTENT//73//12394,OMOP//OMOP_CONCEPT//4218408,,False,,OMOP_CONCEPT,4218408,,Collection of blood specimen for laboratory,AMSTEL_procedureorderitems_usagi,source_code_omop,high
ORDER_INTENT//74//19663,OMOP//OMOP_CONCEPT//37117051,,False,,OMOP_CONCEPT,37117051,,Nasal culture for bacteria,AMSTEL_procedureorderitems_usagi,source_code_omop,high
ORDER_INTENT//82//7922,OMOP//OMOP_CONCEPT//4163872,,False,,OMOP_CONCEPT,4163872,,Plain chest X-ray,AMSTEL_procedureorderitems_usagi,source_code_omop,high
ORDER_INTENT//83//19737,OMOP//OMOP_CONCEPT//4285575,,False,,OMOP_CONCEPT,4285575,,Glasgow coma testing and evaluation,AMSTEL_procedureorderitems_usagi,source_code_omop,high
ORDER_INTENT//86//19146,OMOP//OMOP_CONCEPT//0,,False,,OMOP_CONCEPT,0,,Unmapped,AMSTEL_procedureorderitems_usagi,source_code_omop,low
ORDER_INTENT//73//8544,OMOP//OMOP_CONCEPT//4218408,,False,,OMOP_CONCEPT,4218408,,Collection of blood specimen for laboratory,AMSTEL_procedureorderitems_usagi,source_code_omop,high
ORDER_INTENT//105//7949,OMOP//OMOP_CONCEPT//0,,False,,OMOP_CONCEPT,0,,Unmapped,AMSTEL_procedureorderitems_usagi,source_code_omop,low
ORDER_INTENT//74//19664,OMOP//OMOP_CONCEPT//4015189,,False,,OMOP_CONCEPT,4015189,,Microbial culture of sputum,AMSTEL_procedureorderitems_usagi,source_code_omop,high
ORDER_INTENT//90//8490,OMOP//OMOP_CONCEPT//4013485,,False,,OMOP_CONCEPT,4013485,,Replacement of nasogastric tube,AMSTEL_procedureorderitems_usagi,source_code_omop,high
ORDER_INTENT//73//12395,OMOP//OMOP_CONCEPT//4218408,,False,,OMOP_CONCEPT,4218408,,Collection of blood specimen for laboratory,AMSTEL_procedureorderitems_usagi,source_code_omop,high
ORDER_INTENT//101//12980,OMOP//OMOP_CONCEPT//4300828,,False,,OMOP_CONCEPT,4300828,,Wound care management,AMSTEL_procedureorderitems_usagi,source_code_omop,high
ORDER_INTENT//84//10762,OMOP//OMOP_CONCEPT//4172125,,False,,OMOP_CONCEPT,4172125,,Irrigation of gastrostomy,AMSTEL_procedureorderitems_usagi,source_code_omop,high
ORDER_INTENT//105//10742,OMOP//OMOP_CONCEPT//0,,False,,OMOP_CONCEPT,0,,Unmapped,AMSTEL_procedureorderitems_usagi,source_code_omop,low
ORDER_INTENT//73//12428,OMOP//OMOP_CONCEPT//4218408,,False,,OMOP_CONCEPT,4218408,,Collection of blood specimen for laboratory,AMSTEL_procedureorderitems_usagi,source_code_omop,high
ORDER_INTENT//101//8109,OMOP//OMOP_CONCEPT//4021321,,False,,OMOP_CONCEPT,4021321,,Pressure injury assessment,AMSTEL_procedureorderitems_usagi,source_code_omop,high
ORDER_INTENT//89//20255,OMOP//OMOP_CONCEPT//0,,False,,OMOP_CONCEPT,0,,Unmapped,AMSTEL_procedureorderitems_usagi,source_code_omop,low
ORDER_INTENT//74//9194,OMOP//OMOP_CONCEPT//4098503,,False,,OMOP_CONCEPT,4098503,,Cerebrospinal fluid culture,AMSTEL_procedureorderitems_usagi,source_code_omop,high
ORDER_INTENT//89//12437,OMOP//OMOP_CONCEPT//40484194,,False,,OMOP_CONCEPT,40484194,,Assessment using assessment scale,AMSTEL_procedureorderitems_usagi,source_code_omop,high
ORDER_INTENT//90//9282,OMOP//OMOP_CONCEPT//4232412,,False,,OMOP_CONCEPT,4232412,,Change of urinary catheter bag,AMSTEL_procedureorderitems_usagi,source_code_omop,high
ORDER_INTENT//101//8177,OMOP//OMOP_CONCEPT//4030687,,False,,OMOP_CONCEPT,4030687,,Irrigation of abdominal wall,AMSTEL_procedureorderitems_usagi,source_code_omop,high
ORDER_INTENT//89//21240,OMOP//OMOP_CONCEPT//4068410,,False,,OMOP_CONCEPT,4068410,,Remobilization,AMSTEL_procedureorderitems_usagi,source_code_omop,high
ORDER_INTENT//89//9525,OMOP//OMOP_CONCEPT//4300828,,False,,OMOP_CONCEPT,4300828,,Wound care management,AMSTEL_procedureorderitems_usagi,source_code_omop,high
ORDER_INTENT//105//9466,OMOP//OMOP_CONCEPT//4051330,,False,,OMOP_CONCEPT,4051330,,Continuous venovenous hemofiltration,AMSTEL_procedureorderitems_usagi,source_code_omop,high
ORDER_INTENT//81//9344,OMOP//OMOP_CONCEPT//4140976,,False,,OMOP_CONCEPT,4140976,,Check artificial pacemaker for amperage threshold,AMSTEL_procedureorderitems_usagi,source_code_omop,high
ORDER_INTENT//90//13053,OMOP//OMOP_CONCEPT//45760039,,False,,OMOP_CONCEPT,45760039,,Suction system tubing,AMSTEL_procedureorderitems_usagi,source_code_omop,high
ORDER_INTENT//84//9340,OMOP//OMOP_CONCEPT//4314880,,False,,OMOP_CONCEPT,4314880,,Nasoenteric tube irrigation,AMSTEL_procedureorderitems_usagi,source_code_omop,high
ORDER_INTENT//104//9507,OMOP//OMOP_CONCEPT//4126770,,False,,OMOP_CONCEPT,4126770,,Oral irrigation,AMSTEL_procedureorderitems_usagi,source_code_omop,high
ORDER_INTENT//87//9479,OMOP//OMOP_CONCEPT//4021187,,False,,OMOP_CONCEPT,4021187,,Application of antithromboembolic stockings,AMSTEL_procedureorderitems_usagi,source_code_omop,high
ORDER_INTENT//74//9192,OMOP//OMOP_CONCEPT//37392597,,False,,OMOP_CONCEPT,37392597,,Stool culture,AMSTEL_procedureorderitems_usagi,source_code_omop,high
ORDER_INTENT//90//9279,OMOP//OMOP_CONCEPT//3655949,,False,,OMOP_CONCEPT,3655949,,Placement of speaking valve on tracheostomy tube,AMSTEL_procedureorderitems_usagi,source_code_omop,high
ORDER_INTENT//74//9193,OMOP//OMOP_CONCEPT//4189544,,False,,OMOP_CONCEPT,4189544,,Microbial culture,AMSTEL_procedureorderitems_usagi,source_code_omop,high
ORDER_INTENT//90//9352,OMOP//OMOP_CONCEPT//4237474,,False,,OMOP_CONCEPT,4237474,,Parenteral feeding management,AMSTEL_procedureorderitems_usagi,source_code_omop,high
ORDER_INTENT//105//12955,OMOP//OMOP_CONCEPT//0,,False,,OMOP_CONCEPT,0,,Unmapped,AMSTEL_procedureorderitems_usagi,source_code_omop,low
ORDER_INTENT//90//10614,OMOP//OMOP_CONCEPT//4299593,,False,,OMOP_CONCEPT,4299593,,Infusion care management,AMSTEL_procedureorderitems_usagi,source_code_omop,high
ORDER_INTENT//89//9480,OMOP//OMOP_CONCEPT//40491846,,False,,OMOP_CONCEPT,40491846,,Evaluation of endocrine system,AMSTEL_procedureorderitems_usagi,source_code_omop,high
ORDER_INTENT//82//16451,OMOP//OMOP_CONCEPT//3655949,,False,,OMOP_CONCEPT,3655949,,Placement of speaking valve on tracheostomy tube,AMSTEL_procedureorderitems_usagi,source_code_omop,high
ORDER_INTENT//74//9190,OMOP//OMOP_CONCEPT//3009986,,False,,OMOP_CONCEPT,3009986,,Bacteria identified in Catheter tip by Culture,AMSTEL_procedureorderitems_usagi,source_code_omop,high
ORDER_INTENT//81//16902,OMOP//OMOP_CONCEPT//4142475,,False,,OMOP_CONCEPT,4142475,,Intraaortic balloon pump maintenance,AMSTEL_procedureorderitems_usagi,source_code_omop,high
ORDER_INTENT//85//9329,OMOP//OMOP_CONCEPT//4250000,,False,,OMOP_CONCEPT,4250000,,Urethral catheterization,AMSTEL_procedureorderitems_usagi,source_code_omop,high
ORDER_INTENT//101//9522,OMOP//OMOP_CONCEPT//2721071,,False,,OMOP_CONCEPT,2721071,,Removal of sutures; by a physician other than the physician who originally closed the wound,AMSTEL_procedureorderitems_usagi,source_code_omop,high
ORDER_INTENT//81//10434,OMOP//OMOP_CONCEPT//4142475,,False,,OMOP_CONCEPT,4142475,,Intraaortic balloon pump maintenance,AMSTEL_procedureorderitems_usagi,source_code_omop,high
ORDER_INTENT//85//9261,OMOP//OMOP_CONCEPT//0,,False,,OMOP_CONCEPT,0,,Unmapped,AMSTEL_procedureorderitems_usagi,source_code_omop,low
ORDER_INTENT//89//10429,,,False,,,,,,,,unmapped
ORDER_INTENT//82//9330,OMOP//OMOP_CONCEPT//4337732,,False,,OMOP_CONCEPT,4337732,,Deflation of tube cuff,AMSTEL_procedureorderitems_usagi,source_code_omop,high
ORDER_INTENT//87//9314,OMOP//OMOP_CONCEPT//38004490,,False,,OMOP_CONCEPT,38004490,,Physical Therapist,AMSTEL_procedureorderitems_usagi,source_code_omop,high
ORDER_INTENT//84//9510,OMOP//OMOP_CONCEPT//4128873,,False,,OMOP_CONCEPT,4128873,,Insertion of orogastric tube,AMSTEL_procedureorderitems_usagi,source_code_omop,high
ORDER_INTENT//105//9467,OMOP//OMOP_CONCEPT//0,,False,,OMOP_CONCEPT,0,,Unmapped,AMSTEL_procedureorderitems_usagi,source_code_omop,low
ORDER_INTENT//82//9484,OMOP//OMOP_CONCEPT//4150627,,False,,OMOP_CONCEPT,4150627,,Removal of endotracheal tube,AMSTEL_procedureorderitems_usagi,source_code_omop,high
ORDER_INTENT//74//8418,OMOP//OMOP_CONCEPT//4024509,,False,,OMOP_CONCEPT,4024509,,Urine culture,AMSTEL_procedureorderitems_usagi,source_code_omop,high
ORDER_INTENT//81//21111,OMOP//OMOP_CONCEPT//4039895,,False,,OMOP_CONCEPT,4039895,,Measurement of cardiac output,AMSTEL_procedureorderitems_usagi,source_code_omop,high
ORDER_INTENT//73//16051,OMOP//OMOP_CONCEPT//4218408,,False,,OMOP_CONCEPT,4218408,,Collection of blood specimen for laboratory,AMSTEL_procedureorderitems_usagi,source_code_omop,high
ORDER_INTENT//104//20285,OMOP//OMOP_CONCEPT//4306375,,False,,OMOP_CONCEPT,4306375,,Preoperative disinfection of skin,AMSTEL_procedureorderitems_usagi,source_code_omop,low
ORDER_INTENT//88//9598,OMOP//OMOP_CONCEPT//4259233,,False,,OMOP_CONCEPT,4259233,,Ventilator care assessment,AMSTEL_procedureorderitems_usagi,source_code_omop,high
ORDER_INTENT//73//15276,OMOP//OMOP_CONCEPT//4218408,,False,,OMOP_CONCEPT,4218408,,Collection of blood specimen for laboratory,AMSTEL_procedureorderitems_usagi,source_code_omop,high
ORDER_INTENT//73//13158,OMOP//OMOP_CONCEPT//4218408,,False,,OMOP_CONCEPT,4218408,,Collection of blood specimen for laboratory,AMSTEL_procedureorderitems_usagi,source_code_omop,high
ORDER_INTENT//90//9183,OMOP//OMOP_CONCEPT//4304476,,False,,OMOP_CONCEPT,4304476,,Removal of catheter,AMSTEL_procedureorderitems_usagi,source_code_omop,high
ORDER_INTENT//73//9581,OMOP//OMOP_CONCEPT//4218408,,False,,OMOP_CONCEPT,4218408,,Collection of blood specimen for laboratory,AMSTEL_procedureorderitems_usagi,source_code_omop,high
ORDER_INTENT//85//14217,OMOP//OMOP_CONCEPT//45763862,,False,,OMOP_CONCEPT,45763862,,Ultrasonography of urinary bladder for post-void residual volume,AMSTEL_procedureorderitems_usagi,source_code_omop,high
ORDER_INTENT//73//9214,OMOP//OMOP_CONCEPT//4218408,,False,,OMOP_CONCEPT,4218408,,Collection of blood specimen for laboratory,AMSTEL_procedureorderitems_usagi,source_code_omop,high
ORDER_INTENT//101//12917,OMOP//OMOP_CONCEPT//4076776,,False,,OMOP_CONCEPT,4076776,,Application of dressing to pressure injury,AMSTEL_procedureorderitems_usagi,source_code_omop,high
ORDER_INTENT//101//9389,OMOP//OMOP_CONCEPT//38003762,,False,,OMOP_CONCEPT,38003762,,Registered Wound Care Nurse,AMSTEL_procedureorderitems_usagi,source_code_omop,high
ORDER_INTENT//90//9340,,,False,,,,,,,,unmapped
ORDER_INTENT//84//9343,OMOP//OMOP_CONCEPT//4067405,,False,,OMOP_CONCEPT,4067405,,Irrigation of enterostomy,AMSTEL_procedureorderitems_usagi,source_code_omop,high
ORDER_INTENT//104//9339,OMOP//OMOP_CONCEPT//4295189,,False,,OMOP_CONCEPT,4295189,,Eye care assessment,AMSTEL_procedureorderitems_usagi,source_code_omop,high
ORDER_INTENT//88//9579,OMOP//OMOP_CONCEPT//4128881,,False,,OMOP_CONCEPT,4128881,,Selective decontamination of the digestive tract,AMSTEL_procedureorderitems_usagi,source_code_omop,high
ORDER_INTENT//101//12983,OMOP//OMOP_CONCEPT//4300828,,False,,OMOP_CONCEPT,4300828,,Wound care management,AMSTEL_procedureorderitems_usagi,source_code_omop,high
ORDER_INTENT//73//12928,OMOP//OMOP_CONCEPT//4075952,,False,,OMOP_CONCEPT,4075952,,Timed urine collection,AMSTEL_procedureorderitems_usagi,source_code_omop,high
ORDER_INTENT//73//9259,OMOP//OMOP_CONCEPT//4083913,,False,,OMOP_CONCEPT,4083913,,"Urine specimen collection, 24 hours",AMSTEL_procedureorderitems_usagi,source_code_omop,high
ORDER_INTENT//82//9486,OMOP//OMOP_CONCEPT//4153936,,False,,OMOP_CONCEPT,4153936,,Encouragement of deep breathing and coughing exercises,AMSTEL_procedureorderitems_usagi,source_code_omop,high
ORDER_INTENT//90//9300,OMOP//OMOP_CONCEPT//40481977,,False,,OMOP_CONCEPT,40481977,,Change of drainage collection device,AMSTEL_procedureorderitems_usagi,source_code_omop,high
ORDER_INTENT//90//9343,,,False,,,,,,,,unmapped
ORDER_INTENT//104//12263,OMOP//OMOP_CONCEPT//4080807,,False,,OMOP_CONCEPT,4080807,,Application of bandage,AMSTEL_procedureorderitems_usagi,source_code_omop,high
ORDER_INTENT//73//9222,OMOP//OMOP_CONCEPT//4218408,,False,,OMOP_CONCEPT,4218408,,Collection of blood specimen for laboratory,AMSTEL_procedureorderitems_usagi,source_code_omop,high
ORDER_INTENT//101//12900,OMOP//OMOP_CONCEPT//4076776,,False,,OMOP_CONCEPT,4076776,,Application of dressing to pressure injury,AMSTEL_procedureorderitems_usagi,source_code_omop,high
ORDER_INTENT//73//12929,OMOP//OMOP_CONCEPT//37115752,,False,,OMOP_CONCEPT,37115752,,Timed stool collection,AMSTEL_procedureorderitems_usagi,source_code_omop,high
ORDER_INTENT//73//10435,OMOP//OMOP_CONCEPT//4218408,,False,,OMOP_CONCEPT,4218408,,Collection of blood specimen for laboratory,AMSTEL_procedureorderitems_usagi,source_code_omop,high
ORDER_INTENT//89//14610,OMOP//OMOP_CONCEPT//40484194,,False,,OMOP_CONCEPT,40484194,,Assessment using assessment scale,AMSTEL_procedureorderitems_usagi,source_code_omop,high
ORDER_INTENT//73//10438,OMOP//OMOP_CONCEPT//4218408,,False,,OMOP_CONCEPT,4218408,,Collection of blood specimen for laboratory,AMSTEL_procedureorderitems_usagi,source_code_omop,high
ORDER_INTENT//84//10733,OMOP//OMOP_CONCEPT//2007961,,False,,OMOP_CONCEPT,2007961,,Irrigation of gastrostomy or enterostomy,AMSTEL_procedureorderitems_usagi,source_code_omop,high
ORDER_INTENT//74//9200,OMOP//OMOP_CONCEPT//3003714,,False,,OMOP_CONCEPT,3003714,,Bacteria identified in Wound by Culture,AMSTEL_procedureorderitems_usagi,source_code_omop,high
ORDER_INTENT//82//9435,OMOP//OMOP_CONCEPT//45767337,,False,,OMOP_CONCEPT,45767337,,CPAP/BPAP oral mask,AMSTEL_procedureorderitems_usagi,source_code_omop,high
ORDER_INTENT//103//9371,OMOP//OMOP_CONCEPT//4180938,,False,,OMOP_CONCEPT,4180938,,Imaging,AMSTEL_procedureorderitems_usagi,source_code_omop,high
ORDER_INTENT//81//19889,OMOP//OMOP_CONCEPT//4074342,,False,,OMOP_CONCEPT,4074342,,Checking dressing for leakage,AMSTEL_procedureorderitems_usagi,source_code_omop,high
ORDER_INTENT//86//9606,OMOP//OMOP_CONCEPT//45769370,,False,,OMOP_CONCEPT,45769370,,Multidisciplinary review,AMSTEL_procedureorderitems_usagi,source_code_omop,high
ORDER_INTENT//90//15776,OMOP//OMOP_CONCEPT//4300828,,False,,OMOP_CONCEPT,4300828,,Wound care management,AMSTEL_procedureorderitems_usagi,source_code_omop,high
ORDER_INTENT//90//16906,OMOP//OMOP_CONCEPT//4013485,,False,,OMOP_CONCEPT,4013485,,Replacement of nasogastric tube,AMSTEL_procedureorderitems_usagi,source_code_omop,high
ORDER_INTENT//73//9212,OMOP//OMOP_CONCEPT//4218408,,False,,OMOP_CONCEPT,4218408,,Collection of blood specimen for laboratory,AMSTEL_procedureorderitems_usagi,source_code_omop,high
ORDER_INTENT//103//9372,OMOP//OMOP_CONCEPT//4056685,,False,,OMOP_CONCEPT,4056685,,Plain X-ray facial sinuses,AMSTEL_procedureorderitems_usagi,source_code_omop,high
ORDER_INTENT//73//10607,OMOP//OMOP_CONCEPT//4218408,,False,,OMOP_CONCEPT,4218408,,Collection of blood specimen for laboratory,AMSTEL_procedureorderitems_usagi,source_code_omop,high
ORDER_INTENT//87//9490,OMOP//OMOP_CONCEPT//4145643,,False,,OMOP_CONCEPT,4145643,,Procedures relating to splintage and immobilization,AMSTEL_procedureorderitems_usagi,source_code_omop,high
ORDER_INTENT//85//9442,OMOP//OMOP_CONCEPT//4075951,,False,,OMOP_CONCEPT,4075951,,Intermittent urethral catheterization,AMSTEL_procedureorderitems_usagi,source_code_omop,high
ORDER_INTENT//83//9432,OMOP//OMOP_CONCEPT//40480653,,False,,OMOP_CONCEPT,40480653,,Assessment of consciousness level,AMSTEL_procedureorderitems_usagi,source_code_omop,high
ORDER_INTENT//89//9479,,,False,,,,,,,,unmapped
ORDER_INTENT//87//9488,OMOP//OMOP_CONCEPT//4302381,,False,,OMOP_CONCEPT,4302381,,Physical restraint,AMSTEL_procedureorderitems_usagi,source_code_omop,high
ORDER_INTENT//90//9290,OMOP//OMOP_CONCEPT//45760039,,False,,OMOP_CONCEPT,45760039,,Suction system tubing,AMSTEL_procedureorderitems_usagi,source_code_omop,high
ORDER_INTENT//101//12989,OMOP//OMOP_CONCEPT//38003762,,False,,OMOP_CONCEPT,38003762,,Registered Wound Care Nurse,AMSTEL_procedureorderitems_usagi,source_code_omop,high
ORDER_INTENT//90//9589,OMOP//OMOP_CONCEPT//4220938,,False,,OMOP_CONCEPT,4220938,,Clamping of thoracic drain,AMSTEL_procedureorderitems_usagi,source_code_omop,high
ORDER_INTENT//81//12688,OMOP//OMOP_CONCEPT//40480251,,False,,OMOP_CONCEPT,40480251,,Removal of pressure bandage,AMSTEL_procedureorderitems_usagi,source_code_omop,high
ORDER_INTENT//84//12939,OMOP//OMOP_CONCEPT//4265034,,False,,OMOP_CONCEPT,4265034,,Giving patient an enema,AMSTEL_procedureorderitems_usagi,source_code_omop,high
ORDER_INTENT//81//8545,OMOP//OMOP_CONCEPT//4257959,,False,,OMOP_CONCEPT,4257959,,Temperature taking assessment,AMSTEL_procedureorderitems_usagi,source_code_omop,high
ORDER_INTENT//104//9428,OMOP//OMOP_CONCEPT//4084191,,False,,OMOP_CONCEPT,4084191,,Use of aids for daily life,AMSTEL_procedureorderitems_usagi,source_code_omop,high
ORDER_INTENT//73//9209,OMOP//OMOP_CONCEPT//4218408,,False,,OMOP_CONCEPT,4218408,,Collection of blood specimen for laboratory,AMSTEL_procedureorderitems_usagi,source_code_omop,high
ORDER_INTENT//81//9363,OMOP//OMOP_CONCEPT//4335825,,False,,OMOP_CONCEPT,4335825,,Transthoracic echocardiography,AMSTEL_procedureorderitems_usagi,source_code_omop,high
ORDER_INTENT//74//9191,OMOP//OMOP_CONCEPT//3008334,,False,,OMOP_CONCEPT,3008334,,Bacteria identified in Drain by Aerobe culture,AMSTEL_procedureorderitems_usagi,source_code_omop,high
ORDER_INTENT//104//12264,OMOP//OMOP_CONCEPT//40480251,,False,,OMOP_CONCEPT,40480251,,Removal of pressure bandage,AMSTEL_procedureorderitems_usagi,source_code_omop,high
ORDER_INTENT//81//10611,OMOP//OMOP_CONCEPT//4218408,,False,,OMOP_CONCEPT,4218408,,Collection of blood specimen for laboratory,AMSTEL_procedureorderitems_usagi,source_code_omop,high
ORDER_INTENT//73//10753,OMOP//OMOP_CONCEPT//4218408,,False,,OMOP_CONCEPT,4218408,,Collection of blood specimen for laboratory,AMSTEL_procedureorderitems_usagi,source_code_omop,high
ORDER_INTENT//85//9528,OMOP//OMOP_CONCEPT//2007983,,False,,OMOP_CONCEPT,2007983,,Irrigation of other indwelling urinary catheter,AMSTEL_procedureorderitems_usagi,source_code_omop,high
ORDER_INTENT//84//9509,OMOP//OMOP_CONCEPT//4302911,,False,,OMOP_CONCEPT,4302911,,Insertion of nasogastric tube for intestinal decompression,AMSTEL_procedureorderitems_usagi,source_code_omop,high
ORDER_INTENT//74//9205,OMOP//OMOP_CONCEPT//4196406,,False,,OMOP_CONCEPT,4196406,,Legionella rapid microagglutination test,AMSTEL_procedureorderitems_usagi,source_code_omop,high
ORDER_INTENT//84//9567,OMOP//OMOP_CONCEPT//46271823,,False,,OMOP_CONCEPT,46271823,,Management of stoma care,AMSTEL_procedureorderitems_usagi,source_code_omop,high
ORDER_INTENT//81//8502,OMOP//OMOP_CONCEPT//4039895,,False,,OMOP_CONCEPT,4039895,,Measurement of cardiac output,AMSTEL_procedureorderitems_usagi,source_code_omop,high
ORDER_INTENT//82//9515,OMOP//OMOP_CONCEPT//4184987,,False,,OMOP_CONCEPT,4184987,,Nasotracheal aspiration,AMSTEL_procedureorderitems_usagi,source_code_omop,high
ORDER_INTENT//85//12780,OMOP//OMOP_CONCEPT//4083913,,False,,OMOP_CONCEPT,4083913,,"Urine specimen collection, 24 hours",AMSTEL_procedureorderitems_usagi,source_code_omop,high
ORDER_INTENT//90//9588,OMOP//OMOP_CONCEPT//2615271,,False,,OMOP_CONCEPT,2615271,,Water seal drainage container and tubing for use with implanted chest tube,AMSTEL_procedureorderitems_usagi,source_code_omop,low
ORDER_INTENT//87//9390,OMOP//OMOP_CONCEPT//38004492,,False,,OMOP_CONCEPT,38004492,,Occupational Therapy,AMSTEL_procedureorderitems_usagi,source_code_omop,high
ORDER_INTENT//73//9265,OMOP//OMOP_CONCEPT//4218408,,False,,OMOP_CONCEPT,4218408,,Collection of blood specimen for laboratory,AMSTEL_procedureorderitems_usagi,source_code_omop,high
ORDER_INTENT//88//10621,OMOP//OMOP_CONCEPT//4077521,,False,,OMOP_CONCEPT,4077521,,Isolation nursing,AMSTEL_procedureorderitems_usagi,source_code_omop,high
ORDER_INTENT//81//16679,OMOP//OMOP_CONCEPT//4177682,,False,,OMOP_CONCEPT,4177682,,Biphasic defibrillation procedure,AMSTEL_procedureorderitems_usagi,source_code_omop,high
ORDER_INTENT//104//9375,OMOP//OMOP_CONCEPT//4062781,,False,,OMOP_CONCEPT,4062781,,Care of hair,AMSTEL_procedureorderitems_usagi,source_code_omop,high
ORDER_INTENT//82//9476,OMOP//OMOP_CONCEPT//4202832,,False,,OMOP_CONCEPT,4202832,,Intubation,AMSTEL_procedureorderitems_usagi,source_code_omop,high
ORDER_INTENT//116//20157,OMOP//OMOP_CONCEPT//37208880,,False,,OMOP_CONCEPT,37208880,,Assessment using SNAQ (Simplified Nutritional Appetite Questionnaire),AMSTEL_procedureorderitems_usagi,source_code_omop,high
ORDER_INTENT//73//8101,OMOP//OMOP_CONCEPT//4218408,,False,,OMOP_CONCEPT,4218408,,Collection of blood specimen for laboratory,AMSTEL_procedureorderitems_usagi,source_code_omop,high
ORDER_INTENT//73//14208,OMOP//OMOP_CONCEPT//4218408,,False,,OMOP_CONCEPT,4218408,,Collection of blood specimen for laboratory,AMSTEL_procedureorderitems_usagi,source_code_omop,high
ORDER_INTENT//73//12134,OMOP//OMOP_CONCEPT//4218408,,False,,OMOP_CONCEPT,4218408,,Collection of blood specimen for laboratory,AMSTEL_procedureorderitems_usagi,source_code_omop,high
ORDER_INTENT//84//9253,OMOP//OMOP_CONCEPT//4294382,,False,,OMOP_CONCEPT,4294382,,Esophagogastroduodenoscopy,AMSTEL_procedureorderitems_usagi,source_code_omop,high
ORDER_INTENT//89//9259,,,False,,,,,,,,unmapped
ORDER_INTENT//73//10437,OMOP//OMOP_CONCEPT//4218408,,False,,OMOP_CONCEPT,4218408,,Collection of blood specimen for laboratory,AMSTEL_procedureorderitems_usagi,source_code_omop,high
ORDER_INTENT//73//9208,OMOP//OMOP_CONCEPT//4218408,,False,,OMOP_CONCEPT,4218408,,Collection of blood specimen for laboratory,AMSTEL_procedureorderitems_usagi,source_code_omop,high
ORDER_INTENT//90//16852,OMOP//OMOP_CONCEPT//4251737,,False,,OMOP_CONCEPT,4251737,,Ventilator care management,AMSTEL_procedureorderitems_usagi,source_code_omop,high
ORDER_INTENT//90//9592,OMOP//OMOP_CONCEPT//4164516,,False,,OMOP_CONCEPT,4164516,,Suction drainage,AMSTEL_procedureorderitems_usagi,source_code_omop,high
ORDER_INTENT//87//21080,OMOP//OMOP_CONCEPT//40480228,,False,,OMOP_CONCEPT,40480228,,Removal of antithromboembolic stockings,AMSTEL_procedureorderitems_usagi,source_code_omop,high
ORDER_INTENT//90//8491,OMOP//OMOP_CONCEPT//4062183,,False,,OMOP_CONCEPT,4062183,,Replacement of urinary catheter,AMSTEL_procedureorderitems_usagi,source_code_omop,high
ORDER_INTENT//81//9255,OMOP//OMOP_CONCEPT//4019824,,False,,OMOP_CONCEPT,4019824,,Transesophageal echocardiography,AMSTEL_procedureorderitems_usagi,source_code_omop,high
ORDER_INTENT//82//20714,OMOP//OMOP_CONCEPT//4196006,,False,,OMOP_CONCEPT,4196006,,Placing subject in prone position,AMSTEL_procedureorderitems_usagi,source_code_omop,high
ORDER_INTENT//89//9434,OMOP//OMOP_CONCEPT//0,,False,,OMOP_CONCEPT,0,,Unmapped,AMSTEL_procedureorderitems_usagi,source_code_omop,low
ORDER_INTENT//81//16089,OMOP//OMOP_CONCEPT//4078793,,False,,OMOP_CONCEPT,4078793,,Direct current cardioversion,AMSTEL_procedureorderitems_usagi,source_code_omop,high
ORDER_INTENT//103//9257,OMOP//OMOP_CONCEPT//4303684,,False,,OMOP_CONCEPT,4303684,,US scan of upper abdomen,AMSTEL_procedureorderitems_usagi,source_code_omop,high
ORDER_INTENT//89//10749,OMOP//OMOP_CONCEPT//42537948,,False,,OMOP_CONCEPT,42537948,,Management of vaginal blood loss,AMSTEL_procedureorderitems_usagi,source_code_omop,high
ORDER_INTENT//89//20289,OMOP//OMOP_CONCEPT//37312086,,False,,OMOP_CONCEPT,37312086,,Fasting,AMSTEL_procedureorderitems_usagi,source_code_omop,high
ORDER_INTENT//86//9391,OMOP//OMOP_CONCEPT//38003625,,False,,OMOP_CONCEPT,38003625,,Mental Health Counselor,AMSTEL_procedureorderitems_usagi,source_code_omop,high
ORDER_INTENT//89//14689,OMOP//OMOP_CONCEPT//4038867,,False,,OMOP_CONCEPT,4038867,,Reality orientation,AMSTEL_procedureorderitems_usagi,source_code_omop,high
ORDER_INTENT//81//16094,OMOP//OMOP_CONCEPT//4078793,,False,,OMOP_CONCEPT,4078793,,Direct current cardioversion,AMSTEL_procedureorderitems_usagi,source_code_omop,high
ORDER_INTENT//89//15141,OMOP//OMOP_CONCEPT//4256354,,False,,OMOP_CONCEPT,4256354,,Nursing care/supplementary case management,AMSTEL_procedureorderitems_usagi,source_code_omop,high
ORDER_INTENT//89//9392,,,False,,,,,,,,unmapped
ORDER_INTENT//90//9293,OMOP//OMOP_CONCEPT//4022792,,False,,OMOP_CONCEPT,4022792,,Removal of central venous line,AMSTEL_procedureorderitems_usagi,source_code_omop,high
ORDER_INTENT//82//9493,OMOP//OMOP_CONCEPT//4297085,,False,,OMOP_CONCEPT,4297085,,Respiratory tract evaluation,AMSTEL_procedureorderitems_usagi,source_code_omop,high
ORDER_INTENT//103//8538,OMOP//OMOP_CONCEPT//4057900,,False,,OMOP_CONCEPT,4057900,,Plain X-ray abdomen,AMSTEL_procedureorderitems_usagi,source_code_omop,high
ORDER_INTENT//105//20711,OMOP//OMOP_CONCEPT//36716435,,False,,OMOP_CONCEPT,36716435,,Management of central venous catheter,AMSTEL_procedureorderitems_usagi,source_code_omop,high
ORDER_INTENT//73//10436,OMOP//OMOP_CONCEPT//4218408,,False,,OMOP_CONCEPT,4218408,,Collection of blood specimen for laboratory,AMSTEL_procedureorderitems_usagi,source_code_omop,high
ORDER_INTENT//104//9487,OMOP//OMOP_CONCEPT//37397191,,False,,OMOP_CONCEPT,37397191,,Neurological system care management,AMSTEL_procedureorderitems_usagi,source_code_omop,high
ORDER_INTENT//89//20288,OMOP//OMOP_CONCEPT//3044649,,False,,OMOP_CONCEPT,3044649,,Blood type and Indirect antibody screen panel - Blood,AMSTEL_procedureorderitems_usagi,source_code_omop,high
ORDER_INTENT//74//9203,OMOP//OMOP_CONCEPT//4024958,,False,,OMOP_CONCEPT,4024958,,Throat culture,AMSTEL_procedureorderitems_usagi,source_code_omop,high
ORDER_INTENT//103//8029,OMOP//OMOP_CONCEPT//4300757,,False,,OMOP_CONCEPT,4300757,,Computed tomography,AMSTEL_procedureorderitems_usagi,source_code_omop,high
ORDER_INTENT//82//10617,OMOP//OMOP_CONCEPT//46271394,,False,,OMOP_CONCEPT,46271394,,Assessment of respiratory status using monitoring device,AMSTEL_procedureorderitems_usagi,source_code_omop,high
ORDER_INTENT//104//9427,OMOP//OMOP_CONCEPT//4154551,,False,,OMOP_CONCEPT,4154551,,Activities of daily living management,AMSTEL_procedureorderitems_usagi,source_code_omop,high
ORDER_INTENT//86//9308,OMOP//OMOP_CONCEPT//38004469,,False,,OMOP_CONCEPT,38004469,,Psychiatry,AMSTEL_procedureorderitems_usagi,source_code_omop,high
ORDER_INTENT//85//9433,OMOP//OMOP_CONCEPT//4301678,,False,,OMOP_CONCEPT,4301678,,Bladder training management,AMSTEL_procedureorderitems_usagi,source_code_omop,high
ORDER_INTENT//101//9316,OMOP//OMOP_CONCEPT//38004452,,False,,OMOP_CONCEPT,38004452,,Dermatology,AMSTEL_procedureorderitems_usagi,source_code_omop,high
ORDER_INTENT//84//9511,OMOP//OMOP_CONCEPT//4080799,,False,,OMOP_CONCEPT,4080799,,Gastrointestinal decompression,AMSTEL_procedureorderitems_usagi,source_code_omop,high
ORDER_INTENT//82//9516,OMOP//OMOP_CONCEPT//4155151,,False,,OMOP_CONCEPT,4155151,,Oxygen administration by nasal cannula,AMSTEL_procedureorderitems_usagi,source_code_omop,high
ORDER_INTENT//73//9266,OMOP//OMOP_CONCEPT//4218408,,False,,OMOP_CONCEPT,4218408,,Collection of blood specimen for laboratory,AMSTEL_procedureorderitems_usagi,source_code_omop,high
ORDER_INTENT//104//9567,,,False,,,,,,,,unmapped
ORDER_INTENT//83//9247,OMOP//OMOP_CONCEPT//4181917,,False,,OMOP_CONCEPT,4181917,,Electroencephalogram,AMSTEL_procedureorderitems_usagi,source_code_omop,high
ORDER_INTENT//103//8540,OMOP//OMOP_CONCEPT//4061009,,False,,OMOP_CONCEPT,4061009,,CT of abdomen,AMSTEL_procedureorderitems_usagi,source_code_omop,high
ORDER_INTENT//89//9319,OMOP//OMOP_CONCEPT//38003902,,False,,OMOP_CONCEPT,38003902,,Gynecology,AMSTEL_procedureorderitems_usagi,source_code_omop,high
ORDER_INTENT//90//9278,OMOP//OMOP_CONCEPT//4295069,,False,,OMOP_CONCEPT,4295069,,Tracheostomy care,AMSTEL_procedureorderitems_usagi,source_code_omop,high
ORDER_INTENT//81//16684,OMOP//OMOP_CONCEPT//4078793,,False,,OMOP_CONCEPT,4078793,,Direct current cardioversion,AMSTEL_procedureorderitems_usagi,source_code_omop,high
ORDER_INTENT//83//8542,OMOP//OMOP_CONCEPT//4145739,,False,,OMOP_CONCEPT,4145739,,CT of brain,AMSTEL_procedureorderitems_usagi,source_code_omop,high
ORDER_INTENT//74//8588,OMOP//OMOP_CONCEPT//1761466,,False,,OMOP_CONCEPT,1761466,,Staph aureus and MRSA screening panel - Specimen by Organism specific culture,AMSTEL_procedureorderitems_usagi,source_code_omop,high
ORDER_INTENT//84//9313,OMOP//OMOP_CONCEPT//38003690,,False,,OMOP_CONCEPT,38003690,,Registered Dietitian,AMSTEL_procedureorderitems_usagi,source_code_omop,high
ORDER_INTENT//82//9252,OMOP//OMOP_CONCEPT//4032404,,False,,OMOP_CONCEPT,4032404,,Bronchoscopy,AMSTEL_procedureorderitems_usagi,source_code_omop,high
ORDER_INTENT//87//9489,OMOP//OMOP_CONCEPT//37397188,,False,,OMOP_CONCEPT,37397188,,Trunk restraint,AMSTEL_procedureorderitems_usagi,source_code_omop,high
ORDER_INTENT//73//10609,OMOP//OMOP_CONCEPT//4218408,,False,,OMOP_CONCEPT,4218408,,Collection of blood specimen for laboratory,AMSTEL_procedureorderitems_usagi,source_code_omop,high
ORDER_INTENT//101//12981,OMOP//OMOP_CONCEPT//4300828,,False,,OMOP_CONCEPT,4300828,,Wound care management,AMSTEL_procedureorderitems_usagi,source_code_omop,high
ORDER_INTENT//81//21193,OMOP//OMOP_CONCEPT//4021177,,False,,OMOP_CONCEPT,4021177,,Assessment of fluid loss from wound,AMSTEL_procedureorderitems_usagi,source_code_omop,low
ORDER_INTENT//82//20713,OMOP//OMOP_CONCEPT//4262010,,False,,OMOP_CONCEPT,4262010,,Tracheostomy care management,AMSTEL_procedureorderitems_usagi,source_code_omop,high
ORDER_INTENT//89//20286,OMOP//OMOP_CONCEPT//44806679,,False,,OMOP_CONCEPT,44806679,,Pre-operative check,AMSTEL_procedureorderitems_usagi,source_code_omop,high
ORDER_INTENT//89//9303,OMOP//OMOP_CONCEPT//38004449,,False,,OMOP_CONCEPT,38004449,,Otolaryngology,AMSTEL_procedureorderitems_usagi,source_code_omop,high
ORDER_INTENT//82//16945,OMOP//OMOP_CONCEPT//4103523,,False,,OMOP_CONCEPT,4103523,,Laryngoscopy,AMSTEL_procedureorderitems_usagi,source_code_omop,high
ORDER_INTENT//84//9395,OMOP//OMOP_CONCEPT//4139219,,False,,OMOP_CONCEPT,4139219,,Under care of hospital-based dietitian,AMSTEL_procedureorderitems_usagi,source_code_omop,high
ORDER_INTENT//89//20161,OMOP//OMOP_CONCEPT//4265599,,False,,OMOP_CONCEPT,4265599,,Patient transfer to intensive care unit,AMSTEL_procedureorderitems_usagi,source_code_omop,high
ORDER_INTENT//89//10748,OMOP//OMOP_CONCEPT//4168236,,False,,OMOP_CONCEPT,4168236,,Evaluation of uterine fundal height,AMSTEL_procedureorderitems_usagi,source_code_omop,high
ORDER_INTENT//105//9473,OMOP//OMOP_CONCEPT//0,,False,,OMOP_CONCEPT,0,,Unmapped,AMSTEL_procedureorderitems_usagi,source_code_omop,low
ORDER_INTENT//74//9195,OMOP//OMOP_CONCEPT//37117051,,False,,OMOP_CONCEPT,37117051,,Nasal culture for bacteria,AMSTEL_procedureorderitems_usagi,source_code_omop,high
ORDER_INTENT//89//9304,OMOP//OMOP_CONCEPT//38004447,,False,,OMOP_CONCEPT,38004447,,General Surgery,AMSTEL_procedureorderitems_usagi,source_code_omop,high
ORDER_INTENT//89//9440,OMOP//OMOP_CONCEPT//4254899,,False,,OMOP_CONCEPT,4254899,,Dietary regime management,AMSTEL_procedureorderitems_usagi,source_code_omop,high
ORDER_INTENT//104//9517,OMOP//OMOP_CONCEPT//4083093,,False,,OMOP_CONCEPT,4083093,,Taping of eyelid,AMSTEL_procedureorderitems_usagi,source_code_omop,high
ORDER_INTENT//83//9260,OMOP//OMOP_CONCEPT//4080549,,False,,OMOP_CONCEPT,4080549,,Lumbar puncture,AMSTEL_procedureorderitems_usagi,source_code_omop,high
ORDER_INTENT//82//16944,OMOP//OMOP_CONCEPT//4083066,,False,,OMOP_CONCEPT,4083066,,Drainage of pleural cavity,AMSTEL_procedureorderitems_usagi,source_code_omop,high
ORDER_INTENT//84//9251,OMOP//OMOP_CONCEPT//4249893,,False,,OMOP_CONCEPT,4249893,,Colonoscopy,AMSTEL_procedureorderitems_usagi,source_code_omop,high
ORDER_INTENT//83//19736,OMOP//OMOP_CONCEPT//40480653,,False,,OMOP_CONCEPT,40480653,,Assessment of consciousness level,AMSTEL_procedureorderitems_usagi,source_code_omop,high
ORDER_INTENT//83//9306,OMOP//OMOP_CONCEPT//38004459,,False,,OMOP_CONCEPT,38004459,,Neurosurgery,AMSTEL_procedureorderitems_usagi,source_code_omop,high
ORDER_INTENT//73//10608,OMOP//OMOP_CONCEPT//4218408,,False,,OMOP_CONCEPT,4218408,,Collection of blood specimen for laboratory,AMSTEL_procedureorderitems_usagi,source_code_omop,high
ORDER_INTENT//81//9600,OMOP//OMOP_CONCEPT//4190336,,False,,OMOP_CONCEPT,4190336,,Application of pressure bandage,AMSTEL_procedureorderitems_usagi,source_code_omop,high
ORDER_INTENT//90//9286,OMOP//OMOP_CONCEPT//37396812,,False,,OMOP_CONCEPT,37396812,,Arterial catheter care management,AMSTEL_procedureorderitems_usagi,source_code_omop,high
ORDER_INTENT//101//12984,OMOP//OMOP_CONCEPT//4300828,,False,,OMOP_CONCEPT,4300828,,Wound care management,AMSTEL_procedureorderitems_usagi,source_code_omop,high
ORDER_INTENT//90//9505,OMOP//OMOP_CONCEPT//4251737,,False,,OMOP_CONCEPT,4251737,,Ventilator care management,AMSTEL_procedureorderitems_usagi,source_code_omop,high
ORDER_INTENT//89//20287,OMOP//OMOP_CONCEPT//45770076,,False,,OMOP_CONCEPT,45770076,,Anticoagulant medication review,AMSTEL_procedureorderitems_usagi,source_code_omop,high
ORDER_INTENT//103//8543,,,False,,,,,,,,unmapped
ORDER_INTENT//90//9503,OMOP//OMOP_CONCEPT//4237467,,False,,OMOP_CONCEPT,4237467,,Gastric care management,AMSTEL_procedureorderitems_usagi,source_code_omop,high
ORDER_INTENT//74//9202,OMOP//OMOP_CONCEPT//3025037,,False,,OMOP_CONCEPT,3025037,,Bacteria identified in Peritoneal fluid by Culture,AMSTEL_procedureorderitems_usagi,source_code_omop,high
ORDER_INTENT//83//9301,OMOP//OMOP_CONCEPT//38004458,,False,,OMOP_CONCEPT,38004458,,Neurology,AMSTEL_procedureorderitems_usagi,source_code_omop,high
ORDER_INTENT//101//9438,OMOP//OMOP_CONCEPT//38003762,,False,,OMOP_CONCEPT,38003762,,Registered Wound Care Nurse,AMSTEL_procedureorderitems_usagi,source_code_omop,high
ORDER_INTENT//89//12421,OMOP//OMOP_CONCEPT//4203429,,False,,OMOP_CONCEPT,4203429,,Induction of hypothermia,AMSTEL_procedureorderitems_usagi,source_code_omop,high
ORDER_INTENT//87//9310,OMOP//OMOP_CONCEPT//38004016,,False,,OMOP_CONCEPT,38004016,,Trauma Surgery,AMSTEL_procedureorderitems_usagi,source_code_omop,high
ORDER_INTENT//84//9526,OMOP//OMOP_CONCEPT//4128873,,False,,OMOP_CONCEPT,4128873,,Insertion of orogastric tube,AMSTEL_procedureorderitems_usagi,source_code_omop,high
ORDER_INTENT//90//9294,OMOP//OMOP_CONCEPT//4206920,,False,,OMOP_CONCEPT,4206920,,Nebulizer therapy,AMSTEL_procedureorderitems_usagi,source_code_omop,high
ORDER_INTENT//101//12986,OMOP//OMOP_CONCEPT//4300828,,False,,OMOP_CONCEPT,4300828,,Wound care management,AMSTEL_procedureorderitems_usagi,source_code_omop,high
ORDER_INTENT//103//8542,,,False,,,,,,,,unmapped
ORDER_INTENT//90//9298,OMOP//OMOP_CONCEPT//763493,,False,,OMOP_CONCEPT,763493,,Management of route of parenteral nutrition,AMSTEL_procedureorderitems_usagi,source_code_omop,high
ORDER_INTENT//73//12409,OMOP//OMOP_CONCEPT//4218408,,False,,OMOP_CONCEPT,4218408,,Collection of blood specimen for laboratory,AMSTEL_procedureorderitems_usagi,source_code_omop,high
ORDER_INTENT//101//12905,OMOP//OMOP_CONCEPT//4076776,,False,,OMOP_CONCEPT,4076776,,Application of dressing to pressure injury,AMSTEL_procedureorderitems_usagi,source_code_omop,high
ORDER_INTENT//89//9341,OMOP//OMOP_CONCEPT//4147691,,False,,OMOP_CONCEPT,4147691,,Removal of suture,AMSTEL_procedureorderitems_usagi,source_code_omop,high
ORDER_INTENT//90//9504,OMOP//OMOP_CONCEPT//4299593,,False,,OMOP_CONCEPT,4299593,,Infusion care management,AMSTEL_procedureorderitems_usagi,source_code_omop,high
ORDER_INTENT//101//12903,OMOP//OMOP_CONCEPT//4076776,,False,,OMOP_CONCEPT,4076776,,Application of dressing to pressure injury,AMSTEL_procedureorderitems_usagi,source_code_omop,high
ORDER_INTENT//81//19357,OMOP//OMOP_CONCEPT//4177682,,False,,OMOP_CONCEPT,4177682,,Biphasic defibrillation procedure,AMSTEL_procedureorderitems_usagi,source_code_omop,high
ORDER_INTENT//83//9392,OMOP//OMOP_CONCEPT//38004460,,False,,OMOP_CONCEPT,38004460,,Speech Language Pathology,AMSTEL_procedureorderitems_usagi,source_code_omop,high
ORDER_INTENT//90//9354,OMOP//OMOP_CONCEPT//4062183,,False,,OMOP_CONCEPT,4062183,,Replacement of urinary catheter,AMSTEL_procedureorderitems_usagi,source_code_omop,high
ORDER_INTENT//101//12920,OMOP//OMOP_CONCEPT//4076776,,False,,OMOP_CONCEPT,4076776,,Application of dressing to pressure injury,AMSTEL_procedureorderitems_usagi,source_code_omop,high
ORDER_INTENT//103//16359,OMOP//OMOP_CONCEPT//4233528,,False,,OMOP_CONCEPT,4233528,,Anesthesia for MRI scan,AMSTEL_procedureorderitems_usagi,source_code_omop,high
ORDER_INTENT//82//9497,OMOP//OMOP_CONCEPT//4323763,,False,,OMOP_CONCEPT,4323763,,Oxygen administration by Venturi mask,AMSTEL_procedureorderitems_usagi,source_code_omop,high
ORDER_INTENT//87//14136,OMOP//OMOP_CONCEPT//38004468,,False,,OMOP_CONCEPT,38004468,,Physical Medicine And Rehabilitation,AMSTEL_procedureorderitems_usagi,source_code_omop,high
ORDER_INTENT//89//8548,OMOP//OMOP_CONCEPT//44808528,,False,,OMOP_CONCEPT,44808528,,Critical care pre-discharge assessment,AMSTEL_procedureorderitems_usagi,source_code_omop,high
ORDER_INTENT//82//20712,OMOP//OMOP_CONCEPT//4262010,,False,,OMOP_CONCEPT,4262010,,Tracheostomy care management,AMSTEL_procedureorderitems_usagi,source_code_omop,high
ORDER_INTENT//89//14692,OMOP//OMOP_CONCEPT//40480653,,False,,OMOP_CONCEPT,40480653,,Assessment of consciousness level,AMSTEL_procedureorderitems_usagi,source_code_omop,high
ORDER_INTENT//73//12410,OMOP//OMOP_CONCEPT//4218408,,False,,OMOP_CONCEPT,4218408,,Collection of blood specimen for laboratory,AMSTEL_procedureorderitems_usagi,source_code_omop,high
ORDER_INTENT//73//12417,OMOP//OMOP_CONCEPT//4218408,,False,,OMOP_CONCEPT,4218408,,Collection of blood specimen for laboratory,AMSTEL_procedureorderitems_usagi,source_code_omop,high
ORDER_INTENT//73//12631,OMOP//OMOP_CONCEPT//4218408,,False,,OMOP_CONCEPT,4218408,,Collection of blood specimen for laboratory,AMSTEL_procedureorderitems_usagi,source_code_omop,high
ORDER_INTENT//101//12906,OMOP//OMOP_CONCEPT//4076776,,False,,OMOP_CONCEPT,4076776,,Application of dressing to pressure injury,AMSTEL_procedureorderitems_usagi,source_code_omop,high
ORDER_INTENT//73//12411,OMOP//OMOP_CONCEPT//4218408,,False,,OMOP_CONCEPT,4218408,,Collection of blood specimen for laboratory,AMSTEL_procedureorderitems_usagi,source_code_omop,high
ORDER_INTENT//73//12414,OMOP//OMOP_CONCEPT//4218408,,False,,OMOP_CONCEPT,4218408,,Collection of blood specimen for laboratory,AMSTEL_procedureorderitems_usagi,source_code_omop,high
ORDER_INTENT//89//8030,OMOP//OMOP_CONCEPT//4194653,,False,,OMOP_CONCEPT,4194653,,Irrigation,AMSTEL_procedureorderitems_usagi,source_code_omop,high
ORDER_INTENT//101//9439,OMOP//OMOP_CONCEPT//4021321,,False,,OMOP_CONCEPT,4021321,,Pressure injury assessment,AMSTEL_procedureorderitems_usagi,source_code_omop,high
ORDER_INTENT//73//12412,OMOP//OMOP_CONCEPT//4218408,,False,,OMOP_CONCEPT,4218408,,Collection of blood specimen for laboratory,AMSTEL_procedureorderitems_usagi,source_code_omop,high
ORDER_INTENT//82//8543,OMOP//OMOP_CONCEPT//4058335,,False,,OMOP_CONCEPT,4058335,,CT of chest,AMSTEL_procedureorderitems_usagi,source_code_omop,high
ORDER_INTENT//90//9299,OMOP//OMOP_CONCEPT//4224054,,False,,OMOP_CONCEPT,4224054,,Fecal collector,AMSTEL_procedureorderitems_usagi,source_code_omop,high
ORDER_INTENT//82//16943,OMOP//OMOP_CONCEPT//4070693,,False,,OMOP_CONCEPT,4070693,,Diagnostic pleurocentesis,AMSTEL_procedureorderitems_usagi,source_code_omop,high
ORDER_INTENT//85//9530,OMOP//OMOP_CONCEPT//4223103,,False,,OMOP_CONCEPT,4223103,,Incontinence sheath,AMSTEL_procedureorderitems_usagi,source_code_omop,high
ORDER_INTENT//73//9206,OMOP//OMOP_CONCEPT//4218408,,False,,OMOP_CONCEPT,4218408,,Collection of blood specimen for laboratory,AMSTEL_procedureorderitems_usagi,source_code_omop,high
ORDER_INTENT//74//9198,OMOP//OMOP_CONCEPT//3040827,,False,,OMOP_CONCEPT,3040827,,Bacteria identified in Anal by Culture,AMSTEL_procedureorderitems_usagi,source_code_omop,high
ORDER_INTENT//101//12908,OMOP//OMOP_CONCEPT//4076776,,False,,OMOP_CONCEPT,4076776,,Application of dressing to pressure injury,AMSTEL_procedureorderitems_usagi,source_code_omop,high
ORDER_INTENT//84//9307,OMOP//OMOP_CONCEPT//38004455,,False,,OMOP_CONCEPT,38004455,,Gastroenterology,AMSTEL_procedureorderitems_usagi,source_code_omop,high
ORDER_INTENT//90//9462,OMOP//OMOP_CONCEPT//4299593,,False,,OMOP_CONCEPT,4299593,,Infusion care management,AMSTEL_procedureorderitems_usagi,source_code_omop,high
ORDER_INTENT//103//12799,OMOP//OMOP_CONCEPT//4305790,,False,,OMOP_CONCEPT,4305790,,Positron emission tomography,AMSTEL_procedureorderitems_usagi,source_code_omop,high
ORDER_INTENT//73//12418,OMOP//OMOP_CONCEPT//4218408,,False,,OMOP_CONCEPT,4218408,,Collection of blood specimen for laboratory,AMSTEL_procedureorderitems_usagi,source_code_omop,high
ORDER_INTENT//73//12781,OMOP//OMOP_CONCEPT//4076765,,False,,OMOP_CONCEPT,4076765,,Collection of stool specimen,AMSTEL_procedureorderitems_usagi,source_code_omop,high
ORDER_INTENT//81//16091,OMOP//OMOP_CONCEPT//4078793,,False,,OMOP_CONCEPT,4078793,,Direct current cardioversion,AMSTEL_procedureorderitems_usagi,source_code_omop,high
ORDER_INTENT//101//12921,OMOP//OMOP_CONCEPT//4076776,,False,,OMOP_CONCEPT,4076776,,Application of dressing to pressure injury,AMSTEL_procedureorderitems_usagi,source_code_omop,high
ORDER_INTENT//82//20717,OMOP//OMOP_CONCEPT//4021321,,False,,OMOP_CONCEPT,4021321,,Pressure injury assessment,AMSTEL_procedureorderitems_usagi,source_code_omop,high
ORDER_INTENT//89//12136,OMOP//OMOP_CONCEPT//45770076,,False,,OMOP_CONCEPT,45770076,,Anticoagulant medication review,AMSTEL_procedureorderitems_usagi,source_code_omop,high
ORDER_INTENT//73//9216,OMOP//OMOP_CONCEPT//4218408,,False,,OMOP_CONCEPT,4218408,,Collection of blood specimen for laboratory,AMSTEL_procedureorderitems_usagi,source_code_omop,high
ORDER_INTENT//89//21080,,,False,,,,,,,,unmapped
ORDER_INTENT//90//9285,OMOP//OMOP_CONCEPT//4232412,,False,,OMOP_CONCEPT,4232412,,Change of urinary catheter bag,AMSTEL_procedureorderitems_usagi,source_code_omop,high
ORDER_INTENT//82//9249,OMOP//OMOP_CONCEPT//4287484,,False,,OMOP_CONCEPT,4287484,,Bronchoscopy and bronchoalveolar lavage,AMSTEL_procedureorderitems_usagi,source_code_omop,high
ORDER_INTENT//89//9394,OMOP//OMOP_CONCEPT//38003836,,False,,OMOP_CONCEPT,38003836,,Pain Anesthesiology,AMSTEL_procedureorderitems_usagi,source_code_omop,high
ORDER_INTENT//73//12415,OMOP//OMOP_CONCEPT//4218408,,False,,OMOP_CONCEPT,4218408,,Collection of blood specimen for laboratory,AMSTEL_procedureorderitems_usagi,source_code_omop,high
ORDER_INTENT//73//12419,OMOP//OMOP_CONCEPT//4218408,,False,,OMOP_CONCEPT,4218408,,Collection of blood specimen for laboratory,AMSTEL_procedureorderitems_usagi,source_code_omop,high
ORDER_INTENT//90//9296,OMOP//OMOP_CONCEPT//40489914,,False,,OMOP_CONCEPT,40489914,,Removal of hemodialysis catheter,AMSTEL_procedureorderitems_usagi,source_code_omop,high
ORDER_INTENT//101//12914,OMOP//OMOP_CONCEPT//4076776,,False,,OMOP_CONCEPT,4076776,,Application of dressing to pressure injury,AMSTEL_procedureorderitems_usagi,source_code_omop,high
ORDER_INTENT//82//10616,OMOP//OMOP_CONCEPT//40486624,,False,,OMOP_CONCEPT,40486624,,Non-invasive positive pressure ventilation,AMSTEL_procedureorderitems_usagi,source_code_omop,high
ORDER_INTENT//86//9396,OMOP//OMOP_CONCEPT//38004488,,False,,OMOP_CONCEPT,38004488,,Psychology,AMSTEL_procedureorderitems_usagi,source_code_omop,high
ORDER_INTENT//89//8477,OMOP//OMOP_CONCEPT//4221994,,False,,OMOP_CONCEPT,4221994,,History taking,AMSTEL_procedureorderitems_usagi,source_code_omop,high
ORDER_INTENT//90//9292,OMOP//OMOP_CONCEPT//4279768,,False,,OMOP_CONCEPT,4279768,,Pulmonary catheterization with Swan-Ganz catheter,AMSTEL_procedureorderitems_usagi,source_code_omop,high
ORDER_INTENT//73//9213,OMOP//OMOP_CONCEPT//4218408,,False,,OMOP_CONCEPT,4218408,,Collection of blood specimen for laboratory,AMSTEL_procedureorderitems_usagi,source_code_omop,high
ORDER_INTENT//89//9346,OMOP//OMOP_CONCEPT//4200712,,False,,OMOP_CONCEPT,4200712,,Irrigation of nasal sinus,AMSTEL_procedureorderitems_usagi,source_code_omop,high
ORDER_INTENT//90//8269,OMOP//OMOP_CONCEPT//4299594,,False,,OMOP_CONCEPT,4299594,,Intravenous care management,AMSTEL_procedureorderitems_usagi,source_code_omop,high
ORDER_INTENT//90//9275,OMOP//OMOP_CONCEPT//4251737,,False,,OMOP_CONCEPT,4251737,,Ventilator care management,AMSTEL_procedureorderitems_usagi,source_code_omop,high
ORDER_INTENT//81//16680,OMOP//OMOP_CONCEPT//4078793,,False,,OMOP_CONCEPT,4078793,,Direct current cardioversion,AMSTEL_procedureorderitems_usagi,source_code_omop,high
ORDER_INTENT//89//20747,OMOP//OMOP_CONCEPT//4250000,,False,,OMOP_CONCEPT,4250000,,Urethral catheterization,AMSTEL_procedureorderitems_usagi,source_code_omop,high
ORDER_INTENT//89//9393,OMOP//OMOP_CONCEPT//38003684,,False,,OMOP_CONCEPT,38003684,,Dental Hygienist,AMSTEL_procedureorderitems_usagi,source_code_omop,high
ORDER_INTENT//73//12416,OMOP//OMOP_CONCEPT//4218408,,False,,OMOP_CONCEPT,4218408,,Collection of blood specimen for laboratory,AMSTEL_procedureorderitems_usagi,source_code_omop,high
ORDER_INTENT//81//21179,OMOP//OMOP_CONCEPT//4051472,,False,,OMOP_CONCEPT,4051472,,Replacement of electronic heart device battery,AMSTEL_procedureorderitems_usagi,source_code_omop,high
ORDER_INTENT//85//9318,OMOP//OMOP_CONCEPT//38004474,,False,,OMOP_CONCEPT,38004474,,Urology,AMSTEL_procedureorderitems_usagi,source_code_omop,high
ORDER_INTENT//89//9317,OMOP//OMOP_CONCEPT//38004463,,False,,OMOP_CONCEPT,38004463,,Ophthalmology,AMSTEL_procedureorderitems_usagi,source_code_omop,high
ORDER_INTENT//101//12897,OMOP//OMOP_CONCEPT//4076776,,False,,OMOP_CONCEPT,4076776,,Application of dressing to pressure injury,AMSTEL_procedureorderitems_usagi,source_code_omop,high
ORDER_INTENT//73//12420,OMOP//OMOP_CONCEPT//4218408,,False,,OMOP_CONCEPT,4218408,,Collection of blood specimen for laboratory,AMSTEL_procedureorderitems_usagi,source_code_omop,high
ORDER_INTENT//81//16093,OMOP//OMOP_CONCEPT//4177682,,False,,OMOP_CONCEPT,4177682,,Biphasic defibrillation procedure,AMSTEL_procedureorderitems_usagi,source_code_omop,high
ORDER_INTENT//81//9302,OMOP//OMOP_CONCEPT//38004451,,False,,OMOP_CONCEPT,38004451,,Cardiology,AMSTEL_procedureorderitems_usagi,source_code_omop,high
ORDER_INTENT//90//16340,OMOP//OMOP_CONCEPT//4075347,,False,,OMOP_CONCEPT,4075347,,Deflating indwelling urethral catheter balloon,AMSTEL_procedureorderitems_usagi,source_code_omop,high
ORDER_INTENT//90//9501,OMOP//OMOP_CONCEPT//4251736,,False,,OMOP_CONCEPT,4251736,,Oxygen therapy management,AMSTEL_procedureorderitems_usagi,source_code_omop,high
ORDER_INTENT//89//10611,,,False,,,,,,,,unmapped
ORDER_INTENT//90//9297,OMOP//OMOP_CONCEPT//4237465,,False,,OMOP_CONCEPT,4237465,,Gastric care assessment,AMSTEL_procedureorderitems_usagi,source_code_omop,low
ORDER_INTENT//73//12413,OMOP//OMOP_CONCEPT//4218408,,False,,OMOP_CONCEPT,4218408,,Collection of blood specimen for laboratory,AMSTEL_procedureorderitems_usagi,source_code_omop,high
ORDER_INTENT//81//12925,OMOP//OMOP_CONCEPT//4031504,,False,,OMOP_CONCEPT,4031504,,Wedge pressure determination,AMSTEL_procedureorderitems_usagi,source_code_omop,high
ORDER_INTENT//81//16164,OMOP//OMOP_CONCEPT//4078793,,False,,OMOP_CONCEPT,4078793,,Direct current cardioversion,AMSTEL_procedureorderitems_usagi,source_code_omop,high
ORDER_INTENT//81//21105,OMOP//OMOP_CONCEPT//44791813,,False,,OMOP_CONCEPT,44791813,,Checking procedure,AMSTEL_procedureorderitems_usagi,source_code_omop,high
ORDER_INTENT//83//9248,OMOP//OMOP_CONCEPT//4179815,,False,,OMOP_CONCEPT,4179815,,Electromyography,AMSTEL_procedureorderitems_usagi,source_code_omop,high
ORDER_INTENT//101//12904,OMOP//OMOP_CONCEPT//4076776,,False,,OMOP_CONCEPT,4076776,,Application of dressing to pressure injury,AMSTEL_procedureorderitems_usagi,source_code_omop,high
ORDER_INTENT//101//20196,OMOP//OMOP_CONCEPT//37116894,,False,,OMOP_CONCEPT,37116894,,Provision of pressure relieving mattress,AMSTEL_procedureorderitems_usagi,source_code_omop,high
ORDER_INTENT//73//21108,OMOP//OMOP_CONCEPT//4218408,,False,,OMOP_CONCEPT,4218408,,Collection of blood specimen for laboratory,AMSTEL_procedureorderitems_usagi,source_code_omop,high
ORDER_INTENT//81//16090,OMOP//OMOP_CONCEPT//4078793,,False,,OMOP_CONCEPT,4078793,,Direct current cardioversion,AMSTEL_procedureorderitems_usagi,source_code_omop,high
ORDER_INTENT//81//9613,OMOP//OMOP_CONCEPT//4204138,,False,,OMOP_CONCEPT,4204138,,Warming subject using infusion of warm intravenous fluid,AMSTEL_procedureorderitems_usagi,source_code_omop,high
ORDER_INTENT//101//12910,OMOP//OMOP_CONCEPT//4076776,,False,,OMOP_CONCEPT,4076776,,Application of dressing to pressure injury,AMSTEL_procedureorderitems_usagi,source_code_omop,high
ORDER_INTENT//103//9363,,,False,,,,,,,,unmapped
ORDER_INTENT//89//9320,OMOP//OMOP_CONCEPT//38004504,,False,,OMOP_CONCEPT,38004504,,Maxillofacial Surgery,AMSTEL_procedureorderitems_usagi,source_code_omop,high
ORDER_INTENT//73//12926,OMOP//OMOP_CONCEPT//4218408,,False,,OMOP_CONCEPT,4218408,,Collection of blood specimen for laboratory,AMSTEL_procedureorderitems_usagi,source_code_omop,high
ORDER_INTENT//89//8617,OMOP//OMOP_CONCEPT//4132738,,False,,OMOP_CONCEPT,4132738,,Therapeutic phlebotomy,AMSTEL_procedureorderitems_usagi,source_code_omop,high
ORDER_INTENT//101//12913,OMOP//OMOP_CONCEPT//4076776,,False,,OMOP_CONCEPT,4076776,,Application of dressing to pressure injury,AMSTEL_procedureorderitems_usagi,source_code_omop,high
ORDER_INTENT//82//9498,OMOP//OMOP_CONCEPT//4216695,,False,,OMOP_CONCEPT,4216695,,Intranasal oxygen therapy,AMSTEL_procedureorderitems_usagi,source_code_omop,high
ORDER_INTENT//89//9262,OMOP//OMOP_CONCEPT//4174208,,False,,OMOP_CONCEPT,4174208,,Bone marrow aspiration procedure,AMSTEL_procedureorderitems_usagi,source_code_omop,high
ORDER_INTENT//103//9255,,,False,,,,,,,,unmapped
ORDER_INTENT//74//9197,OMOP//OMOP_CONCEPT//3040827,,False,,OMOP_CONCEPT,3040827,,Bacteria identified in Anal by Culture,AMSTEL_procedureorderitems_usagi,source_code_omop,high
ORDER_INTENT//90//9502,OMOP//OMOP_CONCEPT//4237467,,False,,OMOP_CONCEPT,4237467,,Gastric care management,AMSTEL_procedureorderitems_usagi,source_code_omop,low
ORDER_INTENT//73//9217,OMOP//OMOP_CONCEPT//4218408,,False,,OMOP_CONCEPT,4218408,,Collection of blood specimen for laboratory,AMSTEL_procedureorderitems_usagi,source_code_omop,high
ORDER_INTENT//73//9603,OMOP//OMOP_CONCEPT//44806445,,False,,OMOP_CONCEPT,44806445,,Cytopathology test,AMSTEL_procedureorderitems_usagi,source_code_omop,high
ORDER_INTENT//82//9309,OMOP//OMOP_CONCEPT//38004472,,False,,OMOP_CONCEPT,38004472,,Pulmonary Disease,AMSTEL_procedureorderitems_usagi,source_code_omop,high
ORDER_INTENT//89//9398,OMOP//OMOP_CONCEPT//38003782,,False,,OMOP_CONCEPT,38003782,,Interpreter,AMSTEL_procedureorderitems_usagi,source_code_omop,high
ORDER_INTENT//101//12985,OMOP//OMOP_CONCEPT//4300828,,False,,OMOP_CONCEPT,4300828,,Wound care management,AMSTEL_procedureorderitems_usagi,source_code_omop,high
ORDER_INTENT//73//12991,OMOP//OMOP_CONCEPT//4218408,,False,,OMOP_CONCEPT,4218408,,Collection of blood specimen for laboratory,AMSTEL_procedureorderitems_usagi,source_code_omop,high
ORDER_INTENT//73//9211,OMOP//OMOP_CONCEPT//4218408,,False,,OMOP_CONCEPT,4218408,,Collection of blood specimen for laboratory,AMSTEL_procedureorderitems_usagi,source_code_omop,high
ORDER_INTENT//81//16165,OMOP//OMOP_CONCEPT//4026048,,False,,OMOP_CONCEPT,4026048,,Precordial thump,AMSTEL_procedureorderitems_usagi,source_code_omop,high
ORDER_INTENT//81//9305,OMOP//OMOP_CONCEPT//38004497,,False,,OMOP_CONCEPT,38004497,,Cardiac Surgery,AMSTEL_procedureorderitems_usagi,source_code_omop,high
ORDER_INTENT//81//9311,OMOP//OMOP_CONCEPT//38004496,,False,,OMOP_CONCEPT,38004496,,Vascular Surgery,AMSTEL_procedureorderitems_usagi,source_code_omop,high
ORDER_INTENT//90//9276,OMOP//OMOP_CONCEPT//4251737,,False,,OMOP_CONCEPT,4251737,,Ventilator care management,AMSTEL_procedureorderitems_usagi,source_code_omop,low
ORDER_INTENT//101//12988,OMOP//OMOP_CONCEPT//4300828,,False,,OMOP_CONCEPT,4300828,,Wound care management,AMSTEL_procedureorderitems_usagi,source_code_omop,high
ORDER_INTENT//103//9256,,,False,,,,,,,,unmapped
ORDER_INTENT//81//9256,OMOP//OMOP_CONCEPT//4335825,,False,,OMOP_CONCEPT,4335825,,Transthoracic echocardiography,AMSTEL_procedureorderitems_usagi,source_code_omop,high
ORDER_INTENT//82//9496,OMOP//OMOP_CONCEPT//4138487,,False,,OMOP_CONCEPT,4138487,,Face tent oxygen delivery device,AMSTEL_procedureorderitems_usagi,source_code_omop,high
ORDER_INTENT//85//9321,OMOP//OMOP_CONCEPT//38004479,,False,,OMOP_CONCEPT,38004479,,Nephrology,AMSTEL_procedureorderitems_usagi,source_code_omop,high
ORDER_INTENT//86//19605,OMOP//OMOP_CONCEPT//0,,False,,OMOP_CONCEPT,0,,Unmapped,AMSTEL_procedureorderitems_usagi,source_code_omop,low
ORDER_INTENT//87//9312,OMOP//OMOP_CONCEPT//38004465,,False,,OMOP_CONCEPT,38004465,,Orthopedic Surgery,AMSTEL_procedureorderitems_usagi,source_code_omop,high
ORDER_INTENT//89//9263,OMOP//OMOP_CONCEPT//4257889,,False,,OMOP_CONCEPT,4257889,,Insertion of needle for intraosseous infusion,AMSTEL_procedureorderitems_usagi,source_code_omop,high
ORDER_INTENT//89//9397,OMOP//OMOP_CONCEPT//38003738,,False,,OMOP_CONCEPT,38003738,,Registered Infection Control Nurse,AMSTEL_procedureorderitems_usagi,source_code_omop,high
ORDER_INTENT//90//9353,OMOP//OMOP_CONCEPT//4013485,,False,,OMOP_CONCEPT,4013485,,Replacement of nasogastric tube,AMSTEL_procedureorderitems_usagi,source_code_omop,high
PROCESS_INTERVAL//9422,OMOP//OMOP_CONCEPT//4219637,,True,,OMOP_CONCEPT,4219637,,Peripheral intravenous catheter,AMSTEL_processitems_usagi,source_code_omop,high
PROCESS_INTERVAL//9417,OMOP//OMOP_CONCEPT//45772272,,True,,OMOP_CONCEPT,45772272,,Nasogastric feeding tube,AMSTEL_processitems_usagi,source_code_omop,high
PROCESS_INTERVAL//9159,OMOP//OMOP_CONCEPT//4118298,,True,,OMOP_CONCEPT,4118298,,Arterial catheter,AMSTEL_processitems_usagi,source_code_omop,high
PROCESS_INTERVAL//9415,OMOP//OMOP_CONCEPT//4070667,,True,,OMOP_CONCEPT,4070667,,Urinary catheter,AMSTEL_processitems_usagi,source_code_omop,high
PROCESS_INTERVAL//9328,OMOP//OMOP_CONCEPT//4230167,,True,,OMOP_CONCEPT,4230167,,Artificial ventilation,AMSTEL_processitems_usagi,source_code_omop,high
PROCESS_INTERVAL//12634,OMOP//OMOP_CONCEPT//4097216,,True,,OMOP_CONCEPT,4097216,,Endotracheal tube,AMSTEL_processitems_usagi,source_code_omop,high
PROCESS_INTERVAL//9166,OMOP//OMOP_CONCEPT//4006845,,True,,OMOP_CONCEPT,4006845,,Internal jugular vein structure,AMSTEL_processitems_usagi,source_code_omop,high
PROCESS_INTERVAL//9403,OMOP//OMOP_CONCEPT//4121351,,True,,OMOP_CONCEPT,4121351,,Chest drain,AMSTEL_processitems_usagi,source_code_omop,high
PROCESS_INTERVAL//9174,OMOP//OMOP_CONCEPT//4006845,,True,,OMOP_CONCEPT,4006845,,Internal jugular vein structure,AMSTEL_processitems_usagi,source_code_omop,high
PROCESS_INTERVAL//9399,OMOP//OMOP_CONCEPT//4119547,,True,,OMOP_CONCEPT,4119547,,Wound drain,AMSTEL_processitems_usagi,source_code_omop,high
PROCESS_INTERVAL//12465,OMOP//OMOP_CONCEPT//4051330,,True,,OMOP_CONCEPT,4051330,,Continuous venovenous hemofiltration,AMSTEL_processitems_usagi,source_code_omop,high
PROCESS_INTERVAL//9520,OMOP//OMOP_CONCEPT//4329660,,True,,OMOP_CONCEPT,4329660,,Active external warming of subject,AMSTEL_processitems_usagi,source_code_omop,high
PROCESS_INTERVAL//9614,OMOP//OMOP_CONCEPT//4162232,,True,,OMOP_CONCEPT,4162232,,Large-bore introducer,AMSTEL_processitems_usagi,source_code_omop,high
PROCESS_INTERVAL//9671,OMOP//OMOP_CONCEPT//607086,,True,,OMOP_CONCEPT,607086,,Positive pressure ventilation,AMSTEL_processitems_usagi,source_code_omop,high
PROCESS_INTERVAL//9541,OMOP//OMOP_CONCEPT//4231009,,True,,OMOP_CONCEPT,4231009,,Cardiac pacemaker electrode,AMSTEL_processitems_usagi,source_code_omop,high
PROCESS_INTERVAL//9400,OMOP//OMOP_CONCEPT//4119547,,True,,OMOP_CONCEPT,4119547,,Wound drain,AMSTEL_processitems_usagi,source_code_omop,high
PROCESS_INTERVAL//9167,OMOP//OMOP_CONCEPT//4179206,,True,,OMOP_CONCEPT,4179206,,Central venous catheter,AMSTEL_processitems_usagi,source_code_omop,high
PROCESS_INTERVAL//9349,OMOP//OMOP_CONCEPT//4097216,,True,,OMOP_CONCEPT,4097216,,Endotracheal tube,AMSTEL_processitems_usagi,source_code_omop,high
PROCESS_INTERVAL//9350,OMOP//OMOP_CONCEPT//4097216,,True,,OMOP_CONCEPT,4097216,,Endotracheal tube,AMSTEL_processitems_usagi,source_code_omop,high
PROCESS_INTERVAL//9419,OMOP//OMOP_CONCEPT//45772272,,True,,OMOP_CONCEPT,45772272,,Nasogastric feeding tube,AMSTEL_processitems_usagi,source_code_omop,high
PROCESS_INTERVAL//9348,OMOP//OMOP_CONCEPT//4097216,,True,,OMOP_CONCEPT,4097216,,Endotracheal tube,AMSTEL_processitems_usagi,source_code_omop,high
PROCESS_INTERVAL//15148,OMOP//OMOP_CONCEPT//4173947,,True,,OMOP_CONCEPT,4173947,,Advance diet as tolerated,AMSTEL_processitems_usagi,source_code_omop,high
PROCESS_INTERVAL//12635,OMOP//OMOP_CONCEPT//4044008,,True,,OMOP_CONCEPT,4044008,,Tracheostomy tube,AMSTEL_processitems_usagi,source_code_omop,high
PROCESS_INTERVAL//9187,OMOP//OMOP_CONCEPT//36662296,,True,,OMOP_CONCEPT,36662296,,External pacemaker,AMSTEL_processitems_usagi,source_code_omop,high
PROCESS_INTERVAL//10740,OMOP//OMOP_CONCEPT//40486624,,True,,OMOP_CONCEPT,40486624,,Non-invasive positive pressure ventilation,AMSTEL_processitems_usagi,source_code_omop,high
PROCESS_INTERVAL//13173,OMOP//OMOP_CONCEPT//2616721,,True,,OMOP_CONCEPT,2616721,,"Restraints, any type (body, chest, wrist or ankle)",AMSTEL_processitems_usagi,source_code_omop,high
PROCESS_INTERVAL//9186,OMOP//OMOP_CONCEPT//4063510,,True,,OMOP_CONCEPT,4063510,,Structure of brachial artery,AMSTEL_processitems_usagi,source_code_omop,high
PROCESS_INTERVAL//9170,OMOP//OMOP_CONCEPT//4006845,,True,,OMOP_CONCEPT,4006845,,Internal jugular vein structure,AMSTEL_processitems_usagi,source_code_omop,high
PROCESS_INTERVAL//9327,OMOP//OMOP_CONCEPT//4298267,,False,,OMOP_CONCEPT,4298267,,Hemodynamic regulation,AMSTEL_processitems_usagi,source_code_omop,low
PROCESS_INTERVAL//9165,OMOP//OMOP_CONCEPT//4179206,,True,,OMOP_CONCEPT,4179206,,Central venous catheter,AMSTEL_processitems_usagi,source_code_omop,high
PROCESS_INTERVAL//9404,OMOP//OMOP_CONCEPT//4121351,,True,,OMOP_CONCEPT,4121351,,Chest drain,AMSTEL_processitems_usagi,source_code_omop,high
PROCESS_INTERVAL//9160,OMOP//OMOP_CONCEPT//4118298,,True,,OMOP_CONCEPT,4118298,,Arterial catheter,AMSTEL_processitems_usagi,source_code_omop,high
PROCESS_INTERVAL//9410,OMOP//OMOP_CONCEPT//4086433,,True,,OMOP_CONCEPT,4086433,,Active cooling of patient,AMSTEL_processitems_usagi,source_code_omop,high
PROCESS_INTERVAL//9169,OMOP//OMOP_CONCEPT//4179206,,True,,OMOP_CONCEPT,4179206,,Central venous catheter,AMSTEL_processitems_usagi,source_code_omop,high
PROCESS_INTERVAL//9161,OMOP//OMOP_CONCEPT//42872871,,True,,OMOP_CONCEPT,42872871,,Hemodialysis catheter,AMSTEL_processitems_usagi,source_code_omop,high
PROCESS_INTERVAL//9448,OMOP//OMOP_CONCEPT//4308797,,True,,OMOP_CONCEPT,4308797,,Trial of spontaneous breathing,AMSTEL_processitems_usagi,source_code_omop,high
PROCESS_INTERVAL//9373,OMOP//OMOP_CONCEPT//4081119,,True,,OMOP_CONCEPT,4081119,,Nil by mouth,AMSTEL_processitems_usagi,source_code_omop,high
PROCESS_INTERVAL//9168,OMOP//OMOP_CONCEPT//4179206,,True,,OMOP_CONCEPT,4179206,,Central venous catheter,AMSTEL_processitems_usagi,source_code_omop,high
PROCESS_INTERVAL//15867,OMOP//OMOP_CONCEPT//4082555,,True,,OMOP_CONCEPT,4082555,,Antithromboembolic stockings,AMSTEL_processitems_usagi,source_code_omop,high
PROCESS_INTERVAL//15717,OMOP//OMOP_CONCEPT//4086425,,True,,OMOP_CONCEPT,4086425,,Patient controlled analgesia,AMSTEL_processitems_usagi,source_code_omop,high
PROCESS_INTERVAL//9180,OMOP//OMOP_CONCEPT//4148006,,True,,OMOP_CONCEPT,4148006,,Epidural catheter,AMSTEL_processitems_usagi,source_code_omop,high
PROCESS_INTERVAL//15718,OMOP//OMOP_CONCEPT//4287923,,True,,OMOP_CONCEPT,4287923,,Patient controlled epidural analgesia,AMSTEL_processitems_usagi,source_code_omop,high
PROCESS_INTERVAL//15603,OMOP//OMOP_CONCEPT//4224054,,True,,OMOP_CONCEPT,4224054,,Fecal collector,AMSTEL_processitems_usagi,source_code_omop,high
PROCESS_INTERVAL//7927,OMOP//OMOP_CONCEPT//4196006,,True,,OMOP_CONCEPT,4196006,,Placing subject in prone position,AMSTEL_processitems_usagi,source_code_omop,high
PROCESS_INTERVAL//15146,OMOP//OMOP_CONCEPT//763072,,True,,OMOP_CONCEPT,763072,,Full liquid diet,AMSTEL_processitems_usagi,source_code_omop,high
PROCESS_INTERVAL//9188,OMOP//OMOP_CONCEPT//45877830,,True,,OMOP_CONCEPT,45877830,,Catheter,AMSTEL_processitems_usagi,source_code_omop,high
PROCESS_INTERVAL//15170,OMOP//OMOP_CONCEPT//4077521,,True,,OMOP_CONCEPT,4077521,,Isolation nursing,AMSTEL_processitems_usagi,source_code_omop,high
PROCESS_INTERVAL//12936,OMOP//OMOP_CONCEPT//4190807,,True,,OMOP_CONCEPT,4190807,,Target international normalized ratio,AMSTEL_processitems_usagi,source_code_omop,high
PROCESS_INTERVAL//9601,OMOP//OMOP_CONCEPT//36674512,,True,,OMOP_CONCEPT,36674512,,Pressure bandage,AMSTEL_processitems_usagi,source_code_omop,high
PROCESS_INTERVAL//15145,OMOP//OMOP_CONCEPT//763071,,True,,OMOP_CONCEPT,763071,,Clear liquid diet,AMSTEL_processitems_usagi,source_code_omop,high
PROCESS_INTERVAL//9401,OMOP//OMOP_CONCEPT//4119547,,True,,OMOP_CONCEPT,4119547,,Wound drain,AMSTEL_processitems_usagi,source_code_omop,high
PROCESS_INTERVAL//9162,OMOP//OMOP_CONCEPT//4006845,,True,,OMOP_CONCEPT,4006845,,Internal jugular vein structure,AMSTEL_processitems_usagi,source_code_omop,high
PROCESS_INTERVAL//15793,OMOP//OMOP_CONCEPT//4224054,,True,,OMOP_CONCEPT,4224054,,Fecal collector,AMSTEL_processitems_usagi,source_code_omop,high
PROCESS_INTERVAL//9381,OMOP//OMOP_CONCEPT//4041848,,True,,OMOP_CONCEPT,4041848,,Positioning patient,AMSTEL_processitems_usagi,source_code_omop,high
PROCESS_INTERVAL//12539,OMOP//OMOP_CONCEPT//4160628,,True,,OMOP_CONCEPT,4160628,,Catheter sheath,AMSTEL_processitems_usagi,source_code_omop,high
PROCESS_INTERVAL//10430,OMOP//OMOP_CONCEPT//4163287,,True,,OMOP_CONCEPT,4163287,,Cardioassist by aortic balloon pump,AMSTEL_processitems_usagi,source_code_omop,high
PROCESS_INTERVAL//9374,OMOP//OMOP_CONCEPT//37312086,,True,,OMOP_CONCEPT,37312086,,Fasting,AMSTEL_processitems_usagi,source_code_omop,high
PROCESS_INTERVAL//9385,OMOP//OMOP_CONCEPT//4322976,,True,,OMOP_CONCEPT,4322976,,Procedure,AMSTEL_processitems_usagi,source_code_omop,high
PROCESS_INTERVAL//15738,OMOP//OMOP_CONCEPT//45772284,,True,,OMOP_CONCEPT,45772284,,Tracheostomy tube speech valve,AMSTEL_processitems_usagi,source_code_omop,high
PROCESS_INTERVAL//13422,OMOP//OMOP_CONCEPT//37017497,,True,,OMOP_CONCEPT,37017497,,Triple lumen hemodialysis catheter,AMSTEL_processitems_usagi,source_code_omop,high
PROCESS_INTERVAL//9492,OMOP//OMOP_CONCEPT//4077521,,True,,OMOP_CONCEPT,4077521,,Isolation nursing,AMSTEL_processitems_usagi,source_code_omop,high
PROCESS_INTERVAL//9441,OMOP//OMOP_CONCEPT//4145643,,False,,OMOP_CONCEPT,4145643,,Procedures relating to splintage and immobilization,AMSTEL_processitems_usagi,source_code_omop,low
PROCESS_INTERVAL//9325,OMOP//OMOP_CONCEPT//4072633,,True,,OMOP_CONCEPT,4072633,,Weaning from mechanically assisted ventilation,AMSTEL_processitems_usagi,source_code_omop,high
PROCESS_INTERVAL//9175,OMOP//OMOP_CONCEPT//4262295,,True,,OMOP_CONCEPT,4262295,,Pulmonary artery catheter,AMSTEL_processitems_usagi,source_code_omop,high
PROCESS_INTERVAL//9407,OMOP//OMOP_CONCEPT//45773325,,False,,OMOP_CONCEPT,45773325,,Cerebrospinal fluid pressure regulation system,AMSTEL_processitems_usagi,source_code_omop,low
PROCESS_INTERVAL//10731,OMOP//OMOP_CONCEPT//4225137,,True,,OMOP_CONCEPT,4225137,,Colostomy bag,AMSTEL_processitems_usagi,source_code_omop,high
PROCESS_INTERVAL//10620,OMOP//OMOP_CONCEPT//4118298,,True,,OMOP_CONCEPT,4118298,,Arterial catheter,AMSTEL_processitems_usagi,source_code_omop,high
PROCESS_INTERVAL//9181,OMOP//OMOP_CONCEPT//45773325,,False,,OMOP_CONCEPT,45773325,,Cerebrospinal fluid pressure regulation system,AMSTEL_processitems_usagi,source_code_omop,low
PROCESS_INTERVAL//9411,OMOP//OMOP_CONCEPT//4117709,,False,,OMOP_CONCEPT,4117709,,Suprapubic catheter,AMSTEL_processitems_usagi,source_code_omop,low
PROCESS_INTERVAL//9625,OMOP//OMOP_CONCEPT//45758185,,True,,OMOP_CONCEPT,45758185,,Patient-controlled analgesia infusion pump,AMSTEL_processitems_usagi,source_code_omop,high
PROCESS_INTERVAL//7926,OMOP//OMOP_CONCEPT//4327195,,True,,OMOP_CONCEPT,4327195,,Mobilization,AMSTEL_processitems_usagi,source_code_omop,high
PROCESS_INTERVAL//9387,OMOP//OMOP_CONCEPT//2007688,,True,,OMOP_CONCEPT,2007688,,Other respiratory procedures,AMSTEL_processitems_usagi,source_code_omop,high
PROCESS_INTERVAL//9574,OMOP//OMOP_CONCEPT//4151721,,True,,OMOP_CONCEPT,4151721,,Gastric drainage by stomach pump,AMSTEL_processitems_usagi,source_code_omop,high
PROCESS_INTERVAL//9163,OMOP//OMOP_CONCEPT//42872871,,True,,OMOP_CONCEPT,42872871,,Hemodialysis catheter,AMSTEL_processitems_usagi,source_code_omop,high
PROCESS_INTERVAL//16362,OMOP//OMOP_CONCEPT//4083913,,True,,OMOP_CONCEPT,4083913,,"Urine specimen collection, 24 hours",AMSTEL_processitems_usagi,source_code_omop,high
PROCESS_INTERVAL//9521,OMOP//OMOP_CONCEPT//44792363,,True,,OMOP_CONCEPT,44792363,,Passive warming of patient,AMSTEL_processitems_usagi,source_code_omop,high
PROCESS_INTERVAL//9384,OMOP//OMOP_CONCEPT//4203094,,True,,OMOP_CONCEPT,4203094,,Neurological therapy,AMSTEL_processitems_usagi,source_code_omop,high
PROCESS_INTERVAL//9380,OMOP//OMOP_CONCEPT//4293032,,True,,OMOP_CONCEPT,4293032,,Procedure on gastrointestinal tract,AMSTEL_processitems_usagi,source_code_omop,high
PROCESS_INTERVAL//9544,OMOP//OMOP_CONCEPT//42872974,,True,,OMOP_CONCEPT,42872974,,Negative pressure wound dressing,AMSTEL_processitems_usagi,source_code_omop,high
PROCESS_INTERVAL//9537,OMOP//OMOP_CONCEPT//36674387,,True,,OMOP_CONCEPT,36674387,,Nasoduodenal feeding tube,AMSTEL_processitems_usagi,source_code_omop,high
PROCESS_INTERVAL//9514,OMOP//OMOP_CONCEPT//0,,False,,OMOP_CONCEPT,0,,Unmapped,AMSTEL_processitems_usagi,source_code_omop,low
PROCESS_INTERVAL//9386,OMOP//OMOP_CONCEPT//4217020,,True,,OMOP_CONCEPT,4217020,,Psychosocial procedure,AMSTEL_processitems_usagi,source_code_omop,high
PROCESS_INTERVAL//10612,OMOP//OMOP_CONCEPT//0,,False,,OMOP_CONCEPT,0,,Unmapped,AMSTEL_processitems_usagi,source_code_omop,low
PROCESS_INTERVAL//9382,OMOP//OMOP_CONCEPT//4040401,,True,,OMOP_CONCEPT,4040401,,Procedure on skin,AMSTEL_processitems_usagi,source_code_omop,high
PROCESS_INTERVAL//9173,OMOP//OMOP_CONCEPT//4262295,,True,,OMOP_CONCEPT,4262295,,Pulmonary artery catheter,AMSTEL_processitems_usagi,source_code_omop,high
PROCESS_INTERVAL//10732,OMOP//OMOP_CONCEPT//4218999,,True,,OMOP_CONCEPT,4218999,,Ileostomy bag,AMSTEL_processitems_usagi,source_code_omop,high
PROCESS_INTERVAL//15144,OMOP//OMOP_CONCEPT//4056973,,True,,OMOP_CONCEPT,4056973,,Dietary regime,AMSTEL_processitems_usagi,source_code_omop,high
PROCESS_INTERVAL//12540,OMOP//OMOP_CONCEPT//4124377,,False,,OMOP_CONCEPT,4124377,,Venous catheter,AMSTEL_processitems_usagi,source_code_omop,low
PROCESS_INTERVAL//9379,OMOP//OMOP_CONCEPT//4121583,,True,,OMOP_CONCEPT,4121583,,Circulation maintenance,AMSTEL_processitems_usagi,source_code_omop,high
PROCESS_INTERVAL//9388,OMOP//OMOP_CONCEPT//4181165,,True,,OMOP_CONCEPT,4181165,,Procedure involving urinary catheter,AMSTEL_processitems_usagi,source_code_omop,high
PROCESS_INTERVAL//9477,OMOP//OMOP_CONCEPT//4328014,,True,,OMOP_CONCEPT,4328014,,Active core warming of subject,AMSTEL_processitems_usagi,source_code_omop,high
PROCESS_INTERVAL//10730,OMOP//OMOP_CONCEPT//4129555,,True,,OMOP_CONCEPT,4129555,,Jejunostomy tube,AMSTEL_processitems_usagi,source_code_omop,high
PROCESS_INTERVAL//9436,OMOP//OMOP_CONCEPT//0,,False,,OMOP_CONCEPT,0,,Unmapped,AMSTEL_processitems_usagi,source_code_omop,low
PROCESS_INTERVAL//13483,OMOP//OMOP_CONCEPT//0,,False,,OMOP_CONCEPT,0,,Unmapped,AMSTEL_processitems_usagi,source_code_omop,low
PROCESS_INTERVAL//14834,OMOP//OMOP_CONCEPT//4203429,,True,,OMOP_CONCEPT,4203429,,Induction of hypothermia,AMSTEL_processitems_usagi,source_code_omop,high
PROCESS_INTERVAL//9412,OMOP//OMOP_CONCEPT//4225145,,True,,OMOP_CONCEPT,4225145,,Urostomy bag,AMSTEL_processitems_usagi,source_code_omop,high
PROCESS_INTERVAL//9531,OMOP//OMOP_CONCEPT//4103309,,True,,OMOP_CONCEPT,4103309,,Fluid restriction,AMSTEL_processitems_usagi,source_code_omop,high
PROCESS_INTERVAL//18736,OMOP//OMOP_CONCEPT//4122364,,True,,OMOP_CONCEPT,4122364,,Arteriovenous shunt,AMSTEL_processitems_usagi,source_code_omop,high
PROCESS_INTERVAL//9185,OMOP//OMOP_CONCEPT//4160628,,True,,OMOP_CONCEPT,4160628,,Catheter sheath,AMSTEL_processitems_usagi,source_code_omop,high
PROCESS_INTERVAL//9405,OMOP//OMOP_CONCEPT//4121351,,True,,OMOP_CONCEPT,4121351,,Chest drain,AMSTEL_processitems_usagi,source_code_omop,high
PROCESS_INTERVAL//10428,OMOP//OMOP_CONCEPT//45772272,,True,,OMOP_CONCEPT,45772272,,Nasogastric feeding tube,AMSTEL_processitems_usagi,source_code_omop,high
PROCESS_INTERVAL//9406,OMOP//OMOP_CONCEPT//36717545,,True,,OMOP_CONCEPT,36717545,,Wound irrigation cannula,AMSTEL_processitems_usagi,source_code_omop,high
PROCESS_INTERVAL//9402,OMOP//OMOP_CONCEPT//4119547,,True,,OMOP_CONCEPT,4119547,,Wound drain,AMSTEL_processitems_usagi,source_code_omop,high
PROCESS_INTERVAL//18742,OMOP//OMOP_CONCEPT//4042424,,True,,OMOP_CONCEPT,4042424,,Splint,AMSTEL_processitems_usagi,source_code_omop,high
PROCESS_INTERVAL//18740,OMOP//OMOP_CONCEPT//4167916,,True,,OMOP_CONCEPT,4167916,,Absence of skull bone,AMSTEL_processitems_usagi,source_code_omop,high
PROCESS_INTERVAL//19734,OMOP//OMOP_CONCEPT//4082905,,True,,OMOP_CONCEPT,4082905,,Rigid collar,AMSTEL_processitems_usagi,source_code_omop,high
PROCESS_INTERVAL//15143,OMOP//OMOP_CONCEPT//4298279,,True,,OMOP_CONCEPT,4298279,,Nutrition therapy,AMSTEL_processitems_usagi,source_code_omop,high
PROCESS_INTERVAL//16358,OMOP//OMOP_CONCEPT//45765199,,True,,OMOP_CONCEPT,45765199,,Bone access cannula,AMSTEL_processitems_usagi,source_code_omop,high
PROCESS_INTERVAL//12579,OMOP//OMOP_CONCEPT//45762340,,True,,OMOP_CONCEPT,45762340,,Drainage biliary catheter,AMSTEL_processitems_usagi,source_code_omop,high
PROCESS_INTERVAL//19888,OMOP//OMOP_CONCEPT//45773298,,True,,OMOP_CONCEPT,45773298,,Radial artery compression device,AMSTEL_processitems_usagi,source_code_omop,high
PROCESS_INTERVAL//9523,OMOP//OMOP_CONCEPT//4234965,,True,,OMOP_CONCEPT,4234965,,Suture,AMSTEL_processitems_usagi,source_code_omop,high
PROCESS_INTERVAL//9493,OMOP//OMOP_CONCEPT//0,,False,,OMOP_CONCEPT,0,,Unmapped,AMSTEL_processitems_usagi,source_code_omop,low
PROCESS_INTERVAL//9184,OMOP//OMOP_CONCEPT//4147758,,True,,OMOP_CONCEPT,4147758,,Cerebrospinal catheter,AMSTEL_processitems_usagi,source_code_omop,high
PROCESS_INTERVAL//13005,OMOP//OMOP_CONCEPT//45760112,,True,,OMOP_CONCEPT,45760112,,Rectal irrigation system catheter,AMSTEL_processitems_usagi,source_code_omop,high
PROCESS_INTERVAL//9596,OMOP//OMOP_CONCEPT//4179206,,True,,OMOP_CONCEPT,4179206,,Central venous catheter,AMSTEL_processitems_usagi,source_code_omop,high
PROCESS_INTERVAL//9164,OMOP//OMOP_CONCEPT//4044874,,True,,OMOP_CONCEPT,4044874,,Intra-aortic balloon pump,AMSTEL_processitems_usagi,source_code_omop,high
PROCESS_INTERVAL//9478,OMOP//OMOP_CONCEPT//0,,False,,OMOP_CONCEPT,0,,Unmapped,AMSTEL_processitems_usagi,source_code_omop,low
PROCESS_INTERVAL//18955,OMOP//OMOP_CONCEPT//4266238,,True,,OMOP_CONCEPT,4266238,,Nasopharyngeal airway device,AMSTEL_processitems_usagi,source_code_omop,high
PROCESS_INTERVAL//9171,OMOP//OMOP_CONCEPT//4044008,,True,,OMOP_CONCEPT,4044008,,Tracheostomy tube,AMSTEL_processitems_usagi,source_code_omop,high
PROCESS_INTERVAL//9323,OMOP//OMOP_CONCEPT//4205539,,True,,OMOP_CONCEPT,4205539,,Repositioning,AMSTEL_processitems_usagi,source_code_omop,high
PROCESS_INTERVAL//10619,OMOP//OMOP_CONCEPT//4118298,,True,,OMOP_CONCEPT,4118298,,Arterial catheter,AMSTEL_processitems_usagi,source_code_omop,high
PROCESS_INTERVAL//19360,OMOP//OMOP_CONCEPT//45772840,,True,,OMOP_CONCEPT,45772840,,Implantable cardiac pacemaker,AMSTEL_processitems_usagi,source_code_omop,high
PROCESS_INTERVAL//18741,OMOP//OMOP_CONCEPT//4040386,,True,,OMOP_CONCEPT,4040386,,Cast,AMSTEL_processitems_usagi,source_code_omop,high
PROCESS_INTERVAL//19986,OMOP//OMOP_CONCEPT//4077521,,True,,OMOP_CONCEPT,4077521,,Isolation nursing,AMSTEL_processitems_usagi,source_code_omop,high
PROCESS_INTERVAL//9437,OMOP//OMOP_CONCEPT//2000097,,True,,OMOP_CONCEPT,2000097,,Intracranial pressure monitoring,AMSTEL_processitems_usagi,source_code_omop,high
PROCESS_INTERVAL//9524,OMOP//OMOP_CONCEPT//44808672,,True,,OMOP_CONCEPT,44808672,,Placing in supine position,AMSTEL_processitems_usagi,source_code_omop,high
PROCESS_INTERVAL//16363,OMOP//OMOP_CONCEPT//4120120,,True,,OMOP_CONCEPT,4120120,,Hemodialysis,AMSTEL_processitems_usagi,source_code_omop,high
PROCESS_INTERVAL//9495,OMOP//OMOP_CONCEPT//4077521,,True,,OMOP_CONCEPT,4077521,,Isolation nursing,AMSTEL_processitems_usagi,source_code_omop,high
PROCESS_INTERVAL//14759,OMOP//OMOP_CONCEPT//2615771,,True,,OMOP_CONCEPT,2615771,,"Closure device, vascular (implantable/insertable)",AMSTEL_processitems_usagi,source_code_omop,high
PROCESS_INTERVAL//9177,OMOP//OMOP_CONCEPT//4044008,,True,,OMOP_CONCEPT,4044008,,Tracheostomy tube,AMSTEL_processitems_usagi,source_code_omop,high
PROCESS_INTERVAL//13811,OMOP//OMOP_CONCEPT//4040909,,True,,OMOP_CONCEPT,4040909,,Halo cast,AMSTEL_processitems_usagi,source_code_omop,high
PROCESS_INTERVAL//13421,OMOP//OMOP_CONCEPT//37017497,,True,,OMOP_CONCEPT,37017497,,Triple lumen hemodialysis catheter,AMSTEL_processitems_usagi,source_code_omop,high
PROCESS_INTERVAL//15147,OMOP//OMOP_CONCEPT//763368,,True,,OMOP_CONCEPT,763368,,Pureed diet,AMSTEL_processitems_usagi,source_code_omop,high
PROCESS_INTERVAL//15869,OMOP//OMOP_CONCEPT//4077521,,True,,OMOP_CONCEPT,4077521,,Isolation nursing,AMSTEL_processitems_usagi,source_code_omop,high
PROCESS_INTERVAL//13099,OMOP//OMOP_CONCEPT//4118298,,True,,OMOP_CONCEPT,4118298,,Arterial catheter,AMSTEL_processitems_usagi,source_code_omop,high
PROCESS_INTERVAL//13445,OMOP//OMOP_CONCEPT//4302745,,True,,OMOP_CONCEPT,4302745,,Irrigation of urinary bladder,AMSTEL_processitems_usagi,source_code_omop,high
PROCESS_INTERVAL//13810,OMOP//OMOP_CONCEPT//4040907,,True,,OMOP_CONCEPT,4040907,,External fixation device,AMSTEL_processitems_usagi,source_code_omop,high
PROCESS_INTERVAL//9454,OMOP//OMOP_CONCEPT//0,,False,,OMOP_CONCEPT,0,,Unmapped,AMSTEL_processitems_usagi,source_code_omop,low
PROCESS_INTERVAL//9595,OMOP//OMOP_CONCEPT//4006845,,True,,OMOP_CONCEPT,4006845,,Internal jugular vein structure,AMSTEL_processitems_usagi,source_code_omop,high
PROCESS_INTERVAL//13423,OMOP//OMOP_CONCEPT//37017497,,True,,OMOP_CONCEPT,37017497,,Triple lumen hemodialysis catheter,AMSTEL_processitems_usagi,source_code_omop,high
PROCESS_INTERVAL//12400,OMOP//OMOP_CONCEPT//4006845,,True,,OMOP_CONCEPT,4006845,,Internal jugular vein structure,AMSTEL_processitems_usagi,source_code_omop,high
PROCESS_INTERVAL//13035,OMOP//OMOP_CONCEPT//4147758,,True,,OMOP_CONCEPT,4147758,,Cerebrospinal catheter,AMSTEL_processitems_usagi,source_code_omop,high
PROCESS_INTERVAL//9485,OMOP//OMOP_CONCEPT//4056973,,True,,OMOP_CONCEPT,4056973,,Dietary regime,AMSTEL_processitems_usagi,source_code_omop,high
PROCESS_INTERVAL//10727,OMOP//OMOP_CONCEPT//36676722,,True,,OMOP_CONCEPT,36676722,,Nasojejunal feeding tube,AMSTEL_processitems_usagi,source_code_omop,high
PROCESS_INTERVAL//16910,OMOP//OMOP_CONCEPT//2615748,,True,,OMOP_CONCEPT,2615748,,"Cardioverter-defibrillator, dual chamber (implantable)",AMSTEL_processitems_usagi,source_code_omop,high
PROCESS_INTERVAL//9594,OMOP//OMOP_CONCEPT//4179206,,True,,OMOP_CONCEPT,4179206,,Central venous catheter,AMSTEL_processitems_usagi,source_code_omop,high
PROCESS_INTERVAL//12401,OMOP//OMOP_CONCEPT//4179206,,True,,OMOP_CONCEPT,4179206,,Central venous catheter,AMSTEL_processitems_usagi,source_code_omop,high
PROCESS_INTERVAL//13809,OMOP//OMOP_CONCEPT//4040907,,True,,OMOP_CONCEPT,4040907,,External fixation device,AMSTEL_processitems_usagi,source_code_omop,high
PROCESS_INTERVAL//9481,OMOP//OMOP_CONCEPT//4280205,,True,,OMOP_CONCEPT,4280205,,Traction,AMSTEL_processitems_usagi,source_code_omop,high
PROCESS_INTERVAL//9575,OMOP//OMOP_CONCEPT//40480621,,True,,OMOP_CONCEPT,40480621,,Restriction of oral fluid,AMSTEL_processitems_usagi,source_code_omop,high
PROCESS_INTERVAL//15868,OMOP//OMOP_CONCEPT//4077521,,True,,OMOP_CONCEPT,4077521,,Isolation nursing,AMSTEL_processitems_usagi,source_code_omop,high
PROCESS_INTERVAL//13808,OMOP//OMOP_CONCEPT//4040907,,True,,OMOP_CONCEPT,4040907,,External fixation device,AMSTEL_processitems_usagi,source_code_omop,high
PROCESS_INTERVAL//9383,OMOP//OMOP_CONCEPT//4298121,,True,,OMOP_CONCEPT,4298121,,Infection control procedure,AMSTEL_processitems_usagi,source_code_omop,high
PROCESS_INTERVAL//12632,OMOP//OMOP_CONCEPT//45768165,,True,,OMOP_CONCEPT,45768165,,Suction system,AMSTEL_processitems_usagi,source_code_omop,high
PROCESS_INTERVAL//16354,OMOP//OMOP_CONCEPT//4327579,,True,,OMOP_CONCEPT,4327579,,Nasal tampon,AMSTEL_processitems_usagi,source_code_omop,high
PROCESS_INTERVAL//21057,OMOP//OMOP_CONCEPT//4297788,,True,,OMOP_CONCEPT,4297788,,Structure of femoral artery,AMSTEL_processitems_usagi,source_code_omop,high
PROCESS_INTERVAL//13009,OMOP//OMOP_CONCEPT//45762769,,True,,OMOP_CONCEPT,45762769,,Intracranial pressure monitor,AMSTEL_processitems_usagi,source_code_omop,high
PROCESS_INTERVAL//16352,OMOP//OMOP_CONCEPT//4150035,,True,,OMOP_CONCEPT,4150035,,Peritoneal catheter,AMSTEL_processitems_usagi,source_code_omop,high
PROCESS_INTERVAL//18718,OMOP//OMOP_CONCEPT//4049372,,True,,OMOP_CONCEPT,4049372,,Plasmapheresis,AMSTEL_processitems_usagi,source_code_omop,high
PROCESS_INTERVAL//9613,OMOP//OMOP_CONCEPT//45771875,,True,,OMOP_CONCEPT,45771875,,Conduction blood/fluid warmer,AMSTEL_processitems_usagi,source_code_omop,high
PROCESS_INTERVAL//13806,OMOP//OMOP_CONCEPT//36695982,,False,,OMOP_CONCEPT,36695982,,Structure of left femur,AMSTEL_processitems_usagi,source_code_omop,high
PROCESS_INTERVAL//9482,OMOP//OMOP_CONCEPT//4147052,,True,,OMOP_CONCEPT,4147052,,Fowler's position,AMSTEL_processitems_usagi,source_code_omop,high
PROCESS_INTERVAL//9538,OMOP//OMOP_CONCEPT//45763425,,True,,OMOP_CONCEPT,45763425,,Gastrostomy tube,AMSTEL_processitems_usagi,source_code_omop,high
PROCESS_INTERVAL//15171,OMOP//OMOP_CONCEPT//4077521,,True,,OMOP_CONCEPT,4077521,,Isolation nursing,AMSTEL_processitems_usagi,source_code_omop,high
PROCESS_INTERVAL//9414,OMOP//OMOP_CONCEPT//4328013,,True,,OMOP_CONCEPT,4328013,,Continuous lateral rotational therapy,AMSTEL_processitems_usagi,source_code_omop,high
PROCESS_INTERVAL//12583,OMOP//OMOP_CONCEPT//4121351,,True,,OMOP_CONCEPT,4121351,,Chest drain,AMSTEL_processitems_usagi,source_code_omop,high
PROCESS_INTERVAL//13807,OMOP//OMOP_CONCEPT//36695983,,False,,OMOP_CONCEPT,36695983,,Structure of right femur,AMSTEL_processitems_usagi,source_code_omop,high
PROCESS_INTERVAL//12399,OMOP//OMOP_CONCEPT//4179206,,True,,OMOP_CONCEPT,4179206,,Central venous catheter,AMSTEL_processitems_usagi,source_code_omop,high
PROCESS_INTERVAL//15870,OMOP//OMOP_CONCEPT//4077664,,True,,OMOP_CONCEPT,4077664,,Reverse isolation,AMSTEL_processitems_usagi,source_code_omop,high
PROCESS_INTERVAL//12139,OMOP//OMOP_CONCEPT//45764146,,True,,OMOP_CONCEPT,45764146,,Pleural catheter,AMSTEL_processitems_usagi,source_code_omop,high
PROCESS_INTERVAL//9182,OMOP//OMOP_CONCEPT//4147758,,True,,OMOP_CONCEPT,4147758,,Cerebrospinal catheter,AMSTEL_processitems_usagi,source_code_omop,high
PROCESS_INTERVAL//9499,OMOP//OMOP_CONCEPT//4205800,,True,,OMOP_CONCEPT,4205800,,Passive cooling of patient,AMSTEL_processitems_usagi,source_code_omop,high
PROCESS_INTERVAL//21188,OMOP//OMOP_CONCEPT//4161814,,True,,OMOP_CONCEPT,4161814,,Peripherally inserted central catheter,AMSTEL_processitems_usagi,source_code_omop,high
PROCESS_INTERVAL//9456,OMOP//OMOP_CONCEPT//0,,False,,OMOP_CONCEPT,0,,Unmapped,AMSTEL_processitems_usagi,source_code_omop,low
PROCESS_INTERVAL//9457,OMOP//OMOP_CONCEPT//0,,False,,OMOP_CONCEPT,0,,Unmapped,AMSTEL_processitems_usagi,source_code_omop,low
PROCESS_INTERVAL//10761,OMOP//OMOP_CONCEPT//4230995,,True,,OMOP_CONCEPT,4230995,,Sengstaken-Blakemore tube,AMSTEL_processitems_usagi,source_code_omop,high
PROCESS_INTERVAL//15787,OMOP//OMOP_CONCEPT//4314436,,False,,OMOP_CONCEPT,4314436,,Enterostomy,AMSTEL_processitems_usagi,source_code_omop,low
PROCESS_INTERVAL//9518,OMOP//OMOP_CONCEPT//2616644,,True,,OMOP_CONCEPT,2616644,,"Cough stimulating device, alternating positive and negative airway pressure",AMSTEL_processitems_usagi,source_code_omop,high
PROCESS_INTERVAL//12584,OMOP//OMOP_CONCEPT//4121351,,True,,OMOP_CONCEPT,4121351,,Chest drain,AMSTEL_processitems_usagi,source_code_omop,high
PROCESS_INTERVAL//12427,OMOP//OMOP_CONCEPT//36717545,,True,,OMOP_CONCEPT,36717545,,Wound irrigation cannula,AMSTEL_processitems_usagi,source_code_omop,high
PROCESS_INTERVAL//18806,OMOP//OMOP_CONCEPT//36675662,,True,,OMOP_CONCEPT,36675662,,Requires irradiated blood component,AMSTEL_processitems_usagi,source_code_omop,high
PROCESS_INTERVAL//9430,OMOP//OMOP_CONCEPT//4132147,,True,,OMOP_CONCEPT,4132147,,Inverse Trendelenburg position,AMSTEL_processitems_usagi,source_code_omop,high
PROCESS_INTERVAL//9431,OMOP//OMOP_CONCEPT//4224210,,True,,OMOP_CONCEPT,4224210,,Arm sling,AMSTEL_processitems_usagi,source_code_omop,high
PROCESS_INTERVAL//9455,OMOP//OMOP_CONCEPT//0,,False,,OMOP_CONCEPT,0,,Unmapped,AMSTEL_processitems_usagi,source_code_omop,low
PROCESS_INTERVAL//9494,OMOP//OMOP_CONCEPT//4077521,,True,,OMOP_CONCEPT,4077521,,Isolation nursing,AMSTEL_processitems_usagi,source_code_omop,high
PROCESS_INTERVAL//14953,OMOP//OMOP_CONCEPT//4062748,,True,,OMOP_CONCEPT,4062748,,Induction and maintenance of total body hypothermia,AMSTEL_processitems_usagi,source_code_omop,high
PROCESS_INTERVAL//20259,OMOP//OMOP_CONCEPT//4077521,,True,,OMOP_CONCEPT,4077521,,Isolation nursing,AMSTEL_processitems_usagi,source_code_omop,high
PROCESS_INTERVAL//21056,OMOP//OMOP_CONCEPT//4063510,,True,,OMOP_CONCEPT,4063510,,Structure of brachial artery,AMSTEL_processitems_usagi,source_code_omop,high
PROCESS_INTERVAL//18737,OMOP//OMOP_CONCEPT//4194226,,False,,OMOP_CONCEPT,4194226,,Transvenous electrode,AMSTEL_processitems_usagi,source_code_omop,low
PROCESS_INTERVAL//9426,OMOP//OMOP_CONCEPT//4021196,,True,,OMOP_CONCEPT,4021196,,Promotion of independence,AMSTEL_processitems_usagi,source_code_omop,high
PROCESS_INTERVAL//9519,OMOP//OMOP_CONCEPT//4144548,,True,,OMOP_CONCEPT,4144548,,Physiotherapy of chest,AMSTEL_processitems_usagi,source_code_omop,high
PROCESS_INTERVAL//21187,OMOP//OMOP_CONCEPT//4161814,,True,,OMOP_CONCEPT,4161814,,Peripherally inserted central catheter,AMSTEL_processitems_usagi,source_code_omop,high
PROCESS_INTERVAL//12585,OMOP//OMOP_CONCEPT//4121351,,True,,OMOP_CONCEPT,4121351,,Chest drain,AMSTEL_processitems_usagi,source_code_omop,high
PROCESS_INTERVAL//19649,OMOP//OMOP_CONCEPT//4040907,,True,,OMOP_CONCEPT,4040907,,External fixation device,AMSTEL_processitems_usagi,source_code_omop,high
PROCESS_INTERVAL//9453,OMOP//OMOP_CONCEPT//4308611,,True,,OMOP_CONCEPT,4308611,,Trendelenburg positioning,AMSTEL_processitems_usagi,source_code_omop,high
PROCESS_INTERVAL//9513,OMOP//OMOP_CONCEPT//0,,False,,OMOP_CONCEPT,0,,Unmapped,AMSTEL_processitems_usagi,source_code_omop,low
PROCESS_INTERVAL//19651,OMOP//OMOP_CONCEPT//4040907,,True,,OMOP_CONCEPT,4040907,,External fixation device,AMSTEL_processitems_usagi,source_code_omop,high
PROCESS_INTERVAL//20664,OMOP//OMOP_CONCEPT//4052536,,True,,OMOP_CONCEPT,4052536,,Extracorporeal membrane oxygenation,AMSTEL_processitems_usagi,source_code_omop,high
PROCESS_INTERVAL//21091,OMOP//OMOP_CONCEPT//45761309,,True,,OMOP_CONCEPT,45761309,,"Cardiopulmonary bypass cannula, arterial",AMSTEL_processitems_usagi,source_code_omop,high
PROCESS_INTERVAL//21092,OMOP//OMOP_CONCEPT//45761193,,True,,OMOP_CONCEPT,45761193,,"Cardiopulmonary bypass cannula, venous",AMSTEL_processitems_usagi,source_code_omop,high
PROCESS_INTERVAL//10618,OMOP//OMOP_CONCEPT//4044008,,True,,OMOP_CONCEPT,4044008,,Tracheostomy tube,AMSTEL_processitems_usagi,source_code_omop,high
PROCESS_INTERVAL//19652,OMOP//OMOP_CONCEPT//4040907,,True,,OMOP_CONCEPT,4040907,,External fixation device,AMSTEL_processitems_usagi,source_code_omop,high
PROCESS_INTERVAL//21093,OMOP//OMOP_CONCEPT//4297788,,True,,OMOP_CONCEPT,4297788,,Structure of femoral artery,AMSTEL_processitems_usagi,source_code_omop,high
PROCESS_INTERVAL//9176,OMOP//OMOP_CONCEPT//4044008,,True,,OMOP_CONCEPT,4044008,,Tracheostomy tube,AMSTEL_processitems_usagi,source_code_omop,high
PROCESS_INTERVAL//9527,OMOP//OMOP_CONCEPT//40480297,,True,,OMOP_CONCEPT,40480297,,Positioning subject in recovery position,AMSTEL_processitems_usagi,source_code_omop,high
