source_token,policy_layer,harmonized_token,token_role,emit_as_model_token,non_drug_drugitem_class,target_vocabulary,target_concept_id,target_code,target_label,mapping_source,match_strength,mapping_confidence
DRUG//START//65//7229,v10_medication_atc,MEDICATION//C01//C//A03,dynamic_event,True,,ATC,21600283,C01CA03,norepinephrine; parenteral,v10_existing_atc_normalization,validated_atc_concept,high
DRUG//START//21//8268,v10_medication_atc,MEDICATION//A07//A//A,dynamic_event,True,,ATC,21600602,A07AA,Antibiotics,v10_existing_atc_normalization,validated_atc_concept,high
DRUG//START//21//9138,v10_medication_atc,MEDICATION//A01//A//B,dynamic_event,True,,ATC,21600011,A01AB,Antiinfectives and antiseptics for local oral treatment,v10_existing_atc_normalization,validated_atc_concept,high
DRUG//START//29//6891,v10_medication_atc,MEDICATION//N02//B//E01,dynamic_event,True,,ATC,21604344,N02BE01,"paracetamol; oral, parenteral, rectal",v10_existing_atc_normalization,validated_atc_concept,high
DRUG//START//65//7624,v10_medication_atc,MEDICATION//A10//A//B01,dynamic_event,True,,ATC,21600715,A10AB01,insulin (human); parenteral,v10_existing_atc_normalization,validated_atc_concept,high
DRUG//START//65//7480,v10_medication_atc,MEDICATION//N01//A//X10,dynamic_event,True,,ATC,21604214,N01AX10,propofol,v10_existing_atc_normalization,validated_atc_concept,high
DRUG//START//65//7194,v10_medication_atc,MEDICATION//N05//C//D08,dynamic_event,True,,ATC,21604643,N05CD08,"midazolam; nasal, oral, parenteral, sublingual",v10_existing_atc_normalization,validated_atc_concept,high
DRUG//START//65//7219,v10_medication_atc,MEDICATION//N01//A//H01,dynamic_event,True,,ATC,21604201,N01AH01,fentanyl,v10_existing_atc_normalization,validated_atc_concept,high
DRUG//START//69//9080,v10_medication_atc,MEDICATION//S01//K//A02,dynamic_event,True,,ATC,21605115,S01KA02,hypromellose,v10_existing_atc_normalization,validated_atc_concept,high
DRUG//START//65//9001,v10_medication_atc,MEDICATION//B05//X//A01,dynamic_event,True,,ATC,21601196,B05XA01,potassium chloride,v10_existing_atc_normalization,validated_atc_concept,high
DRUG//START//65//19129,v10_medication_atc,MEDICATION//A10//A//B05,dynamic_event,True,,ATC,21600719,A10AB05,insulin aspart; parenteral,v10_existing_atc_normalization,validated_atc_concept,high
DRUG//START//69//12471,v10_medication_atc,MEDICATION//R01//A//A07,dynamic_event,True,,ATC,21605016,R01AA07,xylometazoline; nasal,v10_existing_atc_normalization,validated_atc_concept,high
DRUG//START//70//10622,v10_medication_atc,MEDICATION//R03//A//L,dynamic_event,True,,ATC,43534842,R03AL,Adrenergics in combination with anticholinergics incl. triple combinations with corticosteroids,v10_existing_atc_normalization,validated_atc_concept,high
DRUG//START//55//8937,v10_medication_atc,ATC//SFX//B05,metadata_only,False,line_or_device_metadata,ATC,21601161,B05BB01,B05BB01,AMSTEL_source_concepts,source_code_atc,high
DRUG//START//25//7625,v10_medication_atc,MEDICATION//B01//A//B06,dynamic_event,True,,ATC,21600977,B01AB06,nadroparin; parenteral,v10_existing_atc_normalization,validated_atc_concept,high
DRUG//START//67//7106,v10_medication_atc,MEDICATION//H02//A//B09,dynamic_event,True,,ATC,21602737,H02AB09,"hydrocortisone; oral, parenteral",v10_existing_atc_normalization,validated_atc_concept,high
DRUG//START//70//9149,v10_medication_atc,MEDICATION//R03//A//L02,dynamic_event,True,,ATC,43534844,R03AL02,salbutamol and ipratropium bromide,v10_existing_atc_normalization,validated_atc_concept,high
DRUG//START//31//8108,v10_medication_atc,MEDICATION//A06//A//D15,dynamic_event,True,,ATC,21600575,A06AD15,macrogol; oral,v10_existing_atc_normalization,validated_atc_concept,high
DRUG//START//65//7930,v10_medication_atc,MEDICATION//B01//A//B01,dynamic_event,True,,ATC,21600973,B01AB01,heparin; parenteral,v10_existing_atc_normalization,validated_atc_concept,high
DRUG//START//65//9014,v10_medication_atc,MEDICATION//A10//A//B01,dynamic_event,True,,ATC,21600715,A10AB01,insulin (human); parenteral,v10_existing_atc_normalization,validated_atc_concept,high
DRUG//START//119//13498,v10_medication_atc,MEDICATION//A06//A//D15,dynamic_event,True,,ATC,21600575,A06AD15,macrogol; oral,v10_existing_atc_normalization,validated_atc_concept,high
DRUG//START//23//7225,v10_medication_atc,MEDICATION//N02//A//A01,dynamic_event,True,,ATC,21604256,N02AA01,"morphine; oral, parenteral, rectal",v10_existing_atc_normalization,validated_atc_concept,high
DRUG//START//30//7184,v10_medication_atc,MEDICATION//C07//A//B02,dynamic_event/medication,True,,ATC,21601684,C07AB02,"metoprolol; oral, parenteral",v10_existing_atc_normalization,validated_atc_concept,high
DRUG//START//26//7979,v10_medication_atc,MEDICATION//A02//B//C02,dynamic_event,True,,ATC,21600097,A02BC02,"pantoprazole; oral, parenteral",v10_existing_atc_normalization,validated_atc_concept,high
DRUG//START//71//8006,v10_medication_atc,MEDICATION//A12//B//A01,dynamic_event,True,,ATC,21600877,A12BA01,potassium chloride; oral,v10_existing_atc_normalization,validated_atc_concept,high
DRUG//START//23//7097,v10_medication_atc,MEDICATION//N05//A//D01,dynamic_event,True,,ATC,21604516,N05AD01,"haloperidol; oral, parenteral",v10_existing_atc_normalization,validated_atc_concept,high
DRUG//START//29//6883,v10_medication_atc,MEDICATION//N05//B//A04,dynamic_event,True,,ATC,21604569,N05BA04,oxazepam; oral,v10_existing_atc_normalization,validated_atc_concept,high
DRUG//START//67//7148,v10_medication_atc,MEDICATION//B05//X//A05,dynamic_event,True,,ATC,21601200,B05XA05,magnesium sulfate,v10_existing_atc_normalization,validated_atc_concept,high
DRUG//START//65//6964,v10_medication_atc,MEDICATION//C02//A//C01,dynamic_event,True,,ATC,21600398,C02AC01,"clonidine; oral, parenteral",v10_existing_atc_normalization,validated_atc_concept,high
DRUG//START//65//7179,v10_medication_atc,MEDICATION//C01//C//A04,dynamic_event,True,,ATC,21600284,C01CA04,dopamine; parenteral,v10_existing_atc_normalization,validated_atc_concept,high
DRUG//START//23//6891,v10_medication_atc,MEDICATION//N02//B//E01,dynamic_event,True,,ATC,21604344,N02BE01,"paracetamol; oral, parenteral, rectal",v10_existing_atc_normalization,validated_atc_concept,high
DRUG//START//15//6919,v10_medication_atc,MEDICATION//J01//D//D01,dynamic_event,True,,ATC,21602895,J01DD01,cefotaxime; parenteral,v10_existing_atc_normalization,validated_atc_concept,high
DRUG//START//65//7244,v10_medication_atc,MEDICATION//C03//C//A01,dynamic_event,True,,ATC,21601518,C03CA01,"furosemide; oral, parenteral",v10_existing_atc_normalization,validated_atc_concept,high
DRUG//START//69//9120,v10_medication_atc,MEDICATION//S01//X//A20,dynamic_event,True,,ATC,21605143,S01XA20,artificial tears and other indifferent preparations,v10_existing_atc_normalization,validated_atc_concept,high
DRUG//START//15//7187,v10_medication_atc,MEDICATION//J01//X//D01,dynamic_event,True,,ATC,21603054,J01XD01,metronidazole; parenteral,v10_existing_atc_normalization,validated_atc_concept,high
DRUG//START//21//12408,v10_medication_atc,MEDICATION//A07//A//A,dynamic_event,True,,ATC,21600602,A07AA,Antibiotics,v10_existing_atc_normalization,validated_atc_concept,high
DRUG//START//15//9152,v10_medication_atc,MEDICATION//J01//D//B04,dynamic_event,True,,ATC,21602873,J01DB04,cefazolin; parenteral,v10_existing_atc_normalization,validated_atc_concept,high
DRUG//START//15//7064,v10_medication_atc,MEDICATION//J01//X//A01,dynamic_event,True,,ATC,21603043,J01XA01,vancomycin; parenteral,v10_existing_atc_normalization,validated_atc_concept,high
DRUG//START//30//6902,v10_medication_atc,MEDICATION//C09//A//A01,dynamic_event,True,,ATC,21601785,C09AA01,captopril; oral,v10_existing_atc_normalization,validated_atc_concept,high
DRUG//START//15//7208,v10_medication_atc,MEDICATION//J01//F//A01,dynamic_event,True,,ATC,21602970,J01FA01,"erythromycin; oral, parenteral",v10_existing_atc_normalization,validated_atc_concept,high
DRUG//START//65//7218,v10_medication_atc,MEDICATION//C08//C//A04,dynamic_event,True,,ATC,21601750,C08CA04,"nicardipine; oral, parenteral",v10_existing_atc_normalization,validated_atc_concept,high
DRUG//START//21//12407,v10_medication_atc,MEDICATION//A01//A//B,dynamic_event,True,,ATC,21600011,A01AB,Antiinfectives and antiseptics for local oral treatment,v10_existing_atc_normalization,validated_atc_concept,high
DRUG//START//21//13171,v10_medication_atc,MEDICATION//A01//A//B,dynamic_event,True,,ATC,21600011,A01AB,Antiinfectives and antiseptics for local oral treatment,v10_existing_atc_normalization,validated_atc_concept,high
DRUG//START//15//9133,v10_medication_atc,MEDICATION//J01//D//D04,dynamic_event,True,,ATC,21602898,J01DD04,ceftriaxone; parenteral,v10_existing_atc_normalization,validated_atc_concept,high
DRUG//START//67//7027,v10_medication_atc,MEDICATION//A11//D//A01,dynamic_event,True,,ATC,21600825,A11DA01,"thiamine (vit B1); oral, parenteral",v10_existing_atc_normalization,validated_atc_concept,high
DRUG//START//65//7412,v10_medication_atc,MEDICATION//A12//A//A02,dynamic_event,True,,ATC,21600861,A12AA02,calcium glubionate; parenteral,v10_existing_atc_normalization,validated_atc_concept,high
DRUG//START//24//7244,v10_medication_atc,MEDICATION//C03//C//A01,dynamic_event,True,,ATC,21601518,C03CA01,"furosemide; oral, parenteral",v10_existing_atc_normalization,validated_atc_concept,high
DRUG//START//71//9550,v10_medication_atc,MEDICATION//A11//A//A03,dynamic_event,True,,ATC,21600805,A11AA03,"multivitamins and other minerals, incl. combinations",v10_existing_atc_normalization,validated_atc_concept,high
DRUG//START//65//9015,v10_medication_atc,MEDICATION//C01//B//D01,dynamic_event,True,,ATC,21600270,C01BD01,"amiodarone; oral, parenteral",v10_existing_atc_normalization,validated_atc_concept,high
DRUG//START//67//9043,v10_medication_atc,MEDICATION//B05//X//C,dynamic_event,True,,ATC,21601219,B05XC,Vitamins,v10_existing_atc_normalization,validated_atc_concept,high
DRUG//START//30//9019,v10_medication_atc,MEDICATION//B01//A//C08,dynamic_event,True,,ATC,21600993,B01AC08,carbasalate calcium; oral,v10_existing_atc_normalization,validated_atc_concept,high
DRUG//START//55//8939,v10_medication_atc,ATC//SFX//B05,metadata_only,False,line_or_device_metadata,ATC,21601161,B05BB01,B05BB01,AMSTEL_source_concepts,source_code_atc,high
DRUG//START//29//7097,v10_medication_atc,MEDICATION//N05//A//D01,dynamic_event,True,,ATC,21604516,N05AD01,"haloperidol; oral, parenteral",v10_existing_atc_normalization,validated_atc_concept,high
DRUG//START//15//6948,v10_medication_atc,MEDICATION//J01//M//A02,dynamic_event,True,,ATC,21603009,J01MA02,"ciprofloxacin; oral, parenteral",v10_existing_atc_normalization,validated_atc_concept,high
DRUG//START//15//7123,v10_medication_atc,MEDICATION//J01//D//H51,dynamic_event,True,,ATC,21602925,J01DH51,imipenem and cilastatin; parenteral,v10_existing_atc_normalization,validated_atc_concept,high
DRUG//START//31//9543,v10_medication_atc,MEDICATION//A06//A//D02,dynamic_event,True,,ATC,21600567,A06AD02,magnesium oxide; oral,v10_existing_atc_normalization,validated_atc_concept,high
DRUG//START//69//12472,v10_medication_atc,MEDICATION//R01//A//D08,dynamic_event,True,,ATC,21605050,R01AD08,fluticasone; nasal,v10_existing_atc_normalization,validated_atc_concept,high
DRUG//START//65//7196,v10_medication_atc,MEDICATION//C01//C//E03,dynamic_event,True,,ATC,21600309,C01CE03,enoximone; parenteral,v10_existing_atc_normalization,validated_atc_concept,high
DRUG//START//70//15720,v10_medication_atc,MEDICATION//R03//B//B01,dynamic_event,True,,ATC,21603293,R03BB01,ipratropium bromide; inhalant,v10_existing_atc_normalization,validated_atc_concept,high
DRUG//START//65//18783,v10_medication_atc,MEDICATION//A12//A//A03,dynamic_event,True,,ATC,21600862,A12AA03,"calcium gluconate; oral, parenteral",v10_existing_atc_normalization,validated_atc_concept,high
DRUG//START//23//7165,v10_medication_atc,MEDICATION//N05//B//A06,dynamic_event,True,,ATC,21604571,N05BA06,"lorazepam; oral, parenteral, sublingual",v10_existing_atc_normalization,validated_atc_concept,high
DRUG//START//15//9029,v10_medication_atc,MEDICATION//J01//C//R02,dynamic_event,True,,ATC,21602863,J01CR02,"amoxicillin and beta-lactamase inhibitor; oral, parenteral",v10_existing_atc_normalization,validated_atc_concept,high
DRUG//START//15//7227,v10_medication_atc,MEDICATION//J01//C//F05,dynamic_event,True,,ATC,21602857,J01CF05,"flucloxacillin; oral, parenteral",v10_existing_atc_normalization,validated_atc_concept,high
DRUG//START//71//9551,v10_medication_atc,MEDICATION//A12//C//B01,dynamic_event,True,,ATC,21600889,A12CB01,zinc sulfate; oral,v10_existing_atc_normalization,validated_atc_concept,high
DRUG//START//65//7478,v10_medication_atc,MEDICATION//C01//D//A02,dynamic_event,True,,ATC,21600317,C01DA02,"glyceryl trinitrate; local oral, oral, sublingual, transdermal",v10_existing_atc_normalization,validated_atc_concept,high
DRUG//START//65//7151,v10_medication_atc,MEDICATION//C07//A//G01,dynamic_event,True,,ATC,21601699,C07AG01,"labetalol; oral, parenteral",v10_existing_atc_normalization,validated_atc_concept,high
DRUG//START//29//9590,v10_medication_atc,MEDICATION//N05//B//A12,dynamic_event,True,,ATC,21604577,N05BA12,alprazolam; oral,v10_existing_atc_normalization,validated_atc_concept,high
DRUG//START//15//6847,v10_medication_atc,MEDICATION//J01//C//A04,dynamic_event,True,,ATC,21602823,J01CA04,"amoxicillin; oral, parenteral",v10_existing_atc_normalization,validated_atc_concept,high
DRUG//START//67//12491,v10_medication_atc,MEDICATION//B05//X//A31,dynamic_event,True,,ATC,21601214,B05XA31,electrolytes in combination with other drugs,v10_existing_atc_normalization,validated_atc_concept,high
DRUG//START//69//12947,v10_medication_atc,MEDICATION//R01//A//X06,dynamic_event,True,,ATC,21603201,R01AX06,mupirocin; nasal,v10_existing_atc_normalization,validated_atc_concept,high
DRUG//START//32//6993,v10_medication_atc,MEDICATION//C10//A//A01,dynamic_event,True,,ATC,21601856,C10AA01,simvastatin; oral,v10_existing_atc_normalization,validated_atc_concept,high
DRUG//START//70//9150,v10_medication_atc,MEDICATION//R03//A//K,dynamic_event,True,,ATC,21603274,R03AK,"Adrenergics in combination with corticosteroids or other drugs, excl. anticholinergics",v10_existing_atc_normalization,validated_atc_concept,high
DRUG//START//70//9071,v10_medication_atc,MEDICATION//R05//C//B01,dynamic_event,True,,ATC,21603380,R05CB01,"acetylcysteine; inhalant, oral",v10_existing_atc_normalization,validated_atc_concept,high
DRUG//START//30//8154,v10_medication_atc,MEDICATION//C08//C//A01,dynamic_event,True,,ATC,21601747,C08CA01,amlodipine; oral,v10_existing_atc_normalization,validated_atc_concept,high
DRUG//START//31//7979,v10_medication_atc,MEDICATION//A02//B//C02,dynamic_event/medication,True,,ATC,21600097,A02BC02,"pantoprazole; oral, parenteral",v10_existing_atc_normalization,validated_atc_concept,high
DRUG//START//65//7178,v10_medication_atc,MEDICATION//C01//C//A07,dynamic_event,True,,ATC,21600287,C01CA07,dobutamine; parenteral,v10_existing_atc_normalization,validated_atc_concept,high
DRUG//START//65//8999,v10_medication_atc,MEDICATION//B05//X//A30,dynamic_event,True,,ATC,21601213,B05XA30,combinations of electrolytes,v10_existing_atc_normalization,validated_atc_concept,high
DRUG//START//55//7148,v10_medication_atc,MEDICATION//B05//X//A05,dynamic_event,True,,ATC,21601200,B05XA05,magnesium sulfate,v10_existing_atc_normalization,validated_atc_concept,high
DRUG//START//26//7180,v10_medication_atc,MEDICATION//A03//F//A01,dynamic_event,True,,ATC,21600484,A03FA01,"metoclopramide; oral, parenteral, rectal",v10_existing_atc_normalization,validated_atc_concept,high
DRUG//START//29//7165,v10_medication_atc,MEDICATION//N05//B//A06,dynamic_event,True,,ATC,21604571,N05BA06,"lorazepam; oral, parenteral, sublingual",v10_existing_atc_normalization,validated_atc_concept,high
DRUG//START//55//9021,v10_medication_atc,MEDICATION//A11//G//A01,dynamic_event,True,,ATC,21600837,A11GA01,"ascorbic acid (vit C); oral, parenteral",v10_existing_atc_normalization,validated_atc_concept,high
DRUG//START//15//8394,v10_medication_atc,MEDICATION//J01//E//E01,dynamic_event,True,,ATC,21602961,J01EE01,sulfamethoxazole and trimethoprim,v10_existing_atc_normalization,validated_atc_concept,high
DRUG//START//55//9351,v10_medication_atc,MEDICATION//A11//E//A,dynamic_event,True,,ATC,21600830,A11EA,"Vitamin B-complex, plain",v10_existing_atc_normalization,validated_atc_concept,high
DRUG//START//15//6811,v10_medication_atc,MEDICATION//J05//A//B01,dynamic_event,True,,ATC,21603131,J05AB01,"aciclovir; oral, parenteral",v10_existing_atc_normalization,validated_atc_concept,high
DRUG//START//67//9475,v10_medication_atc,NUTRITION//PARENTERAL,dynamic_event/nutrition_fluid,True,parenteral_nutrition,LOCAL,,,NUTRITION//PARENTERAL,omop_only_medication_action_ready,curated_broad_non_medication,high
DRUG//START//67//6995,v10_medication_atc,MEDICATION//H02//A//B02,dynamic_event,True,,ATC,21602730,H02AB02,"dexamethasone; oral, parenteral",v10_existing_atc_normalization,validated_atc_concept,high
DRUG//START//32//12800,v10_medication_atc,MEDICATION//C10//A//A05,dynamic_event,True,,ATC,21601860,C10AA05,atorvastatin; oral,v10_existing_atc_normalization,validated_atc_concept,high
DRUG//START//29//7015,v10_medication_atc,MEDICATION//N05//C//D07,dynamic_event,True,,ATC,21604642,N05CD07,temazepam; oral,v10_existing_atc_normalization,validated_atc_concept,high
DRUG//START//70//7132,v10_medication_atc,MEDICATION//R03//B//B01,dynamic_event,True,,ATC,21603293,R03BB01,ipratropium bromide; inhalant,v10_existing_atc_normalization,validated_atc_concept,high
DRUG//START//55//7412,v10_medication_atc,MEDICATION//A12//A//A02,dynamic_event,True,,ATC,21600861,A12AA02,calcium glubionate; parenteral,v10_existing_atc_normalization,validated_atc_concept,high
DRUG//START//32//6968,v10_medication_atc,MEDICATION//B01//A//C04,dynamic_event,True,,ATC,21600989,B01AC04,clopidogrel; oral,v10_existing_atc_normalization,validated_atc_concept,high
DRUG//START//65//7227,v10_medication_atc,MEDICATION//J01//C//F05,dynamic_event,True,,ATC,21602857,J01CF05,"flucloxacillin; oral, parenteral",v10_existing_atc_normalization,validated_atc_concept,high
DRUG//START//21//10586,v10_medication_atc,MEDICATION//A07//A//A,dynamic_event,True,,ATC,21600602,A07AA,Antibiotics,v10_existing_atc_normalization,validated_atc_concept,high
DRUG//START//30//10581,v10_medication_atc,MEDICATION//C09//A//A03,dynamic_event,True,,ATC,21601787,C09AA03,lisinopril; oral,v10_existing_atc_normalization,validated_atc_concept,high
DRUG//START//21//10585,v10_medication_atc,MEDICATION//A01//A//B,dynamic_event,True,,ATC,21600011,A01AB,Antiinfectives and antiseptics for local oral treatment,v10_existing_atc_normalization,validated_atc_concept,high
DRUG//START//65//7979,v10_medication_atc,MEDICATION//A02//B//C02,dynamic_event,True,,ATC,21600097,A02BC02,"pantoprazole; oral, parenteral",v10_existing_atc_normalization,validated_atc_concept,high
DRUG//START//25//7246,v10_medication_atc,MEDICATION//B02//B//A01,dynamic_event,True,,ATC,21601045,B02BA01,"phytomenadione; oral, parenteral",v10_existing_atc_normalization,validated_atc_concept,high
DRUG//START//67//6922,v10_medication_atc,MEDICATION//H02//A//B06,dynamic_event,True,,ATC,21602734,H02AB06,"prednisolone; oral, parenteral",v10_existing_atc_normalization,validated_atc_concept,high
DRUG//START//29//8100,v10_medication_atc,MEDICATION//N02//B//F01,dynamic_event,True,,ATC,955005,N02BF01,gabapentin; oral,omop_only_medication_action_ready,validated_atc_code,high
DRUG//START//25//8111,v10_medication_atc,MEDICATION//B02//A//A02,dynamic_event,True,,ATC,21601036,B02AA02,"tranexamic acid; oral, parenteral",v10_existing_atc_normalization,validated_atc_concept,high
DRUG//START//15//7231,v10_medication_atc,MEDICATION//J02//A//C01,dynamic_event,True,,ATC,21603080,J02AC01,"fluconazole; oral, parenteral",v10_existing_atc_normalization,validated_atc_concept,high
DRUG//START//30//9062,v10_medication_atc,MEDICATION//C03//A//A03,dynamic_event,True,,ATC,21601466,C03AA03,hydrochlorothiazide; oral,v10_existing_atc_normalization,validated_atc_concept,high
DRUG//START//55//9001,v10_medication_atc,MEDICATION//B05//X//A01,dynamic_event,True,,ATC,21601196,B05XA01,potassium chloride,v10_existing_atc_normalization,validated_atc_concept,high
DRUG//START//65//7228,v10_medication_atc,MEDICATION//C08//C//A06,dynamic_event,True,,ATC,21601752,C08CA06,"nimodipine; oral, parenteral",v10_existing_atc_normalization,validated_atc_concept,high
DRUG//START//69//7191,v10_medication_atc,MEDICATION//D01//A//C02,dynamic_event,True,,ATC,21601921,D01AC02,miconazole,v10_existing_atc_normalization,validated_atc_concept,high
DRUG//START//15//9128,v10_medication_atc,MEDICATION//J01//C//A12,dynamic_event,True,,ATC,21602831,J01CA12,piperacillin; parenteral,v10_existing_atc_normalization,validated_atc_concept,high
DRUG//START//30//7006,v10_medication_atc,MEDICATION//C07//A//A07,dynamic_event,True,,ATC,21601672,C07AA07,"sotalol; oral, parenteral",v10_existing_atc_normalization,validated_atc_concept,high
DRUG//START//26//6950,v10_medication_atc,MEDICATION//A02//B//A02,dynamic_event,True,,ATC,21600083,A02BA02,"ranitidine; oral, parenteral",v10_existing_atc_normalization,validated_atc_concept,high
DRUG//START//21//8549,v10_medication_atc,MEDICATION//A07//A//A10,dynamic_event,True,,ATC,21600612,A07AA10,colistin; oral,omop_only_medication_action_ready,validated_atc_code,high
DRUG//START//70//9100,v10_medication_atc,MEDICATION//R05//C//B01,dynamic_event,True,,ATC,21603380,R05CB01,"acetylcysteine; inhalant, oral",v10_existing_atc_normalization,validated_atc_concept,high
DRUG//START//21//13169,v10_medication_atc,MEDICATION//A01//A//B,dynamic_event,True,,ATC,21600011,A01AB,Antiinfectives and antiseptics for local oral treatment,v10_existing_atc_normalization,validated_atc_concept,high
DRUG//START//32//9019,v10_medication_atc,MEDICATION//B01//A//C08,dynamic_event,True,,ATC,21600993,B01AC08,carbasalate calcium; oral,v10_existing_atc_normalization,validated_atc_concept,high
DRUG//START//23//7222,v10_medication_atc,MEDICATION//N03//A//B02,dynamic_event,True,,ATC,21604399,N03AB02,"phenytoin; oral, parenteral",omop_only_medication_action_ready,validated_atc_code,medium
DRUG//START//15//6917,v10_medication_atc,MEDICATION//J01//D//D02,dynamic_event,True,,ATC,21602896,J01DD02,ceftazidime; parenteral,v10_existing_atc_normalization,validated_atc_concept,high
DRUG//START//30//7011,v10_medication_atc,MEDICATION//C03//D//A01,dynamic_event,True,,ATC,21601534,C03DA01,spironolactone; oral,omop_only_medication_action_ready,validated_atc_code,high
DRUG//START//15//8127,v10_medication_atc,MEDICATION//J01//D//H02,dynamic_event,True,,ATC,21602921,J01DH02,meropenem; parenteral,v10_existing_atc_normalization,validated_atc_concept,high
DRUG//START//71//7157,v10_medication_atc,MEDICATION//H03//A//A01,dynamic_event,True,,ATC,21602754,H03AA01,"levothyroxine sodium; oral, parenteral",v10_existing_atc_normalization,validated_atc_concept,high
DRUG//START//24//7173,v10_medication_atc,MEDICATION//C01//A//A05,dynamic_event,True,,ATC,21600234,C01AA05,"digoxin; oral, parenteral",v10_existing_atc_normalization,validated_atc_concept,high
DRUG//START//69//8171,v10_medication_atc,MEDICATION//R01//A//A07,dynamic_event,True,,ATC,21605016,R01AA07,xylometazoline; nasal,v10_existing_atc_normalization,validated_atc_concept,high
DRUG//START//65//18807,v10_medication_atc,MEDICATION//B05//X//A14,dynamic_event,True,,ATC,21601209,B05XA14,sodium glycerophosphate,v10_existing_atc_normalization,validated_atc_concept,high
DRUG//START//24//6804,v10_medication_atc,MEDICATION//S01//E//C01,dynamic_event,True,,ATC,21603693,S01EC01,"acetazolamide; oral, parenteral",v10_existing_atc_normalization,validated_atc_concept,high
DRUG//START//61//7369,v10_medication_atc,ATC//SFX//B05,metadata_only,False,blood_product,ATC,21601150,B05AX02,B05AX02,AMSTEL_source_concepts,source_code_atc,high
DRUG//START//26//12942,v10_medication_atc,MEDICATION//A04//A//A01,dynamic_event,True,,ATC,21600493,A04AA01,"ondansetron; oral, parenteral, rectal",v10_existing_atc_normalization,validated_atc_concept,high
DRUG//START//39//13019,v10_medication_atc,ATC//SFX//B05,metadata_only,False,parenteral_nutrition,ATC,21601159,B05BA10,B05BA10,AMSTEL_source_concepts,source_code_atc,high
DRUG//START//15//12398,v10_medication_atc,MEDICATION//J01//M//A12,dynamic_event,True,,ATC,21603019,J01MA12,"levofloxacin; inhalant, oral, parenteral",v10_existing_atc_normalization,validated_atc_concept,high
DRUG//START//31//12388,v10_medication_atc,MEDICATION//A02//B//C05,dynamic_event,True,,ATC,21600100,A02BC05,"esomeprazole; oral, parenteral",v10_existing_atc_normalization,validated_atc_concept,high
DRUG//START//65//6844,v10_medication_atc,MEDICATION//C01//B//D01,dynamic_event,True,,ATC,21600270,C01BD01,"amiodarone; oral, parenteral",v10_existing_atc_normalization,validated_atc_concept,high
DRUG//START//31//9072,v10_medication_atc,MEDICATION//A06//A//G01,dynamic_event,True,,ATC,21600584,A06AG01,sodium phosphate; rectal,omop_only_medication_action_ready,validated_atc_code,high
DRUG//START//21//20535,v10_medication_atc,MEDICATION//A01//A//B,dynamic_event,True,,ATC,21600011,A01AB,Antiinfectives and antiseptics for local oral treatment,v10_existing_atc_normalization,validated_atc_concept,high
DRUG//START//55//7360,v10_medication_atc,ATC//SFX//B05,metadata_only,False,crystalloid_or_diluent,ATC,21601165,B05BC01,B05BC01,AMSTEL_source_concepts,source_code_atc,high
DRUG//START//65//9006,v10_medication_atc,MEDICATION//C02//D//D01,dynamic_event,True,,ATC,21600435,C02DD01,nitroprusside; parenteral,v10_existing_atc_normalization,validated_atc_concept,high
DRUG//START//17//8933,v10_medication_atc,ATC//SFX//B05,metadata_only,False,colloid_or_volume_expander,ATC,21601139,B05AA01,B05AA01,AMSTEL_source_concepts,source_code_atc,high
DRUG//START//65//8998,v10_medication_atc,ATC//SFX//B05,metadata_only,False,crystalloid_or_diluent,ATC,21601197,B05XA02,B05XA02,AMSTEL_source_concepts,source_code_atc,high
DRUG//START//15//6958,v10_medication_atc,MEDICATION//J01//F//F01,dynamic_event,True,,ATC,21602985,J01FF01,"clindamycin; oral, parenteral",v10_existing_atc_normalization,validated_atc_concept,high
DRUG//START//26//12388,v10_medication_atc,MEDICATION//A02//B//C05,dynamic_event,True,,ATC,21600100,A02BC05,"esomeprazole; oral, parenteral",v10_existing_atc_normalization,validated_atc_concept,high
DRUG//START//32//8174,v10_medication_atc,MEDICATION//V03//A//E01,dynamic_event,True,,ATC,21605264,V03AE01,polystyrene sulfonate; oral,v10_existing_atc_normalization,validated_atc_concept,high
DRUG//START//29//12518,v10_medication_atc,MEDICATION//M03//B//X01,dynamic_event,True,,ATC,21604115,M03BX01,"baclofen; oral, parenteral",omop_only_medication_action_ready,validated_atc_code,high
DRUG//START//30//12798,v10_medication_atc,MEDICATION//B01//A//C06,dynamic_event,True,,ATC,21600991,B01AC06,acetylsalicylic acid; oral,v10_existing_atc_normalization,validated_atc_concept,high
DRUG//START//23//6960,v10_medication_atc,MEDICATION//M03//A//C09,dynamic_event,True,,ATC,21604086,M03AC09,rocuronium bromide,v10_existing_atc_normalization,validated_atc_concept,high
DRUG//START//32//6802,v10_medication_atc,MEDICATION//B01//A//A07,dynamic_event,True,,ATC,21600967,B01AA07,acenocoumarol; oral,v10_existing_atc_normalization,validated_atc_concept,high
DRUG//START//27//9612,v10_medication_atc,ATC//SFX//B05,metadata_only,False,crystalloid_or_diluent,ATC,21601161,B05BB01,B05BB01,AMSTEL_source_concepts,source_code_atc,high
DRUG//START//31//9086,v10_medication_atc,MEDICATION//A06//A//D11,dynamic_event,True,,ATC,21600571,A06AD11,lactulose; oral,v10_existing_atc_normalization,validated_atc_concept,high
DRUG//START//15//8547,v10_medication_atc,MEDICATION//J02//A//C03,dynamic_event,True,,ATC,21603082,J02AC03,"voriconazole; oral, parenteral",v10_existing_atc_normalization,validated_atc_concept,high
DRUG//START//55//8940,v10_medication_atc,ATC//SFX//B05,metadata_only,False,crystalloid_or_diluent,ATC,21601157,B05BA03,B05BA03,AMSTEL_source_concepts,source_code_atc,high
DRUG//START//17//8932,v10_medication_atc,ATC//SFX//B05,metadata_only,False,colloid_or_volume_expander,ATC,21601144,B05AA07,B05AA07,AMSTEL_source_concepts,source_code_atc,high
DRUG//START//31//6950,v10_medication_atc,MEDICATION//A02//B//A02,dynamic_event,True,,ATC,21600083,A02BA02,"ranitidine; oral, parenteral",v10_existing_atc_normalization,validated_atc_concept,high
DRUG//START//55//7295,v10_medication_atc,ATC//SFX//B05,metadata_only,False,crystalloid_or_diluent,ATC,21601197,B05XA02,B05XA02,AMSTEL_source_concepts,source_code_atc,high
DRUG//START//23//6910,v10_medication_atc,MEDICATION//N02//A//C03,dynamic_event,True,,ATC,21604277,N02AC03,piritramide; parenteral,v10_existing_atc_normalization,validated_atc_concept,high
DRUG//START//23//7219,v10_medication_atc,MEDICATION//N01//A//H01,dynamic_event,True,,ATC,21604201,N01AH01,fentanyl,v10_existing_atc_normalization,validated_atc_concept,high
DRUG//START//30//7244,v10_medication_atc,MEDICATION//C03//C//A01,dynamic_event,True,,ATC,21601518,C03CA01,"furosemide; oral, parenteral",v10_existing_atc_normalization,validated_atc_concept,high
DRUG//START//29//13881,v10_medication_atc,MEDICATION//N02//B//F02,dynamic_event,True,,ATC,955152,N02BF02,pregabalin; oral,omop_only_medication_action_ready,validated_atc_code,high
DRUG//START//30//7228,v10_medication_atc,MEDICATION//C08//C//A06,dynamic_event,True,,ATC,21601752,C08CA06,"nimodipine; oral, parenteral",v10_existing_atc_normalization,validated_atc_concept,high
DRUG//START//71//6922,v10_medication_atc,MEDICATION//H02//A//B06,dynamic_event,True,,ATC,21602734,H02AB06,"prednisolone; oral, parenteral",v10_existing_atc_normalization,validated_atc_concept,high
DRUG//START//25//7930,v10_medication_atc,MEDICATION//B01//A//B01,dynamic_event,True,,ATC,21600973,B01AB01,heparin; parenteral,v10_existing_atc_normalization,validated_atc_concept,high
DRUG//START//65//6871,v10_medication_atc,MEDICATION//J01//C//E01,dynamic_event,True,,ATC,21602841,J01CE01,benzylpenicillin; parenteral,v10_existing_atc_normalization,validated_atc_concept,high
DRUG//START//65//6818,v10_medication_atc,MEDICATION//C01//C//A24,dynamic_event,True,,ATC,21600303,C01CA24,epinephrine; parenteral,v10_existing_atc_normalization,validated_atc_concept,high
DRUG//START//30//6804,v10_medication_atc,MEDICATION//S01//E//C01,dynamic_event,True,,ATC,21603693,S01EC01,"acetazolamide; oral, parenteral",v10_existing_atc_normalization,validated_atc_concept,high
DRUG//START//63//9156,v10_medication_atc,ATC//V06//GENERAL_NUTRIENTS,metadata_only,False,enteral_nutrition,ATC,21605350,V06DB,V06DB,AMSTEL_source_concepts,source_code_atc,high
DRUG//START//71//10629,v10_medication_atc,MEDICATION//A12//C//A01,dynamic_event,True,,ATC,21600886,A12CA01,sodium chloride; oral,omop_only_medication_action_ready,validated_atc_code,high
DRUG//START//67//7412,v10_medication_atc,MEDICATION//A12//A//A02,dynamic_event,True,,ATC,21600861,A12AA02,calcium glubionate; parenteral,v10_existing_atc_normalization,validated_atc_concept,high
DRUG//START//65//9018,v10_medication_atc,MEDICATION//N01//A//X14,dynamic_event,True,,ATC,21604217,N01AX14,esketamine,v10_existing_atc_normalization,validated_atc_concept,high
DRUG//START//30//7173,v10_medication_atc,MEDICATION//C01//A//A05,dynamic_event,True,,ATC,21600234,C01AA05,"digoxin; oral, parenteral",v10_existing_atc_normalization,validated_atc_concept,high
DRUG//START//29//13018,v10_medication_atc,MEDICATION//N03//A//X14,dynamic_event,True,,ATC,21604436,N03AX14,"levetiracetam; oral, parenteral",omop_only_medication_action_ready,validated_atc_code,high
DRUG//START//67//9145,v10_medication_atc,MEDICATION//B05//X//A31,dynamic_event,True,,ATC,21601214,B05XA31,electrolytes in combination with other drugs,v10_existing_atc_normalization,validated_atc_concept,high
DRUG//START//65//7135,v10_medication_atc,MEDICATION//C01//C//A02,dynamic_event,True,,ATC,21600282,C01CA02,"isoprenaline; oral, parenteral",v10_existing_atc_normalization,validated_atc_concept,high
DRUG//START//15//7044,v10_medication_atc,MEDICATION//J01//G//B01,dynamic_event,True,,ATC,21602995,J01GB01,"tobramycin; inhalant, parenteral",v10_existing_atc_normalization,validated_atc_concept,high
DRUG//START//21//13457,v10_medication_atc,MEDICATION//A07//A//A,dynamic_event,True,,ATC,21600602,A07AA,Antibiotics,v10_existing_atc_normalization,validated_atc_concept,high
DRUG//START//29//12391,v10_medication_atc,MEDICATION//N03//A//G01,dynamic_event,True,,ATC,21604422,N03AG01,"valproic acid; oral, parenteral, rectal",omop_only_medication_action_ready,validated_atc_code,medium
DRUG//START//42//9562,v10_medication_atc,OMOP//OMOP_CONCEPT//4036190,metadata_only,False,crystalloid_or_diluent,OMOP_CONCEPT,4036190,11713004,Water,AMSTEL_usagi,source_code_omop,medium
DRUG//START//70//6880,v10_medication_atc,MEDICATION//R03//B//A02,dynamic_event,True,,ATC,21603285,R03BA02,budesonide; inhalant,omop_only_medication_action_ready,validated_atc_code,medium
DRUG//START//21//12947,v10_medication_atc,MEDICATION//R01//A//X06,dynamic_event,True,,ATC,21603201,R01AX06,mupirocin; nasal,v10_existing_atc_normalization,validated_atc_concept,high
DRUG//START//29//6906,v10_medication_atc,MEDICATION//N03//A//F01,dynamic_event,True,,ATC,21604417,N03AF01,"carbamazepine; oral, rectal",omop_only_medication_action_ready,validated_atc_code,high
DRUG//START//65//7165,v10_medication_atc,MEDICATION//N05//B//A06,dynamic_event,True,,ATC,21604571,N05BA06,"lorazepam; oral, parenteral, sublingual",v10_existing_atc_normalization,validated_atc_concept,high
DRUG//START//55//18783,v10_medication_atc,MEDICATION//A12//A//A03,dynamic_event,True,,ATC,21600862,A12AA03,"calcium gluconate; oral, parenteral",v10_existing_atc_normalization,validated_atc_concept,high
DRUG//START//21//7064,v10_medication_atc,MEDICATION//J01//X//A01,dynamic_event,True,,ATC,21603043,J01XA01,vancomycin; parenteral,v10_existing_atc_normalization,validated_atc_concept,high
DRUG//START//39//8948,v10_medication_atc,ATC//SFX//B05,metadata_only,False,parenteral_nutrition,ATC,21601159,B05BA10,B05BA10,AMSTEL_source_concepts,source_code_atc,high
DRUG//START//30//9125,v10_medication_atc,MEDICATION//B01//A//C07,dynamic_event,True,,ATC,21600992,B01AC07,"dipyridamole; oral, parenteral",v10_existing_atc_normalization,validated_atc_concept,high
DRUG//START//65//6962,v10_medication_atc,MEDICATION//N03//A//E01,dynamic_event,True,,ATC,21604415,N03AE01,"clonazepam; oral, parenteral",omop_only_medication_action_ready,validated_atc_code,medium
DRUG//START//56//14913,v10_medication_atc,OMOP//OMOP_CONCEPT//4037090,metadata_only,False,oral_food,OMOP_CONCEPT,4037090,227999000,Cooked food,AMSTEL_usagi,source_code_omop,medium
DRUG//START//23//14443,v10_medication_atc,MEDICATION//N03//A//G01,dynamic_event,True,,ATC,21604422,N03AG01,"valproic acid; oral, parenteral, rectal",omop_only_medication_action_ready,validated_atc_code,medium
DRUG//START//15//9151,v10_medication_atc,MEDICATION//J01//D//C02,dynamic_event,True,,ATC,21602884,J01DC02,"cefuroxime; oral, parenteral",v10_existing_atc_normalization,validated_atc_concept,high
DRUG//START//30//13882,v10_medication_atc,MEDICATION//C10//A//A03,dynamic_event,True,,ATC,21601858,C10AA03,pravastatin; oral,v10_existing_atc_normalization,validated_atc_concept,high
DRUG//START//29//9139,v10_medication_atc,MEDICATION//N04//B//A02,dynamic_event,True,,ATC,21604465,N04BA02,levodopa and decarboxylase inhibitor; oral,omop_only_medication_action_ready,validated_atc_code,high
DRUG//START//29//9063,v10_medication_atc,MEDICATION//M01//A//B05,dynamic_event,True,,ATC,21603945,M01AB05,"diclofenac; oral, parenteral, rectal",omop_only_medication_action_ready,validated_atc_code,high
DRUG//START//114//19886,v10_medication_atc,ATC//V06//GENERAL_NUTRIENTS,metadata_only,False,enteral_nutrition,ATC,21605350,V06DB,V06DB,AMSTEL_source_concepts,source_code_atc,high
DRUG//START//65//7149,v10_medication_atc,MEDICATION//C02//K//D01,dynamic_event,True,,ATC,21600446,C02KD01,"ketanserin; oral, parenteral",v10_existing_atc_normalization,validated_atc_concept,high
DRUG//START//23//7194,v10_medication_atc,MEDICATION//N05//C//D08,dynamic_event,True,,ATC,21604643,N05CD08,"midazolam; nasal, oral, parenteral, sublingual",v10_existing_atc_normalization,validated_atc_concept,high
DRUG//START//32//7132,v10_medication_atc,MEDICATION//R03//B//B01,dynamic_event,True,,ATC,21603293,R03BB01,ipratropium bromide; inhalant,v10_existing_atc_normalization,validated_atc_concept,high
DRUG//START//29//13012,v10_medication_atc,MEDICATION//N05//A//H03,dynamic_event,True,,ATC,21604543,N05AH03,"olanzapine; oral, parenteral",v10_existing_atc_normalization,validated_atc_concept,high
DRUG//START//65//7225,v10_medication_atc,MEDICATION//N02//A//A01,dynamic_event,True,,ATC,21604256,N02AA01,"morphine; oral, parenteral, rectal",v10_existing_atc_normalization,validated_atc_concept,high
DRUG//START//30//6862,v10_medication_atc,MEDICATION//C07//A//B03,dynamic_event,True,,ATC,21601685,C07AB03,"atenolol; oral, parenteral",v10_existing_atc_normalization,validated_atc_concept,high
DRUG//START//67//20362,v10_medication_atc,MEDICATION//B05//X//A31,dynamic_event,True,,ATC,21601214,B05XA31,electrolytes in combination with other drugs,v10_existing_atc_normalization,validated_atc_concept,high
DRUG//START//67//8132,v10_medication_atc,MEDICATION//H02//A//B04,dynamic_event,True,,ATC,21602732,H02AB04,"methylprednisolone; oral, parenteral",v10_existing_atc_normalization,validated_atc_concept,high
DRUG//START//30//7151,v10_medication_atc,MEDICATION//C07//A//G01,dynamic_event,True,,ATC,21601699,C07AG01,"labetalol; oral, parenteral",v10_existing_atc_normalization,validated_atc_concept,high
DRUG//START//21//8547,v10_medication_atc,MEDICATION//J02//A//C03,dynamic_event,True,,ATC,21603082,J02AC03,"voriconazole; oral, parenteral",v10_existing_atc_normalization,validated_atc_concept,high
DRUG//START//70//9136,v10_medication_atc,MEDICATION//R03//A//C02,dynamic_event,True,,ATC,21603256,R03AC02,salbutamol; inhalant,v10_existing_atc_normalization,validated_atc_concept,high
DRUG//START//29//16360,v10_medication_atc,MEDICATION//N05//A//H04,dynamic_event,True,,ATC,21604544,N05AH04,quetiapine; oral,v10_existing_atc_normalization,validated_atc_concept,high
DRUG//START//29//9147,v10_medication_atc,MEDICATION//N06//A//A09,dynamic_event,True,,ATC,21604696,N06AA09,"amitriptyline; oral, parenteral",omop_only_medication_action_ready,validated_atc_code,high
DRUG//START//69//12894,v10_medication_atc,MEDICATION//S01//X//A20,dynamic_event,True,,ATC,21605143,S01XA20,artificial tears and other indifferent preparations,omop_only_medication_action_ready,validated_atc_code,high
DRUG//START//29//12535,v10_medication_atc,MEDICATION//N06//A//B04,dynamic_event,True,,ATC,21604712,N06AB04,"citalopram; oral, parenteral",omop_only_medication_action_ready,validated_atc_code,high
DRUG//START//15//15739,v10_medication_atc,MEDICATION//J02//A//X06,dynamic_event,True,,ATC,21603088,J02AX06,anidulafungin; parenteral,v10_existing_atc_normalization,validated_atc_concept,high
DRUG//START//25//12469,v10_medication_atc,MEDICATION//L04//A//A06,dynamic_event,True,,ATC,21603896,L04AA06,"mycophenolic acid; oral, parenteral",omop_only_medication_action_ready,validated_atc_code,medium
DRUG//START//23//13018,v10_medication_atc,MEDICATION//N03//A//X14,dynamic_event,True,,ATC,21604436,N03AX14,"levetiracetam; oral, parenteral",omop_only_medication_action_ready,validated_atc_code,medium
DRUG//START//71//9061,v10_medication_atc,MEDICATION//A11//C//C05,dynamic_event,True,,ATC,21600820,A11CC05,colecalciferol; oral,omop_only_medication_action_ready,validated_atc_code,high
DRUG//START//71//9040,v10_medication_atc,MEDICATION//A12//A//A04,dynamic_event,True,,ATC,21600863,A12AA04,calcium carbonate; oral,omop_only_medication_action_ready,validated_atc_code,high
DRUG//START//23//7214,v10_medication_atc,MEDICATION//N01//A//X07,dynamic_event,True,,ATC,21604213,N01AX07,etomidate,v10_existing_atc_normalization,validated_atc_concept,high
DRUG//START//30//19369,v10_medication_atc,MEDICATION//B01//A//C24,dynamic_event,True,,ATC,40252640,B01AC24,ticagrelor; oral,v10_existing_atc_normalization,validated_atc_concept,high
DRUG//START//25//13096,v10_medication_atc,MEDICATION//B01//A//X05,dynamic_event,True,,ATC,21601030,B01AX05,fondaparinux; parenteral,v10_existing_atc_normalization,validated_atc_concept,high
DRUG//START//30//7193,v10_medication_atc,MEDICATION//C09//A//A02,dynamic_event,True,,ATC,21601786,C09AA02,"enalapril; oral, parenteral",v10_existing_atc_normalization,validated_atc_concept,high
DRUG//START//21//7187,v10_medication_atc,MEDICATION//J01//X//D01,dynamic_event,True,,ATC,21603054,J01XD01,metronidazole; parenteral,v10_existing_atc_normalization,validated_atc_concept,high
DRUG//START//21//8457,v10_medication_atc,MEDICATION//J05//A//B11,dynamic_event,True,,ATC,21603137,J05AB11,valaciclovir; oral,v10_existing_atc_normalization,validated_atc_concept,high
DRUG//START//114//12616,v10_medication_atc,OMOP//OMOP_CONCEPT//40798859,metadata_only,False,enteral_nutrition,OMOP_CONCEPT,40798859,OMOP2721192,General Nutrients,AMSTEL_usagi,source_code_omop,medium
DRUG//START//30//16113,v10_medication_atc,MEDICATION//C01//B//D01,dynamic_event,True,,ATC,21600270,C01BD01,"amiodarone; oral, parenteral",v10_existing_atc_normalization,validated_atc_concept,high
DRUG//START//15//7235,v10_medication_atc,MEDICATION//J01//G//B03,dynamic_event,True,,ATC,21602996,J01GB03,gentamicin; parenteral,v10_existing_atc_normalization,validated_atc_concept,high
DRUG//START//63//9155,v10_medication_atc,OMOP//OMOP_CONCEPT//40798859,metadata_only,False,enteral_nutrition,OMOP_CONCEPT,40798859,OMOP2721192,General Nutrients,AMSTEL_usagi,source_code_omop,medium
DRUG//START//15//7232,v10_medication_atc,MEDICATION//J05//A//B06,dynamic_event,True,,ATC,21603135,J05AB06,"ganciclovir; oral, parenteral",v10_existing_atc_normalization,validated_atc_concept,high
DRUG//START//69//9591,v10_medication_atc,OMOP//OMOP_CONCEPT//42901703,metadata_only,False,crystalloid_or_diluent,OMOP_CONCEPT,42901703,1313882,sodium chloride 9 MG/ML Nasal Solution [Nasadrops],AMSTEL_usagi,source_code_omop,medium
DRUG//START//32//12995,v10_medication_atc,MEDICATION//G04//B//D04,dynamic_event,True,,ATC,21602637,G04BD04,"oxybutynin; oral, transdermal",omop_only_medication_action_ready,validated_atc_code,high
DRUG//START//63//8952,v10_medication_atc,OMOP//OMOP_CONCEPT//40798859,metadata_only,False,enteral_nutrition,OMOP_CONCEPT,40798859,OMOP2721192,General Nutrients,AMSTEL_usagi,source_code_omop,medium
DRUG//START//71//6821,v10_medication_atc,MEDICATION//A11//C//C03,dynamic_event,True,,ATC,21600818,A11CC03,"alfacalcidol; oral, parenteral",omop_only_medication_action_ready,validated_atc_code,high
DRUG//START//71//8020,v10_medication_atc,MEDICATION//A12//B//A01,dynamic_event,True,,ATC,21600877,A12BA01,potassium chloride; oral,omop_only_medication_action_ready,validated_atc_code,high
DRUG//START//67//9021,v10_medication_atc,MEDICATION//A11//G//A01,dynamic_event,True,,ATC,21600837,A11GA01,"ascorbic acid (vit C); oral, parenteral",v10_existing_atc_normalization,validated_atc_concept,high
DRUG//START//21//9052,v10_medication_atc,MEDICATION//J01//E//E01,dynamic_event,True,,ATC,21602961,J01EE01,sulfamethoxazole and trimethoprim,v10_existing_atc_normalization,validated_atc_concept,high
DRUG//START//65//9571,v10_medication_atc,ATC//SFX//B05,metadata_only,False,crystalloid_or_diluent,ATC,21601157,B05BA03,B05BA03,AMSTEL_source_concepts,source_code_atc,high
DRUG//START//32//12943,v10_medication_atc,MEDICATION//N07//B//A01,dynamic_event,True,,ATC,21604818,N07BA01,"nicotine; chewing gum, inhalant, nasal, sublingual, transdermal",omop_only_medication_action_ready,validated_atc_code,medium
DRUG//START//114//12587,v10_medication_atc,ATC//V06//GENERAL_NUTRIENTS,metadata_only,False,enteral_nutrition,ATC,21605350,V06DB,V06DB,AMSTEL_source_concepts,source_code_atc,high
DRUG//START//114//12609,v10_medication_atc,ATC//V06//GENERAL_NUTRIENTS,metadata_only,False,enteral_nutrition,ATC,21605350,V06DB,V06DB,AMSTEL_source_concepts,source_code_atc,high
DRUG//START//70//9028,v10_medication_atc,MEDICATION//R03//B//B01,dynamic_event,True,,ATC,21603293,R03BB01,ipratropium bromide; inhalant,v10_existing_atc_normalization,validated_atc_concept,high
DRUG//START//114//20639,v10_medication_atc,ATC//V06//GENERAL_NUTRIENTS,metadata_only,False,enteral_nutrition,ATC,21605350,V06DB,V06DB,AMSTEL_source_concepts,source_code_atc,high
DRUG//START//30//9015,v10_medication_atc,MEDICATION//C01//B//D01,dynamic_event,True,,ATC,21600270,C01BD01,"amiodarone; oral, parenteral",v10_existing_atc_normalization,validated_atc_concept,high
DRUG//START//70//12927,v10_medication_atc,MEDICATION//R03//A//C02,dynamic_event,True,,ATC,21603256,R03AC02,salbutamol; inhalant,v10_existing_atc_normalization,validated_atc_concept,high
DRUG//START//69//12997,v10_medication_atc,MEDICATION//S01//A//E01,dynamic_event,True,,ATC,43534856,S01AE01,ofloxacin,omop_only_medication_action_ready,validated_atc_code,high
DRUG//START//27//6954,v10_medication_atc,MEDICATION//R06//A//A04,dynamic_event,True,,ATC,21603449,R06AA04,"clemastine; oral, parenteral",omop_only_medication_action_ready,validated_atc_code,medium
DRUG//START//31//7013,v10_medication_atc,MEDICATION//A02//B//X02,dynamic_event,True,,ATC,21600111,A02BX02,sucralfate; oral,omop_only_medication_action_ready,validated_atc_code,high
DRUG//START//31//15720,v10_medication_atc,MEDICATION//R03//B//B01,dynamic_event,True,,ATC,21603293,R03BB01,ipratropium bromide; inhalant,v10_existing_atc_normalization,validated_atc_concept,high
DRUG//START//15//6953,v10_medication_atc,MEDICATION//J04//A//B02,dynamic_event,True,,ATC,21603097,J04AB02,"rifampicin; oral, parenteral",v10_existing_atc_normalization,validated_atc_concept,high
DRUG//START//30//13054,v10_medication_atc,MEDICATION//C01//C//A17,dynamic_event,True,,ATC,21600297,C01CA17,midodrine; oral,omop_only_medication_action_ready,validated_atc_code,high
DRUG//START//29//12750,v10_medication_atc,MEDICATION//N07//B//C02,dynamic_event,True,,ATC,21604827,N07BC02,"methadone; oral, parenteral",omop_only_medication_action_ready,validated_atc_code,high
DRUG//START//56//14869,v10_medication_atc,OMOP//OMOP_CONCEPT//4037090,metadata_only,False,oral_food,OMOP_CONCEPT,4037090,227999000,Cooked food,AMSTEL_usagi,source_code_omop,medium
DRUG//START//29//9056,v10_medication_atc,MEDICATION//N03//A//G01,dynamic_event,True,,ATC,21604422,N03AG01,"valproic acid; oral, parenteral, rectal",omop_only_medication_action_ready,validated_atc_code,high
DRUG//START//32//8088,v10_medication_atc,MEDICATION//B03//A//A02,dynamic_event,True,,ATC,21601081,B03AA02,ferrous fumarate; oral,omop_only_medication_action_ready,validated_atc_code,high
DRUG//START//30//6933,v10_medication_atc,MEDICATION//C07//A//A05,dynamic_event,True,,ATC,21601670,C07AA05,"propranolol; oral, parenteral",omop_only_medication_action_ready,validated_atc_code,high
DRUG//START//65//8019,v10_medication_atc,MEDICATION//B01//A//D04,dynamic_event,True,,ATC,21601010,B01AD04,urokinase; parenteral,omop_only_medication_action_ready,validated_atc_code,medium
DRUG//START//23//7215,v10_medication_atc,MEDICATION//N03//A//G01,dynamic_event,True,,ATC,21604422,N03AG01,"valproic acid; oral, parenteral, rectal",omop_only_medication_action_ready,validated_atc_code,medium
DRUG//START//70//9132,v10_medication_atc,MEDICATION//R03//B//A02,dynamic_event,True,,ATC,21603285,R03BA02,budesonide; inhalant,omop_only_medication_action_ready,validated_atc_code,medium
DRUG//START//39//16799,v10_medication_atc,OMOP//OMOP_CONCEPT//2022647,metadata_only,False,parenteral_nutrition,OMOP_CONCEPT,2022647,OMOP4921130,"2000 ML alanine 8.44 MG/ML / arginine 5.7 MG/ML / aspartic acid 1.65 MG/ML / calcium chloride, dihydration 0.516 MG/ML / glucose 115 MG/ML / glutamate 2.84 MG/ML / glycerol mono(di)sodium phosphate 3.67 MG/ML / ... Injectable Solution [OLIMEL N9E]",AMSTEL_usagi,source_code_omop,medium
DRUG//START//69//19223,v10_medication_atc,MEDICATION//S01//X//A20,dynamic_event,True,,ATC,21605143,S01XA20,artificial tears and other indifferent preparations,omop_only_medication_action_ready,validated_atc_code,medium
DRUG//START//56//14881,v10_medication_atc,OMOP//OMOP_CONCEPT//4037090,metadata_only,False,oral_food,OMOP_CONCEPT,4037090,227999000,Cooked food,AMSTEL_usagi,source_code_omop,medium
DRUG//START//30//18707,v10_medication_atc,MEDICATION//B01//A//C22,dynamic_event,True,,ATC,21601004,B01AC22,prasugrel; oral,omop_only_medication_action_ready,validated_atc_code,high
DRUG//START//29//7052,v10_medication_atc,MEDICATION//N02//A//X02,dynamic_event,True,,ATC,21604298,N02AX02,"tramadol; oral, parenteral, rectal",omop_only_medication_action_ready,validated_atc_code,high
DRUG//START//71//12803,v10_medication_atc,MEDICATION//A10//B//A02,dynamic_event,True,,ATC,21600747,A10BA02,metformin; oral,omop_only_medication_action_ready,validated_atc_code,medium
DRUG//START//30//7166,v10_medication_atc,MEDICATION//C09//C//A01,dynamic_event,True,,ATC,21601824,C09CA01,losartan; oral,omop_only_medication_action_ready,validated_atc_code,high
DRUG//START//67//6866,v10_medication_atc,MEDICATION//H01//C//B02,dynamic_event,True,,ATC,21602716,H01CB02,octreotide; parenteral,omop_only_medication_action_ready,validated_atc_code,medium
DRUG//START//39//18789,v10_medication_atc,ATC//SFX//B05,metadata_only,False,parenteral_nutrition,ATC,21601159,B05BA10,B05BA10,AMSTEL_source_concepts,source_code_atc,high
DRUG//START//29//7222,v10_medication_atc,MEDICATION//N03//A//B02,dynamic_event,True,,ATC,21604399,N03AB02,"phenytoin; oral, parenteral",omop_only_medication_action_ready,validated_atc_code,high
DRUG//START//30//7141,v10_medication_atc,MEDICATION//C01//D//A08,dynamic_event,True,,ATC,21600321,C01DA08,"isosorbide dinitrate; local oral, oral, sublingual, transdermal",omop_only_medication_action_ready,validated_atc_code,high
DRUG//START//71//10583,v10_medication_atc,MEDICATION//A12//C//A01,dynamic_event,True,,ATC,21600886,A12CA01,sodium chloride; oral,omop_only_medication_action_ready,validated_atc_code,high
DRUG//START//69//21094,v10_medication_atc,MEDICATION//S01//X//A20,dynamic_event,True,,ATC,21605143,S01XA20,artificial tears and other indifferent preparations,omop_only_medication_action_ready,validated_atc_code,high
DRUG//START//55//19932,v10_medication_atc,ATC//SFX//B05,metadata_only,False,crystalloid_or_diluent,ATC,21601197,B05XA02,B05XA02,AMSTEL_source_concepts,source_code_atc,high
DRUG//START//31//7163,v10_medication_atc,MEDICATION//A07//D//A03,dynamic_event,True,,ATC,21600646,A07DA03,loperamide; oral,omop_only_medication_action_ready,validated_atc_code,high
DRUG//START//56//14853,v10_medication_atc,OMOP//OMOP_CONCEPT//4037090,metadata_only,False,oral_food,OMOP_CONCEPT,4037090,227999000,Cooked food,AMSTEL_usagi,source_code_omop,medium
DRUG//START//67//6992,v10_medication_atc,MEDICATION//H01//B//A02,dynamic_event,True,,ATC,21602700,H01BA02,"desmopressin; nasal, oral, parenteral, sublingual",omop_only_medication_action_ready,validated_atc_code,medium
DRUG//START//71//7027,v10_medication_atc,MEDICATION//A11//D//A01,dynamic_event,True,,ATC,21600825,A11DA01,"thiamine (vit B1); oral, parenteral",v10_existing_atc_normalization,validated_atc_concept,high
DRUG//START//29//13013,v10_medication_atc,MEDICATION//N03//A//X09,dynamic_event,True,,ATC,21604431,N03AX09,lamotrigine; oral,omop_only_medication_action_ready,validated_atc_code,high
DRUG//START//21//10584,v10_medication_atc,MEDICATION//A07//A//A10,dynamic_event,True,,ATC,21600612,A07AA10,colistin; oral,omop_only_medication_action_ready,validated_atc_code,high
DRUG//START//29//12992,v10_medication_atc,MEDICATION//N05//A//H02,dynamic_event,True,,ATC,21604542,N05AH02,"clozapine; oral, parenteral",omop_only_medication_action_ready,validated_atc_code,high
DRUG//START//32//10623,v10_medication_atc,MEDICATION//V03//A//E02,dynamic_event,True,,ATC,21605265,V03AE02,sevelamer; oral,omop_only_medication_action_ready,validated_atc_code,high
DRUG//START//29//7170,v10_medication_atc,MEDICATION//N05//B//A01,dynamic_event,True,,ATC,21604566,N05BA01,"diazepam; oral, parenteral, rectal",omop_only_medication_action_ready,validated_atc_code,high
DRUG//START//65//6847,v10_medication_atc,MEDICATION//J01//C//A04,dynamic_event,True,,ATC,21602823,J01CA04,"amoxicillin; oral, parenteral",v10_existing_atc_normalization,validated_atc_concept,high
DRUG//START//65//9137,v10_medication_atc,MEDICATION//L04//A//D01,dynamic_event,True,,ATC,21603924,L04AD01,"ciclosporin; oral, parenteral",omop_only_medication_action_ready,validated_atc_code,medium
DRUG//START//56//8420,v10_medication_atc,OMOP//OMOP_CONCEPT//42536273,metadata_only,False,oral_food,OMOP_CONCEPT,42536273,735008002,Sandwich,AMSTEL_usagi,source_code_omop,medium
DRUG//START//29//7976,v10_medication_atc,MEDICATION//N04//B//A02,dynamic_event,True,,ATC,21604465,N04BA02,levodopa and decarboxylase inhibitor; oral,omop_only_medication_action_ready,validated_atc_code,high
DRUG//START//30//8470,v10_medication_atc,MEDICATION//C07//A//B02,dynamic_event,True,,ATC,21601684,C07AB02,"metoprolol; oral, parenteral",omop_only_medication_action_ready,validated_atc_code,high
DRUG//START//23//7480,v10_medication_atc,MEDICATION//N01//A//X10,dynamic_event,True,,ATC,21604214,N01AX10,propofol,v10_existing_atc_normalization,validated_atc_concept,high
DRUG//START//23//6962,v10_medication_atc,MEDICATION//N03//A//E01,dynamic_event,True,,ATC,21604415,N03AE01,"clonazepam; oral, parenteral",omop_only_medication_action_ready,validated_atc_code,medium
DRUG//START//29//6894,v10_medication_atc,MEDICATION//N06//A//B05,dynamic_event,True,,ATC,21604713,N06AB05,paroxetine; oral,omop_only_medication_action_ready,validated_atc_code,high
DRUG//START//56//14905,v10_medication_atc,OMOP//OMOP_CONCEPT//4037090,metadata_only,False,oral_food,OMOP_CONCEPT,4037090,227999000,Cooked food,AMSTEL_usagi,source_code_omop,medium
DRUG//START//56//14883,v10_medication_atc,OMOP//OMOP_CONCEPT//4037090,metadata_only,False,oral_food,OMOP_CONCEPT,4037090,227999000,Cooked food,AMSTEL_usagi,source_code_omop,medium
DRUG//START//42//8970,v10_medication_atc,OMOP//OMOP_CONCEPT//4023517,metadata_only,False,route_or_order_metadata,OMOP_CONCEPT,4023517,226465004,Drinks,AMSTEL_usagi,source_code_omop,medium
DRUG//START//56//14854,v10_medication_atc,OMOP//OMOP_CONCEPT//4037090,metadata_only,False,oral_food,OMOP_CONCEPT,4037090,227999000,Cooked food,AMSTEL_usagi,source_code_omop,medium
DRUG//START//70//9552,v10_medication_atc,MEDICATION//R05//C//B01,dynamic_event,True,,ATC,21603380,R05CB01,"acetylcysteine; inhalant, oral",omop_only_medication_action_ready,validated_atc_code,medium
DRUG//START//71//10628,v10_medication_atc,MEDICATION//H02//A//A02,dynamic_event,True,,ATC,21602726,H02AA02,fludrocortisone; oral,omop_only_medication_action_ready,validated_atc_code,high
DRUG//START//56//14855,v10_medication_atc,OMOP//OMOP_CONCEPT//4037090,metadata_only,False,oral_food,OMOP_CONCEPT,4037090,227999000,Cooked food,AMSTEL_usagi,source_code_omop,medium
DRUG//START//29//13046,v10_medication_atc,MEDICATION//M03//B//X02,dynamic_event,True,,ATC,21604116,M03BX02,tizanidine; oral,omop_only_medication_action_ready,validated_atc_code,high
DRUG//START//56//14909,v10_medication_atc,OMOP//OMOP_CONCEPT//4037090,metadata_only,False,oral_food,OMOP_CONCEPT,4037090,227999000,Cooked food,AMSTEL_usagi,source_code_omop,medium
DRUG//START//71//6995,v10_medication_atc,MEDICATION//H02//A//B02,dynamic_event,True,,ATC,21602730,H02AB02,"dexamethasone; oral, parenteral",v10_existing_atc_normalization,validated_atc_concept,high
DRUG//START//67//7157,v10_medication_atc,MEDICATION//H03//A//A01,dynamic_event,True,,ATC,21602754,H03AA01,"levothyroxine sodium; oral, parenteral",v10_existing_atc_normalization,validated_atc_concept,high
DRUG//START//56//14882,v10_medication_atc,OMOP//OMOP_CONCEPT//4037090,metadata_only,False,oral_food,OMOP_CONCEPT,4037090,227999000,Cooked food,AMSTEL_usagi,source_code_omop,medium
DRUG//START//32//7242,v10_medication_atc,MEDICATION//B03//B//B01,dynamic_event,True,,ATC,21601129,B03BB01,"folic acid; oral, parenteral",omop_only_medication_action_ready,validated_atc_code,high
DRUG//START//26//6898,v10_medication_atc,MEDICATION//A03//B//B01,dynamic_event,True,,ATC,21600196,A03BB01,"butylscopolamine; oral, parenteral, rectal",omop_only_medication_action_ready,validated_atc_code,medium
DRUG//START//27//12386,v10_medication_atc,MEDICATION//V03//A//B23,dynamic_event,True,,ATC,21605248,V03AB23,acetylcysteine,omop_only_medication_action_ready,validated_atc_code,high
DRUG//START//29//8424,v10_medication_atc,MEDICATION//N06//B//A04,dynamic_event,True,,ATC,21604757,N06BA04,methylphenidate; oral,omop_only_medication_action_ready,validated_atc_code,high
DRUG//START//30//7139,v10_medication_atc,MEDICATION//C08//D//A01,dynamic_event,True,,ATC,21601767,C08DA01,"verapamil; oral, parenteral",omop_only_medication_action_ready,validated_atc_code,high
DRUG//START//56//14870,v10_medication_atc,OMOP//OMOP_CONCEPT//4037090,metadata_only,False,oral_food,OMOP_CONCEPT,4037090,227999000,Cooked food,AMSTEL_usagi,source_code_omop,medium
DRUG//START//67//7624,v10_medication_atc,MEDICATION//A10//A//B01,dynamic_event,True,,ATC,21600715,A10AB01,insulin (human); parenteral,v10_existing_atc_normalization,validated_atc_concept,high
DRUG//START//21//6948,v10_medication_atc,MEDICATION//J01//M//A02,dynamic_event,True,,ATC,21603009,J01MA02,"ciprofloxacin; oral, parenteral",v10_existing_atc_normalization,validated_atc_concept,high
DRUG//START//56//14871,v10_medication_atc,OMOP//OMOP_CONCEPT//4037090,metadata_only,False,oral_food,OMOP_CONCEPT,4037090,227999000,Cooked food,AMSTEL_usagi,source_code_omop,medium
DRUG//START//69//19215,v10_medication_atc,MEDICATION//D08//A//C02,dynamic_event,True,,ATC,21602204,D08AC02,chlorhexidine,omop_only_medication_action_ready,validated_atc_code,high
DRUG//START//27//6804,v10_medication_atc,MEDICATION//S01//E//C01,dynamic_event,True,,ATC,21603693,S01EC01,"acetazolamide; oral, parenteral",v10_existing_atc_normalization,validated_atc_concept,high
DRUG//START//29//12940,v10_medication_atc,MEDICATION//N02//A//B03,dynamic_event,True,,ATC,21604272,N02AB03,"fentanyl; nasal, sublingual, transdermal",omop_only_medication_action_ready,validated_atc_code,medium
DRUG//START//67//21110,v10_medication_atc,NUTRITION//PARENTERAL,dynamic_event/nutrition_fluid,True,parenteral_nutrition,LOCAL,,,NUTRITION//PARENTERAL,omop_only_medication_action_ready,curated_broad_non_medication,high
DRUG//START//65//9620,v10_medication_atc,OMOP//OMOP_CONCEPT//4225555,metadata_only,False,route_or_order_metadata,OMOP_CONCEPT,4225555,404820008,Epidural,AMSTEL_usagi,source_code_omop,medium
DRUG//START//55//8998,v10_medication_atc,ATC//SFX//B05,metadata_only,False,crystalloid_or_diluent,ATC,21601197,B05XA02,B05XA02,AMSTEL_source_concepts,source_code_atc,high
DRUG//START//32//6804,v10_medication_atc,MEDICATION//S01//E//C01,dynamic_event,True,,ATC,21603693,S01EC01,"acetazolamide; oral, parenteral",v10_existing_atc_normalization,validated_atc_concept,high
DRUG//START//69//6932,v10_medication_atc,MEDICATION//S01//A//A01,dynamic_event,True,,ATC,21603554,S01AA01,chloramphenicol,omop_only_medication_action_ready,validated_atc_code,high
DRUG//START//55//10739,v10_medication_atc,OMOP//OMOP_CONCEPT//42482740,metadata_only,False,crystalloid_or_diluent,OMOP_CONCEPT,42482740,OMOP420374,Sodium Chloride 30 MG/ML Injectable Solution,AMSTEL_usagi,source_code_omop,medium
DRUG//START//65//18674,v10_medication_atc,MEDICATION//B01//A//E03,dynamic_event,True,,ATC,21601022,B01AE03,argatroban; parenteral,omop_only_medication_action_ready,validated_atc_code,medium
DRUG//START//29//9023,v10_medication_atc,MEDICATION//M04//A//A01,dynamic_event,True,,ATC,21604131,M04AA01,"allopurinol; oral, parenteral",omop_only_medication_action_ready,validated_atc_code,high
DRUG//START//30//6882,v10_medication_atc,MEDICATION//C03//C//A02,dynamic_event,True,,ATC,21601519,C03CA02,"bumetanide; oral, parenteral",v10_existing_atc_normalization,validated_atc_concept,high
DRUG//START//29//6910,v10_medication_atc,MEDICATION//N02//A//C03,dynamic_event,True,,ATC,21604277,N02AC03,piritramide; parenteral,v10_existing_atc_normalization,validated_atc_concept,high
DRUG//START//21//7208,v10_medication_atc,MEDICATION//J01//F//A01,dynamic_event,True,,ATC,21602970,J01FA01,"erythromycin; oral, parenteral",v10_existing_atc_normalization,validated_atc_concept,high
DRUG//START//55//20174,v10_medication_atc,ATC//SFX//B05,metadata_only,False,crystalloid_or_diluent,ATC,21601165,B05BC01,B05BC01,AMSTEL_source_concepts,source_code_atc,high
DRUG//START//25//7679,v10_medication_atc,MEDICATION//V03//A//B14,dynamic_event,True,,ATC,21605239,V03AB14,protamine,v10_existing_atc_normalization,validated_atc_concept,high
DRUG//START//29//12492,v10_medication_atc,MEDICATION//N06//A//X11,dynamic_event,True,,ATC,21604740,N06AX11,mirtazapine; oral,omop_only_medication_action_ready,validated_atc_code,high
DRUG//START//42//8960,v10_medication_atc,OMOP//OMOP_CONCEPT//4028000,metadata_only,False,oral_food,OMOP_CONCEPT,4028000,227566009,Soup,AMSTEL_usagi,source_code_omop,medium
DRUG//START//25//9111,v10_medication_atc,MEDICATION//L03//A//A02,dynamic_event,True,,ATC,21603851,L03AA02,filgrastim; parenteral,omop_only_medication_action_ready,validated_atc_code,medium
DRUG//START//114//12592,v10_medication_atc,ATC//V06//GENERAL_NUTRIENTS,metadata_only,False,enteral_nutrition,ATC,21605350,V06DB,V06DB,AMSTEL_source_concepts,source_code_atc,high
DRUG//START//55//19129,v10_medication_atc,MEDICATION//A10//A//B05,dynamic_event,True,,ATC,21600719,A10AB05,insulin aspart; parenteral,v10_existing_atc_normalization,validated_atc_concept,high
DRUG//START//30//6964,v10_medication_atc,MEDICATION//C02//A//C01,dynamic_event,True,,ATC,21600398,C02AC01,"clonidine; oral, parenteral",v10_existing_atc_normalization,validated_atc_concept,high
DRUG//START//15//6871,v10_medication_atc,MEDICATION//J01//C//E01,dynamic_event,True,,ATC,21602841,J01CE01,benzylpenicillin; parenteral,v10_existing_atc_normalization,validated_atc_concept,high
DRUG//START//70//9101,v10_medication_atc,MEDICATION//R05//C//B01,dynamic_event,True,,ATC,21603380,R05CB01,"acetylcysteine; inhalant, oral",v10_existing_atc_normalization,validated_atc_concept,high
DRUG//START//30//7182,v10_medication_atc,MEDICATION//C02//C//A04,dynamic_event,True,,ATC,21600414,C02CA04,doxazosin; oral,omop_only_medication_action_ready,validated_atc_code,medium
DRUG//START//55//7624,v10_medication_atc,MEDICATION//A10//A//B01,dynamic_event,True,,ATC,21600715,A10AB01,insulin (human); parenteral,v10_existing_atc_normalization,validated_atc_concept,high
DRUG//START//30//12938,v10_medication_atc,MEDICATION//C07//A//G02,dynamic_event,True,,ATC,21601700,C07AG02,carvedilol; oral,omop_only_medication_action_ready,validated_atc_code,high
DRUG//START//29//13883,v10_medication_atc,MEDICATION//N02//A//A05,dynamic_event,True,,ATC,21604260,N02AA05,"oxycodone; oral, parenteral",omop_only_medication_action_ready,validated_atc_code,high
DRUG//START//31//6864,v10_medication_atc,MEDICATION//A03//B//A01,dynamic_event,True,,ATC,21600192,A03BA01,"atropine; oral, parenteral",omop_only_medication_action_ready,validated_atc_code,high
DRUG//START//119//10623,v10_medication_atc,MEDICATION//V03//A//E02,dynamic_event,True,,ATC,21605265,V03AE02,sevelamer; oral,omop_only_medication_action_ready,validated_atc_code,high
DRUG//START//24//6818,v10_medication_atc,MEDICATION//C01//C//A24,dynamic_event,True,,ATC,21600303,C01CA24,epinephrine; parenteral,v10_existing_atc_normalization,validated_atc_concept,high
DRUG//START//30//7226,v10_medication_atc,MEDICATION//C08//C//A05,dynamic_event,True,,ATC,21601751,C08CA05,"nifedipine; oral, parenteral",omop_only_medication_action_ready,validated_atc_code,high
DRUG//START//30//19134,v10_medication_atc,MEDICATION//C10//A//A07,dynamic_event,True,,ATC,21601862,C10AA07,rosuvastatin; oral,omop_only_medication_action_ready,validated_atc_code,medium
DRUG//START//32//20248,v10_medication_atc,MEDICATION//A01//A//B03,dynamic_event,True,,ATC,21600013,A01AB03,chlorhexidine; local oral,omop_only_medication_action_ready,validated_atc_code,high
DRUG//START//56//8421,v10_medication_atc,OMOP//OMOP_CONCEPT//4037090,metadata_only,False,oral_food,OMOP_CONCEPT,4037090,227999000,Cooked food,AMSTEL_usagi,source_code_omop,medium
DRUG//START//65//9002,v10_medication_atc,MEDICATION//B05//X//A05,dynamic_event,True,,ATC,21601200,B05XA05,magnesium sulfate,v10_existing_atc_normalization,validated_atc_concept,high
DRUG//START//69//10579,v10_medication_atc,OMOP//OMOP_CONCEPT//968167,metadata_only,False,crystalloid_or_diluent,OMOP_CONCEPT,968167,351179,sodium chloride 9 MG/ML Nasal Spray,AMSTEL_usagi,source_code_omop,medium
DRUG//START//67//7018,v10_medication_atc,MEDICATION//H01//A//A02,dynamic_event,True,,ATC,21602686,H01AA02,tetracosactide; parenteral,omop_only_medication_action_ready,validated_atc_code,medium
DRUG//START//65//15256,v10_medication_atc,MEDICATION//L04//A//D02,dynamic_event,True,,ATC,21603925,L04AD02,"tacrolimus; oral, parenteral",omop_only_medication_action_ready,validated_atc_code,medium
DRUG//START//31//13008,v10_medication_atc,MEDICATION//A05//A//A02,dynamic_event,True,,ATC,21600513,A05AA02,ursodeoxycholic acid; oral,omop_only_medication_action_ready,validated_atc_code,high
DRUG//START//29//9019,v10_medication_atc,MEDICATION//B01//A//C08,dynamic_event,True,,ATC,21600993,B01AC08,carbasalate calcium; oral,v10_existing_atc_normalization,validated_atc_concept,high
DRUG//START//30//9087,v10_medication_atc,MEDICATION//C01//A//A05,dynamic_event,True,,ATC,21600234,C01AA05,"digoxin; oral, parenteral",omop_only_medication_action_ready,validated_atc_code,medium
DRUG//START//119//20264,v10_medication_atc,MEDICATION//V03//A//E02,dynamic_event,True,,ATC,21605265,V03AE02,sevelamer; oral,omop_only_medication_action_ready,validated_atc_code,high
DRUG//START//32//9137,v10_medication_atc,MEDICATION//L04//A//D01,dynamic_event,True,,ATC,21603924,L04AD01,"ciclosporin; oral, parenteral",omop_only_medication_action_ready,validated_atc_code,medium
DRUG//START//30//12924,v10_medication_atc,MEDICATION//G04//B//E03,dynamic_event,True,,ATC,21602648,G04BE03,sildenafil; oral,omop_only_medication_action_ready,validated_atc_code,high
DRUG//START//42//7349,v10_medication_atc,OMOP//OMOP_CONCEPT//4026735,metadata_only,False,oral_food,OMOP_CONCEPT,4026735,226863004,Yogurt,AMSTEL_usagi,source_code_omop,medium
DRUG//START//65//7217,v10_medication_atc,MEDICATION//N07//A//A01,dynamic_event,True,,ATC,21604804,N07AA01,"neostigmine; oral, parenteral",omop_only_medication_action_ready,validated_atc_code,high
DRUG//START//24//7006,v10_medication_atc,MEDICATION//C07//A//A07,dynamic_event,True,,ATC,21601672,C07AA07,"sotalol; oral, parenteral",v10_existing_atc_normalization,validated_atc_concept,high
DRUG//START//30//13007,v10_medication_atc,MEDICATION//C09//C//A03,dynamic_event,True,,ATC,21601826,C09CA03,valsartan; oral,omop_only_medication_action_ready,validated_atc_code,high
DRUG//START//114//12590,v10_medication_atc,ATC//V06//GENERAL_NUTRIENTS,metadata_only,False,enteral_nutrition,ATC,21605350,V06DB,V06DB,AMSTEL_source_concepts,source_code_atc,high
DRUG//START//17//9599,v10_medication_atc,MEDICATION//B05//A//A07,dynamic_event,True,,ATC,21601144,B05AA07,hydroxyethylstarch,v10_existing_atc_normalization,validated_atc_concept,high
DRUG//START//30//19572,v10_medication_atc,MEDICATION//B01//A//C07,dynamic_event,True,,ATC,21600992,B01AC07,"dipyridamole; oral, parenteral",omop_only_medication_action_ready,validated_atc_code,high
DRUG//START//29//12994,v10_medication_atc,MEDICATION//M04//A//C01,dynamic_event,True,,ATC,21604141,M04AC01,"colchicine; oral, parenteral",omop_only_medication_action_ready,validated_atc_code,high
DRUG//START//29//19221,v10_medication_atc,MEDICATION//N02//A//A05,dynamic_event,True,,ATC,21604260,N02AA05,"oxycodone; oral, parenteral",omop_only_medication_action_ready,validated_atc_code,high
DRUG//START//24//16113,v10_medication_atc,MEDICATION//C01//B//D01,dynamic_event,True,,ATC,21600270,C01BD01,"amiodarone; oral, parenteral",v10_existing_atc_normalization,validated_atc_concept,high
DRUG//START//65//12759,v10_medication_atc,MEDICATION//B01//A//D10,dynamic_event,True,,ATC,21601016,B01AD10,drotrecogin alfa (activated); parenteral,omop_only_medication_action_ready,validated_atc_code,medium
DRUG//START//29//6980,v10_medication_atc,MEDICATION//M03//C//A01,dynamic_event,True,,ATC,21604127,M03CA01,dantrolene; oral,omop_only_medication_action_ready,validated_atc_code,medium
DRUG//START//32//15256,v10_medication_atc,MEDICATION//L04//A//D02,dynamic_event,True,,ATC,21603925,L04AD02,"tacrolimus; oral, parenteral",omop_only_medication_action_ready,validated_atc_code,high
DRUG//START//67//19129,v10_medication_atc,MEDICATION//A10//A//B05,dynamic_event,True,,ATC,21600719,A10AB05,insulin aspart; parenteral,v10_existing_atc_normalization,validated_atc_concept,high
DRUG//START//65//6866,v10_medication_atc,MEDICATION//H01//C//B02,dynamic_event,True,,ATC,21602716,H01CB02,octreotide; parenteral,omop_only_medication_action_ready,validated_atc_code,medium
DRUG//START//29//6908,v10_medication_atc,MEDICATION//B01//A//C08,dynamic_event,True,,ATC,21600993,B01AC08,carbasalate calcium; oral,v10_existing_atc_normalization,validated_atc_concept,high
DRUG//START//30//10741,v10_medication_atc,MEDICATION//C08//C//A05,dynamic_event,True,,ATC,21601751,C08CA05,"nifedipine; oral, parenteral",omop_only_medication_action_ready,validated_atc_code,high
DRUG//START//30//7174,v10_medication_atc,MEDICATION//C08//D//B01,dynamic_event,True,,ATC,21601771,C08DB01,diltiazem; oral,omop_only_medication_action_ready,validated_atc_code,high
DRUG//START//69//9088,v10_medication_atc,MEDICATION//D04//A//B01,dynamic_event,True,,ATC,21602020,D04AB01,lidocaine; ointment,omop_only_medication_action_ready,validated_atc_code,high
DRUG//START//71//7106,v10_medication_atc,MEDICATION//H02//A//B09,dynamic_event,True,,ATC,21602737,H02AB09,"hydrocortisone; oral, parenteral",v10_existing_atc_normalization,validated_atc_concept,high
DRUG//START//39//12321,v10_medication_atc,OMOP//OMOP_CONCEPT//2054362,metadata_only,False,parenteral_nutrition,OMOP_CONCEPT,2054362,OMOP4954978,alanine 5.7 MG/ML / arginine glutamate 5.98 MG/ML / aspartic acid 1.8 MG/ML / calcium chloride 0.54 MG/ML / glucose 333 MG/ML / glutamate 1.47 MG/ML / glycine 1.98 MG/ML / histidine 2.04 MG/ML / ... Injectable Solution [NUTRIFLEX 48],AMSTEL_usagi,source_code_omop,medium
DRUG//START//31//7180,v10_medication_atc,MEDICATION//A03//F//A01,dynamic_event,True,,ATC,21600484,A03FA01,"metoclopramide; oral, parenteral, rectal",v10_existing_atc_normalization,validated_atc_concept,high
DRUG//START//39//13042,v10_medication_atc,ATC//SFX//B05,metadata_only,False,parenteral_nutrition,ATC,21601159,B05BA10,B05BA10,AMSTEL_source_concepts,source_code_atc,high
DRUG//START//39//8972,v10_medication_atc,OMOP//OMOP_CONCEPT//40798859,metadata_only,False,route_or_order_metadata,OMOP_CONCEPT,40798859,OMOP2721192,General Nutrients,AMSTEL_usagi,source_code_omop,medium
DRUG//START//56//14877,v10_medication_atc,OMOP//OMOP_CONCEPT//4037090,metadata_only,False,oral_food,OMOP_CONCEPT,4037090,227999000,Cooked food,AMSTEL_usagi,source_code_omop,medium
DRUG//START//63//7992,v10_medication_atc,ATC//V06//GENERAL_NUTRIENTS,metadata_only,False,enteral_nutrition,ATC,21605350,V06DB,V06DB,AMSTEL_source_concepts,source_code_atc,high
DRUG//START//65//18781,v10_medication_atc,OMOP//OMOP_CONCEPT//4225555,metadata_only,False,route_or_order_metadata,OMOP_CONCEPT,4225555,404820008,Epidural,AMSTEL_usagi,source_code_omop,medium
DRUG//START//21//19571,v10_medication_atc,MEDICATION//J05//A//H02,dynamic_event,True,,ATC,21603179,J05AH02,oseltamivir; oral,v10_existing_atc_normalization,validated_atc_concept,high
DRUG//START//29//13020,v10_medication_atc,MEDICATION//N06//A//X16,dynamic_event,True,,ATC,21604745,N06AX16,venlafaxine; oral,omop_only_medication_action_ready,validated_atc_code,high
DRUG//START//71//9104,v10_medication_atc,MEDICATION//A02//A//H,dynamic_event,True,,ATC,21600078,A02AH,Antacids with sodium bicarbonate,omop_only_medication_action_ready,validated_atc_code,medium
DRUG//START//32//12937,v10_medication_atc,MEDICATION//A04//A//D01,dynamic_event,True,,ATC,21600499,A04AD01,scopolamine,omop_only_medication_action_ready,validated_atc_code,high
DRUG//START//29//7194,v10_medication_atc,MEDICATION//N05//C//D08,dynamic_event,True,,ATC,21604643,N05CD08,"midazolam; nasal, oral, parenteral, sublingual",v10_existing_atc_normalization,validated_atc_concept,high
DRUG//START//31//9089,v10_medication_atc,MEDICATION//A06//A//C01,dynamic_event,True,,ATC,21600555,A06AC01,ispaghula (psylla seeds); oral,omop_only_medication_action_ready,validated_atc_code,high
DRUG//START//69//9070,v10_medication_atc,MEDICATION//D06//B//A01,dynamic_event,True,,ATC,21602075,D06BA01,silver sulfadiazine,omop_only_medication_action_ready,validated_atc_code,high
DRUG//START//15//18675,v10_medication_atc,MEDICATION//J02//A//A01,dynamic_event,True,,ATC,21603074,J02AA01,amphotericin B; parenteral,v10_existing_atc_normalization,validated_atc_concept,high
DRUG//START//71//13001,v10_medication_atc,MEDICATION//H03//B//A02,dynamic_event,True,,ATC,21602762,H03BA02,propylthiouracil; oral,omop_only_medication_action_ready,validated_atc_code,high
DRUG//START//32//7237,v10_medication_atc,MEDICATION//N06//A//B03,dynamic_event,True,,ATC,21604711,N06AB03,fluoxetine; oral,omop_only_medication_action_ready,validated_atc_code,high
DRUG//START//29//9074,v10_medication_atc,MEDICATION//N05//B//A09,dynamic_event,True,,ATC,21604574,N05BA09,clobazam; oral,omop_only_medication_action_ready,validated_atc_code,high
DRUG//START//42//20723,v10_medication_atc,ATC//V06//GENERAL_NUTRIENTS,metadata_only,False,enteral_nutrition,ATC,21605350,V06DB,V06DB,AMSTEL_source_concepts,source_code_atc,high
DRUG//START//21//7231,v10_medication_atc,MEDICATION//J02//A//C01,dynamic_event,True,,ATC,21603080,J02AC01,"fluconazole; oral, parenteral",v10_existing_atc_normalization,validated_atc_concept,high
DRUG//START//24//6864,v10_medication_atc,MEDICATION//A03//B//A01,dynamic_event,True,,ATC,21600192,A03BA01,"atropine; oral, parenteral",omop_only_medication_action_ready,validated_atc_code,medium
DRUG//START//71//7242,v10_medication_atc,MEDICATION//B03//B//B01,dynamic_event,True,,ATC,21601129,B03BB01,"folic acid; oral, parenteral",omop_only_medication_action_ready,validated_atc_code,high
DRUG//START//32//8425,v10_medication_atc,MEDICATION//N07//A//A02,dynamic_event,True,,ATC,21604805,N07AA02,"pyridostigmine; oral, parenteral",omop_only_medication_action_ready,validated_atc_code,high
DRUG//START//71//15445,v10_medication_atc,NUTRITION//ORAL,dynamic_event/nutrition_fluid,True,oral_food,LOCAL,,,NUTRITION//ORAL,omop_only_medication_action_ready,curated_broad_non_medication,high
DRUG//START//69//7246,v10_medication_atc,MEDICATION//B02//B//A01,dynamic_event,True,,ATC,21601045,B02BA01,"phytomenadione; oral, parenteral",v10_existing_atc_normalization,validated_atc_concept,high
DRUG//START//26//6879,v10_medication_atc,MEDICATION//A02//B//C01,dynamic_event,True,,ATC,21600096,A02BC01,"omeprazole; oral, parenteral",v10_existing_atc_normalization,validated_atc_concept,high
DRUG//START//29//12998,v10_medication_atc,MEDICATION//N06//A//A04,dynamic_event,True,,ATC,21604691,N06AA04,"clomipramine; oral, parenteral",omop_only_medication_action_ready,validated_atc_code,high
DRUG//START//31//9093,v10_medication_atc,MEDICATION//A06//A//G11,dynamic_event,True,,ATC,21600591,A06AG11,"sodium lauryl sulfoacetate, incl. combinations; rectal",omop_only_medication_action_ready,validated_atc_code,high
DRUG//START//30//13049,v10_medication_atc,MEDICATION//C01//D//A14,dynamic_event,True,,ATC,21600324,C01DA14,isosorbide mononitrate; oral,omop_only_medication_action_ready,validated_atc_code,medium
DRUG//START//30//7224,v10_medication_atc,MEDICATION//C01//B//C04,dynamic_event,True,,ATC,21600266,C01BC04,"flecainide; oral, parenteral",omop_only_medication_action_ready,validated_atc_code,high
DRUG//START//56//14879,v10_medication_atc,OMOP//OMOP_CONCEPT//4037090,metadata_only,False,oral_food,OMOP_CONCEPT,4037090,227999000,Cooked food,AMSTEL_usagi,source_code_omop,medium
DRUG//START//71//13006,v10_medication_atc,MEDICATION//H03//B//B02,dynamic_event,True,,ATC,21602766,H03BB02,thiamazole; oral,omop_only_medication_action_ready,validated_atc_code,high
DRUG//START//25//15704,v10_medication_atc,MEDICATION//B02//B//D01,dynamic_event,True,,ATC,21601061,B02BD01,"coagulation factor IX, II, VII and X in combination",v10_existing_atc_normalization,validated_atc_concept,high
DRUG//START//21//8546,v10_medication_atc,MEDICATION//J01//F//A09,dynamic_event,True,,ATC,21602977,J01FA09,"clarithromycin; oral, parenteral",v10_existing_atc_normalization,validated_atc_concept,high
DRUG//START//21//9037,v10_medication_atc,MEDICATION//J01//C//E05,dynamic_event,True,,ATC,21602845,J01CE05,pheneticillin; oral,v10_existing_atc_normalization,validated_atc_concept,high
DRUG//START//29//6962,v10_medication_atc,MEDICATION//N03//A//E01,dynamic_event,True,,ATC,21604415,N03AE01,"clonazepam; oral, parenteral",omop_only_medication_action_ready,validated_atc_code,high
DRUG//START//21//9029,v10_medication_atc,MEDICATION//J01//C//R02,dynamic_event,True,,ATC,21602863,J01CR02,"amoxicillin and beta-lactamase inhibitor; oral, parenteral",v10_existing_atc_normalization,validated_atc_concept,high
DRUG//START//56//14884,v10_medication_atc,OMOP//OMOP_CONCEPT//4037090,metadata_only,False,oral_food,OMOP_CONCEPT,4037090,227999000,Cooked food,AMSTEL_usagi,source_code_omop,medium
DRUG//START//56//14856,v10_medication_atc,OMOP//OMOP_CONCEPT//4037090,metadata_only,False,oral_food,OMOP_CONCEPT,4037090,227999000,Cooked food,AMSTEL_usagi,source_code_omop,medium
DRUG//START//32//12469,v10_medication_atc,MEDICATION//L04//A//A06,dynamic_event,True,,ATC,21603896,L04AA06,"mycophenolic acid; oral, parenteral",omop_only_medication_action_ready,validated_atc_code,high
DRUG//START//65//12402,v10_medication_atc,MEDICATION//N01//A//H06,dynamic_event,True,,ATC,21604206,N01AH06,remifentanil,v10_existing_atc_normalization,validated_atc_concept,high
DRUG//START//32//12946,v10_medication_atc,MEDICATION//G04//C//A02,dynamic_event,True,,ATC,21602669,G04CA02,tamsulosin; oral,omop_only_medication_action_ready,validated_atc_code,medium
DRUG//START//69//9114,v10_medication_atc,MEDICATION//D01//A//C08,dynamic_event,True,,ATC,21601927,D01AC08,ketoconazole,omop_only_medication_action_ready,validated_atc_code,high
DRUG//START//29//19875,v10_medication_atc,MEDICATION//N05//C//H01,dynamic_event,True,,ATC,21604659,N05CH01,melatonin; oral,omop_only_medication_action_ready,validated_atc_code,high
DRUG//START//69//13098,v10_medication_atc,MEDICATION//S01//E//D51,dynamic_event,True,,ATC,21603705,S01ED51,"timolol, combinations",omop_only_medication_action_ready,validated_atc_code,medium
DRUG//START//63//8973,v10_medication_atc,OMOP//OMOP_CONCEPT//40798859,metadata_only,False,route_or_order_metadata,OMOP_CONCEPT,40798859,OMOP2721192,General Nutrients,AMSTEL_usagi,source_code_omop,medium
DRUG//START//65//6960,v10_medication_atc,MEDICATION//M03//A//C09,dynamic_event,True,,ATC,21604086,M03AC09,rocuronium bromide,v10_existing_atc_normalization,validated_atc_concept,high
DRUG//START//32//18743,v10_medication_atc,MEDICATION//L04//A//D02,dynamic_event,True,,ATC,21603925,L04AD02,"tacrolimus; oral, parenteral",omop_only_medication_action_ready,validated_atc_code,high
DRUG//START//61//7366,v10_medication_atc,ATC//SFX//B05,metadata_only,False,blood_product,ATC,21601149,B05AX01,B05AX01,AMSTEL_source_concepts,source_code_atc,high
DRUG//START//21//7044,v10_medication_atc,MEDICATION//J01//G//B01,dynamic_event,True,,ATC,21602995,J01GB01,"tobramycin; inhalant, parenteral",v10_existing_atc_normalization,validated_atc_concept,high
DRUG//START//56//14872,v10_medication_atc,OMOP//OMOP_CONCEPT//4037090,metadata_only,False,oral_food,OMOP_CONCEPT,4037090,227999000,Cooked food,AMSTEL_usagi,source_code_omop,medium
DRUG//START//65//8249,v10_medication_atc,MEDICATION//B01//A//B09,dynamic_event,True,,ATC,21600980,B01AB09,danaparoid; parenteral,v10_existing_atc_normalization,validated_atc_concept,high
DRUG//START//31//6876,v10_medication_atc,MEDICATION//A06//A//B02,dynamic_event,True,,ATC,21600539,A06AB02,"bisacodyl; oral, rectal",omop_only_medication_action_ready,validated_atc_code,high
DRUG//START//31//9098,v10_medication_atc,MEDICATION//A03//F//A03,dynamic_event,True,,ATC,21600486,A03FA03,"domperidone; oral, parenteral, rectal",omop_only_medication_action_ready,validated_atc_code,high
DRUG//START//65//7408,v10_medication_atc,MEDICATION//C01//B//B01,dynamic_event,True,,ATC,21600260,C01BB01,lidocaine; parenteral,omop_only_medication_action_ready,validated_atc_code,medium
DRUG//START//39//14214,v10_medication_atc,OMOP//OMOP_CONCEPT//588017,metadata_only,False,parenteral_nutrition,OMOP_CONCEPT,588017,OMOP3138396,Amino Acids,AMSTEL_usagi,source_code_omop,medium
DRUG//START//55//8938,v10_medication_atc,OMOP//OMOP_CONCEPT//19079524,metadata_only,False,line_or_device_metadata,OMOP_CONCEPT,19079524,313002,sodium chloride 9 MG/ML Injectable Solution,AMSTEL_usagi,source_code_omop,medium
DRUG//START//56//14878,v10_medication_atc,OMOP//OMOP_CONCEPT//4037090,metadata_only,False,oral_food,OMOP_CONCEPT,4037090,227999000,Cooked food,AMSTEL_usagi,source_code_omop,medium
DRUG//START//27//7234,v10_medication_atc,MEDICATION//V03//A//B25,dynamic_event,True,,ATC,21605250,V03AB25,flumazenil,omop_only_medication_action_ready,validated_atc_code,high
DRUG//START//29//13051,v10_medication_atc,MEDICATION//A04//A//D10,dynamic_event,True,,ATC,21600503,A04AD10,dronabinol,omop_only_medication_action_ready,validated_atc_code,high
DRUG//START//21//6953,v10_medication_atc,MEDICATION//J04//A//B02,dynamic_event,True,,ATC,21603097,J04AB02,"rifampicin; oral, parenteral",v10_existing_atc_normalization,validated_atc_concept,high
DRUG//START//30//19154,v10_medication_atc,MEDICATION//C10//A//X09,dynamic_event,True,,ATC,21601896,C10AX09,ezetimibe; oral,v10_existing_atc_normalization,validated_atc_concept,high
DRUG//START//65//12467,v10_medication_atc,MEDICATION//H01//B//A04,dynamic_event,True,,ATC,21602702,H01BA04,terlipressin; parenteral,v10_existing_atc_normalization,validated_atc_concept,high
DRUG//START//42//15077,v10_medication_atc,ATC//V06//GENERAL_NUTRIENTS,metadata_only,False,enteral_nutrition,ATC,21605350,V06DB,V06DB,AMSTEL_source_concepts,source_code_atc,high
DRUG//START//30//19213,v10_medication_atc,MEDICATION//C09//A//A04,dynamic_event,True,,ATC,21601788,C09AA04,perindopril; oral,v10_existing_atc_normalization,validated_atc_concept,high
DRUG//START//15//9542,v10_medication_atc,MEDICATION//J02//A//C02,dynamic_event,True,,ATC,21603081,J02AC02,"itraconazole; oral, parenteral",v10_existing_atc_normalization,validated_atc_concept,high
DRUG//START//24//7184,v10_medication_atc,MEDICATION//C07//A//B02,dynamic_event/medication,True,,ATC,21601684,C07AB02,"metoprolol; oral, parenteral",v10_existing_atc_normalization,validated_atc_concept,high
DRUG//START//67//19164,v10_medication_atc,MEDICATION//A12//A//A03,dynamic_event,True,,ATC,21600862,A12AA03,"calcium gluconate; oral, parenteral",v10_existing_atc_normalization,validated_atc_concept,high
DRUG//START//71//9021,v10_medication_atc,MEDICATION//A11//G//A01,dynamic_event,True,,ATC,21600837,A11GA01,"ascorbic acid (vit C); oral, parenteral",v10_existing_atc_normalization,validated_atc_concept,high
DRUG//START//65//7213,v10_medication_atc,MEDICATION//C07//A//B09,dynamic_event,True,,ATC,21601691,C07AB09,esmolol; parenteral,omop_only_medication_action_ready,validated_atc_code,medium
DRUG//START//23//7170,v10_medication_atc,MEDICATION//N05//B//A01,dynamic_event,True,,ATC,21604566,N05BA01,"diazepam; oral, parenteral, rectal",omop_only_medication_action_ready,validated_atc_code,medium
DRUG//START//67//9014,v10_medication_atc,MEDICATION//A10//A//B01,dynamic_event,True,,ATC,21600715,A10AB01,insulin (human); parenteral,v10_existing_atc_normalization,validated_atc_concept,high
DRUG//START//29//12630,v10_medication_atc,MEDICATION//N05//A//X08,dynamic_event,True,,ATC,21604559,N05AX08,"risperidone; oral, parenteral",omop_only_medication_action_ready,validated_atc_code,high
DRUG//START//30//10756,v10_medication_atc,MEDICATION//C09//A//A09,dynamic_event,True,,ATC,21601793,C09AA09,fosinopril; oral,omop_only_medication_action_ready,validated_atc_code,high
DRUG//START//71//6947,v10_medication_atc,MEDICATION//A11//H//A02,dynamic_event,True,,ATC,21600843,A11HA02,"pyridoxine (vit B6); oral, parenteral",omop_only_medication_action_ready,validated_atc_code,high
DRUG//START//25//8249,v10_medication_atc,MEDICATION//B01//A//B09,dynamic_event,True,,ATC,21600980,B01AB09,danaparoid; parenteral,v10_existing_atc_normalization,validated_atc_concept,high
DRUG//START//31//7991,v10_medication_atc,MEDICATION//C10//A//C01,dynamic_event,True,,ATC,21601876,C10AC01,colestyramine; oral,omop_only_medication_action_ready,validated_atc_code,high
DRUG//START//24//6816,v10_medication_atc,MEDICATION//C01//E//B10,dynamic_event,True,,ATC,21600371,C01EB10,adenosine; parenteral,omop_only_medication_action_ready,validated_atc_code,medium
DRUG//START//65//8190,v10_medication_atc,MEDICATION//N01//A//F03,dynamic_event,True,,ATC,21604197,N01AF03,thiopental,omop_only_medication_action_ready,validated_atc_code,high
DRUG//START//39//12619,v10_medication_atc,OMOP//OMOP_CONCEPT//588017,metadata_only,False,parenteral_nutrition,OMOP_CONCEPT,588017,OMOP3138396,Amino Acids,AMSTEL_usagi,source_code_omop,medium
DRUG//START//67//9351,v10_medication_atc,MEDICATION//A11//E//A,dynamic_event,True,,ATC,21600830,A11EA,"Vitamin B-complex, plain",v10_existing_atc_normalization,validated_atc_concept,high
DRUG//START//24//6862,v10_medication_atc,MEDICATION//C07//A//B03,dynamic_event,True,,ATC,21601685,C07AB03,"atenolol; oral, parenteral",v10_existing_atc_normalization,validated_atc_concept,high
DRUG//START//24//9015,v10_medication_atc,MEDICATION//C01//B//D01,dynamic_event,True,,ATC,21600270,C01BD01,"amiodarone; oral, parenteral",v10_existing_atc_normalization,validated_atc_concept,high
DRUG//START//65//7450,v10_medication_atc,MEDICATION//J02//A//A01,dynamic_event,True,,ATC,21603074,J02AA01,amphotericin B; parenteral,omop_only_medication_action_ready,validated_atc_code,medium
DRUG//START//29//12536,v10_medication_atc,MEDICATION//N06//A//X05,dynamic_event,True,,ATC,21604734,N06AX05,trazodone; oral,omop_only_medication_action_ready,validated_atc_code,high
DRUG//START//31//13931,v10_medication_atc,MEDICATION//A09//A//A02,dynamic_event,True,,ATC,21600701,A09AA02,"multienzymes (lipase, protease etc.)",omop_only_medication_action_ready,validated_atc_code,high
DRUG//START//55//12892,v10_medication_atc,OMOP//OMOP_CONCEPT//19079524,metadata_only,False,crystalloid_or_diluent,OMOP_CONCEPT,19079524,313002,sodium chloride 9 MG/ML Injectable Solution,AMSTEL_usagi,source_code_omop,medium
DRUG//START//21//13170,v10_medication_atc,MEDICATION//A01//A//B,dynamic_event,True,,ATC,21600011,A01AB,Antiinfectives and antiseptics for local oral treatment,omop_only_medication_action_ready,validated_atc_code,medium
DRUG//START//114//12591,v10_medication_atc,OMOP//OMOP_CONCEPT//40798859,metadata_only,False,enteral_nutrition,OMOP_CONCEPT,40798859,OMOP2721192,General Nutrients,AMSTEL_usagi,source_code_omop,medium
DRUG//START//29//8522,v10_medication_atc,MEDICATION//N05//A//N01,dynamic_event,True,,ATC,21604556,N05AN01,lithium; oral,omop_only_medication_action_ready,validated_atc_code,high
DRUG//START//69//9127,v10_medication_atc,MEDICATION//S01//E//B01,dynamic_event,True,,ATC,21603680,S01EB01,"pilocarpine; lamella, ointment",omop_only_medication_action_ready,validated_atc_code,high
DRUG//START//15//7450,v10_medication_atc,MEDICATION//J02//A//A01,dynamic_event,True,,ATC,21603074,J02AA01,amphotericin B; parenteral,omop_only_medication_action_ready,validated_atc_code,medium
DRUG//START//24//7188,v10_medication_atc,MEDICATION//C01//C//A26,dynamic_event,True,,ATC,40253931,C01CA26,ephedrine; parenteral,omop_only_medication_action_ready,validated_atc_code,high
DRUG//START//27//9458,v10_medication_atc,MEDICATION//J02//A//X04,dynamic_event,True,,ATC,21603086,J02AX04,caspofungin; parenteral,omop_only_medication_action_ready,validated_atc_code,medium
DRUG//START//70//9154,v10_medication_atc,MEDICATION//R03//A//C02,dynamic_event,True,,ATC,21603256,R03AC02,salbutamol; inhalant,omop_only_medication_action_ready,validated_atc_code,medium
DRUG//START//56//14915,v10_medication_atc,OMOP//OMOP_CONCEPT//4037090,metadata_only,False,oral_food,OMOP_CONCEPT,4037090,227999000,Cooked food,AMSTEL_usagi,source_code_omop,medium
DRUG//START//55//7292,v10_medication_atc,OMOP//OMOP_CONCEPT//35848569,metadata_only,False,crystalloid_or_diluent,OMOP_CONCEPT,35848569,OMOP5005765,sodium chloride 6.4 MG/ML Injectable Solution,AMSTEL_usagi,source_code_omop,medium
DRUG//START//31//9116,v10_medication_atc,MEDICATION//A07//B//A01,dynamic_event,True,,ATC,21600629,A07BA01,medicinal charcoal; oral,omop_only_medication_action_ready,validated_atc_code,high
DRUG//START//32//9115,v10_medication_atc,MEDICATION//L02//B//A01,dynamic_event,True,,ATC,21603831,L02BA01,tamoxifen; oral,omop_only_medication_action_ready,validated_atc_code,medium
DRUG//START//56//14873,v10_medication_atc,OMOP//OMOP_CONCEPT//4037090,metadata_only,False,oral_food,OMOP_CONCEPT,4037090,227999000,Cooked food,AMSTEL_usagi,source_code_omop,medium
DRUG//START//30//10627,v10_medication_atc,MEDICATION//C01//B//A01,dynamic_event,True,,ATC,21600250,C01BA01,quinidine; oral,omop_only_medication_action_ready,validated_atc_code,medium
DRUG//START//67//10755,v10_medication_atc,MEDICATION//A10//A//C01,dynamic_event,True,,ATC,21600723,A10AC01,insulin (human); parenteral,omop_only_medication_action_ready,validated_atc_code,high
DRUG//START//29//9103,v10_medication_atc,MEDICATION//M01//A//E02,dynamic_event,True,,ATC,21603968,M01AE02,"naproxen; oral, rectal",omop_only_medication_action_ready,validated_atc_code,high
DRUG//START//21//8230,v10_medication_atc,MEDICATION//J04//A//C01,dynamic_event,True,,ATC,21603103,J04AC01,"isoniazid; oral, parenteral",omop_only_medication_action_ready,validated_atc_code,medium
DRUG//START//56//14885,v10_medication_atc,OMOP//OMOP_CONCEPT//4037090,metadata_only,False,oral_food,OMOP_CONCEPT,4037090,227999000,Cooked food,AMSTEL_usagi,source_code_omop,medium
DRUG//START//56//14929,v10_medication_atc,OMOP//OMOP_CONCEPT//4332187,metadata_only,False,oral_food,OMOP_CONCEPT,4332187,228070005,Snack food,AMSTEL_usagi,source_code_omop,medium
DRUG//START//63//8954,v10_medication_atc,OMOP//OMOP_CONCEPT//40798859,metadata_only,False,enteral_nutrition,OMOP_CONCEPT,40798859,OMOP2721192,General Nutrients,AMSTEL_usagi,source_code_omop,medium
DRUG//START//25//14688,v10_medication_atc,MEDICATION//V03//A//B14,dynamic_event,True,,ATC,21605239,V03AB14,protamine,omop_only_medication_action_ready,validated_atc_code,high
DRUG//START//29//13159,v10_medication_atc,MEDICATION//N03//A//F02,dynamic_event,True,,ATC,21604418,N03AF02,oxcarbazepine; oral,omop_only_medication_action_ready,validated_atc_code,high
DRUG//START//31//6898,v10_medication_atc,MEDICATION//A03//B//B01,dynamic_event,True,,ATC,21600196,A03BB01,"butylscopolamine; oral, parenteral, rectal",omop_only_medication_action_ready,validated_atc_code,high
DRUG//START//65//7234,v10_medication_atc,MEDICATION//V03//A//B25,dynamic_event,True,,ATC,21605250,V03AB25,flumazenil,omop_only_medication_action_ready,validated_atc_code,high
DRUG//START//21//12953,v10_medication_atc,MEDICATION//J04//A//K02,dynamic_event,True,,ATC,21603111,J04AK02,"ethambutol; oral, parenteral",omop_only_medication_action_ready,validated_atc_code,high
DRUG//START//30//19225,v10_medication_atc,MEDICATION//C09//C//A04,dynamic_event,True,,ATC,21601827,C09CA04,irbesartan; oral,omop_only_medication_action_ready,validated_atc_code,high
DRUG//START//21//6847,v10_medication_atc,MEDICATION//J01//C//A04,dynamic_event,True,,ATC,21602823,J01CA04,"amoxicillin; oral, parenteral",v10_existing_atc_normalization,validated_atc_concept,high
DRUG//START//15//9458,v10_medication_atc,MEDICATION//J02//A//X04,dynamic_event,True,,ATC,21603086,J02AX04,caspofungin; parenteral,omop_only_medication_action_ready,validated_atc_code,medium
DRUG//START//21//9075,v10_medication_atc,MEDICATION//J01//X//C01,dynamic_event,True,,ATC,21603052,J01XC01,"fusidic acid; oral, parenteral",omop_only_medication_action_ready,validated_atc_code,high
DRUG//START//15//7185,v10_medication_atc,MEDICATION//J01//A//A02,dynamic_event,True,,ATC,21602800,J01AA02,"doxycycline; oral, parenteral",omop_only_medication_action_ready,validated_atc_code,medium
DRUG//START//69//9157,v10_medication_atc,MEDICATION//D07//A//D01,dynamic_event,True,,ATC,21602141,D07AD01,clobetasol,omop_only_medication_action_ready,validated_atc_code,high
DRUG//START//21//12398,v10_medication_atc,MEDICATION//J01//M//A12,dynamic_event,True,,ATC,21603019,J01MA12,"levofloxacin; inhalant, oral, parenteral",v10_existing_atc_normalization,validated_atc_concept,high
DRUG//START//65//9004,v10_medication_atc,MEDICATION//N05//C//A01,dynamic_event,True,,ATC,21604608,N05CA01,"pentobarbital; oral, parenteral, rectal",omop_only_medication_action_ready,validated_atc_code,medium
DRUG//START//65//13000,v10_medication_atc,MEDICATION//R03//D//A04,dynamic_event,True,,ATC,21603332,R03DA04,"theophylline; oral, parenteral, rectal",omop_only_medication_action_ready,validated_atc_code,medium
DRUG//START//27//9137,v10_medication_atc,MEDICATION//L04//A//D01,dynamic_event,True,,ATC,21603924,L04AD01,"ciclosporin; oral, parenteral",omop_only_medication_action_ready,validated_atc_code,medium
DRUG//START//29//9081,v10_medication_atc,MEDICATION//M01//A//E01,dynamic_event,True,,ATC,21603967,M01AE01,"ibuprofen; oral, parenteral, rectal",omop_only_medication_action_ready,validated_atc_code,high
DRUG//START//29//13044,v10_medication_atc,MEDICATION//N06//A//B06,dynamic_event,True,,ATC,21604714,N06AB06,sertraline; oral,omop_only_medication_action_ready,validated_atc_code,high
DRUG//START//56//14914,v10_medication_atc,OMOP//OMOP_CONCEPT//4037090,metadata_only,False,oral_food,OMOP_CONCEPT,4037090,227999000,Cooked food,AMSTEL_usagi,source_code_omop,medium
DRUG//START//65//6982,v10_medication_atc,MEDICATION//R03//C//C02,dynamic_event,True,,ATC,21603312,R03CC02,"salbutamol; oral, parenteral",omop_only_medication_action_ready,validated_atc_code,medium
DRUG//START//30//12950,v10_medication_atc,MEDICATION//C09//C//A06,dynamic_event,True,,ATC,21601829,C09CA06,candesartan; oral,omop_only_medication_action_ready,validated_atc_code,high
DRUG//START//21//19763,v10_medication_atc,MEDICATION//J02//A//C04,dynamic_event,True,,ATC,21603083,J02AC04,"posaconazole; oral, parenteral",omop_only_medication_action_ready,validated_atc_code,high
DRUG//START//25//10624,v10_medication_atc,MEDICATION//B03//X//A02,dynamic_event,True,,ATC,21601134,B03XA02,darbepoetin alfa; parenteral,omop_only_medication_action_ready,validated_atc_code,medium
DRUG//START//65//6963,v10_medication_atc,MEDICATION//B01//A//D02,dynamic_event,True,,ATC,21601008,B01AD02,alteplase; parenteral,omop_only_medication_action_ready,validated_atc_code,medium
DRUG//START//69//13103,v10_medication_atc,MEDICATION//S01//E//E01,dynamic_event,True,,ATC,21603710,S01EE01,latanoprost,omop_only_medication_action_ready,validated_atc_code,high
DRUG//START//29//19152,v10_medication_atc,MEDICATION//N06//A//A10,dynamic_event,True,,ATC,21604697,N06AA10,"nortriptyline; oral, parenteral",omop_only_medication_action_ready,validated_atc_code,high
DRUG//START//56//14911,v10_medication_atc,OMOP//OMOP_CONCEPT//4037090,metadata_only,False,oral_food,OMOP_CONCEPT,4037090,227999000,Cooked food,AMSTEL_usagi,source_code_omop,medium
DRUG//START//71//12949,v10_medication_atc,MEDICATION//L04//A//X01,dynamic_event,True,,ATC,21603927,L04AX01,"azathioprine; oral, parenteral",omop_only_medication_action_ready,validated_atc_code,high
DRUG//START//71//7412,v10_medication_atc,MEDICATION//A12//A//A02,dynamic_event,True,,ATC,21600861,A12AA02,calcium glubionate; parenteral,v10_existing_atc_normalization,validated_atc_concept,high
DRUG//START//21//8231,v10_medication_atc,MEDICATION//J04//A//K01,dynamic_event,True,,ATC,21603110,J04AK01,pyrazinamide; oral,omop_only_medication_action_ready,validated_atc_code,high
DRUG//START//32//6972,v10_medication_atc,MEDICATION//L01//A//A01,dynamic_event,True,,ATC,21601390,L01AA01,cyclophosphamide,omop_only_medication_action_ready,validated_atc_code,medium
DRUG//START//71//6992,v10_medication_atc,MEDICATION//H01//B//A02,dynamic_event,True,,ATC,21602700,H01BA02,"desmopressin; nasal, oral, parenteral, sublingual",omop_only_medication_action_ready,validated_atc_code,medium
DRUG//START//21//13486,v10_medication_atc,MEDICATION//J05//A//R10,dynamic_event,True,,ATC,43534798,J05AR10,lopinavir and ritonavir; oral,omop_only_medication_action_ready,validated_atc_code,medium
DRUG//START//55//9014,v10_medication_atc,MEDICATION//A10//A//B01,dynamic_event,True,,ATC,21600715,A10AB01,insulin (human); parenteral,v10_existing_atc_normalization,validated_atc_concept,high
DRUG//START//21//13065,v10_medication_atc,MEDICATION//S01//A//D03,dynamic_event,True,,ATC,21603588,S01AD03,aciclovir,omop_only_medication_action_ready,validated_atc_code,high
DRUG//START//29//19893,v10_medication_atc,MEDICATION//N05//C//F01,dynamic_event,True,,ATC,21604654,N05CF01,zopiclone; oral,omop_only_medication_action_ready,validated_atc_code,high
DRUG//START//29//9146,v10_medication_atc,MEDICATION//N05//B//A05,dynamic_event,True,,ATC,21604570,N05BA05,potassium clorazepate; oral,omop_only_medication_action_ready,validated_atc_code,medium
DRUG//START//71//9123,v10_medication_atc,MEDICATION//G03//D//C03,dynamic_event,True,,ATC,21602554,G03DC03,lynestrenol; oral,omop_only_medication_action_ready,validated_atc_code,high
DRUG//START//55//16904,v10_medication_atc,OMOP//OMOP_CONCEPT//19079524,metadata_only,False,line_or_device_metadata,OMOP_CONCEPT,19079524,313002,sodium chloride 9 MG/ML Injectable Solution,AMSTEL_usagi,source_code_omop,medium
DRUG//START//65//9012,v10_medication_atc,MEDICATION//H01//B//B02,dynamic_event,True,,ATC,21602707,H01BB02,"oxytocin; nasal, oral, parenteral",omop_only_medication_action_ready,validated_atc_code,medium
DRUG//START//29//13017,v10_medication_atc,MEDICATION//N04//B//C05,dynamic_event,True,,ATC,21604477,N04BC05,pramipexole; oral,omop_only_medication_action_ready,validated_atc_code,high
DRUG//START//21//6958,v10_medication_atc,MEDICATION//J01//F//F01,dynamic_event,True,,ATC,21602985,J01FF01,"clindamycin; oral, parenteral",v10_existing_atc_normalization,validated_atc_concept,high
DRUG//START//23//7408,v10_medication_atc,MEDICATION//C01//B//B01,dynamic_event,True,,ATC,21600260,C01BB01,lidocaine; parenteral,omop_only_medication_action_ready,validated_atc_code,medium
DRUG//START//31//15181,v10_medication_atc,MEDICATION//A06//A//D11,dynamic_event,True,,ATC,21600571,A06AD11,lactulose; oral,omop_only_medication_action_ready,validated_atc_code,medium
DRUG//START//69//12431,v10_medication_atc,MEDICATION//S01//E//D01,dynamic_event,True,,ATC,21603699,S01ED01,timolol,omop_only_medication_action_ready,validated_atc_code,high
DRUG//START//56//14907,v10_medication_atc,OMOP//OMOP_CONCEPT//4037090,metadata_only,False,oral_food,OMOP_CONCEPT,4037090,227999000,Cooked food,AMSTEL_usagi,source_code_omop,medium
DRUG//START//69//7462,v10_medication_atc,MEDICATION//S01//X//A20,dynamic_event,True,,ATC,21605143,S01XA20,artificial tears and other indifferent preparations,omop_only_medication_action_ready,validated_atc_code,high
DRUG//START//23//12438,v10_medication_atc,MEDICATION//N02//B//A01,dynamic_event,True,,ATC,21604305,N02BA01,"acetylsalicylic acid; oral, parenteral, rectal",omop_only_medication_action_ready,validated_atc_code,medium
DRUG//START//23//9018,v10_medication_atc,MEDICATION//N01//A//X14,dynamic_event,True,,ATC,21604217,N01AX14,esketamine,v10_existing_atc_normalization,validated_atc_concept,high
DRUG//START//29//9057,v10_medication_atc,MEDICATION//N03//A//G01,dynamic_event,True,,ATC,21604422,N03AG01,"valproic acid; oral, parenteral, rectal",omop_only_medication_action_ready,validated_atc_code,high
DRUG//START//32//10602,v10_medication_atc,MEDICATION//V08//B//A01,dynamic_event,True,,ATC,21605416,V08BA01,barium sulfate with suspending agents,omop_only_medication_action_ready,validated_atc_code,high
DRUG//START//29//7225,v10_medication_atc,MEDICATION//N02//A//A01,dynamic_event,True,,ATC,21604256,N02AA01,"morphine; oral, parenteral, rectal",v10_existing_atc_normalization,validated_atc_concept,high
DRUG//START//63//8951,v10_medication_atc,OMOP//OMOP_CONCEPT//40798859,metadata_only,False,enteral_nutrition,OMOP_CONCEPT,40798859,OMOP2721192,General Nutrients,AMSTEL_usagi,source_code_omop,medium
DRUG//START//15//6834,v10_medication_atc,MEDICATION//J01//G//B06,dynamic_event,True,,ATC,21602999,J01GB06,"amikacin; inhalant, parenteral",omop_only_medication_action_ready,validated_atc_code,medium
DRUG//START//65//6799,v10_medication_atc,MEDICATION//B01//A//C13,dynamic_event,True,,ATC,21600997,B01AC13,abciximab; parenteral,omop_only_medication_action_ready,validated_atc_code,medium
DRUG//START//70//19931,v10_medication_atc,MEDICATION//R03//D//C03,dynamic_event,True,,ATC,21603356,R03DC03,montelukast; oral,omop_only_medication_action_ready,validated_atc_code,high
DRUG//START//70//9143,v10_medication_atc,MEDICATION//R03//D//A04,dynamic_event,True,,ATC,21603332,R03DA04,"theophylline; oral, parenteral, rectal",omop_only_medication_action_ready,validated_atc_code,high
DRUG//START//23//9118,v10_medication_atc,MEDICATION//N05//A//A02,dynamic_event,True,,ATC,21604493,N05AA02,"levomepromazine; oral, parenteral",omop_only_medication_action_ready,validated_atc_code,medium
DRUG//START//65//19929,v10_medication_atc,MEDICATION//C01//C//A06,dynamic_event,True,,ATC,21600286,C01CA06,phenylephrine; parenteral,v10_existing_atc_normalization,validated_atc_concept,high
DRUG//START//65//21241,v10_medication_atc,MEDICATION//N01//B//B01,dynamic_event,True,,ATC,21604229,N01BB01,bupivacaine,omop_only_medication_action_ready,validated_atc_code,high
DRUG//START//24//12438,v10_medication_atc,MEDICATION//N02//B//A01,dynamic_event,True,,ATC,21604305,N02BA01,"acetylsalicylic acid; oral, parenteral, rectal",omop_only_medication_action_ready,validated_atc_code,medium
DRUG//START//65//10750,v10_medication_atc,MEDICATION//V03//A//B23,dynamic_event,True,,ATC,21605248,V03AB23,acetylcysteine,omop_only_medication_action_ready,validated_atc_code,high
DRUG//START//56//14861,v10_medication_atc,OMOP//OMOP_CONCEPT//4037090,metadata_only,False,oral_food,OMOP_CONCEPT,4037090,227999000,Cooked food,AMSTEL_usagi,source_code_omop,medium
DRUG//START//65//6927,v10_medication_atc,MEDICATION//C01//B//A02,dynamic_event,True,,ATC,21600251,C01BA02,"procainamide; oral, parenteral",omop_only_medication_action_ready,validated_atc_code,medium
DRUG//START//69//9078,v10_medication_atc,MEDICATION//G01//A//F04,dynamic_event,True,,ATC,21602394,G01AF04,miconazole; vaginal,omop_only_medication_action_ready,validated_atc_code,high
DRUG//START//71//13484,v10_medication_atc,MEDICATION//V04//C//D01,dynamic_event,True,,ATC,21605309,V04CD01,metyrapone,omop_only_medication_action_ready,validated_atc_code,high
DRUG//START//56//14857,v10_medication_atc,OMOP//OMOP_CONCEPT//4037090,metadata_only,False,oral_food,OMOP_CONCEPT,4037090,227999000,Cooked food,AMSTEL_usagi,source_code_omop,medium
DRUG//START//65//12138,v10_medication_atc,MEDICATION//B01//A//C09,dynamic_event,True,,ATC,21600994,B01AC09,epoprostenol,omop_only_medication_action_ready,validated_atc_code,medium
DRUG//START//21//9542,v10_medication_atc,MEDICATION//J02//A//C02,dynamic_event,True,,ATC,21603081,J02AC02,"itraconazole; oral, parenteral",v10_existing_atc_normalization,validated_atc_concept,high
DRUG//START//119//13501,v10_medication_atc,MEDICATION//V08//B//A01,dynamic_event,True,,ATC,21605416,V08BA01,barium sulfate with suspending agents,omop_only_medication_action_ready,validated_atc_code,high
DRUG//START//21//20363,v10_medication_atc,MEDICATION//A07//A//A07,dynamic_event,True,,ATC,21600609,A07AA07,amphotericin B; oral,omop_only_medication_action_ready,validated_atc_code,high
DRUG//START//32//19216,v10_medication_atc,MEDICATION//P01//B//A02,dynamic_event,True,,ATC,21604889,P01BA02,hydroxychloroquine; oral,omop_only_medication_action_ready,validated_atc_code,high
DRUG//START//56//14880,v10_medication_atc,OMOP//OMOP_CONCEPT//4037090,metadata_only,False,oral_food,OMOP_CONCEPT,4037090,227999000,Cooked food,AMSTEL_usagi,source_code_omop,medium
DRUG//START//29//19219,v10_medication_atc,MEDICATION//N03//A//A02,dynamic_event,True,,ATC,21604393,N03AA02,"phenobarbital; oral, parenteral",omop_only_medication_action_ready,validated_atc_code,medium
DRUG//START//24//7213,v10_medication_atc,MEDICATION//C07//A//B09,dynamic_event,True,,ATC,21601691,C07AB09,esmolol; parenteral,omop_only_medication_action_ready,validated_atc_code,medium
DRUG//START//32//6954,v10_medication_atc,MEDICATION//R06//A//A04,dynamic_event,True,,ATC,21603449,R06AA04,"clemastine; oral, parenteral",omop_only_medication_action_ready,validated_atc_code,high
DRUG//START//21//13456,v10_medication_atc,MEDICATION//A01//A//B09,dynamic_event,True,,ATC,21600019,A01AB09,miconazole; local oral,omop_only_medication_action_ready,validated_atc_code,high
DRUG//START//23//7212,v10_medication_atc,MEDICATION//V03//A//B15,dynamic_event,True,,ATC,21605240,V03AB15,naloxone,omop_only_medication_action_ready,validated_atc_code,high
DRUG//START//114//16851,v10_medication_atc,OMOP//OMOP_CONCEPT//40798859,metadata_only,False,enteral_nutrition,OMOP_CONCEPT,40798859,OMOP2721192,General Nutrients,AMSTEL_usagi,source_code_omop,medium
DRUG//START//21//13057,v10_medication_atc,MEDICATION//J01//F//A10,dynamic_event,True,,ATC,21602978,J01FA10,"azithromycin; oral, parenteral",omop_only_medication_action_ready,validated_atc_code,high
DRUG//START//56//14859,v10_medication_atc,OMOP//OMOP_CONCEPT//4037090,metadata_only,False,oral_food,OMOP_CONCEPT,4037090,227999000,Cooked food,AMSTEL_usagi,source_code_omop,medium
DRUG//START//15//12772,v10_medication_atc,MEDICATION//J02//A//A01,dynamic_event,True,,ATC,21603074,J02AA01,amphotericin B; parenteral,omop_only_medication_action_ready,validated_atc_code,medium
DRUG//START//56//14875,v10_medication_atc,OMOP//OMOP_CONCEPT//4037090,metadata_only,False,oral_food,OMOP_CONCEPT,4037090,227999000,Cooked food,AMSTEL_usagi,source_code_omop,medium
DRUG//START//56//14916,v10_medication_atc,OMOP//OMOP_CONCEPT//4037090,metadata_only,False,oral_food,OMOP_CONCEPT,4037090,227999000,Cooked food,AMSTEL_usagi,source_code_omop,medium
DRUG//START//29//6874,v10_medication_atc,MEDICATION//N04//A//A02,dynamic_event,True,,ATC,21604447,N04AA02,"biperiden; oral, parenteral",omop_only_medication_action_ready,validated_atc_code,high
DRUG//START//30//19368,v10_medication_atc,MEDICATION//C07//A//B07,dynamic_event,True,,ATC,21601689,C07AB07,bisoprolol; oral,omop_only_medication_action_ready,validated_atc_code,high
DRUG//START//39//14213,v10_medication_atc,OMOP//OMOP_CONCEPT//35885289,metadata_only,False,parenteral_nutrition,OMOP_CONCEPT,35885289,OMOP5032557,2500 ML alanine 4.48 MG/ML / arginine 2.63 MG/ML / aspartic acid 1.44 MG/ML / calcium chloride 0.48 MG/ML / glucose 115 MG/ML / glutamate 3.37 MG/ML / glycine 1.58 MG/ML / histidine 1.6 MG/ML / ... Injectable Solution [NUTRIFLEX LIPID PLUS] by B.Braun,AMSTEL_usagi,source_code_omop,medium
DRUG//START//15//7233,v10_medication_atc,MEDICATION//J02//A//X01,dynamic_event,True,,ATC,21603085,J02AX01,"flucytosine; oral, parenteral",omop_only_medication_action_ready,validated_atc_code,medium
DRUG//START//39//8949,v10_medication_atc,OMOP//OMOP_CONCEPT//588017,metadata_only,False,parenteral_nutrition,OMOP_CONCEPT,588017,OMOP3138396,Amino Acids,AMSTEL_usagi,source_code_omop,medium
DRUG//START//56//14910,v10_medication_atc,OMOP//OMOP_CONCEPT//4037090,metadata_only,False,oral_food,OMOP_CONCEPT,4037090,227999000,Cooked food,AMSTEL_usagi,source_code_omop,medium
DRUG//START//24//12467,v10_medication_atc,MEDICATION//H01//B//A04,dynamic_event,True,,ATC,21602702,H01BA04,terlipressin; parenteral,v10_existing_atc_normalization,validated_atc_concept,high
DRUG//START//69//13045,v10_medication_atc,MEDICATION//S01//A//A13,dynamic_event,True,,ATC,21603564,S01AA13,fusidic acid,omop_only_medication_action_ready,validated_atc_code,high
DRUG//START//56//14863,v10_medication_atc,OMOP//OMOP_CONCEPT//4037090,metadata_only,False,oral_food,OMOP_CONCEPT,4037090,227999000,Cooked food,AMSTEL_usagi,source_code_omop,medium
DRUG//START//23//6874,v10_medication_atc,MEDICATION//N04//A//A02,dynamic_event,True,,ATC,21604447,N04AA02,"biperiden; oral, parenteral",omop_only_medication_action_ready,validated_atc_code,medium
DRUG//START//15//9602,v10_medication_atc,MEDICATION//J06//B//B02,dynamic_event,True,,ATC,21601260,J06BB02,tetanus immunoglobulin,omop_only_medication_action_ready,validated_atc_code,medium
DRUG//START//56//14874,v10_medication_atc,OMOP//OMOP_CONCEPT//4037090,metadata_only,False,oral_food,OMOP_CONCEPT,4037090,227999000,Cooked food,AMSTEL_usagi,source_code_omop,medium
DRUG//START//65//7212,v10_medication_atc,MEDICATION//V03//A//B15,dynamic_event,True,,ATC,21605240,V03AB15,naloxone,omop_only_medication_action_ready,validated_atc_code,high
DRUG//START//15//20175,v10_medication_atc,MEDICATION//J01//X//B01,dynamic_event,True,,ATC,21603049,J01XB01,"colistin; inhalant, parenteral",omop_only_medication_action_ready,validated_atc_code,medium
DRUG//START//29//9064,v10_medication_atc,MEDICATION//M01//A//B05,dynamic_event,True,,ATC,21603945,M01AB05,"diclofenac; oral, parenteral, rectal",omop_only_medication_action_ready,validated_atc_code,high
DRUG//START//29//9118,v10_medication_atc,MEDICATION//N05//A//A02,dynamic_event,True,,ATC,21604493,N05AA02,"levomepromazine; oral, parenteral",omop_only_medication_action_ready,validated_atc_code,high
DRUG//START//39//18795,v10_medication_atc,OMOP//OMOP_CONCEPT//2022666,metadata_only,False,parenteral_nutrition,OMOP_CONCEPT,2022666,OMOP4921146,"1970 ML alanine 7.1 MG/ML / arginine 6 MG/ML / calcium chloride, dihydration 0.37 MG/ML / fish oils 5.7 MG/ML / glucose 133 MG/ML / glycerol mono(di)sodium phosphate 2.12 MG/ML / glycine 5.7 MG/ML / ... Injectable Solution [SMOF KABIVEN]",AMSTEL_usagi,source_code_omop,medium
DRUG//START//56//14906,v10_medication_atc,OMOP//OMOP_CONCEPT//4037090,metadata_only,False,oral_food,OMOP_CONCEPT,4037090,227999000,Cooked food,AMSTEL_usagi,source_code_omop,medium
DRUG//START//67//9025,v10_medication_atc,MEDICATION//M05//B//A03,dynamic_event,True,,ATC,21604151,M05BA03,pamidronic acid; parenteral,omop_only_medication_action_ready,validated_atc_code,medium
DRUG//START//31//12942,v10_medication_atc,MEDICATION//A04//A//A01,dynamic_event,True,,ATC,21600493,A04AA01,"ondansetron; oral, parenteral, rectal",v10_existing_atc_normalization,validated_atc_concept,high
DRUG//START//56//14862,v10_medication_atc,OMOP//OMOP_CONCEPT//4037090,metadata_only,False,oral_food,OMOP_CONCEPT,4037090,227999000,Cooked food,AMSTEL_usagi,source_code_omop,medium
DRUG//START//65//13951,v10_medication_atc,OMOP//OMOP_CONCEPT//42621046,metadata_only,False,crystalloid_or_diluent,OMOP_CONCEPT,42621046,OMOP2801156,Sodium Bicarbonate 42 MG/ML Injectable Solution,AMSTEL_usagi,source_code_omop,medium
DRUG//START//71//19212,v10_medication_atc,MEDICATION//G03//A//A07,dynamic_event,True,,ATC,21602480,G03AA07,levonorgestrel and ethinylestradiol,omop_only_medication_action_ready,validated_atc_code,high
DRUG//START//15//8375,v10_medication_atc,MEDICATION//J06//B//A02,dynamic_event,True,,ATC,21601257,J06BA02,"immunoglobulins, normal human, for intravascular adm.",omop_only_medication_action_ready,validated_atc_code,high
DRUG//START//56//14887,v10_medication_atc,OMOP//OMOP_CONCEPT//4037090,metadata_only,False,oral_food,OMOP_CONCEPT,4037090,227999000,Cooked food,AMSTEL_usagi,source_code_omop,medium
DRUG//START//69//12761,v10_medication_atc,MEDICATION//D02//A//B,dynamic_event,True,,ATC,21601971,D02AB,Zinc products,omop_only_medication_action_ready,validated_atc_code,medium
DRUG//START//24//6882,v10_medication_atc,MEDICATION//C03//C//A02,dynamic_event,True,,ATC,21601519,C03CA02,"bumetanide; oral, parenteral",v10_existing_atc_normalization,validated_atc_concept,high
DRUG//START//31//12530,v10_medication_atc,MEDICATION//V04//C//G05,dynamic_event,True,,ATC,21605323,V04CG05,methylthioninium chloride,omop_only_medication_action_ready,validated_atc_code,high
DRUG//START//55//8936,v10_medication_atc,OMOP//OMOP_CONCEPT//42621046,metadata_only,False,crystalloid_or_diluent,OMOP_CONCEPT,42621046,OMOP2801156,Sodium Bicarbonate 42 MG/ML Injectable Solution,AMSTEL_usagi,source_code_omop,medium
DRUG//START//56//14858,v10_medication_atc,OMOP//OMOP_CONCEPT//4037090,metadata_only,False,oral_food,OMOP_CONCEPT,4037090,227999000,Cooked food,AMSTEL_usagi,source_code_omop,medium
DRUG//START//65//7023,v10_medication_atc,MEDICATION//R03//D//A04,dynamic_event,True,,ATC,21603332,R03DA04,"theophylline; oral, parenteral, rectal",omop_only_medication_action_ready,validated_atc_code,medium
DRUG//START//70//13048,v10_medication_atc,MEDICATION//C02//K//X01,dynamic_event,True,,ATC,21600448,C02KX01,bosentan; oral,omop_only_medication_action_ready,validated_atc_code,medium
DRUG//START//29//13953,v10_medication_atc,MEDICATION//N03//A//X11,dynamic_event,True,,ATC,21604433,N03AX11,topiramate; oral,omop_only_medication_action_ready,validated_atc_code,medium
DRUG//START//67//13050,v10_medication_atc,NUTRITION//PARENTERAL,dynamic_event/nutrition_fluid,True,parenteral_nutrition,LOCAL,,,NUTRITION//PARENTERAL,omop_only_medication_action_ready,curated_broad_non_medication,high
DRUG//START//15//19137,v10_medication_atc,MEDICATION//J01//X//X08,dynamic_event,True,,ATC,21603068,J01XX08,"linezolid; oral, parenteral",omop_only_medication_action_ready,validated_atc_code,medium
DRUG//START//32//8249,v10_medication_atc,MEDICATION//B01//A//B09,dynamic_event,True,,ATC,21600980,B01AB09,danaparoid; parenteral,v10_existing_atc_normalization,validated_atc_concept,high
DRUG//START//71//13055,v10_medication_atc,MEDICATION//M05//B//A04,dynamic_event,True,,ATC,21604152,M05BA04,alendronic acid; oral,omop_only_medication_action_ready,validated_atc_code,medium
DRUG//START//65//9003,v10_medication_atc,MEDICATION//G02//A//D05,dynamic_event,True,,ATC,21602442,G02AD05,sulprostone; parenteral,omop_only_medication_action_ready,validated_atc_code,medium
DRUG//START//65//19220,v10_medication_atc,MEDICATION//B01//A//E06,dynamic_event,True,,ATC,21601025,B01AE06,bivalirudin; parenteral,omop_only_medication_action_ready,validated_atc_code,medium
DRUG//START//31//7212,v10_medication_atc,MEDICATION//A06//A//H04,dynamic_event,True,,ATC,1123810,A06AH04,naloxone,omop_only_medication_action_ready,validated_atc_code,high
DRUG//START//56//14917,v10_medication_atc,OMOP//OMOP_CONCEPT//4332187,metadata_only,False,oral_food,OMOP_CONCEPT,4332187,228070005,Snack food,AMSTEL_usagi,source_code_omop,medium
DRUG//START//27//8547,v10_medication_atc,MEDICATION//J02//A//C03,dynamic_event,True,,ATC,21603082,J02AC03,"voriconazole; oral, parenteral",v10_existing_atc_normalization,validated_atc_concept,high
DRUG//START//56//14867,v10_medication_atc,OMOP//OMOP_CONCEPT//4037090,metadata_only,False,oral_food,OMOP_CONCEPT,4037090,227999000,Cooked food,AMSTEL_usagi,source_code_omop,medium
DRUG//START//23//8120,v10_medication_atc,MEDICATION//N02//A//B02,dynamic_event,True,,ATC,21604271,N02AB02,"pethidine; oral, parenteral, rectal",omop_only_medication_action_ready,validated_atc_code,medium
DRUG//START//25//8375,v10_medication_atc,MEDICATION//J06//B//A02,dynamic_event,True,,ATC,21601257,J06BA02,"immunoglobulins, normal human, for intravascular adm.",omop_only_medication_action_ready,validated_atc_code,high
DRUG//START//70//19160,v10_medication_atc,MEDICATION//R03//B//B04,dynamic_event,True,,ATC,21603296,R03BB04,tiotropium bromide; inhalant,omop_only_medication_action_ready,validated_atc_code,medium
DRUG//START//24//7224,v10_medication_atc,MEDICATION//C01//B//C04,dynamic_event,True,,ATC,21600266,C01BC04,"flecainide; oral, parenteral",omop_only_medication_action_ready,validated_atc_code,medium
DRUG//START//70//6970,v10_medication_atc,MEDICATION//R05//D//A04,dynamic_event,True,,ATC,21603399,R05DA04,codeine; oral,omop_only_medication_action_ready,validated_atc_code,high
DRUG//START//65//9011,v10_medication_atc,MEDICATION//B01//A//D01,dynamic_event,True,,ATC,21601007,B01AD01,streptokinase; parenteral,omop_only_medication_action_ready,validated_atc_code,medium
DRUG//START//23//6940,v10_medication_atc,MEDICATION//N05//A//A01,dynamic_event,True,,ATC,21604492,N05AA01,"chlorpromazine; oral, parenteral, rectal",omop_only_medication_action_ready,validated_atc_code,medium
DRUG//START//63//12429,v10_medication_atc,OMOP//OMOP_CONCEPT//40798859,metadata_only,False,enteral_nutrition,OMOP_CONCEPT,40798859,OMOP2721192,General Nutrients,AMSTEL_usagi,source_code_omop,medium
DRUG//START//55//7255,v10_medication_atc,OMOP//OMOP_CONCEPT//589977,metadata_only,False,crystalloid_or_diluent,OMOP_CONCEPT,589977,OMOP3137823,Glucose 200 MG/ML Injectable Solution,AMSTEL_usagi,source_code_omop,medium
DRUG//START//56//14866,v10_medication_atc,OMOP//OMOP_CONCEPT//4037090,metadata_only,False,oral_food,OMOP_CONCEPT,4037090,227999000,Cooked food,AMSTEL_usagi,source_code_omop,medium
DRUG//START//56//14886,v10_medication_atc,OMOP//OMOP_CONCEPT//4037090,metadata_only,False,oral_food,OMOP_CONCEPT,4037090,227999000,Cooked food,AMSTEL_usagi,source_code_omop,medium
DRUG//START//70//9144,v10_medication_atc,MEDICATION//R03//D//A04,dynamic_event,True,,ATC,21603332,R03DA04,"theophylline; oral, parenteral, rectal",omop_only_medication_action_ready,validated_atc_code,high
DRUG//START//21//19739,v10_medication_atc,MEDICATION//J05//A//E08,dynamic_event,True,,ATC,21603156,J05AE08,atazanavir; oral,omop_only_medication_action_ready,validated_atc_code,high
DRUG//START//21//9549,v10_medication_atc,MEDICATION//A01//A//B,dynamic_event,True,,ATC,21600011,A01AB,Antiinfectives and antiseptics for local oral treatment,omop_only_medication_action_ready,validated_atc_code,medium
DRUG//START//65//7224,v10_medication_atc,MEDICATION//C01//B//C04,dynamic_event,True,,ATC,21600266,C01BC04,"flecainide; oral, parenteral",omop_only_medication_action_ready,validated_atc_code,medium
DRUG//START//71//12944,v10_medication_atc,MEDICATION//G03//A//A07,dynamic_event,True,,ATC,21602480,G03AA07,levonorgestrel and ethinylestradiol,omop_only_medication_action_ready,validated_atc_code,high
DRUG//START//65//6882,v10_medication_atc,MEDICATION//C03//C//A02,dynamic_event,True,,ATC,21601519,C03CA02,"bumetanide; oral, parenteral",v10_existing_atc_normalization,validated_atc_concept,high
DRUG//START//29//6970,v10_medication_atc,MEDICATION//R05//D//A04,dynamic_event,True,,ATC,21603399,R05DA04,codeine; oral,omop_only_medication_action_ready,validated_atc_code,high
DRUG//START//56//14865,v10_medication_atc,OMOP//OMOP_CONCEPT//4037090,metadata_only,False,oral_food,OMOP_CONCEPT,4037090,227999000,Cooked food,AMSTEL_usagi,source_code_omop,medium
DRUG//START//56//14912,v10_medication_atc,OMOP//OMOP_CONCEPT//4037090,metadata_only,False,oral_food,OMOP_CONCEPT,4037090,227999000,Cooked food,AMSTEL_usagi,source_code_omop,medium
DRUG//START//56//14908,v10_medication_atc,OMOP//OMOP_CONCEPT//4037090,metadata_only,False,oral_food,OMOP_CONCEPT,4037090,227999000,Cooked food,AMSTEL_usagi,source_code_omop,medium
DRUG//START//65//21242,v10_medication_atc,MEDICATION//N01//B//B51,dynamic_event,True,,ATC,21604240,N01BB51,"bupivacaine, combinations",omop_only_medication_action_ready,validated_atc_code,medium
DRUG//START//23//8425,v10_medication_atc,MEDICATION//N07//A//A02,dynamic_event,True,,ATC,21604805,N07AA02,"pyridostigmine; oral, parenteral",omop_only_medication_action_ready,validated_atc_code,medium
DRUG//START//23//6988,v10_medication_atc,MEDICATION//N05//A//D08,dynamic_event,True,,ATC,21604523,N05AD08,droperidol; parenteral,omop_only_medication_action_ready,validated_atc_code,medium
DRUG//START//71//16963,v10_medication_atc,MEDICATION//H05//B//X01,dynamic_event,True,,ATC,21602792,H05BX01,cinacalcet; oral,omop_only_medication_action_ready,validated_atc_code,medium
DRUG//START//56//14876,v10_medication_atc,OMOP//OMOP_CONCEPT//4037090,metadata_only,False,oral_food,OMOP_CONCEPT,4037090,227999000,Cooked food,AMSTEL_usagi,source_code_omop,medium
DRUG//START//56//14890,v10_medication_atc,OMOP//OMOP_CONCEPT//4037090,metadata_only,False,oral_food,OMOP_CONCEPT,4037090,227999000,Cooked food,AMSTEL_usagi,source_code_omop,medium
DRUG//START//65//7184,v10_medication_atc,MEDICATION//C07//A//B02,dynamic_event/medication,True,,ATC,21601684,C07AB02,"metoprolol; oral, parenteral",v10_existing_atc_normalization,validated_atc_concept,high
DRUG//START//31//6951,v10_medication_atc,MEDICATION//A03//F//A02,dynamic_event,True,,ATC,21600485,A03FA02,"cisapride; oral, rectal",omop_only_medication_action_ready,validated_atc_code,high
DRUG//START//39//12620,v10_medication_atc,OMOP//OMOP_CONCEPT//588017,metadata_only,False,parenteral_nutrition,OMOP_CONCEPT,588017,OMOP3138396,Amino Acids,AMSTEL_usagi,source_code_omop,medium
DRUG//START//25//13047,v10_medication_atc,MEDICATION//B02//B//D08,dynamic_event,True,,ATC,21601068,B02BD08,coagulation factor VIIa,omop_only_medication_action_ready,validated_atc_code,high
DRUG//START//32//20263,v10_medication_atc,MEDICATION//L04//A//H01,dynamic_event,True,,ATC,955181,L04AH01,sirolimus; oral,omop_only_medication_action_ready,validated_atc_code,high
DRUG//START//56//14864,v10_medication_atc,OMOP//OMOP_CONCEPT//4037090,metadata_only,False,oral_food,OMOP_CONCEPT,4037090,227999000,Cooked food,AMSTEL_usagi,source_code_omop,medium
DRUG//START//61//8945,v10_medication_atc,OMOP//OMOP_CONCEPT//44507865,metadata_only,False,blood_product,OMOP_CONCEPT,44507865,1441688,prothrombin,AMSTEL_usagi,source_code_omop,medium
DRUG//START//24//7139,v10_medication_atc,MEDICATION//C08//D//A01,dynamic_event,True,,ATC,21601767,C08DA01,"verapamil; oral, parenteral",omop_only_medication_action_ready,validated_atc_code,medium
DRUG//START//65//6950,v10_medication_atc,MEDICATION//A02//B//A02,dynamic_event,True,,ATC,21600083,A02BA02,"ranitidine; oral, parenteral",v10_existing_atc_normalization,validated_atc_concept,high
DRUG//START//32//19135,v10_medication_atc,MEDICATION//A03//A//B02,dynamic_event,True,,ATC,21600141,A03AB02,"glycopyrronium bromide; oral, parenteral, rectal",omop_only_medication_action_ready,validated_atc_code,medium
DRUG//START//39//7262,v10_medication_atc,OMOP//OMOP_CONCEPT//36249325,metadata_only,False,parenteral_nutrition,OMOP_CONCEPT,36249325,1799681,soybean oil 200 MG/ML [Intralipid],AMSTEL_usagi,source_code_omop,medium
DRUG//START//65//7139,v10_medication_atc,MEDICATION//C08//D//A01,dynamic_event,True,,ATC,21601767,C08DA01,"verapamil; oral, parenteral",omop_only_medication_action_ready,validated_atc_code,medium
DRUG//START//65//7173,v10_medication_atc,MEDICATION//C01//A//A05,dynamic_event,True,,ATC,21600234,C01AA05,"digoxin; oral, parenteral",v10_existing_atc_normalization,validated_atc_concept,high
DRUG//START//23//9141,v10_medication_atc,MEDICATION//M03//A//B01,dynamic_event,True,,ATC,21604076,M03AB01,suxamethonium,omop_only_medication_action_ready,validated_atc_code,high
DRUG//START//56//14868,v10_medication_atc,OMOP//OMOP_CONCEPT//4037090,metadata_only,False,oral_food,OMOP_CONCEPT,4037090,227999000,Cooked food,AMSTEL_usagi,source_code_omop,medium
DRUG//START//67//7321,v10_medication_atc,NUTRITION//PARENTERAL,dynamic_event/nutrition_fluid,True,parenteral_nutrition,LOCAL,,,NUTRITION//PARENTERAL,omop_only_medication_action_ready,curated_broad_non_medication,high
DRUG//START//55//8942,v10_medication_atc,MEDICATION//J01//X//D01,dynamic_event,True,,ATC,21603054,J01XD01,metronidazole; parenteral,omop_only_medication_action_ready,validated_atc_code,high
DRUG//START//56//14889,v10_medication_atc,OMOP//OMOP_CONCEPT//4037090,metadata_only,False,oral_food,OMOP_CONCEPT,4037090,227999000,Cooked food,AMSTEL_usagi,source_code_omop,medium
DRUG//START//30//9026,v10_medication_atc,MEDICATION//C02//D//B02,dynamic_event,True,,ATC,21600429,C02DB02,hydralazine; oral,omop_only_medication_action_ready,validated_atc_code,high
DRUG//START//56//14888,v10_medication_atc,OMOP//OMOP_CONCEPT//4037090,metadata_only,False,oral_food,OMOP_CONCEPT,4037090,227999000,Cooked food,AMSTEL_usagi,source_code_omop,medium
DRUG//START//24//6927,v10_medication_atc,MEDICATION//C01//B//A02,dynamic_event,True,,ATC,21600251,C01BA02,"procainamide; oral, parenteral",omop_only_medication_action_ready,validated_atc_code,medium
DRUG//START//29//9112,v10_medication_atc,MEDICATION//N05//C//D02,dynamic_event,True,,ATC,21604637,N05CD02,nitrazepam; oral,omop_only_medication_action_ready,validated_atc_code,high
DRUG//START//56//14891,v10_medication_atc,OMOP//OMOP_CONCEPT//4037090,metadata_only,False,oral_food,OMOP_CONCEPT,4037090,227999000,Cooked food,AMSTEL_usagi,source_code_omop,medium
DRUG//START//65//7064,v10_medication_atc,MEDICATION//J01//X//A01,dynamic_event,True,,ATC,21603043,J01XA01,vancomycin; parenteral,v10_existing_atc_normalization,validated_atc_concept,high
DRUG//START//23//9004,v10_medication_atc,MEDICATION//N05//C//A01,dynamic_event,True,,ATC,21604608,N05CA01,"pentobarbital; oral, parenteral, rectal",omop_only_medication_action_ready,validated_atc_code,medium
DRUG//START//27//9091,v10_medication_atc,MEDICATION//V03//A//B17,dynamic_event,True,,ATC,21605242,V03AB17,methylthioninium chloride,omop_only_medication_action_ready,validated_atc_code,high
DRUG//START//39//18790,v10_medication_atc,OMOP//OMOP_CONCEPT//2022647,metadata_only,False,parenteral_nutrition,OMOP_CONCEPT,2022647,OMOP4921130,"2000 ML alanine 8.44 MG/ML / arginine 5.7 MG/ML / aspartic acid 1.65 MG/ML / calcium chloride, dihydration 0.516 MG/ML / glucose 115 MG/ML / glutamate 2.84 MG/ML / glycerol mono(di)sodium phosphate 3.67 MG/ML / ... Injectable Solution [OLIMEL N9E]",AMSTEL_usagi,source_code_omop,medium
DRUG//START//55//7254,v10_medication_atc,OMOP//OMOP_CONCEPT//42937947,metadata_only,False,crystalloid_or_diluent,OMOP_CONCEPT,42937947,OMOP4664627,Glucose 100 MG/ML Injectable Solution,AMSTEL_usagi,source_code_omop,medium
DRUG//START//56//14921,v10_medication_atc,OMOP//OMOP_CONCEPT//4332187,metadata_only,False,oral_food,OMOP_CONCEPT,4332187,228070005,Snack food,AMSTEL_usagi,source_code_omop,medium
DRUG//START//23//7479,v10_medication_atc,MEDICATION//N01//A//X03,dynamic_event,True,,ATC,21604210,N01AX03,ketamine,omop_only_medication_action_ready,validated_atc_code,high
DRUG//START//31//9024,v10_medication_atc,MEDICATION//A02//A//B02,dynamic_event,True,,ATC,21600057,A02AB02,algeldrate; oral,omop_only_medication_action_ready,validated_atc_code,high
DRUG//START//56//14931,v10_medication_atc,OMOP//OMOP_CONCEPT//4332187,metadata_only,False,oral_food,OMOP_CONCEPT,4332187,228070005,Snack food,AMSTEL_usagi,source_code_omop,medium
DRUG//START//56//14949,v10_medication_atc,OMOP//OMOP_CONCEPT//4332187,metadata_only,False,oral_food,OMOP_CONCEPT,4332187,228070005,Snack food,AMSTEL_usagi,source_code_omop,medium
DRUG//START//15//19773,v10_medication_atc,MEDICATION//J01//X//X09,dynamic_event,True,,ATC,21603069,J01XX09,daptomycin; parenteral,omop_only_medication_action_ready,validated_atc_code,medium
DRUG//START//63//7311,v10_medication_atc,OMOP//OMOP_CONCEPT//40798859,metadata_only,False,enteral_nutrition,OMOP_CONCEPT,40798859,OMOP2721192,General Nutrients,AMSTEL_usagi,source_code_omop,medium
DRUG//START//67//7453,v10_medication_atc,MEDICATION//H04//A//A01,dynamic_event,True,,ATC,21602778,H04AA01,"glucagon; nasal, parenteral",omop_only_medication_action_ready,validated_atc_code,medium
DRUG//START//30//7149,v10_medication_atc,MEDICATION//C02//K//D01,dynamic_event,True,,ATC,21600446,C02KD01,"ketanserin; oral, parenteral",v10_existing_atc_normalization,validated_atc_concept,high
DRUG//START//65//12769,v10_medication_atc,OMOP//OMOP_CONCEPT//35770395,metadata_only,False,crystalloid_or_diluent,OMOP_CONCEPT,35770395,OMOP2771856,potassium bicarbonate Injectable Solution,AMSTEL_usagi,source_code_omop,medium
DRUG//START//71//13050,v10_medication_atc,NUTRITION//PARENTERAL,dynamic_event/nutrition_fluid,True,parenteral_nutrition,LOCAL,,,NUTRITION//PARENTERAL,omop_only_medication_action_ready,curated_broad_non_medication,high
DRUG//START//15//9047,v10_medication_atc,MEDICATION//J01//B//A01,dynamic_event,True,,ATC,21602815,J01BA01,"chloramphenicol; oral, parenteral",omop_only_medication_action_ready,validated_atc_code,medium
DRUG//START//15//9075,v10_medication_atc,MEDICATION//J01//X//C01,dynamic_event,True,,ATC,21603052,J01XC01,"fusidic acid; oral, parenteral",omop_only_medication_action_ready,validated_atc_code,medium
DRUG//START//56//14860,v10_medication_atc,OMOP//OMOP_CONCEPT//4037090,metadata_only,False,oral_food,OMOP_CONCEPT,4037090,227999000,Cooked food,AMSTEL_usagi,source_code_omop,medium
DRUG//START//56//14901,v10_medication_atc,OMOP//OMOP_CONCEPT//4037090,metadata_only,False,oral_food,OMOP_CONCEPT,4037090,227999000,Cooked food,AMSTEL_usagi,source_code_omop,medium
DRUG//START//65//7097,v10_medication_atc,MEDICATION//N05//A//D01,dynamic_event,True,,ATC,21604516,N05AD01,"haloperidol; oral, parenteral",v10_existing_atc_normalization,validated_atc_concept,high
DRUG//START//39//12320,v10_medication_atc,OMOP//OMOP_CONCEPT//44203796,metadata_only,False,parenteral_nutrition,OMOP_CONCEPT,44203796,OMOP3080519,2570 ML Acetic Acid 1 MG/ML / Alanine 3.2 MG/ML / Arginine 2.85 MG/ML / Asparagine 0.708 MG/ML / Calcium 0.154 MG/ML / Glucose 68 MG/ML / Glutamine 1.17 MG/ML / Glycerophosphoric Acid 1.04 MG/ML / Glycine 1.75 MG/ML / ... Injectable Solution [Kabiven],AMSTEL_usagi,source_code_omop,medium
DRUG//START//56//14925,v10_medication_atc,OMOP//OMOP_CONCEPT//4332187,metadata_only,False,oral_food,OMOP_CONCEPT,4332187,228070005,Snack food,AMSTEL_usagi,source_code_omop,medium
DRUG//START//29//13003,v10_medication_atc,MEDICATION//N05//C//D01,dynamic_event,True,,ATC,21604636,N05CD01,flurazepam; oral,omop_only_medication_action_ready,validated_atc_code,high
DRUG//START//29//20754,v10_medication_atc,MEDICATION//N03//A//F01,dynamic_event,True,,ATC,21604417,N03AF01,"carbamazepine; oral, rectal",omop_only_medication_action_ready,validated_atc_code,medium
DRUG//START//30//19138,v10_medication_atc,MEDICATION//C07//A//B12,dynamic_event,True,,ATC,21601694,C07AB12,nebivolol; oral,omop_only_medication_action_ready,validated_atc_code,high
DRUG//START//39//10578,v10_medication_atc,OMOP//OMOP_CONCEPT//41463392,metadata_only,False,parenteral_nutrition,OMOP_CONCEPT,41463392,OMOP2661354,2000 ML Acetic Acid 2.94 MG/ML / Acetylcysteine 1.23 MG/ML / Alanine 6.4 MG/ML / Arginine 4.32 MG/ML / Asparagine 0.449 MG/ML / Aspartic Acid 0.45 MG/ML / Calcium 0.59 MG/ML / Glucose 115 MG/ML / Glutamate 4.3 MG/ML / ... Injectable Solution [Nutriflex],AMSTEL_usagi,source_code_omop,medium
DRUG//START//56//14902,v10_medication_atc,OMOP//OMOP_CONCEPT//4037090,metadata_only,False,oral_food,OMOP_CONCEPT,4037090,227999000,Cooked food,AMSTEL_usagi,source_code_omop,medium
DRUG//START//56//14933,v10_medication_atc,OMOP//OMOP_CONCEPT//4332187,metadata_only,False,oral_food,OMOP_CONCEPT,4332187,228070005,Snack food,AMSTEL_usagi,source_code_omop,medium
DRUG//START//65//8127,v10_medication_atc,MEDICATION//J01//D//H02,dynamic_event,True,,ATC,21602921,J01DH02,meropenem; parenteral,v10_existing_atc_normalization,validated_atc_concept,high
DRUG//START//24//7149,v10_medication_atc,MEDICATION//C02//K//D01,dynamic_event,True,,ATC,21600446,C02KD01,"ketanserin; oral, parenteral",v10_existing_atc_normalization,validated_atc_concept,high
DRUG//START//55//8943,v10_medication_atc,OMOP//OMOP_CONCEPT//41303738,metadata_only,False,line_or_device_metadata,OMOP_CONCEPT,41303738,OMOP2501700,heparin 5 UNT/ML Injectable Solution,AMSTEL_usagi,source_code_omop,medium
DRUG//START//65//9010,v10_medication_atc,MEDICATION//B01//A//D01,dynamic_event,True,,ATC,21601007,B01AD01,streptokinase; parenteral,omop_only_medication_action_ready,validated_atc_code,medium
DRUG//START//23//6980,v10_medication_atc,MEDICATION//M03//C//A01,dynamic_event,True,,ATC,21604127,M03CA01,dantrolene; oral,omop_only_medication_action_ready,validated_atc_code,medium
DRUG//START//32//13002,v10_medication_atc,MEDICATION//L04//A//X02,dynamic_event,True,,ATC,21603928,L04AX02,thalidomide; oral,omop_only_medication_action_ready,validated_atc_code,high
DRUG//START//32//19132,v10_medication_atc,MEDICATION//R06//A//E07,dynamic_event,True,,ATC,21603497,R06AE07,cetirizine; oral,omop_only_medication_action_ready,validated_atc_code,high
DRUG//START//56//14899,v10_medication_atc,OMOP//OMOP_CONCEPT//4037090,metadata_only,False,oral_food,OMOP_CONCEPT,4037090,227999000,Cooked food,AMSTEL_usagi,source_code_omop,medium
DRUG//START//56//14919,v10_medication_atc,OMOP//OMOP_CONCEPT//4332187,metadata_only,False,oral_food,OMOP_CONCEPT,4332187,228070005,Snack food,AMSTEL_usagi,source_code_omop,medium
DRUG//START//15//19764,v10_medication_atc,MEDICATION//J01//A//A12,dynamic_event,True,,ATC,21602810,J01AA12,tigecycline; parenteral,omop_only_medication_action_ready,validated_atc_code,medium
DRUG//START//23//7014,v10_medication_atc,MEDICATION//N01//A//H03,dynamic_event,True,,ATC,21604203,N01AH03,sufentanil,omop_only_medication_action_ready,validated_atc_code,high
DRUG//START//55//7930,v10_medication_atc,MEDICATION//B01//A//B01,dynamic_event,True,,ATC,21600973,B01AB01,heparin; parenteral,v10_existing_atc_normalization,validated_atc_concept,high
DRUG//START//56//14894,v10_medication_atc,OMOP//OMOP_CONCEPT//4037090,metadata_only,False,oral_food,OMOP_CONCEPT,4037090,227999000,Cooked food,AMSTEL_usagi,source_code_omop,medium
DRUG//START//56//14897,v10_medication_atc,OMOP//OMOP_CONCEPT//4037090,metadata_only,False,oral_food,OMOP_CONCEPT,4037090,227999000,Cooked food,AMSTEL_usagi,source_code_omop,medium
DRUG//START//71//19892,v10_medication_atc,MEDICATION//G04//C//B01,dynamic_event,True,,ATC,21602675,G04CB01,finasteride; oral,omop_only_medication_action_ready,validated_atc_code,high
DRUG//START//15//7243,v10_medication_atc,MEDICATION//J05//A//D01,dynamic_event,True,,ATC,21603146,J05AD01,foscarnet; parenteral,omop_only_medication_action_ready,validated_atc_code,medium
DRUG//START//27//9105,v10_medication_atc,MEDICATION//V03//A//B06,dynamic_event,True,,ATC,21605235,V03AB06,thiosulfate,omop_only_medication_action_ready,validated_atc_code,medium
DRUG//START//56//14893,v10_medication_atc,OMOP//OMOP_CONCEPT//4037090,metadata_only,False,oral_food,OMOP_CONCEPT,4037090,227999000,Cooked food,AMSTEL_usagi,source_code_omop,medium
DRUG//START//56//14932,v10_medication_atc,OMOP//OMOP_CONCEPT//4332187,metadata_only,False,oral_food,OMOP_CONCEPT,4332187,228070005,Snack food,AMSTEL_usagi,source_code_omop,medium
DRUG//START//65//8132,v10_medication_atc,MEDICATION//H02//A//B04,dynamic_event,True,,ATC,21602732,H02AB04,"methylprednisolone; oral, parenteral",v10_existing_atc_normalization,validated_atc_concept,high
DRUG//START//69//19217,v10_medication_atc,MEDICATION//S01//E//D51,dynamic_event,True,,ATC,21603705,S01ED51,"timolol, combinations",omop_only_medication_action_ready,validated_atc_code,medium
DRUG//START//70//19161,v10_medication_atc,MEDICATION//R03//B//B04,dynamic_event,True,,ATC,21603296,R03BB04,tiotropium bromide; inhalant,omop_only_medication_action_ready,validated_atc_code,medium
DRUG//START//56//14892,v10_medication_atc,OMOP//OMOP_CONCEPT//4037090,metadata_only,False,oral_food,OMOP_CONCEPT,4037090,227999000,Cooked food,AMSTEL_usagi,source_code_omop,medium
DRUG//START//56//14895,v10_medication_atc,OMOP//OMOP_CONCEPT//4037090,metadata_only,False,oral_food,OMOP_CONCEPT,4037090,227999000,Cooked food,AMSTEL_usagi,source_code_omop,medium
DRUG//START//56//14930,v10_medication_atc,OMOP//OMOP_CONCEPT//4332187,metadata_only,False,oral_food,OMOP_CONCEPT,4332187,228070005,Snack food,AMSTEL_usagi,source_code_omop,medium
DRUG//START//69//19224,v10_medication_atc,MEDICATION//S01//X//A20,dynamic_event,True,,ATC,21605143,S01XA20,artificial tears and other indifferent preparations,omop_only_medication_action_ready,validated_atc_code,high
DRUG//START//23//7020,v10_medication_atc,MEDICATION//N01//A//H51,dynamic_event,True,,ATC,21604207,N01AH51,"fentanyl, combinations",omop_only_medication_action_ready,validated_atc_code,medium
DRUG//START//27//7217,v10_medication_atc,MEDICATION//N07//A//A01,dynamic_event,True,,ATC,21604804,N07AA01,"neostigmine; oral, parenteral",omop_only_medication_action_ready,validated_atc_code,high
DRUG//START//29//13056,v10_medication_atc,MEDICATION//N04//B//D01,dynamic_event,True,,ATC,21604483,N04BD01,selegiline; oral,omop_only_medication_action_ready,validated_atc_code,medium
DRUG//START//56//14898,v10_medication_atc,OMOP//OMOP_CONCEPT//4037090,metadata_only,False,oral_food,OMOP_CONCEPT,4037090,227999000,Cooked food,AMSTEL_usagi,source_code_omop,medium
DRUG//START//56//14903,v10_medication_atc,OMOP//OMOP_CONCEPT//4037090,metadata_only,False,oral_food,OMOP_CONCEPT,4037090,227999000,Cooked food,AMSTEL_usagi,source_code_omop,medium
DRUG//START//21//19891,v10_medication_atc,MEDICATION//P01//A//X06,dynamic_event,True,,ATC,21604879,P01AX06,atovaquone; oral,omop_only_medication_action_ready,validated_atc_code,high
DRUG//START//23//12750,v10_medication_atc,MEDICATION//N07//B//C02,dynamic_event,True,,ATC,21604827,N07BC02,"methadone; oral, parenteral",omop_only_medication_action_ready,validated_atc_code,medium
DRUG//START//27//15256,v10_medication_atc,MEDICATION//L04//A//D02,dynamic_event,True,,ATC,21603925,L04AD02,"tacrolimus; oral, parenteral",omop_only_medication_action_ready,validated_atc_code,medium
DRUG//START//27//9420,v10_medication_atc,MEDICATION//B05//C//B01,dynamic_event,True,,ATC,21601180,B05CB01,sodium chloride,omop_only_medication_action_ready,validated_atc_code,high
DRUG//START//56//14896,v10_medication_atc,OMOP//OMOP_CONCEPT//4037090,metadata_only,False,oral_food,OMOP_CONCEPT,4037090,227999000,Cooked food,AMSTEL_usagi,source_code_omop,medium
DRUG//START//23//8190,v10_medication_atc,MEDICATION//N01//A//F03,dynamic_event,True,,ATC,21604197,N01AF03,thiopental,omop_only_medication_action_ready,validated_atc_code,high
DRUG//START//23//9007,v10_medication_atc,MEDICATION//M03//A//C03,dynamic_event,True,,ATC,21604080,M03AC03,vecuronium,omop_only_medication_action_ready,validated_atc_code,high
DRUG//START//56//14923,v10_medication_atc,OMOP//OMOP_CONCEPT//4332187,metadata_only,False,oral_food,OMOP_CONCEPT,4332187,228070005,Snack food,AMSTEL_usagi,source_code_omop,medium
DRUG//START//69//7626,v10_medication_atc,MEDICATION//S01//X//A20,dynamic_event,True,,ATC,21605143,S01XA20,artificial tears and other indifferent preparations,omop_only_medication_action_ready,validated_atc_code,high
DRUG//START//21//19052,v10_medication_atc,MEDICATION//J05//A//F06,dynamic_event,True,,ATC,21603165,J05AF06,abacavir; oral,omop_only_medication_action_ready,validated_atc_code,high
DRUG//START//23//9039,v10_medication_atc,MEDICATION//N01//B//B01,dynamic_event,True,,ATC,21604229,N01BB01,bupivacaine,omop_only_medication_action_ready,validated_atc_code,medium
DRUG//START//25//6799,v10_medication_atc,MEDICATION//B01//A//C13,dynamic_event,True,,ATC,21600997,B01AC13,abciximab; parenteral,omop_only_medication_action_ready,validated_atc_code,medium
DRUG//START//56//14904,v10_medication_atc,OMOP//OMOP_CONCEPT//4037090,metadata_only,False,oral_food,OMOP_CONCEPT,4037090,227999000,Cooked food,AMSTEL_usagi,source_code_omop,medium
DRUG//START//61//8944,v10_medication_atc,OMOP//OMOP_CONCEPT//36274739,metadata_only,False,blood_product,OMOP_CONCEPT,36274739,OMOP3125614,Factor VIII Injection [OCTANATE],AMSTEL_usagi,source_code_omop,medium
DRUG//START//65//7170,v10_medication_atc,MEDICATION//N05//B//A01,dynamic_event,True,,ATC,21604566,N05BA01,"diazepam; oral, parenteral, rectal",omop_only_medication_action_ready,validated_atc_code,medium
DRUG//START//69//9126,v10_medication_atc,MEDICATION//C01//C//A06,dynamic_event,True,,ATC,21600286,C01CA06,phenylephrine; parenteral,v10_existing_atc_normalization,validated_atc_concept,high
DRUG//START//70//9031,v10_medication_atc,MEDICATION//R03//B//A01,dynamic_event,True,,ATC,21603284,R03BA01,beclometasone; inhalant,omop_only_medication_action_ready,validated_atc_code,high
DRUG//START//71//19054,v10_medication_atc,MEDICATION//A11//A//A03,dynamic_event,True,,ATC,21600805,A11AA03,"multivitamins and other minerals, incl. combinations",omop_only_medication_action_ready,validated_atc_code,high
DRUG//START//24//19226,v10_medication_atc,MEDICATION//C01//B//D05,dynamic_event,True,,ATC,21600274,C01BD05,ibutilide; parenteral,omop_only_medication_action_ready,validated_atc_code,high
DRUG//START//27//13490,v10_medication_atc,MEDICATION//V03//A//B17,dynamic_event,True,,ATC,21605242,V03AB17,methylthioninium chloride,omop_only_medication_action_ready,validated_atc_code,high
DRUG//START//56//14927,v10_medication_atc,OMOP//OMOP_CONCEPT//4332187,metadata_only,False,oral_food,OMOP_CONCEPT,4332187,228070005,Snack food,AMSTEL_usagi,source_code_omop,medium
DRUG//START//56//14937,v10_medication_atc,OMOP//OMOP_CONCEPT//4332187,metadata_only,False,oral_food,OMOP_CONCEPT,4332187,228070005,Snack food,AMSTEL_usagi,source_code_omop,medium
DRUG//START//65//9007,v10_medication_atc,MEDICATION//M03//A//C03,dynamic_event,True,,ATC,21604080,M03AC03,vecuronium,omop_only_medication_action_ready,validated_atc_code,high
DRUG//START//70//9032,v10_medication_atc,MEDICATION//R03//B//A01,dynamic_event,True,,ATC,21603284,R03BA01,beclometasone; inhalant,omop_only_medication_action_ready,validated_atc_code,medium
DRUG//START//70//9049,v10_medication_atc,MEDICATION//N06//B//C01,dynamic_event,True,,ATC,21604766,N06BC01,"caffeine; oral, parenteral",omop_only_medication_action_ready,validated_atc_code,high
DRUG//START//15//8229,v10_medication_atc,MEDICATION//J04//A//K02,dynamic_event,True,,ATC,21603111,J04AK02,"ethambutol; oral, parenteral",omop_only_medication_action_ready,validated_atc_code,medium
DRUG//START//15//8374,v10_medication_atc,MEDICATION//P01//B//C01,dynamic_event,True,,ATC,21604897,P01BC01,"quinine; oral, parenteral",omop_only_medication_action_ready,validated_atc_code,medium
DRUG//START//21//19137,v10_medication_atc,MEDICATION//J01//X//X08,dynamic_event,True,,ATC,21603068,J01XX08,"linezolid; oral, parenteral",omop_only_medication_action_ready,validated_atc_code,high
DRUG//START//30//20170,v10_medication_atc,MEDICATION//C08//C//A13,dynamic_event,True,,ATC,21601759,C08CA13,lercanidipine; oral,omop_only_medication_action_ready,validated_atc_code,high
DRUG//START//32//12470,v10_medication_atc,MEDICATION//L04//A//A06,dynamic_event,True,,ATC,21603896,L04AA06,"mycophenolic acid; oral, parenteral",omop_only_medication_action_ready,validated_atc_code,high
DRUG//START//32//19918,v10_medication_atc,MEDICATION//R06//A//X13,dynamic_event,True,,ATC,21603514,R06AX13,loratadine; oral,omop_only_medication_action_ready,validated_atc_code,high
DRUG//START//39//8947,v10_medication_atc,OMOP//OMOP_CONCEPT//1718633,metadata_only,False,parenteral_nutrition,OMOP_CONCEPT,1718633,1859371,soybean oil 100 MG/ML Injection [Intralipid],AMSTEL_usagi,source_code_omop,medium
DRUG//START//56//14918,v10_medication_atc,OMOP//OMOP_CONCEPT//4332187,metadata_only,False,oral_food,OMOP_CONCEPT,4332187,228070005,Snack food,AMSTEL_usagi,source_code_omop,medium
DRUG//START//56//14922,v10_medication_atc,OMOP//OMOP_CONCEPT//4332187,metadata_only,False,oral_food,OMOP_CONCEPT,4332187,228070005,Snack food,AMSTEL_usagi,source_code_omop,medium
DRUG//START//56//14924,v10_medication_atc,OMOP//OMOP_CONCEPT//4332187,metadata_only,False,oral_food,OMOP_CONCEPT,4332187,228070005,Snack food,AMSTEL_usagi,source_code_omop,medium
DRUG//START//61//8946,v10_medication_atc,OMOP//OMOP_CONCEPT//21021528,metadata_only,False,blood_product,OMOP_CONCEPT,21021528,OMOP303517,von Willebrand factor Injection,AMSTEL_usagi,source_code_omop,medium
DRUG//START//67//9042,v10_medication_atc,MEDICATION//H02//A//B01,dynamic_event,True,,ATC,21602729,H02AB01,"betamethasone; oral, parenteral",omop_only_medication_action_ready,validated_atc_code,medium
DRUG//START//70//16361,v10_medication_atc,MEDICATION//R05//C//B13,dynamic_event,True,,ATC,21603392,R05CB13,dornase alfa (desoxyribonuclease); inhalant,omop_only_medication_action_ready,validated_atc_code,medium
DRUG//START//15//9030,v10_medication_atc,MEDICATION//J01//D//F01,dynamic_event,True,,ATC,21602919,J01DF01,"aztreonam; inhalant, parenteral",omop_only_medication_action_ready,validated_atc_code,medium
DRUG//START//21//13026,v10_medication_atc,MEDICATION//J05//A//R10,dynamic_event,True,,ATC,43534798,J05AR10,lopinavir and ritonavir; oral,omop_only_medication_action_ready,validated_atc_code,medium
DRUG//START//23//7221,v10_medication_atc,MEDICATION//N02//A//A04,dynamic_event,True,,ATC,21604259,N02AA04,"nicomorphine; oral, parenteral, rectal",omop_only_medication_action_ready,validated_atc_code,medium
DRUG//START//24//6933,v10_medication_atc,MEDICATION//C07//A//A05,dynamic_event,True,,ATC,21601670,C07AA05,"propranolol; oral, parenteral",omop_only_medication_action_ready,validated_atc_code,medium
DRUG//START//29//9099,v10_medication_atc,MEDICATION//N02//A//A01,dynamic_event,True,,ATC,21604256,N02AA01,"morphine; oral, parenteral, rectal",omop_only_medication_action_ready,validated_atc_code,high
DRUG//START//29//9134,v10_medication_atc,MEDICATION//N05//C//D03,dynamic_event,True,,ATC,21604638,N05CD03,"flunitrazepam; oral, parenteral",omop_only_medication_action_ready,validated_atc_code,high
DRUG//START//31//6945,v10_medication_atc,MEDICATION//A02//B//A01,dynamic_event,True,,ATC,21600082,A02BA01,"cimetidine; oral, parenteral",omop_only_medication_action_ready,validated_atc_code,medium
DRUG//START//32//9050,v10_medication_atc,MEDICATION//V08//A//A07,dynamic_event,True,,ATC,21605381,V08AA07,acetrizoic acid,omop_only_medication_action_ready,validated_atc_code,high
DRUG//START//55//7256,v10_medication_atc,OMOP//OMOP_CONCEPT//35129866,metadata_only,False,crystalloid_or_diluent,OMOP_CONCEPT,35129866,OMOP4787126,Glucose 300 MG/ML Injectable Solution,AMSTEL_usagi,source_code_omop,medium
DRUG//START//56//14926,v10_medication_atc,OMOP//OMOP_CONCEPT//4332187,metadata_only,False,oral_food,OMOP_CONCEPT,4332187,228070005,Snack food,AMSTEL_usagi,source_code_omop,medium
DRUG//START//56//14928,v10_medication_atc,OMOP//OMOP_CONCEPT//4332187,metadata_only,False,oral_food,OMOP_CONCEPT,4332187,228070005,Snack food,AMSTEL_usagi,source_code_omop,medium
DRUG//START//56//14934,v10_medication_atc,OMOP//OMOP_CONCEPT//4332187,metadata_only,False,oral_food,OMOP_CONCEPT,4332187,228070005,Snack food,AMSTEL_usagi,source_code_omop,medium
DRUG//START//56//14945,v10_medication_atc,OMOP//OMOP_CONCEPT//4332187,metadata_only,False,oral_food,OMOP_CONCEPT,4332187,228070005,Snack food,AMSTEL_usagi,source_code_omop,medium
DRUG//START//56//14950,v10_medication_atc,OMOP//OMOP_CONCEPT//4332187,metadata_only,False,oral_food,OMOP_CONCEPT,4332187,228070005,Snack food,AMSTEL_usagi,source_code_omop,medium
DRUG//START//17//7194,v10_medication_atc,MEDICATION//N05//C//D08,dynamic_event,True,,ATC,21604643,N05CD08,"midazolam; nasal, oral, parenteral, sublingual",v10_existing_atc_normalization,validated_atc_concept,high
DRUG//START//17//7480,v10_medication_atc,MEDICATION//N01//A//X10,dynamic_event,True,,ATC,21604214,N01AX10,propofol,v10_existing_atc_normalization,validated_atc_concept,high
DRUG//START//21//9014,v10_medication_atc,MEDICATION//A10//A//B01,dynamic_event,True,,ATC,21600715,A10AB01,insulin (human); parenteral,v10_existing_atc_normalization,validated_atc_concept,high
DRUG//START//21//9539,v10_medication_atc,MEDICATION//A01//A//B,dynamic_event,True,,ATC,21600011,A01AB,Antiinfectives and antiseptics for local oral treatment,omop_only_medication_action_ready,validated_atc_code,medium
DRUG//START//21//9618,v10_medication_atc,MEDICATION//A02//B//C02,dynamic_event,True,,ATC,21600097,A02BC02,"pantoprazole; oral, parenteral",omop_only_medication_action_ready,validated_atc_code,medium
DRUG//START//23//6887,v10_medication_atc,MEDICATION//M03//A//C01,dynamic_event,True,,ATC,21604078,M03AC01,pancuronium,omop_only_medication_action_ready,validated_atc_code,high
DRUG//START//24//12952,v10_medication_atc,MEDICATION//V03//A//B36,dynamic_event,True,,ATC,40257155,V03AB36,phentolamine,omop_only_medication_action_ready,validated_atc_code,medium
DRUG//START//24//7135,v10_medication_atc,MEDICATION//C01//C//A02,dynamic_event,True,,ATC,21600282,C01CA02,"isoprenaline; oral, parenteral",v10_existing_atc_normalization,validated_atc_concept,high
DRUG//START//24//9065,v10_medication_atc,MEDICATION//C01//C//A14,dynamic_event,True,,ATC,21600294,C01CA14,dopexamine; parenteral,omop_only_medication_action_ready,validated_atc_code,medium
DRUG//START//25//18751,v10_medication_atc,MEDICATION//L04//A//G06,dynamic_event,True,,ATC,954863,L04AG06,alemtuzumab; parenteral,omop_only_medication_action_ready,validated_atc_code,medium
DRUG//START//25//18753,v10_medication_atc,MEDICATION//L01//F//G01,dynamic_event,True,,ATC,954893,L01FG01,bevacizumab,omop_only_medication_action_ready,validated_atc_code,high
DRUG//START//25//20360,v10_medication_atc,MEDICATION//B02//B//D03,dynamic_event,True,,ATC,21601063,B02BD03,factor VIII inhibitor bypassing activity,omop_only_medication_action_ready,validated_atc_code,high
DRUG//START//29//7229,v10_medication_atc,MEDICATION//C01//C//A03,dynamic_event,True,,ATC,21600283,C01CA03,norepinephrine; parenteral,v10_existing_atc_normalization,validated_atc_concept,high
DRUG//START//32//7162,v10_medication_atc,MEDICATION//H03//A//A02,dynamic_event,True,,ATC,21602755,H03AA02,"liothyronine sodium; oral, parenteral",omop_only_medication_action_ready,validated_atc_code,high
DRUG//START//56//14920,v10_medication_atc,OMOP//OMOP_CONCEPT//4332187,metadata_only,False,oral_food,OMOP_CONCEPT,4332187,228070005,Snack food,AMSTEL_usagi,source_code_omop,medium
DRUG//START//56//14935,v10_medication_atc,OMOP//OMOP_CONCEPT//4332187,metadata_only,False,oral_food,OMOP_CONCEPT,4332187,228070005,Snack food,AMSTEL_usagi,source_code_omop,medium
DRUG//START//56//14938,v10_medication_atc,OMOP//OMOP_CONCEPT//4332187,metadata_only,False,oral_food,OMOP_CONCEPT,4332187,228070005,Snack food,AMSTEL_usagi,source_code_omop,medium
DRUG//START//56//14939,v10_medication_atc,OMOP//OMOP_CONCEPT//4332187,metadata_only,False,oral_food,OMOP_CONCEPT,4332187,228070005,Snack food,AMSTEL_usagi,source_code_omop,medium
DRUG//START//56//14947,v10_medication_atc,OMOP//OMOP_CONCEPT//4332187,metadata_only,False,oral_food,OMOP_CONCEPT,4332187,228070005,Snack food,AMSTEL_usagi,source_code_omop,medium
DRUG//START//56//14948,v10_medication_atc,OMOP//OMOP_CONCEPT//4332187,metadata_only,False,oral_food,OMOP_CONCEPT,4332187,228070005,Snack food,AMSTEL_usagi,source_code_omop,medium
DRUG//START//56//14951,v10_medication_atc,OMOP//OMOP_CONCEPT//4332187,metadata_only,False,oral_food,OMOP_CONCEPT,4332187,228070005,Snack food,AMSTEL_usagi,source_code_omop,medium
DRUG//START//56//14952,v10_medication_atc,OMOP//OMOP_CONCEPT//4332187,metadata_only,False,oral_food,OMOP_CONCEPT,4332187,228070005,Snack food,AMSTEL_usagi,source_code_omop,medium
DRUG//START//65//13490,v10_medication_atc,MEDICATION//V03//A//B17,dynamic_event,True,,ATC,21605242,V03AB17,methylthioninium chloride,omop_only_medication_action_ready,validated_atc_code,high
DRUG//START//65//9013,v10_medication_atc,MEDICATION//M03//A//C04,dynamic_event,True,,ATC,21604081,M03AC04,atracurium,omop_only_medication_action_ready,validated_atc_code,high
DRUG//START//67//19211,v10_medication_atc,MEDICATION//H01//A//C01,dynamic_event,True,,ATC,21602690,H01AC01,somatropin; parenteral,omop_only_medication_action_ready,validated_atc_code,high
DRUG//START//70//7023,v10_medication_atc,MEDICATION//R03//D//A04,dynamic_event,True,,ATC,21603332,R03DA04,"theophylline; oral, parenteral, rectal",omop_only_medication_action_ready,validated_atc_code,high
FREETEXT//11646//1,v10_medication_atc,LOINC//3053213,metadata_only,False,,LOINC,3053213,47938-6,3053213,AMSTEL,source_code,low
FREETEXT//10890//1,v10_medication_atc,LOINC//3037185,metadata_only,False,,LOINC,3037185,2887-8,3037185,AMSTEL,source_code,low
FREETEXT//10906//1,v10_medication_atc,LOINC//3003344,metadata_only,False,,LOINC,3003344,725-2,3003344,AMSTEL,source_code,low
FREETEXT//14281//1,v10_medication_atc,LOINC//3045414,metadata_only,False,,LOINC,3045414,33052-2,3045414,AMSTEL,source_code,low
FREETEXT//14278//1,v10_medication_atc,LOINC//3042812,metadata_only,False,,LOINC,3042812,32710-6,3042812,AMSTEL,source_code,low
FREETEXT//10891//1,v10_medication_atc,LOINC//3020650,metadata_only,False,,LOINC,3020650,2349-9,3020650,AMSTEL,source_code,low
FREETEXT//11636//1,v10_medication_atc,LOINC//3045424,metadata_only,False,,LOINC,3045424,33051-4,3045424,AMSTEL,source_code,low
FREETEXT//10948//1,v10_medication_atc,OMOP//OMOP_CONCEPT//44809913,metadata_only,False,,OMOP_CONCEPT,44809913,865971000000100,Save sample for later serum analysis,AMSTEL,itemid,low
FREETEXT//10858//1,v10_medication_atc,LOINC//3048453,metadata_only,False,,LOINC,3048453,47236-5,3048453,AMSTEL,source_code,low
FREETEXT//11220//1,v10_medication_atc,OMOP//OMOP_CONCEPT//44809913,metadata_only,False,,OMOP_CONCEPT,44809913,865971000000100,Save sample for later serum analysis,AMSTEL,itemid,low
FREETEXT//10885//1,v10_medication_atc,LOINC//3022525,metadata_only,False,,LOINC,3022525,18226-1,3022525,AMSTEL,source_code,low
FREETEXT//10901//1,v10_medication_atc,LOINC//36304419,metadata_only,False,,LOINC,36304419,87829-8,36304419,AMSTEL,source_code,low
FREETEXT//10886//1,v10_medication_atc,LOINC//46235616,metadata_only,False,,LOINC,46235616,75819-3,46235616,AMSTEL,source_code,low
FREETEXT//11641//1,v10_medication_atc,LOINC//36303790,metadata_only,False,,LOINC,36303790,87830-6,36303790,AMSTEL,source_code,low
FREETEXT//10900//1,v10_medication_atc,LOINC//36304079,metadata_only,False,,LOINC,36304079,88979-0,36304079,AMSTEL,source_code,low
FREETEXT//18886//1,v10_medication_atc,LOINC//40771087,metadata_only,False,,LOINC,40771087,68502-4,40771087,AMSTEL,source_code,low
FREETEXT//14683//1,v10_medication_atc,OMOP//OMOP_CONCEPT//4258677,metadata_only,False,,OMOP_CONCEPT,4258677,44608003,Blood group typing,AMSTEL,itemid,low
FREETEXT//10968//1,v10_medication_atc,LOINC//3032068,metadata_only,False,,LOINC,3032068,34713-8,3032068,AMSTEL,source_code,low
FREETEXT//11386//1,v10_medication_atc,LOINC//3017797,metadata_only,False,,LOINC,3017797,22322-2,3017797,AMSTEL,source_code,low
FREETEXT//11408//1,v10_medication_atc,LOINC//40760007,metadata_only,False,,LOINC,40760007,56888-1,40760007,AMSTEL,source_code,low
FREETEXT//15435//1,v10_medication_atc,LOINC//37021170,metadata_only,False,,LOINC,37021170,92701-2,37021170,AMSTEL,source_code,low
FREETEXT//11395//1,v10_medication_atc,LOINC//3017143,metadata_only,False,,LOINC,3017143,16128-1,3017143,AMSTEL,source_code,low
FREETEXT//17330//1,v10_medication_atc,LOINC//3021879,metadata_only,False,,LOINC,3021879,16933-4,3021879,AMSTEL,source_code,low
FREETEXT//11108//1,v10_medication_atc,LOINC//3024974,metadata_only,False,,LOINC,3024974,29604-6,3024974,AMSTEL,source_code,low
FREETEXT//20383//1,v10_medication_atc,LOINC//36304170,metadata_only,False,,LOINC,36304170,87755-5,36304170,AMSTEL,source_code,low
FREETEXT//20387//1,v10_medication_atc,LOINC//3051552,metadata_only,False,,LOINC,3051552,54067-4,3051552,AMSTEL,source_code,low
FREETEXT//11400//1,v10_medication_atc,LOINC//3016816,metadata_only,False,,LOINC,3016816,22244-8,3016816,AMSTEL,source_code,low
FREETEXT//11270//1,v10_medication_atc,LOINC//3035069,metadata_only,False,,LOINC,3035069,16130-7,3035069,AMSTEL,source_code,low
FREETEXT//11387//1,v10_medication_atc,LOINC//3021879,metadata_only,False,,LOINC,3021879,16933-4,3021879,AMSTEL,source_code,low
FREETEXT//11272//1,v10_medication_atc,LOINC//3019978,metadata_only,False,,LOINC,3019978,16131-5,3019978,AMSTEL,source_code,low
FREETEXT//11402//1,v10_medication_atc,LOINC//3013332,metadata_only,False,,LOINC,3013332,30325-5,3013332,AMSTEL,source_code,low
FREETEXT//11378//1,v10_medication_atc,LOINC//3006585,metadata_only,False,,LOINC,3006585,30339-6,3006585,AMSTEL,source_code,low
FREETEXT//11254//1,v10_medication_atc,LOINC//3044802,metadata_only,False,,LOINC,3044802,44982-7,3044802,AMSTEL,source_code,low
FREETEXT//11271//1,v10_medication_atc,LOINC//21493357,metadata_only,False,,LOINC,21493357,82191-8,21493357,AMSTEL,source_code,low
FREETEXT//11269//1,v10_medication_atc,LOINC//3023671,metadata_only,False,,LOINC,3023671,16952-4,3023671,AMSTEL,source_code,low
FREETEXT//15389//1,v10_medication_atc,LOINC//21492394,metadata_only,False,,LOINC,21492394,78357-1,21492394,AMSTEL,source_code,low
FREETEXT//15478//1,v10_medication_atc,LOINC//3033966,metadata_only,False,,LOINC,3033966,35492-8,3033966,AMSTEL,source_code,low
FREETEXT//15476//1,v10_medication_atc,LOINC//1175793,metadata_only,False,,LOINC,1175793,90001-9,1175793,AMSTEL,source_code,low
FREETEXT//15477//1,v10_medication_atc,LOINC//3033966,metadata_only,False,,LOINC,3033966,35492-8,3033966,AMSTEL,source_code,low
FREETEXT//14553//1,v10_medication_atc,LOINC//46235756,metadata_only,False,,LOINC,46235756,76077-7,46235756,AMSTEL,source_code,low
FREETEXT//14559//1,v10_medication_atc,LOINC//46235758,metadata_only,False,,LOINC,46235758,76079-3,46235758,AMSTEL,source_code,low
FREETEXT//15449//1,v10_medication_atc,LOINC//46235767,metadata_only,False,,LOINC,46235767,76088-4,46235767,AMSTEL,source_code,low
FREETEXT//15455//1,v10_medication_atc,LOINC//1176113,metadata_only,False,,LOINC,1176113,89651-4,1176113,AMSTEL,source_code,low
FREETEXT//15656//1,v10_medication_atc,LOINC//36305681,metadata_only,False,,LOINC,36305681,88563-2,36305681,AMSTEL,source_code,low
FREETEXT//15382//1,v10_medication_atc,LOINC//3027813,metadata_only,False,,LOINC,3027813,14556-5,3027813,AMSTEL,source_code,low
FREETEXT//19000//1,v10_medication_atc,LOINC//36303355,metadata_only,False,,LOINC,36303355,88620-0,36303355,AMSTEL,source_code,low
FREETEXT//19001//1,v10_medication_atc,LOINC//1175203,metadata_only,False,,LOINC,1175203,91131-3,1175203,AMSTEL,source_code,low
FREETEXT//11382//1,v10_medication_atc,LOINC//3012570,metadata_only,False,,LOINC,3012570,5002-1,3012570,AMSTEL,source_code,low
FREETEXT//17673//1,v10_medication_atc,LOINC//36304319,metadata_only,False,,LOINC,36304319,88559-0,36304319,AMSTEL,source_code,low
FREETEXT//17685//1,v10_medication_atc,LOINC//36303784,metadata_only,False,,LOINC,36303784,88560-8,36303784,AMSTEL,source_code,low
FREETEXT//17697//1,v10_medication_atc,LOINC//36304298,metadata_only,False,,LOINC,36304298,88561-6,36304298,AMSTEL,source_code,low
FREETEXT//14551//1,v10_medication_atc,LOINC//46235757,metadata_only,False,,LOINC,46235757,76078-5,46235757,AMSTEL,source_code,low
FREETEXT//14557//1,v10_medication_atc,LOINC//46235759,metadata_only,False,,LOINC,46235759,76080-1,46235759,AMSTEL,source_code,low
FREETEXT//15447//1,v10_medication_atc,LOINC//46235794,metadata_only,False,,LOINC,46235794,76089-2,46235794,AMSTEL,source_code,low
FREETEXT//15453//1,v10_medication_atc,LOINC//46236734,metadata_only,False,,LOINC,46236734,77024-8,46236734,AMSTEL,source_code,low
FREETEXT//15654//1,v10_medication_atc,LOINC//46235763,metadata_only,False,,LOINC,46235763,76084-3,46235763,AMSTEL,source_code,low
FREETEXT//19082//1,v10_medication_atc,LOINC//36304988,metadata_only,False,,LOINC,36304988,88627-5,36304988,AMSTEL,source_code,low
FREETEXT//19165//1,v10_medication_atc,LOINC//36304562,metadata_only,False,,LOINC,36304562,88690-3,36304562,AMSTEL,source_code,low
FREETEXT//11418//1,v10_medication_atc,LOINC//3020134,metadata_only,False,,LOINC,3020134,19106-4,3020134,AMSTEL,source_code,low
FREETEXT//15393//1,v10_medication_atc,LOINC//3014639,metadata_only,False,,LOINC,3014639,21405-6,3014639,AMSTEL,source_code,low
FREETEXT//10812//1,v10_medication_atc,LOINC//3026395,metadata_only,False,,LOINC,3026395,22425-3,3026395,AMSTEL,source_code,low
FREETEXT//19028//1,v10_medication_atc,LOINC//3006631,metadata_only,False,,LOINC,3006631,32018-4,3006631,AMSTEL,source_code,low
FREETEXT//17675//1,v10_medication_atc,LOINC//46235764,metadata_only,False,,LOINC,46235764,76085-0,46235764,AMSTEL,source_code,low
FREETEXT//17687//1,v10_medication_atc,LOINC//46235765,metadata_only,False,,LOINC,46235765,76086-8,46235765,AMSTEL,source_code,low
FREETEXT//17699//1,v10_medication_atc,LOINC//46235766,metadata_only,False,,LOINC,46235766,76087-6,46235766,AMSTEL,source_code,low
FREETEXT//10814//1,v10_medication_atc,LOINC//37019853,metadata_only,False,,LOINC,37019853,92126-2,37019853,AMSTEL,source_code,low
FREETEXT//14401//1,v10_medication_atc,LOINC//46235749,metadata_only,False,,LOINC,46235749,76070-2,46235749,AMSTEL,source_code,low
FREETEXT//17305//1,v10_medication_atc,LOINC//36303951,metadata_only,False,,LOINC,36303951,88555-8,36303951,AMSTEL,source_code,low
FREETEXT//17056//1,v10_medication_atc,LOINC//3006453,metadata_only,False,,LOINC,3006453,10900-9,3006453,AMSTEL,source_code,low
FREETEXT//11362//1,v10_medication_atc,SNOMED//865971000000100,metadata_only,False,,SNOMED,44809913,865971000000100,Save sample for later serum analysis,AmsterdamUMCdb_dictionary,label_exact,low
MEASUREMENT_CATEGORICAL//12290//8,v10_medication_atc,OMOP_CONCEPT//OMOP//3004921,dynamic_event,True,,OMOP,3004921,20124-4,ventilator_mode,BlendedICU,label_exact,high
MEASUREMENT_CATEGORICAL//12290//2,v10_medication_atc,OMOP_CONCEPT//OMOP//3004921,dynamic_event,True,,OMOP,3004921,20124-4,ventilator_mode,BlendedICU,label_exact,high
MEASUREMENT_CATEGORICAL//6671//1,v10_medication_atc,OMOP//OMOP_CONCEPT//4276669,dynamic_event,True,,OMOP_CONCEPT,4276669,64730000,Normal sinus rhythm,AMSTEL,itemid_valueid,high
MEASUREMENT_CATEGORICAL//14846//2,v10_medication_atc,OMOP_CONCEPT//LOINC//1988717,dynamic_event,True,,LOINC,1988717,99708-0,1988717,AMSTEL,source_code,high
MEASUREMENT_CATEGORICAL//14846//3,v10_medication_atc,OMOP_CONCEPT//LOINC//1988717,dynamic_event,True,,LOINC,1988717,99708-0,1988717,AMSTEL,source_code,high
MEASUREMENT_CATEGORICAL//12290//10,v10_medication_atc,OMOP_CONCEPT//OMOP//3004921,dynamic_event,True,,OMOP,3004921,20124-4,ventilator_mode,BlendedICU,label_exact,high
MEASUREMENT_CATEGORICAL//12290//13,v10_medication_atc,OMOP_CONCEPT//OMOP//3004921,dynamic_event,True,,OMOP,3004921,20124-4,ventilator_mode,BlendedICU,label_exact,high
MEASUREMENT_CATEGORICAL//6671//21,v10_medication_atc,SNOMED//4091457,dynamic_event,True,,SNOMED,4091457,251149006,4091457,AMSTEL,source_code,high
MEASUREMENT_CATEGORICAL//12560//2,v10_medication_atc,OMOP//OMOP_CONCEPT//36662365,dynamic_event,True,,OMOP_CONCEPT,36662365,LA30817-3,Ventilation,AMSTEL,itemid_valueid,high
MEASUREMENT_CATEGORICAL//12290//17,v10_medication_atc,OMOP_CONCEPT//OMOP//3004921,dynamic_event,True,,OMOP,3004921,20124-4,ventilator_mode,BlendedICU,label_exact,high
MEASUREMENT_CATEGORICAL//8189//7,v10_medication_atc,OMOP//OMOP_CONCEPT//4224038,dynamic_event,True,,OMOP_CONCEPT,4224038,336623009,Oxygen nasal cannula,AMSTEL,itemid_valueid,high
MEASUREMENT_CATEGORICAL//12290//3,v10_medication_atc,OMOP_CONCEPT//OMOP//3004921,dynamic_event,True,,OMOP,3004921,20124-4,ventilator_mode,BlendedICU,label_exact,high
MEASUREMENT_CATEGORICAL//9233//1,v10_medication_atc,OMOP//OMOP_CONCEPT//4221822,dynamic_event,True,,OMOP_CONCEPT,4221822,40199007,Supine body position,AMSTEL,itemid_valueid,high
MEASUREMENT_CATEGORICAL//9233//9,v10_medication_atc,SNOMED//4287468,dynamic_event,True,,SNOMED,4287468,397155001,4287468,AMSTEL,source_code,high
MEASUREMENT_CATEGORICAL//8829//1,v10_medication_atc,OMOP_CONCEPT//LOINC//21491763,dynamic_event,True,,LOINC,21491763,79899-1,21491763,AMSTEL,source_code,high
MEASUREMENT_CATEGORICAL//8830//1,v10_medication_atc,OMOP_CONCEPT//LOINC//21490963,dynamic_event,True,,LOINC,21490963,79815-7,21490963,AMSTEL,source_code,high
MEASUREMENT_CATEGORICAL//6671//13,v10_medication_atc,OMOP//OMOP_CONCEPT//313217,dynamic_event,True,,OMOP_CONCEPT,313217,49436004,Atrial fibrillation,AMSTEL,itemid_valueid,high
MEASUREMENT_CATEGORICAL//9233//2,v10_medication_atc,SNOMED//4287468,dynamic_event,True,,SNOMED,4287468,397155001,4287468,AMSTEL,source_code,high
MEASUREMENT_CATEGORICAL//12519//2,v10_medication_atc,OMOP//OMOP_CONCEPT//21498935,dynamic_event,True,,OMOP_CONCEPT,21498935,LA25082-1,Mucoid,AMSTEL,itemid_valueid,high
MEASUREMENT_CATEGORICAL//8892//1,v10_medication_atc,OMOP//OMOP_CONCEPT//45877935,dynamic_event,True,,OMOP_CONCEPT,45877935,LA19974-7,Performed,AMSTEL,itemid_valueid,high
MEASUREMENT_CATEGORICAL//9233//3,v10_medication_atc,SNOMED//4287468,dynamic_event,True,,SNOMED,4287468,397155001,4287468,AMSTEL,source_code,high
MEASUREMENT_CATEGORICAL//8889//1,v10_medication_atc,OMOP//OMOP_CONCEPT//4035566,dynamic_event,True,,OMOP_CONCEPT,4035566,117444000,Text value,AMSTEL,itemid_valueid,high
MEASUREMENT_CATEGORICAL//9233//4,v10_medication_atc,OMOP//OMOP_CONCEPT//4147052,dynamic_event,True,,OMOP_CONCEPT,4147052,30212006,Fowler's position,AMSTEL,itemid_valueid,high
MEASUREMENT_CATEGORICAL//8895//1,v10_medication_atc,OMOP//OMOP_CONCEPT//4323492,dynamic_event,True,,OMOP_CONCEPT,4323492,427931002,White sputum,AMSTEL,itemid_valueid,high
MEASUREMENT_CATEGORICAL//12290//7,v10_medication_atc,OMOP_CONCEPT//OMOP//3004921,dynamic_event,True,,OMOP,3004921,20124-4,ventilator_mode,BlendedICU,label_exact,high
MEASUREMENT_CATEGORICAL//8695//2,v10_medication_atc,OMOP//OMOP_CONCEPT//45878583,dynamic_event,True,,OMOP_CONCEPT,45878583,LA6577-6,Negative,AMSTEL,itemid_valueid,high
MEASUREMENT_CATEGORICAL//8894//3,v10_medication_atc,OMOP//OMOP_CONCEPT//4055980,dynamic_event,True,,OMOP_CONCEPT,4055980,167990003,Sputum appears normal,AMSTEL,itemid_valueid,high
MEASUREMENT_CATEGORICAL//10587//2,v10_medication_atc,OMOP//OMOP_CONCEPT//45884084,dynamic_event,True,,OMOP_CONCEPT,45884084,LA6576-8,Positive,AMSTEL,itemid_valueid,high
MEASUREMENT_CATEGORICAL//8895//5,v10_medication_atc,OMOP//OMOP_CONCEPT//4080265,dynamic_event,True,,OMOP_CONCEPT,4080265,277907006,Yellow sputum,AMSTEL,itemid_valueid,high
MEASUREMENT_CATEGORICAL//6734//1,v10_medication_atc,OMOP_CONCEPT//LOINC//3008223,dynamic_event,True,,LOINC,3008223,9268-4,3008223,AMSTEL,source_code,high
MEASUREMENT_CATEGORICAL//8691//4,v10_medication_atc,SNOMED//4122997,dynamic_event,True,,SNOMED,4122997,258118009,4122997,AMSTEL,source_code,high
MEASUREMENT_CATEGORICAL//8833//2,v10_medication_atc,OMOP_CONCEPT//LOINC//3010321,dynamic_event,True,,LOINC,3010321,8643-9,3010321,AMSTEL,source_code,high
MEASUREMENT_CATEGORICAL//8832//2,v10_medication_atc,OMOP_CONCEPT//LOINC//3026611,dynamic_event,True,,LOINC,3026611,8641-3,3026611,AMSTEL,source_code,high
MEASUREMENT_CATEGORICAL//8668//3,v10_medication_atc,OMOP_CONCEPT//LOINC//3004779,dynamic_event,True,,LOINC,3004779,8931-8,3004779,AMSTEL,source_code,high
MEASUREMENT_CATEGORICAL//8889//2,v10_medication_atc,SNOMED//4239191,dynamic_event,True,,SNOMED,4239191,68187007,4239191,AMSTEL,source_code,high
MEASUREMENT_CATEGORICAL//6732//1,v10_medication_atc,OMOP_CONCEPT//LOINC//3016335,dynamic_event,True,,LOINC,3016335,9267-6,3016335,AMSTEL,source_code,high
MEASUREMENT_CATEGORICAL//6735//8,v10_medication_atc,OMOP_CONCEPT//LOINC//3009094,dynamic_event,True,,LOINC,3009094,9270-0,3009094,AMSTEL,source_code,high
MEASUREMENT_CATEGORICAL//8189//4,v10_medication_atc,OMOP//OMOP_CONCEPT//4178391,dynamic_event,True,,OMOP_CONCEPT,4178391,297117007,Heat and moisture exchanger,AMSTEL,itemid_valueid,high
MEASUREMENT_CATEGORICAL//8825//5,v10_medication_atc,OMOP//OMOP_CONCEPT//4088985,dynamic_event,True,,OMOP_CONCEPT,4088985,251176006,Multiple premature ventricular complexes,AMSTEL,itemid_valueid,high
MEASUREMENT_CATEGORICAL//6671//20,v10_medication_atc,OMOP//OMOP_CONCEPT//4171683,dynamic_event,True,,OMOP_CONCEPT,4171683,49710005,Sinus bradycardia,AMSTEL,itemid_valueid,high
MEASUREMENT_CATEGORICAL//8663//1,v10_medication_atc,OMOP_CONCEPT//LOINC//3024265,dynamic_event,True,,LOINC,3024265,8327-9,3024265,AMSTEL,source_code,high
MEASUREMENT_CATEGORICAL//8899//2,v10_medication_atc,OMOP//OMOP_CONCEPT//4047639,dynamic_event,True,,OMOP_CONCEPT,4047639,123818007,Cough impulse impaired,AMSTEL,itemid_valueid,high
MEASUREMENT_CATEGORICAL//8891//2,v10_medication_atc,OMOP//OMOP_CONCEPT//45884119,dynamic_event,True,,OMOP_CONCEPT,45884119,LA7304-4,Not performed,AMSTEL,itemid_valueid,high
MEASUREMENT_CATEGORICAL//8899//1,v10_medication_atc,OMOP//OMOP_CONCEPT//4117281,dynamic_event,True,,OMOP_CONCEPT,4117281,301238004,Cough reflex present,AMSTEL,itemid_valueid,high
MEASUREMENT_CATEGORICAL//8647//1,v10_medication_atc,SNOMED//4044874,dynamic_event,True,,SNOMED,4044874,129113006,4044874,AMSTEL,source_code,high
MEASUREMENT_CATEGORICAL//8832//3,v10_medication_atc,OMOP_CONCEPT//LOINC//3026611,dynamic_event,True,,LOINC,3026611,8641-3,3026611,AMSTEL,source_code,high
MEASUREMENT_CATEGORICAL//8833//3,v10_medication_atc,OMOP_CONCEPT//LOINC//3010321,dynamic_event,True,,LOINC,3010321,8643-9,3010321,AMSTEL,source_code,high
MEASUREMENT_CATEGORICAL//8897//9,v10_medication_atc,OMOP//OMOP_CONCEPT//45884119,dynamic_event,True,,OMOP_CONCEPT,45884119,LA7304-4,Not performed,AMSTEL,itemid_valueid,high
MEASUREMENT_CATEGORICAL//8894//4,v10_medication_atc,OMOP//OMOP_CONCEPT//4089232,dynamic_event,True,,OMOP_CONCEPT,4089232,248599002,Copious sputum,AMSTEL,itemid_valueid,high
MEASUREMENT_CATEGORICAL//12290//18,v10_medication_atc,OMOP_CONCEPT//OMOP//3004921,dynamic_event,True,,OMOP,3004921,20124-4,ventilator_mode,BlendedICU,label_exact,high
MEASUREMENT_CATEGORICAL//6658//1,v10_medication_atc,SNOMED//4044874,dynamic_event,True,,SNOMED,4044874,129113006,4044874,AMSTEL,source_code,high
MEASUREMENT_CATEGORICAL//12810//1,v10_medication_atc,OMOP_CONCEPT//LOINC//21491507,dynamic_event,True,,LOINC,21491507,80409-6,21491507,AMSTEL,source_code,high
MEASUREMENT_CATEGORICAL//16993//4,v10_medication_atc,OMOP//OMOP_CONCEPT//8717,metadata_only,False,,OMOP_CONCEPT,8717,21,Inpatient Hospital,AMSTEL,itemid_valueid,high
MEASUREMENT_CATEGORICAL//12810//7,v10_medication_atc,OMOP_CONCEPT//LOINC//21491507,dynamic_event,True,,LOINC,21491507,80409-6,21491507,AMSTEL,source_code,high
MEASUREMENT_CATEGORICAL//8891//1,v10_medication_atc,OMOP//OMOP_CONCEPT//45877935,dynamic_event,True,,OMOP_CONCEPT,45877935,LA19974-7,Performed,AMSTEL,itemid_valueid,high
MEASUREMENT_CATEGORICAL//6735//1,v10_medication_atc,OMOP_CONCEPT//LOINC//3009094,dynamic_event,True,,LOINC,3009094,9270-0,3009094,AMSTEL,source_code,high
MEASUREMENT_CATEGORICAL//6671//33,v10_medication_atc,OMOP//OMOP_CONCEPT//4304202,dynamic_event,True,,OMOP_CONCEPT,4304202,10370003,Rhythm from artificial pacing,AMSTEL,itemid_valueid,high
MEASUREMENT_CATEGORICAL//8189//19,v10_medication_atc,OMOP//OMOP_CONCEPT//45772284,dynamic_event,True,,OMOP_CONCEPT,45772284,465186000,Tracheostomy tube speech valve,AMSTEL,itemid_valueid,high
MEASUREMENT_CATEGORICAL//15172//1,v10_medication_atc,OMOP//OMOP_CONCEPT//45880017,dynamic_event,True,,OMOP_CONCEPT,45880017,LA19102-5,0 - no pain,AMSTEL,itemid_valueid,high
MEASUREMENT_CATEGORICAL//9232//6,v10_medication_atc,SNOMED//4105091,dynamic_event,True,,SNOMED,4105091,281400004,4105091,AMSTEL,source_code,high
MEASUREMENT_CATEGORICAL//8899//7,v10_medication_atc,OMOP//OMOP_CONCEPT//4047639,dynamic_event,True,,OMOP_CONCEPT,4047639,123818007,Cough impulse impaired,AMSTEL,itemid_valueid,high
MEASUREMENT_CATEGORICAL//8893//1,v10_medication_atc,OMOP//OMOP_CONCEPT//45877935,dynamic_event,True,,OMOP_CONCEPT,45877935,LA19974-7,Performed,AMSTEL,itemid_valueid,high
MEASUREMENT_CATEGORICAL//8189//3,v10_medication_atc,OMOP//OMOP_CONCEPT//4322904,dynamic_event,True,,OMOP_CONCEPT,4322904,428285009,Venturi mask,AMSTEL,itemid_valueid,high
MEASUREMENT_CATEGORICAL//9358//1,v10_medication_atc,OMOP//OMOP_CONCEPT//763006,dynamic_event,True,,OMOP_CONCEPT,763006,434851000124108,Open,AMSTEL,itemid_valueid,high
MEASUREMENT_CATEGORICAL//15808//2,v10_medication_atc,OMOP//OMOP_CONCEPT//9189,dynamic_event,True,,OMOP_CONCEPT,9189,260385009,Negative,AMSTEL,itemid_valueid,high
MEASUREMENT_CATEGORICAL//19640//20,v10_medication_atc,OMOP_CONCEPT//LOINC//3009094,dynamic_event,True,,LOINC,3009094,9270-0,3009094,AMSTEL,source_code,high
MEASUREMENT_CATEGORICAL//6732//2,v10_medication_atc,OMOP_CONCEPT//LOINC//3016335,dynamic_event,True,,LOINC,3016335,9267-6,3016335,AMSTEL,source_code,high
MEASUREMENT_CATEGORICAL//16993//3,v10_medication_atc,OMOP//OMOP_CONCEPT//8870,metadata_only,False,,OMOP_CONCEPT,8870,23,Emergency Room - Hospital,AMSTEL,itemid_valueid,high
MEASUREMENT_CATEGORICAL//8825//4,v10_medication_atc,OMOP//OMOP_CONCEPT//3656145,dynamic_event,True,,OMOP_CONCEPT,3656145,871686004,Multiple atrial ectopics,AMSTEL,itemid_valueid,high
MEASUREMENT_CATEGORICAL//9232//5,v10_medication_atc,SNOMED//4105091,dynamic_event,True,,SNOMED,4105091,281400004,4105091,AMSTEL,source_code,high
MEASUREMENT_CATEGORICAL//16054//3,v10_medication_atc,OMOP//OMOP_CONCEPT//4116701,dynamic_event,True,,OMOP_CONCEPT,4116701,255345002,Hemorrhagic,AMSTEL,itemid_valueid,high
MEASUREMENT_CATEGORICAL//6732//4,v10_medication_atc,OMOP_CONCEPT//LOINC//3016335,dynamic_event,True,,LOINC,3016335,9267-6,3016335,AMSTEL,source_code,high
MEASUREMENT_CATEGORICAL//8894//2,v10_medication_atc,OMOP//OMOP_CONCEPT//4088598,dynamic_event,True,,OMOP_CONCEPT,4088598,248601000,Scanty sputum,AMSTEL,itemid_valueid,high
MEASUREMENT_CATEGORICAL//12519//1,v10_medication_atc,OMOP//OMOP_CONCEPT//36308163,dynamic_event,True,,OMOP_CONCEPT,36308163,LA19782-4,Watery,AMSTEL,itemid_valueid,high
MEASUREMENT_CATEGORICAL//9232//4,v10_medication_atc,SNOMED//4105091,dynamic_event,True,,SNOMED,4105091,281400004,4105091,AMSTEL,source_code,high
MEASUREMENT_CATEGORICAL//14139//2,v10_medication_atc,OMOP//OMOP_CONCEPT//45878574,metadata_only,False,,OMOP_CONCEPT,45878574,LA7222-8,Operating room,AMSTEL,itemid_valueid,high
MEASUREMENT_CATEGORICAL//19639//18,v10_medication_atc,OMOP_CONCEPT//LOINC//3008223,dynamic_event,True,,LOINC,3008223,9268-4,3008223,AMSTEL,source_code,high
MEASUREMENT_CATEGORICAL//19638//12,v10_medication_atc,OMOP_CONCEPT//LOINC//3016335,dynamic_event,True,,LOINC,3016335,9267-6,3016335,AMSTEL,source_code,high
MEASUREMENT_CATEGORICAL//9233//6,v10_medication_atc,SNOMED//4287468,dynamic_event,True,,SNOMED,4287468,397155001,4287468,AMSTEL,source_code,high
MEASUREMENT_CATEGORICAL//8189//17,v10_medication_atc,OMOP//OMOP_CONCEPT//4145528,dynamic_event,True,,OMOP_CONCEPT,4145528,427591007,Nonrebreather oxygen mask,AMSTEL,itemid_valueid,high
MEASUREMENT_CATEGORICAL//8893//2,v10_medication_atc,OMOP//OMOP_CONCEPT//45884119,dynamic_event,True,,OMOP_CONCEPT,45884119,LA7304-4,Not performed,AMSTEL,itemid_valueid,high
MEASUREMENT_CATEGORICAL//9233//5,v10_medication_atc,OMOP//OMOP_CONCEPT//4142787,dynamic_event,True,,OMOP_CONCEPT,4142787,33586001,Sitting position,AMSTEL,itemid_valueid,high
MEASUREMENT_CATEGORICAL//16054//1,v10_medication_atc,OMOP//OMOP_CONCEPT//4105064,dynamic_event,True,,OMOP_CONCEPT,4105064,256913008,Serous,AMSTEL,itemid_valueid,high
MEASUREMENT_CATEGORICAL//6734//6,v10_medication_atc,OMOP_CONCEPT//LOINC//3008223,dynamic_event,True,,LOINC,3008223,9268-4,3008223,AMSTEL,source_code,high
MEASUREMENT_CATEGORICAL//14770//7,v10_medication_atc,SNOMED//4093203,dynamic_event,True,,SNOMED,4093203,249956007,4093203,AMSTEL,source_code,high
MEASUREMENT_CATEGORICAL//14772//19,v10_medication_atc,SNOMED//4093203,dynamic_event,True,,SNOMED,4093203,249956007,4093203,AMSTEL,source_code,high
MEASUREMENT_CATEGORICAL//8668//2,v10_medication_atc,OMOP_CONCEPT//LOINC//3004779,dynamic_event,True,,LOINC,3004779,8931-8,3004779,AMSTEL,source_code,high
MEASUREMENT_CATEGORICAL//14769//1,v10_medication_atc,SNOMED//4093203,dynamic_event,True,,SNOMED,4093203,249956007,4093203,AMSTEL,source_code,high
MEASUREMENT_CATEGORICAL//14771//13,v10_medication_atc,SNOMED//4093203,dynamic_event,True,,SNOMED,4093203,249956007,4093203,AMSTEL,source_code,high
MEASUREMENT_CATEGORICAL//8895//6,v10_medication_atc,OMOP//OMOP_CONCEPT//4172486,dynamic_event,True,,OMOP_CONCEPT,4172486,42192008,Purulent sputum,AMSTEL,itemid_valueid,high
MEASUREMENT_CATEGORICAL//12810//8,v10_medication_atc,OMOP_CONCEPT//LOINC//21491507,dynamic_event,True,,LOINC,21491507,80409-6,21491507,AMSTEL,source_code,high
MEASUREMENT_CATEGORICAL//8832//4,v10_medication_atc,OMOP_CONCEPT//LOINC//3026611,dynamic_event,True,,LOINC,3026611,8641-3,3026611,AMSTEL,source_code,high
MEASUREMENT_CATEGORICAL//12810//4,v10_medication_atc,OMOP_CONCEPT//LOINC//21491507,dynamic_event,True,,LOINC,21491507,80409-6,21491507,AMSTEL,source_code,high
MEASUREMENT_CATEGORICAL//9232//2,v10_medication_atc,SNOMED//4105091,dynamic_event,True,,SNOMED,4105091,281400004,4105091,AMSTEL,source_code,high
MEASUREMENT_CATEGORICAL//8833//4,v10_medication_atc,OMOP_CONCEPT//LOINC//3010321,dynamic_event,True,,LOINC,3010321,8643-9,3010321,AMSTEL,source_code,high
MEASUREMENT_CATEGORICAL//6685//11,v10_medication_atc,OMOP_CONCEPT//LOINC//3004921,dynamic_event,True,,LOINC,3004921,20124-4,3004921,AMSTEL,source_code,high
MEASUREMENT_CATEGORICAL//8897//1,v10_medication_atc,OMOP//OMOP_CONCEPT//4035566,dynamic_event,True,,OMOP_CONCEPT,4035566,117444000,Text value,AMSTEL,itemid_valueid,high
MEASUREMENT_CATEGORICAL//7432//1,v10_medication_atc,OMOP_CONCEPT//LOINC//3053213,dynamic_event,True,,LOINC,3053213,47938-6,3053213,AMSTEL,source_code,high
MEASUREMENT_CATEGORICAL//8668//1,v10_medication_atc,OMOP_CONCEPT//LOINC//3004779,dynamic_event,True,,LOINC,3004779,8931-8,3004779,AMSTEL,source_code,high
MEASUREMENT_CATEGORICAL//6734//3,v10_medication_atc,OMOP_CONCEPT//LOINC//3008223,dynamic_event,True,,LOINC,3008223,9268-4,3008223,AMSTEL,source_code,high
MEASUREMENT_CATEGORICAL//9534//9,v10_medication_atc,OMOP_CONCEPT//LOINC//3004921,dynamic_event,True,,LOINC,3004921,20124-4,3004921,AMSTEL,source_code,high
MEASUREMENT_CATEGORICAL//10604//1,v10_medication_atc,OMOP//OMOP_CONCEPT//4139810,dynamic_event,True,,OMOP_CONCEPT,4139810,263707001,Clear,AMSTEL,itemid_valueid,high
MEASUREMENT_CATEGORICAL//8830//2,v10_medication_atc,OMOP_CONCEPT//LOINC//21490963,dynamic_event,True,,LOINC,21490963,79815-7,21490963,AMSTEL,source_code,high
MEASUREMENT_CATEGORICAL//14444//5,v10_medication_atc,OMOP//OMOP_CONCEPT//45884808,dynamic_event,True,,OMOP_CONCEPT,45884808,LA17286-8,Normal baseline for patient,AMSTEL,itemid_valueid,high
MEASUREMENT_CATEGORICAL//8663//2,v10_medication_atc,OMOP_CONCEPT//LOINC//3024265,dynamic_event,True,,LOINC,3024265,8327-9,3024265,AMSTEL,source_code,high
MEASUREMENT_CATEGORICAL//8833//1,v10_medication_atc,OMOP_CONCEPT//LOINC//3010321,dynamic_event,True,,LOINC,3010321,8643-9,3010321,AMSTEL,source_code,high
MEASUREMENT_CATEGORICAL//8829//2,v10_medication_atc,OMOP_CONCEPT//LOINC//21491763,dynamic_event,True,,LOINC,21491763,79899-1,21491763,AMSTEL,source_code,high
MEASUREMENT_CATEGORICAL//8832//1,v10_medication_atc,OMOP_CONCEPT//LOINC//3026611,dynamic_event,True,,LOINC,3026611,8641-3,3026611,AMSTEL,source_code,high
MEASUREMENT_CATEGORICAL//8691//2,v10_medication_atc,OMOP//OMOP_CONCEPT//4035566,dynamic_event,True,,OMOP_CONCEPT,4035566,117444000,Text value,AMSTEL,itemid_valueid,high
MEASUREMENT_CATEGORICAL//6671//2,v10_medication_atc,OMOP//OMOP_CONCEPT//314379,dynamic_event,True,,OMOP_CONCEPT,314379,270492004,First degree atrioventricular block,AMSTEL,itemid_valueid,high
MEASUREMENT_CATEGORICAL//8889//3,v10_medication_atc,SNOMED//4239191,dynamic_event,True,,SNOMED,4239191,68187007,4239191,AMSTEL,source_code,high
MEASUREMENT_CATEGORICAL//6734//2,v10_medication_atc,OMOP_CONCEPT//LOINC//3008223,dynamic_event,True,,LOINC,3008223,9268-4,3008223,AMSTEL,source_code,high
MEASUREMENT_CATEGORICAL//15172//4,v10_medication_atc,OMOP//OMOP_CONCEPT//46238085,dynamic_event,True,,OMOP_CONCEPT,46238085,LA21627-7,3 - Very mild pain,AMSTEL,itemid_valueid,high
MEASUREMENT_CATEGORICAL//8691//3,v10_medication_atc,SNOMED//4122997,dynamic_event,True,,SNOMED,4122997,258118009,4122997,AMSTEL,source_code,high
MEASUREMENT_CATEGORICAL//12290//6,v10_medication_atc,OMOP_CONCEPT//OMOP//3004921,dynamic_event,True,,OMOP,3004921,20124-4,ventilator_mode,BlendedICU,label_exact,high
MEASUREMENT_CATEGORICAL//8696//2,v10_medication_atc,OMOP//OMOP_CONCEPT//45878583,dynamic_event,True,,OMOP_CONCEPT,45878583,LA6577-6,Negative,AMSTEL,itemid_valueid,high
MEASUREMENT_CATEGORICAL//8894//5,v10_medication_atc,OMOP//OMOP_CONCEPT//4089232,dynamic_event,True,,OMOP_CONCEPT,4089232,248599002,Copious sputum,AMSTEL,itemid_valueid,high
MEASUREMENT_CATEGORICAL//6735//5,v10_medication_atc,OMOP_CONCEPT//LOINC//3009094,dynamic_event,True,,LOINC,3009094,9270-0,3009094,AMSTEL,source_code,high
MEASUREMENT_CATEGORICAL//12519//3,v10_medication_atc,OMOP//OMOP_CONCEPT//4103346,dynamic_event,True,,OMOP_CONCEPT,4103346,301289004,Pluggy sputum,AMSTEL,itemid_valueid,high
MEASUREMENT_CATEGORICAL//8895//2,v10_medication_atc,OMOP//OMOP_CONCEPT//4088600,dynamic_event,True,,OMOP_CONCEPT,4088600,248604008,Clear sputum,AMSTEL,itemid_valueid,high
MEASUREMENT_CATEGORICAL//15172//3,v10_medication_atc,OMOP//OMOP_CONCEPT//46237318,dynamic_event,True,,OMOP_CONCEPT,46237318,LA21709-3,2 - No pain,AMSTEL,itemid_valueid,high
MEASUREMENT_CATEGORICAL//8895//9,v10_medication_atc,OMOP//OMOP_CONCEPT//4283806,dynamic_event,True,,OMOP_CONCEPT,4283806,6686005,Blood streaked sputum,AMSTEL,itemid_valueid,high
MEASUREMENT_CATEGORICAL//8895//10,v10_medication_atc,OMOP//OMOP_CONCEPT//4117288,dynamic_event,True,,OMOP_CONCEPT,4117288,301290008,Frank blood in sputum,AMSTEL,itemid_valueid,high
MEASUREMENT_CATEGORICAL//12290//16,v10_medication_atc,OMOP_CONCEPT//OMOP//3004921,dynamic_event,True,,OMOP,3004921,20124-4,ventilator_mode,BlendedICU,label_exact,high
MEASUREMENT_CATEGORICAL//10604//2,v10_medication_atc,OMOP//OMOP_CONCEPT//4159775,dynamic_event,True,,OMOP_CONCEPT,4159775,371243003,Pink color,AMSTEL,itemid_valueid,high
MEASUREMENT_CATEGORICAL//8899//3,v10_medication_atc,OMOP//OMOP_CONCEPT//4048218,dynamic_event,True,,OMOP_CONCEPT,4048218,123819004,Cough reflex absent,AMSTEL,itemid_valueid,high
MEASUREMENT_CATEGORICAL//10588//2,v10_medication_atc,OMOP//OMOP_CONCEPT//45884084,dynamic_event,True,,OMOP_CONCEPT,45884084,LA6576-8,Positive,AMSTEL,itemid_valueid,high
MEASUREMENT_CATEGORICAL//14444//6,v10_medication_atc,OMOP//OMOP_CONCEPT//45877871,dynamic_event,True,,OMOP_CONCEPT,45877871,LA19990-3,Slightly limited - Lethargic,AMSTEL,itemid_valueid,high
MEASUREMENT_CATEGORICAL//10587//1,v10_medication_atc,OMOP//OMOP_CONCEPT//45878583,dynamic_event,True,,OMOP_CONCEPT,45878583,LA6577-6,Negative,AMSTEL,itemid_valueid,high
MEASUREMENT_CATEGORICAL//12810//3,v10_medication_atc,OMOP_CONCEPT//LOINC//21491507,dynamic_event,True,,LOINC,21491507,80409-6,21491507,AMSTEL,source_code,high
MEASUREMENT_CATEGORICAL//10469//1,v10_medication_atc,OMOP//OMOP_CONCEPT//8507,dynamic_event,True,,OMOP_CONCEPT,8507,M,MALE,AMSTEL,itemid_valueid,high
MEASUREMENT_CATEGORICAL//6658//2,v10_medication_atc,SNOMED//4044874,dynamic_event,True,,SNOMED,4044874,129113006,4044874,AMSTEL,source_code,high
MEASUREMENT_CATEGORICAL//8189//18,v10_medication_atc,OMOP//OMOP_CONCEPT//45772284,dynamic_event,True,,OMOP_CONCEPT,45772284,465186000,Tracheostomy tube speech valve,AMSTEL,itemid_valueid,high
MEASUREMENT_CATEGORICAL//20351//2,v10_medication_atc,OMOP//OMOP_CONCEPT//373995,dynamic_event,True,,OMOP_CONCEPT,373995,2776000,CAM-ICU score,Stage3J_curated_policy,curated_exact_omop_lookup,high
MEASUREMENT_CATEGORICAL//8896//3,v10_medication_atc,OMOP//OMOP_CONCEPT//4080153,metadata_only,False,,OMOP_CONCEPT,4080153,277903005,Thick sputum,AMSTEL,itemid_valueid,low
MEASUREMENT_CATEGORICAL//8189//1,v10_medication_atc,OMOP//OMOP_CONCEPT//45759142,dynamic_event,True,,OMOP_CONCEPT,45759142,464225001,Oxygen administration nasal catheter,AMSTEL,itemid_valueid,high
MEASUREMENT_CATEGORICAL//19637//14,v10_medication_atc,OMOP_CONCEPT//LOINC//3009094,dynamic_event,True,,LOINC,3009094,9270-0,3009094,AMSTEL,source_code,high
MEASUREMENT_CATEGORICAL//8897//2,v10_medication_atc,SNOMED//4337734,dynamic_event,True,,SNOMED,4337734,232704006,4337734,AMSTEL,source_code,high
MEASUREMENT_CATEGORICAL//19636//12,v10_medication_atc,OMOP_CONCEPT//LOINC//3008223,dynamic_event,True,,LOINC,3008223,9268-4,3008223,AMSTEL,source_code,high
MEASUREMENT_CATEGORICAL//19635//8,v10_medication_atc,OMOP_CONCEPT//LOINC//3016335,dynamic_event,True,,LOINC,3016335,9267-6,3016335,AMSTEL,source_code,high
MEASUREMENT_CATEGORICAL//8892//2,v10_medication_atc,OMOP//OMOP_CONCEPT//45884119,dynamic_event,True,,OMOP_CONCEPT,45884119,LA7304-4,Not performed,AMSTEL,itemid_valueid,high
MEASUREMENT_CATEGORICAL//12830//2,v10_medication_atc,OMOP//OMOP_CONCEPT//37156238,dynamic_event,True,,OMOP_CONCEPT,37156238,1163216008,Pressure injury stage I,AMSTEL,itemid_valueid,high
MEASUREMENT_CATEGORICAL//6671//14,v10_medication_atc,OMOP//OMOP_CONCEPT//314665,dynamic_event,True,,OMOP_CONCEPT,314665,5370000,Atrial flutter,AMSTEL,itemid_valueid,high
MEASUREMENT_CATEGORICAL//15708//2,v10_medication_atc,SNOMED//4199531,metadata_only,False,,SNOMED,4199531,432138007,4199531,AMSTEL,source_code,high
MEASUREMENT_CATEGORICAL//12130//2,v10_medication_atc,OMOP//OMOP_CONCEPT//36307912,metadata_only,False,,OMOP_CONCEPT,36307912,LA26181-0,Hospital ward,AMSTEL,itemid_valueid,high
MEASUREMENT_CATEGORICAL//8663//4,v10_medication_atc,OMOP_CONCEPT//LOINC//3024265,dynamic_event,True,,LOINC,3024265,8327-9,3024265,AMSTEL,source_code,high
MEASUREMENT_CATEGORICAL//6735//2,v10_medication_atc,OMOP_CONCEPT//LOINC//3009094,dynamic_event,True,,LOINC,3009094,9270-0,3009094,AMSTEL,source_code,high
MEASUREMENT_CATEGORICAL//8692//4,v10_medication_atc,SNOMED//4122997,dynamic_event,True,,SNOMED,4122997,258118009,4122997,AMSTEL,source_code,high
MEASUREMENT_CATEGORICAL//18668//2,v10_medication_atc,LOINC//40761433,outcome_metadata,False,,LOINC,40761433,58332-8,40761433,AMSTEL,source_code,high
MEASUREMENT_CATEGORICAL//8189//12,v10_medication_atc,OMOP//OMOP_CONCEPT//45879331,dynamic_event,True,,OMOP_CONCEPT,45879331,LA6458-9,Zero,AMSTEL,itemid_valueid,high
MEASUREMENT_CATEGORICAL//15172//5,v10_medication_atc,OMOP//OMOP_CONCEPT//46237738,dynamic_event,True,,OMOP_CONCEPT,46237738,LA21724-2,4 - Very mild pain,AMSTEL,itemid_valueid,high
MEASUREMENT_CATEGORICAL//8898//1,v10_medication_atc,OMOP//OMOP_CONCEPT//45878582,dynamic_event,True,,OMOP_CONCEPT,45878582,LA137-2,45878582,AMSTEL,itemid_valueid,high
MEASUREMENT_CATEGORICAL//8652//2,v10_medication_atc,OMOP//OMOP_CONCEPT//37312090,dynamic_event,True,,OMOP_CONCEPT,37312090,792800001,Pulse present in right posterior tibial artery,AMSTEL,itemid_valueid,high
MEASUREMENT_CATEGORICAL//10470//1,v10_medication_atc,OMOP//OMOP_CONCEPT//36310832,outcome_metadata,False,,OMOP_CONCEPT,36310832,LA25413-8,Discharge ready,AMSTEL,itemid_valueid,high
MEASUREMENT_CATEGORICAL//6732//3,v10_medication_atc,OMOP_CONCEPT//LOINC//3016335,dynamic_event,True,,LOINC,3016335,9267-6,3016335,AMSTEL,source_code,high
MEASUREMENT_CATEGORICAL//8651//2,v10_medication_atc,OMOP//OMOP_CONCEPT//37312087,dynamic_event,True,,OMOP_CONCEPT,37312087,792803004,Pulse present in left posterior tibial artery,AMSTEL,itemid_valueid,high
MEASUREMENT_CATEGORICAL//15295//1,v10_medication_atc,OMOP_CONCEPT//LOINC//40771868,dynamic_event,True,,LOINC,40771868,69347-3,40771868,AMSTEL,source_code,high
MEASUREMENT_CATEGORICAL//9232//1,v10_medication_atc,SNOMED//4105091,dynamic_event,True,,SNOMED,4105091,281400004,4105091,AMSTEL,source_code,high
MEASUREMENT_CATEGORICAL//12611//2,v10_medication_atc,OMOP_CONCEPT//LOINC//3016384,dynamic_event/device_support,True,,LOINC,3016384,9037-3,3016384,AMSTEL,source_code,high
MEASUREMENT_CATEGORICAL//12613//1,v10_medication_atc,OMOP_CONCEPT//LOINC//3015853,dynamic_event/device_support,True,,LOINC,3015853,9036-5,3015853,AMSTEL,source_code,high
MEASUREMENT_CATEGORICAL//8691//6,v10_medication_atc,SNOMED//4122997,dynamic_event,True,,SNOMED,4122997,258118009,4122997,AMSTEL,source_code,high
MEASUREMENT_CATEGORICAL//15708//3,v10_medication_atc,SNOMED//4199531,metadata_only,False,,SNOMED,4199531,432138007,4199531,AMSTEL,source_code,high
MEASUREMENT_CATEGORICAL//12615//1,v10_medication_atc,OMOP_CONCEPT//LOINC//3016384,dynamic_event/device_support,True,,LOINC,3016384,9037-3,3016384,AMSTEL,source_code,high
MEASUREMENT_CATEGORICAL//14444//9,v10_medication_atc,OMOP//OMOP_CONCEPT//45879434,dynamic_event,True,,OMOP_CONCEPT,45879434,LA17666-1,Stupor,AMSTEL,itemid_valueid,high
MEASUREMENT_CATEGORICAL//8652//1,v10_medication_atc,OMOP//OMOP_CONCEPT//44814093,metadata_only,False,,OMOP_CONCEPT,44814093,915191000000105,Right posterior tibial pulse palpable,AMSTEL,itemid_valueid,low
MEASUREMENT_CATEGORICAL//15172//2,v10_medication_atc,OMOP//OMOP_CONCEPT//46237898,dynamic_event,True,,OMOP_CONCEPT,46237898,LA21626-9,1 - No pain,AMSTEL,itemid_valueid,high
MEASUREMENT_CATEGORICAL//8669//3,v10_medication_atc,OMOP_CONCEPT//LOINC//3004779,dynamic_event,True,,LOINC,3004779,8931-8,3004779,AMSTEL,source_code,high
MEASUREMENT_CATEGORICAL//8898//6,v10_medication_atc,OMOP//OMOP_CONCEPT//45876622,metadata_only,False,,OMOP_CONCEPT,45876622,LA7444-8,Hypertension,AMSTEL,itemid_valueid,low
MEASUREMENT_CATEGORICAL//8651//1,v10_medication_atc,OMOP//OMOP_CONCEPT//44814094,metadata_only,False,,OMOP_CONCEPT,44814094,915211000000109,Left posterior tibial pulse palpable,AMSTEL,itemid_valueid,low
MEASUREMENT_CATEGORICAL//19638//9,v10_medication_atc,OMOP_CONCEPT//LOINC//3016335,dynamic_event,True,,LOINC,3016335,9267-6,3016335,AMSTEL,source_code,high
MEASUREMENT_CATEGORICAL//14444//4,v10_medication_atc,OMOP//OMOP_CONCEPT//45881739,dynamic_event,True,,OMOP_CONCEPT,45881739,LA16474-1,Restless,AMSTEL,itemid_valueid,high
MEASUREMENT_CATEGORICAL//15295//2,v10_medication_atc,OMOP_CONCEPT//LOINC//40771868,dynamic_event,True,,LOINC,40771868,69347-3,40771868,AMSTEL,source_code,high
MEASUREMENT_CATEGORICAL//15172//6,v10_medication_atc,OMOP//OMOP_CONCEPT//46237273,dynamic_event,True,,OMOP_CONCEPT,46237273,LA21628-5,5 - Mild pain,AMSTEL,itemid_valueid,high
MEASUREMENT_CATEGORICAL//8647//2,v10_medication_atc,SNOMED//4044874,dynamic_event,True,,SNOMED,4044874,129113006,4044874,AMSTEL,source_code,high
MEASUREMENT_CATEGORICAL//12621//2,v10_medication_atc,SNOMED//4025210,dynamic_event/device_support,True,,SNOMED,4025210,106082003,4025210,AMSTEL,source_code,high
MEASUREMENT_CATEGORICAL//10469//3,v10_medication_atc,OMOP//OMOP_CONCEPT//8532,dynamic_event,True,,OMOP_CONCEPT,8532,F,FEMALE,AMSTEL,itemid_valueid,high
MEASUREMENT_CATEGORICAL//8695//1,v10_medication_atc,OMOP//OMOP_CONCEPT//45884084,dynamic_event,True,,OMOP_CONCEPT,45884084,LA6576-8,Positive,AMSTEL,itemid_valueid,high
MEASUREMENT_CATEGORICAL//6735//4,v10_medication_atc,OMOP_CONCEPT//LOINC//3009094,dynamic_event,True,,LOINC,3009094,9270-0,3009094,AMSTEL,source_code,high
MEASUREMENT_CATEGORICAL//8189//8,v10_medication_atc,OMOP//OMOP_CONCEPT//4138487,dynamic_event,True,,OMOP_CONCEPT,4138487,426294006,Face tent oxygen delivery device,AMSTEL,itemid_valueid,high
MEASUREMENT_CATEGORICAL//14139//1,v10_medication_atc,OMOP//OMOP_CONCEPT//32037,metadata_only,False,,OMOP_CONCEPT,32037,OMOP4822460,Intensive Care,AMSTEL,itemid_valueid,high
MEASUREMENT_CATEGORICAL//9233//7,v10_medication_atc,OMOP//OMOP_CONCEPT//4050473,dynamic_event,True,,OMOP_CONCEPT,4050473,1240000,Prone body position,AMSTEL,itemid_valueid,high
MEASUREMENT_CATEGORICAL//8669//2,v10_medication_atc,OMOP_CONCEPT//LOINC//3004779,dynamic_event,True,,LOINC,3004779,8931-8,3004779,AMSTEL,source_code,high
MEASUREMENT_CATEGORICAL//19640//16,v10_medication_atc,OMOP_CONCEPT//LOINC//3009094,dynamic_event,True,,LOINC,3009094,9270-0,3009094,AMSTEL,source_code,high
MEASUREMENT_CATEGORICAL//12290//9,v10_medication_atc,OMOP_CONCEPT//OMOP//3004921,dynamic_event,True,,OMOP,3004921,20124-4,ventilator_mode,BlendedICU,label_exact,high
MEASUREMENT_CATEGORICAL//8833//5,v10_medication_atc,OMOP_CONCEPT//LOINC//3010321,dynamic_event,True,,LOINC,3010321,8643-9,3010321,AMSTEL,source_code,high
MEASUREMENT_CATEGORICAL//9593//1,v10_medication_atc,OMOP_CONCEPT//LOINC//3024265,dynamic_event,True,,LOINC,3024265,8327-9,3024265,AMSTEL,source_code,high
MEASUREMENT_CATEGORICAL//12751//1,v10_medication_atc,OMOP//OMOP_CONCEPT//4047484,dynamic_event/device_support,True,,OMOP_CONCEPT,4047484,23161009,Structure of angle of mouth,AMSTEL,itemid_valueid,high
MEASUREMENT_CATEGORICAL//12625//1,v10_medication_atc,SNOMED//4097216,dynamic_event/device_support,True,,SNOMED,4097216,26412008,4097216,AMSTEL,source_code,high
MEASUREMENT_CATEGORICAL//8669//1,v10_medication_atc,OMOP_CONCEPT//LOINC//3004779,dynamic_event,True,,LOINC,3004779,8931-8,3004779,AMSTEL,source_code,high
MEASUREMENT_CATEGORICAL//8896//2,v10_medication_atc,OMOP//OMOP_CONCEPT//4174288,metadata_only,False,,OMOP_CONCEPT,4174288,277904004,Thin sputum,AMSTEL,itemid_valueid,low
MEASUREMENT_CATEGORICAL//12830//3,v10_medication_atc,OMOP//OMOP_CONCEPT//37156240,dynamic_event,True,,OMOP_CONCEPT,37156240,1163218009,Pressure injury stage II,AMSTEL,itemid_valueid,high
MEASUREMENT_CATEGORICAL//12830//1,v10_medication_atc,OMOP//OMOP_CONCEPT//608209,dynamic_event,True,,OMOP_CONCEPT,608209,1157027004,No pressure injury,AMSTEL,itemid_valueid,high
MEASUREMENT_CATEGORICAL//9534//4,v10_medication_atc,OMOP_CONCEPT//LOINC//3004921,dynamic_event,True,,LOINC,3004921,20124-4,3004921,AMSTEL,source_code,high
MEASUREMENT_CATEGORICAL//8832//5,v10_medication_atc,OMOP_CONCEPT//LOINC//3026611,dynamic_event,True,,LOINC,3026611,8641-3,3026611,AMSTEL,source_code,high
MEASUREMENT_CATEGORICAL//13077//4,v10_medication_atc,OMOP_CONCEPT//LOINC//3026019,dynamic_event,True,,LOINC,3026019,11324-1,3026019,AMSTEL,source_code,high
MEASUREMENT_CATEGORICAL//13072//6,v10_medication_atc,OMOP_CONCEPT//LOINC//3026549,dynamic_event,True,,LOINC,3026549,11325-8,3026549,AMSTEL,source_code,high
MEASUREMENT_CATEGORICAL//8730//4,v10_medication_atc,OMOP//OMOP_CONCEPT//4307671,dynamic_event,True,,OMOP_CONCEPT,4307671,83670000,Peritoneal cavity structure,AMSTEL,itemid_valueid,high
MEASUREMENT_CATEGORICAL//13066//5,v10_medication_atc,OMOP_CONCEPT//LOINC//3013144,dynamic_event,True,,LOINC,3013144,11326-6,3013144,AMSTEL,source_code,high
MEASUREMENT_CATEGORICAL//12611//1,v10_medication_atc,OMOP_CONCEPT//LOINC//3016384,dynamic_event/device_support,True,,LOINC,3016384,9037-3,3016384,AMSTEL,source_code,high
MEASUREMENT_CATEGORICAL//19639//13,v10_medication_atc,OMOP_CONCEPT//LOINC//3008223,dynamic_event,True,,LOINC,3008223,9268-4,3008223,AMSTEL,source_code,high
MEASUREMENT_CATEGORICAL//10604//3,v10_medication_atc,OMOP//OMOP_CONCEPT//4116701,dynamic_event,True,,OMOP_CONCEPT,4116701,255345002,Hemorrhagic,AMSTEL,itemid_valueid,high
MEASUREMENT_CATEGORICAL//6734//5,v10_medication_atc,OMOP_CONCEPT//LOINC//3008223,dynamic_event,True,,LOINC,3008223,9268-4,3008223,AMSTEL,source_code,high
MEASUREMENT_CATEGORICAL//12809//1,v10_medication_atc,OMOP//OMOP_CONCEPT//608209,dynamic_event,True,,OMOP_CONCEPT,608209,1157027004,No pressure injury,AMSTEL,itemid_valueid,high
MEASUREMENT_CATEGORICAL//12822//2,v10_medication_atc,OMOP//OMOP_CONCEPT//37156238,dynamic_event,True,,OMOP_CONCEPT,37156238,1163216008,Pressure injury stage I,AMSTEL,itemid_valueid,high
MEASUREMENT_CATEGORICAL//6685//22,v10_medication_atc,OMOP_CONCEPT//LOINC//3004921,dynamic_event,True,,LOINC,3004921,20124-4,3004921,AMSTEL,source_code,high
MEASUREMENT_CATEGORICAL//12130//3,v10_medication_atc,OMOP//OMOP_CONCEPT//45884373,metadata_only,False,,OMOP_CONCEPT,45884373,LA7172-5,Emergency room,AMSTEL,itemid_valueid,high
MEASUREMENT_CATEGORICAL//12821//2,v10_medication_atc,OMOP//OMOP_CONCEPT//37156238,dynamic_event,True,,OMOP_CONCEPT,37156238,1163216008,Pressure injury stage I,AMSTEL,itemid_valueid,high
MEASUREMENT_CATEGORICAL//19376//1,v10_medication_atc,OMOP//OMOP_CONCEPT//45878245,dynamic_event,True,,OMOP_CONCEPT,45878245,LA32-8,No,AMSTEL,itemid_valueid,high
MEASUREMENT_CATEGORICAL//9232//3,v10_medication_atc,SNOMED//4105091,dynamic_event,True,,SNOMED,4105091,281400004,4105091,AMSTEL,source_code,high
MEASUREMENT_CATEGORICAL//6685//14,v10_medication_atc,OMOP_CONCEPT//LOINC//3004921,dynamic_event,True,,LOINC,3004921,20124-4,3004921,AMSTEL,source_code,high
MEASUREMENT_CATEGORICAL//12822//1,v10_medication_atc,OMOP//OMOP_CONCEPT//608209,dynamic_event,True,,OMOP_CONCEPT,608209,1157027004,No pressure injury,AMSTEL,itemid_valueid,high
MEASUREMENT_CATEGORICAL//16055//5,v10_medication_atc,OMOP//OMOP_CONCEPT//4105064,dynamic_event,True,,OMOP_CONCEPT,4105064,256913008,Serous,AMSTEL,itemid_valueid,high
MEASUREMENT_CATEGORICAL//15172//7,v10_medication_atc,OMOP//OMOP_CONCEPT//46237319,dynamic_event,True,,OMOP_CONCEPT,46237319,LA21732-5,6 - Mild pain,AMSTEL,itemid_valueid,high
MEASUREMENT_CATEGORICAL//12821//1,v10_medication_atc,OMOP//OMOP_CONCEPT//608209,dynamic_event,True,,OMOP_CONCEPT,608209,1157027004,No pressure injury,AMSTEL,itemid_valueid,high
MEASUREMENT_CATEGORICAL//8895//3,v10_medication_atc,OMOP//OMOP_CONCEPT//4174289,dynamic_event,True,,OMOP_CONCEPT,4174289,277908001,Green sputum,AMSTEL,itemid_valueid,high
MEASUREMENT_CATEGORICAL//15808//1,v10_medication_atc,OMOP//OMOP_CONCEPT//132797,dynamic_event,True,,OMOP_CONCEPT,132797,91302008,Sepsis,AMSTEL,itemid_valueid,high
MEASUREMENT_CATEGORICAL//12614//1,v10_medication_atc,OMOP//OMOP_CONCEPT//4038679,dynamic_event/device_support,True,,OMOP_CONCEPT,4038679,118438002,Transoral approach,AMSTEL,itemid_valueid,high
MEASUREMENT_CATEGORICAL//13116//1,v10_medication_atc,OMOP//OMOP_CONCEPT//317576,dynamic_event,True,,OMOP_CONCEPT,317576,53741008,Coronary arteriosclerosis,AMSTEL,itemid_valueid,high
MEASUREMENT_CATEGORICAL//8899//4,v10_medication_atc,OMOP//OMOP_CONCEPT//4102774,dynamic_event,True,,OMOP_CONCEPT,4102774,28743005,Productive cough,AMSTEL,itemid_valueid,high
MEASUREMENT_CATEGORICAL//8730//8,v10_medication_atc,OMOP//OMOP_CONCEPT//4169248,dynamic_event,True,,OMOP_CONCEPT,4169248,48979004,Structure of left lower leg,AMSTEL,itemid_valueid,high
MEASUREMENT_CATEGORICAL//8692//3,v10_medication_atc,SNOMED//4122997,dynamic_event,True,,SNOMED,4122997,258118009,4122997,AMSTEL,source_code,high
MEASUREMENT_CATEGORICAL//8200//3,v10_medication_atc,OMOP_CONCEPT//LOINC//1989388,dynamic_event,True,,LOINC,1989388,99684-3,1989388,AMSTEL,source_code,high
MEASUREMENT_CATEGORICAL//14444//7,v10_medication_atc,SNOMED//36684829,dynamic_event,True,,SNOMED,36684829,457441000124102,36684829,AMSTEL,source_code,high
MEASUREMENT_CATEGORICAL//16993//12,v10_medication_atc,OMOP//OMOP_CONCEPT//581383,metadata_only,False,,OMOP_CONCEPT,581383,OMOP4822038,Inpatient Cardiac Care Facility,AMSTEL,itemid_valueid,high
MEASUREMENT_CATEGORICAL//8825//8,v10_medication_atc,OMOP//OMOP_CONCEPT//4008580,dynamic_event,True,,OMOP_CONCEPT,4008580,11157007,Ventricular bigeminy,AMSTEL,itemid_valueid,high
MEASUREMENT_CATEGORICAL//10673//2,v10_medication_atc,OMOP_CONCEPT//LOINC//1761496,dynamic_event,True,,LOINC,1761496,100822-6,1761496,AMSTEL,source_code,high
MEASUREMENT_CATEGORICAL//8692//2,v10_medication_atc,OMOP//OMOP_CONCEPT//4035566,dynamic_event,True,,OMOP_CONCEPT,4035566,117444000,Text value,AMSTEL,itemid_valueid,high
MEASUREMENT_CATEGORICAL//12621//1,v10_medication_atc,SNOMED//4025210,dynamic_event/device_support,True,,SNOMED,4025210,106082003,4025210,AMSTEL,source_code,high
MEASUREMENT_CATEGORICAL//14444//8,v10_medication_atc,SNOMED//36684829,dynamic_event,True,,SNOMED,36684829,457441000124102,36684829,AMSTEL,source_code,high
MEASUREMENT_CATEGORICAL//9534//13,v10_medication_atc,OMOP_CONCEPT//LOINC//3004921,dynamic_event,True,,LOINC,3004921,20124-4,3004921,AMSTEL,source_code,high
MEASUREMENT_CATEGORICAL//10588//1,v10_medication_atc,OMOP//OMOP_CONCEPT//45878583,dynamic_event,True,,OMOP_CONCEPT,45878583,LA6577-6,Negative,AMSTEL,itemid_valueid,high
MEASUREMENT_CATEGORICAL//9358//2,v10_medication_atc,OMOP//OMOP_CONCEPT//4104200,dynamic_event,True,,OMOP_CONCEPT,4104200,29179001,Closed,AMSTEL,itemid_valueid,high
MEASUREMENT_CATEGORICAL//19596//3,v10_medication_atc,SNOMED//4178501,metadata_only,False,,SNOMED,4178501,363803005,4178501,AMSTEL,source_code,high
MEASUREMENT_CATEGORICAL//18669//1,v10_medication_atc,OMOP//OMOP_CONCEPT//134057,static_context,True,,OMOP_CONCEPT,134057,49601007,Disorder of cardiovascular system,AMSTEL,itemid_valueid,high
MEASUREMENT_CATEGORICAL//8895//7,v10_medication_atc,OMOP//OMOP_CONCEPT//4086357,dynamic_event,True,,OMOP_CONCEPT,4086357,24816000,Rusty sputum,AMSTEL,itemid_valueid,high
MEASUREMENT_CATEGORICAL//8731//4,v10_medication_atc,OMOP//OMOP_CONCEPT//4307671,dynamic_event,True,,OMOP_CONCEPT,4307671,83670000,Peritoneal cavity structure,AMSTEL,itemid_valueid,high
MEASUREMENT_CATEGORICAL//12623//5,v10_medication_atc,OMOP_CONCEPT//LOINC//3046004,dynamic_event/device_support,True,,LOINC,3046004,33444-1,3046004,AMSTEL,source_code,high
MEASUREMENT_CATEGORICAL//12810//5,v10_medication_atc,OMOP_CONCEPT//LOINC//21491507,dynamic_event,True,,LOINC,21491507,80409-6,21491507,AMSTEL,source_code,high
MEASUREMENT_CATEGORICAL//12809//3,v10_medication_atc,OMOP//OMOP_CONCEPT//37156240,dynamic_event,True,,OMOP_CONCEPT,37156240,1163218009,Pressure injury stage II,AMSTEL,itemid_valueid,high
MEASUREMENT_CATEGORICAL//14444//10,v10_medication_atc,OMOP//OMOP_CONCEPT//45880051,dynamic_event,True,,OMOP_CONCEPT,45880051,LA9343-0,Unresponsive,AMSTEL,itemid_valueid,high
MEASUREMENT_CATEGORICAL//8200//5,v10_medication_atc,OMOP_CONCEPT//LOINC//1989388,dynamic_event,True,,LOINC,1989388,99684-3,1989388,AMSTEL,source_code,high
MEASUREMENT_CATEGORICAL//8189//16,v10_medication_atc,OMOP//OMOP_CONCEPT//45767337,dynamic_event,True,,OMOP_CONCEPT,45767337,704718009,CPAP/BPAP oral mask,AMSTEL,itemid_valueid,high
MEASUREMENT_CATEGORICAL//19639//17,v10_medication_atc,OMOP_CONCEPT//LOINC//3008223,dynamic_event,True,,LOINC,3008223,9268-4,3008223,AMSTEL,source_code,high
MEASUREMENT_CATEGORICAL//10470//12,v10_medication_atc,SNOMED//763892,outcome_metadata,False,,SNOMED,763892,448271000124107,763892,AMSTEL,source_code,high
MEASUREMENT_CATEGORICAL//15172//8,v10_medication_atc,OMOP//OMOP_CONCEPT//46237842,dynamic_event,True,,OMOP_CONCEPT,46237842,LA21629-3,7 - Moderate pain,AMSTEL,itemid_valueid,high
MEASUREMENT_CATEGORICAL//14139//3,v10_medication_atc,OMOP//OMOP_CONCEPT//8870,metadata_only,False,,OMOP_CONCEPT,8870,23,Emergency Room - Hospital,AMSTEL,itemid_valueid,high
MEASUREMENT_CATEGORICAL//8889//4,v10_medication_atc,SNOMED//4239191,dynamic_event,True,,SNOMED,4239191,68187007,4239191,AMSTEL,source_code,high
MEASUREMENT_CATEGORICAL//6671//17,v10_medication_atc,OMOP//OMOP_CONCEPT//4313053,dynamic_event,True,,OMOP_CONCEPT,4313053,423175003,Normal sinus arrhythmia,AMSTEL,itemid_valueid,high
MEASUREMENT_CATEGORICAL//18671//233,v10_medication_atc,OMOP//OMOP_CONCEPT//317576,static_context,True,,OMOP_CONCEPT,317576,53741008,Coronary arteriosclerosis,AMSTEL,itemid_valueid,high
MEASUREMENT_CATEGORICAL//15172//12,v10_medication_atc,OMOP//OMOP_CONCEPT//45880107,dynamic_event,True,,OMOP_CONCEPT,45880107,LA4543-0,45880107,AMSTEL,itemid_valueid,high
MEASUREMENT_CATEGORICAL//10659//1,v10_medication_atc,OMOP//OMOP_CONCEPT//4129930,dynamic_event,True,,OMOP_CONCEPT,4129930,261699009,Before the filter,AMSTEL,itemid_valueid,high
MEASUREMENT_CATEGORICAL//12809//2,v10_medication_atc,OMOP//OMOP_CONCEPT//37156238,dynamic_event,True,,OMOP_CONCEPT,37156238,1163216008,Pressure injury stage I,AMSTEL,itemid_valueid,high
MEASUREMENT_CATEGORICAL//9593//2,v10_medication_atc,OMOP_CONCEPT//LOINC//3024265,dynamic_event,True,,LOINC,3024265,8327-9,3024265,AMSTEL,source_code,high
MEASUREMENT_CATEGORICAL//8832//9,v10_medication_atc,OMOP_CONCEPT//LOINC//3026611,dynamic_event,True,,LOINC,3026611,8641-3,3026611,AMSTEL,source_code,high
MEASUREMENT_CATEGORICAL//8833//9,v10_medication_atc,OMOP_CONCEPT//LOINC//3010321,dynamic_event,True,,LOINC,3010321,8643-9,3010321,AMSTEL,source_code,high
MEASUREMENT_CATEGORICAL//16993//5,v10_medication_atc,OMOP//OMOP_CONCEPT//581383,metadata_only,False,,OMOP_CONCEPT,581383,OMOP4822038,Inpatient Cardiac Care Facility,AMSTEL,itemid_valueid,high
MEASUREMENT_CATEGORICAL//19640//15,v10_medication_atc,OMOP_CONCEPT//LOINC//3009094,dynamic_event,True,,LOINC,3009094,9270-0,3009094,AMSTEL,source_code,high
MEASUREMENT_CATEGORICAL//6735//3,v10_medication_atc,OMOP_CONCEPT//LOINC//3009094,dynamic_event,True,,LOINC,3009094,9270-0,3009094,AMSTEL,source_code,high
MEASUREMENT_CATEGORICAL//8730//9,v10_medication_atc,OMOP//OMOP_CONCEPT//4138674,dynamic_event,True,,OMOP_CONCEPT,4138674,32696007,Structure of right lower leg,AMSTEL,itemid_valueid,high
MEASUREMENT_CATEGORICAL//6658//3,v10_medication_atc,SNOMED//4044874,dynamic_event,True,,SNOMED,4044874,129113006,4044874,AMSTEL,source_code,high
MEASUREMENT_CATEGORICAL//14139//4,v10_medication_atc,OMOP//OMOP_CONCEPT//8717,metadata_only,False,,OMOP_CONCEPT,8717,21,Inpatient Hospital,AMSTEL,itemid_valueid,high
MEASUREMENT_CATEGORICAL//18669//50,v10_medication_atc,OMOP//OMOP_CONCEPT//4112341,static_context,True,,OMOP_CONCEPT,4112341,195647007,Acute respiratory infections,AMSTEL,itemid_valueid,high
MEASUREMENT_CATEGORICAL//8189//2,v10_medication_atc,OMOP//OMOP_CONCEPT//45759142,dynamic_event,True,,OMOP_CONCEPT,45759142,464225001,Oxygen administration nasal catheter,AMSTEL,itemid_valueid,high
MEASUREMENT_CATEGORICAL//13133//8,v10_medication_atc,OMOP//OMOP_CONCEPT//44783658,dynamic_event,True,,OMOP_CONCEPT,44783658,699748007,Cardiorespiratory arrest with successful resuscitation,AMSTEL,itemid_valueid,high
MEASUREMENT_CATEGORICAL//15808//3,v10_medication_atc,OMOP//OMOP_CONCEPT//45877986,dynamic_event,True,,OMOP_CONCEPT,45877986,LA4489-6,Unknown,AMSTEL,itemid_valueid,high
MEASUREMENT_CATEGORICAL//12830//4,v10_medication_atc,OMOP//OMOP_CONCEPT//37156241,dynamic_event,True,,OMOP_CONCEPT,37156241,1163221006,Pressure injury stage III,AMSTEL,itemid_valueid,high
MEASUREMENT_CATEGORICAL//8894//1,v10_medication_atc,OMOP//OMOP_CONCEPT//4088599,dynamic_event,True,,OMOP_CONCEPT,4088599,248602007,No sputum,AMSTEL,itemid_valueid,high
MEASUREMENT_CATEGORICAL//12624//6,v10_medication_atc,OMOP_CONCEPT//LOINC//21491186,dynamic_event/device_support,True,,LOINC,21491186,79562-5,21491186,AMSTEL,source_code,high
MEASUREMENT_CATEGORICAL//6734//4,v10_medication_atc,OMOP_CONCEPT//LOINC//3008223,dynamic_event,True,,LOINC,3008223,9268-4,3008223,AMSTEL,source_code,high
MEASUREMENT_CATEGORICAL//17008//13,v10_medication_atc,OMOP//OMOP_CONCEPT//317576,static_context,True,,OMOP_CONCEPT,317576,53741008,Coronary arteriosclerosis,AMSTEL,itemid_valueid,high
MEASUREMENT_CATEGORICAL//9534//8,v10_medication_atc,OMOP_CONCEPT//LOINC//3004921,dynamic_event,True,,LOINC,3004921,20124-4,3004921,AMSTEL,source_code,high
MEASUREMENT_CATEGORICAL//12623//3,v10_medication_atc,OMOP_CONCEPT//LOINC//3046004,dynamic_event/device_support,True,,LOINC,3046004,33444-1,3046004,AMSTEL,source_code,high
MEASUREMENT_CATEGORICAL//8698//2,v10_medication_atc,OMOP//OMOP_CONCEPT//45878583,dynamic_event,True,,OMOP_CONCEPT,45878583,LA6577-6,Negative,AMSTEL,itemid_valueid,high
MEASUREMENT_CATEGORICAL//19596//2,v10_medication_atc,SNOMED//4178501,metadata_only,False,,SNOMED,4178501,363803005,4178501,AMSTEL,source_code,high
MEASUREMENT_CATEGORICAL//8896//4,v10_medication_atc,OMOP//OMOP_CONCEPT//4080153,dynamic_event,True,,OMOP_CONCEPT,4080153,277903005,Thick sputum,AMSTEL,itemid_valueid,high
MEASUREMENT_CATEGORICAL//16993//6,v10_medication_atc,OMOP//OMOP_CONCEPT//581379,metadata_only,False,,OMOP_CONCEPT,581379,OMOP4822042,Inpatient Critical Care Facility,AMSTEL,itemid_valueid,high
MEASUREMENT_CATEGORICAL//19640//19,v10_medication_atc,OMOP_CONCEPT//LOINC//3009094,dynamic_event,True,,LOINC,3009094,9270-0,3009094,AMSTEL,source_code,high
MEASUREMENT_CATEGORICAL//19638//11,v10_medication_atc,OMOP_CONCEPT//LOINC//3016335,dynamic_event,True,,LOINC,3016335,9267-6,3016335,AMSTEL,source_code,high
MEASUREMENT_CATEGORICAL//8895//11,v10_medication_atc,OMOP//OMOP_CONCEPT//4082813,dynamic_event,True,,OMOP_CONCEPT,4082813,277910004,Brown sputum,AMSTEL,itemid_valueid,high
MEASUREMENT_CATEGORICAL//8692//6,v10_medication_atc,SNOMED//4122997,dynamic_event,True,,SNOMED,4122997,258118009,4122997,AMSTEL,source_code,high
MEASUREMENT_CATEGORICAL//14769//2,v10_medication_atc,SNOMED//4093203,dynamic_event,True,,SNOMED,4093203,249956007,4093203,AMSTEL,source_code,high
MEASUREMENT_CATEGORICAL//8832//6,v10_medication_atc,OMOP_CONCEPT//LOINC//3026611,dynamic_event,True,,LOINC,3026611,8641-3,3026611,AMSTEL,source_code,high
MEASUREMENT_CATEGORICAL//14771//14,v10_medication_atc,SNOMED//4093203,dynamic_event,True,,SNOMED,4093203,249956007,4093203,AMSTEL,source_code,high
MEASUREMENT_CATEGORICAL//14770//8,v10_medication_atc,SNOMED//4093203,dynamic_event,True,,SNOMED,4093203,249956007,4093203,AMSTEL,source_code,high
MEASUREMENT_CATEGORICAL//6671//34,v10_medication_atc,OMOP//OMOP_CONCEPT//4038688,dynamic_event,True,,OMOP_CONCEPT,4038688,11849007,AV junctional rhythm,AMSTEL,itemid_valueid,high
MEASUREMENT_CATEGORICAL//18597//1,v10_medication_atc,OMOP//OMOP_CONCEPT//134057,static_context,True,,OMOP_CONCEPT,134057,49601007,Disorder of cardiovascular system,AMSTEL,itemid_valueid,high
MEASUREMENT_CATEGORICAL//9359//1,v10_medication_atc,OMOP//OMOP_CONCEPT//763006,dynamic_event,True,,OMOP_CONCEPT,763006,434851000124108,Open,AMSTEL,itemid_valueid,high
MEASUREMENT_CATEGORICAL//8696//1,v10_medication_atc,OMOP//OMOP_CONCEPT//45884084,dynamic_event,True,,OMOP_CONCEPT,45884084,LA6576-8,Positive,AMSTEL,itemid_valueid,high
MEASUREMENT_CATEGORICAL//8650//1,v10_medication_atc,OMOP//OMOP_CONCEPT//4161976,metadata_only,False,,OMOP_CONCEPT,4161976,371818002,Patient on intra-aortic balloon pump assist,AMSTEL,itemid_valueid,low
MEASUREMENT_CATEGORICAL//9593//5,v10_medication_atc,OMOP_CONCEPT//LOINC//3024265,dynamic_event,True,,LOINC,3024265,8327-9,3024265,AMSTEL,source_code,high
MEASUREMENT_CATEGORICAL//12560//3,v10_medication_atc,OMOP//OMOP_CONCEPT//45882367,dynamic_event,True,,OMOP_CONCEPT,45882367,LA7337-4,Disconnected,AMSTEL,itemid_valueid,high
MEASUREMENT_CATEGORICAL//12807//1,v10_medication_atc,OMOP//OMOP_CONCEPT//608209,dynamic_event,True,,OMOP_CONCEPT,608209,1157027004,No pressure injury,AMSTEL,itemid_valueid,high
MEASUREMENT_CATEGORICAL//19872//1,v10_medication_atc,OMOP//OMOP_CONCEPT//45876716,metadata_only,False,,OMOP_CONCEPT,45876716,LA14749-8,Glasses,AMSTEL,itemid_valueid,high
MEASUREMENT_CATEGORICAL//18669//49,v10_medication_atc,OMOP//OMOP_CONCEPT//320136,static_context,True,,OMOP_CONCEPT,320136,50043002,Disorder of respiratory system,AMSTEL,itemid_valueid,high
MEASUREMENT_CATEGORICAL//16055//7,v10_medication_atc,OMOP//OMOP_CONCEPT//4116701,dynamic_event,True,,OMOP_CONCEPT,4116701,255345002,Hemorrhagic,AMSTEL,itemid_valueid,high
MEASUREMENT_CATEGORICAL//13397//1,v10_medication_atc,LOINC//40758173,metadata_only,False,,LOINC,40758173,55043-4,40758173,AMSTEL,source_code,high
MEASUREMENT_CATEGORICAL//10697//1,v10_medication_atc,OMOP_CONCEPT//LOINC//3025315,dynamic_event,True,,LOINC,3025315,29463-7,3025315,AMSTEL,source_code,high
MEASUREMENT_CATEGORICAL//12614//3,v10_medication_atc,OMOP//OMOP_CONCEPT//4050374,dynamic_event/device_support,True,,OMOP_CONCEPT,4050374,20922003,Transnasal approach,AMSTEL,itemid_valueid,high
MEASUREMENT_CATEGORICAL//12825//1,v10_medication_atc,OMOP//OMOP_CONCEPT//608209,dynamic_event,True,,OMOP_CONCEPT,608209,1157027004,No pressure injury,AMSTEL,itemid_valueid,high
MEASUREMENT_CATEGORICAL//12826//1,v10_medication_atc,OMOP//OMOP_CONCEPT//608209,dynamic_event,True,,OMOP_CONCEPT,608209,1157027004,No pressure injury,AMSTEL,itemid_valueid,high
MEASUREMENT_CATEGORICAL//10673//1,v10_medication_atc,OMOP_CONCEPT//LOINC//1761496,dynamic_event,True,,LOINC,1761496,100822-6,1761496,AMSTEL,source_code,high
MEASUREMENT_CATEGORICAL//14769//3,v10_medication_atc,SNOMED//4093203,dynamic_event,True,,SNOMED,4093203,249956007,4093203,AMSTEL,source_code,high
MEASUREMENT_CATEGORICAL//18669//37,v10_medication_atc,OMOP//OMOP_CONCEPT//4120088,static_context,True,,OMOP_CONCEPT,4120088,233927002,Cardiac arrest with successful resuscitation,AMSTEL,itemid_valueid,high
MEASUREMENT_CATEGORICAL//8833//6,v10_medication_atc,OMOP_CONCEPT//LOINC//3010321,dynamic_event,True,,LOINC,3010321,8643-9,3010321,AMSTEL,source_code,high
MEASUREMENT_CATEGORICAL//12623//4,v10_medication_atc,OMOP_CONCEPT//LOINC//3046004,dynamic_event/device_support,True,,LOINC,3046004,33444-1,3046004,AMSTEL,source_code,high
MEASUREMENT_CATEGORICAL//12817//1,v10_medication_atc,OMOP//OMOP_CONCEPT//608209,dynamic_event,True,,OMOP_CONCEPT,608209,1157027004,No pressure injury,AMSTEL,itemid_valueid,high
MEASUREMENT_CATEGORICAL//8825//2,v10_medication_atc,OMOP//OMOP_CONCEPT//4023336,dynamic_event,True,,OMOP_CONCEPT,4023336,10626002,Multifocal premature ventricular complexes,AMSTEL,itemid_valueid,high
MEASUREMENT_CATEGORICAL//12623//6,v10_medication_atc,OMOP_CONCEPT//LOINC//3046004,dynamic_event/device_support,True,,LOINC,3046004,33444-1,3046004,AMSTEL,source_code,high
MEASUREMENT_CATEGORICAL//12815//1,v10_medication_atc,OMOP//OMOP_CONCEPT//608209,dynamic_event,True,,OMOP_CONCEPT,608209,1157027004,No pressure injury,AMSTEL,itemid_valueid,high
MEASUREMENT_CATEGORICAL//18671//6,v10_medication_atc,OMOP//OMOP_CONCEPT//4120088,static_context,True,,OMOP_CONCEPT,4120088,233927002,Cardiac arrest with successful resuscitation,AMSTEL,itemid_valueid,high
MEASUREMENT_CATEGORICAL//14772//21,v10_medication_atc,SNOMED//4093203,dynamic_event,True,,SNOMED,4093203,249956007,4093203,AMSTEL,source_code,high
MEASUREMENT_CATEGORICAL//12818//1,v10_medication_atc,OMOP//OMOP_CONCEPT//608209,dynamic_event,True,,OMOP_CONCEPT,608209,1157027004,No pressure injury,AMSTEL,itemid_valueid,high
MEASUREMENT_CATEGORICAL//10589//2,v10_medication_atc,OMOP//OMOP_CONCEPT//45884084,dynamic_event,True,,OMOP_CONCEPT,45884084,LA6576-8,Positive,AMSTEL,itemid_valueid,high
MEASUREMENT_CATEGORICAL//8895//8,v10_medication_atc,OMOP//OMOP_CONCEPT//4287098,dynamic_event,True,,OMOP_CONCEPT,4287098,68423001,Frothy sputum,AMSTEL,itemid_valueid,high
MEASUREMENT_CATEGORICAL//15172//9,v10_medication_atc,OMOP//OMOP_CONCEPT//46237274,dynamic_event,True,,OMOP_CONCEPT,46237274,LA21731-7,8 - Moderate pain,AMSTEL,itemid_valueid,high
MEASUREMENT_CATEGORICAL//14771//15,v10_medication_atc,SNOMED//4093203,dynamic_event,True,,SNOMED,4093203,249956007,4093203,AMSTEL,source_code,high
MEASUREMENT_CATEGORICAL//18669//6,v10_medication_atc,OMOP//OMOP_CONCEPT//4012185,static_context,True,,OMOP_CONCEPT,4012185,112802009,Cardiovascular surgical procedure,AMSTEL,itemid_valueid,high
MEASUREMENT_CATEGORICAL//6671//15,v10_medication_atc,OMOP//OMOP_CONCEPT//4178444,dynamic_event,True,,OMOP_CONCEPT,4178444,50974003,Junctional,AMSTEL,itemid_valueid,high
MEASUREMENT_CATEGORICAL//12827//1,v10_medication_atc,OMOP//OMOP_CONCEPT//608209,dynamic_event,True,,OMOP_CONCEPT,608209,1157027004,No pressure injury,AMSTEL,itemid_valueid,high
MEASUREMENT_CATEGORICAL//19640//17,v10_medication_atc,OMOP_CONCEPT//LOINC//3009094,dynamic_event,True,,LOINC,3009094,9270-0,3009094,AMSTEL,source_code,high
MEASUREMENT_CATEGORICAL//8670//2,v10_medication_atc,OMOP_CONCEPT//LOINC//3004779,dynamic_event,True,,LOINC,3004779,8931-8,3004779,AMSTEL,source_code,high
MEASUREMENT_CATEGORICAL//13134//1,v10_medication_atc,OMOP//OMOP_CONCEPT//255848,dynamic_event,True,,OMOP_CONCEPT,255848,233604007,Pneumonia,AMSTEL,itemid_valueid,high
MEASUREMENT_CATEGORICAL//14770//9,v10_medication_atc,SNOMED//4093203,dynamic_event,True,,SNOMED,4093203,249956007,4093203,AMSTEL,source_code,high
MEASUREMENT_CATEGORICAL//12816//1,v10_medication_atc,OMOP//OMOP_CONCEPT//608209,dynamic_event,True,,OMOP_CONCEPT,608209,1157027004,No pressure injury,AMSTEL,itemid_valueid,high
MEASUREMENT_CATEGORICAL//13116//3,v10_medication_atc,OMOP//OMOP_CONCEPT//314054,dynamic_event,True,,OMOP_CONCEPT,314054,8722008,Aortic valve disorder,AMSTEL,itemid_valueid,high
MEASUREMENT_CATEGORICAL//13943//6,v10_medication_atc,OMOP//OMOP_CONCEPT//4139810,dynamic_event,True,,OMOP_CONCEPT,4139810,263707001,Clear,AMSTEL,itemid_valueid,high
MEASUREMENT_CATEGORICAL//6685//9,v10_medication_atc,OMOP_CONCEPT//LOINC//3004921,dynamic_event,True,,LOINC,3004921,20124-4,3004921,AMSTEL,source_code,high
MEASUREMENT_CATEGORICAL//12832//1,v10_medication_atc,OMOP//OMOP_CONCEPT//608209,dynamic_event,True,,OMOP_CONCEPT,608209,1157027004,No pressure injury,AMSTEL,itemid_valueid,high
MEASUREMENT_CATEGORICAL//14772//20,v10_medication_atc,SNOMED//4093203,dynamic_event,True,,SNOMED,4093203,249956007,4093203,AMSTEL,source_code,high
MEASUREMENT_CATEGORICAL//12831//1,v10_medication_atc,OMOP//OMOP_CONCEPT//608209,dynamic_event,True,,OMOP_CONCEPT,608209,1157027004,No pressure injury,AMSTEL,itemid_valueid,high
MEASUREMENT_CATEGORICAL//6671//25,v10_medication_atc,OMOP//OMOP_CONCEPT//4103295,dynamic_event,True,,OMOP_CONCEPT,4103295,25569003,Ventricular tachycardia,AMSTEL,itemid_valueid,high
MEASUREMENT_CATEGORICAL//12624//4,v10_medication_atc,OMOP_CONCEPT//LOINC//21491186,dynamic_event/device_support,True,,LOINC,21491186,79562-5,21491186,AMSTEL,source_code,high
MEASUREMENT_CATEGORICAL//16993//10,v10_medication_atc,OMOP//OMOP_CONCEPT//8870,metadata_only,False,,OMOP_CONCEPT,8870,23,Emergency Room - Hospital,AMSTEL,itemid_valueid,high
MEASUREMENT_CATEGORICAL//8663//6,v10_medication_atc,OMOP_CONCEPT//LOINC//3024265,dynamic_event,True,,LOINC,3024265,8327-9,3024265,AMSTEL,source_code,high
MEASUREMENT_CATEGORICAL//12821//3,v10_medication_atc,OMOP//OMOP_CONCEPT//37156240,dynamic_event,True,,OMOP_CONCEPT,37156240,1163218009,Pressure injury stage II,AMSTEL,itemid_valueid,high
MEASUREMENT_CATEGORICAL//18669//3,v10_medication_atc,OMOP//OMOP_CONCEPT//4249161,static_context,True,,OMOP_CONCEPT,4249161,73544002,Operation on heart valve,AMSTEL,itemid_valueid,high
MEASUREMENT_CATEGORICAL//12820//1,v10_medication_atc,OMOP//OMOP_CONCEPT//608209,dynamic_event,True,,OMOP_CONCEPT,608209,1157027004,No pressure injury,AMSTEL,itemid_valueid,high
MEASUREMENT_CATEGORICAL//8731//8,v10_medication_atc,OMOP//OMOP_CONCEPT//4169248,dynamic_event,True,,OMOP_CONCEPT,4169248,48979004,Structure of left lower leg,AMSTEL,itemid_valueid,high
MEASUREMENT_CATEGORICAL//8200//2,v10_medication_atc,OMOP_CONCEPT//LOINC//1989388,dynamic_event,True,,LOINC,1989388,99684-3,1989388,AMSTEL,source_code,high
MEASUREMENT_CATEGORICAL//12819//1,v10_medication_atc,OMOP//OMOP_CONCEPT//608209,dynamic_event,True,,OMOP_CONCEPT,608209,1157027004,No pressure injury,AMSTEL,itemid_valueid,high
MEASUREMENT_CATEGORICAL//8899//6,v10_medication_atc,OMOP//OMOP_CONCEPT//4038519,dynamic_event,True,,OMOP_CONCEPT,4038519,11833005,Dry cough,AMSTEL,itemid_valueid,high
MEASUREMENT_CATEGORICAL//12822//3,v10_medication_atc,OMOP//OMOP_CONCEPT//37156240,dynamic_event,True,,OMOP_CONCEPT,37156240,1163218009,Pressure injury stage II,AMSTEL,itemid_valueid,high
MEASUREMENT_CATEGORICAL//8691//7,v10_medication_atc,SNOMED//4122997,dynamic_event,True,,SNOMED,4122997,258118009,4122997,AMSTEL,source_code,high
MEASUREMENT_CATEGORICAL//12614//2,v10_medication_atc,OMOP//OMOP_CONCEPT//4050374,dynamic_event/device_support,True,,OMOP_CONCEPT,4050374,20922003,Transnasal approach,AMSTEL,itemid_valueid,high
MEASUREMENT_CATEGORICAL//8730//5,v10_medication_atc,OMOP//OMOP_CONCEPT//44783500,dynamic_event,True,,OMOP_CONCEPT,44783500,699600004,Structure of retroperitoneal space,AMSTEL,itemid_valueid,high
MEASUREMENT_CATEGORICAL//18597//6,v10_medication_atc,OMOP//OMOP_CONCEPT//4012185,static_context,True,,OMOP_CONCEPT,4012185,112802009,Cardiovascular surgical procedure,AMSTEL,itemid_valueid,high
MEASUREMENT_CATEGORICAL//8663//7,v10_medication_atc,OMOP_CONCEPT//LOINC//3024265,dynamic_event,True,,LOINC,3024265,8327-9,3024265,AMSTEL,source_code,high
MEASUREMENT_CATEGORICAL//8825//7,v10_medication_atc,OMOP//OMOP_CONCEPT//4088505,dynamic_event,True,,OMOP_CONCEPT,4088505,251180001,Ventricular trigeminy,AMSTEL,itemid_valueid,high
MEASUREMENT_CATEGORICAL//13134//4,v10_medication_atc,OMOP//OMOP_CONCEPT//4256228,dynamic_event,True,,OMOP_CONCEPT,4256228,409622000,Respiratory failure,AMSTEL,itemid_valueid,high
MEASUREMENT_CATEGORICAL//10702//1,v10_medication_atc,OMOP_CONCEPT//LOINC//42527659,dynamic_event,True,,LOINC,42527659,83844-1,42527659,AMSTEL,source_code,high
MEASUREMENT_CATEGORICAL//13116//10,v10_medication_atc,OMOP//OMOP_CONCEPT//317576,dynamic_event,True,,OMOP_CONCEPT,317576,53741008,Coronary arteriosclerosis,AMSTEL,itemid_valueid,high
MEASUREMENT_CATEGORICAL//13943//7,v10_medication_atc,OMOP//OMOP_CONCEPT//4159775,dynamic_event,True,,OMOP_CONCEPT,4159775,371243003,Pink color,AMSTEL,itemid_valueid,high
MEASUREMENT_CATEGORICAL//10697//2,v10_medication_atc,OMOP_CONCEPT//LOINC//3025315,dynamic_event,True,,LOINC,3025315,29463-7,3025315,AMSTEL,source_code,high
MEASUREMENT_CATEGORICAL//8670//1,v10_medication_atc,OMOP_CONCEPT//LOINC//3004779,dynamic_event,True,,LOINC,3004779,8931-8,3004779,AMSTEL,source_code,high
MEASUREMENT_CATEGORICAL//9233//10,v10_medication_atc,SNOMED//4287468,dynamic_event,True,,SNOMED,4287468,397155001,4287468,AMSTEL,source_code,high
MEASUREMENT_CATEGORICAL//6671//22,v10_medication_atc,OMOP//OMOP_CONCEPT//4275423,dynamic_event,True,,OMOP_CONCEPT,4275423,6456007,Supraventricular tachycardia,AMSTEL,itemid_valueid,high
MEASUREMENT_CATEGORICAL//8897//3,v10_medication_atc,SNOMED//4337734,dynamic_event,True,,SNOMED,4337734,232704006,4337734,AMSTEL,source_code,high
MEASUREMENT_CATEGORICAL//8732//4,v10_medication_atc,OMOP//OMOP_CONCEPT//4027911,dynamic_event,True,,OMOP_CONCEPT,4027911,127952008,Structure of peritoneal fold,AMSTEL,itemid_valueid,high
MEASUREMENT_CATEGORICAL//8654//2,v10_medication_atc,OMOP//OMOP_CONCEPT//4103200,metadata_only,False,,OMOP_CONCEPT,4103200,301151001,Peripheral pulse present,AMSTEL,itemid_valueid,low
MEASUREMENT_CATEGORICAL//12624//5,v10_medication_atc,OMOP_CONCEPT//LOINC//21491186,dynamic_event/device_support,True,,LOINC,21491186,79562-5,21491186,AMSTEL,source_code,high
MEASUREMENT_CATEGORICAL//16675//5,v10_medication_atc,OMOP//OMOP_CONCEPT//9189,dynamic_event,True,,OMOP_CONCEPT,9189,260385009,Negative,AMSTEL,itemid_valueid,high
MEASUREMENT_CATEGORICAL//15142//1,v10_medication_atc,OMOP_CONCEPT//LOINC//3041564,dynamic_event,True,,LOINC,3041564,52042-9,3041564,AMSTEL,source_code,high
MEASUREMENT_CATEGORICAL//13944//3,v10_medication_atc,OMOP//OMOP_CONCEPT//763006,dynamic_event,True,,OMOP_CONCEPT,763006,434851000124108,Open,AMSTEL,itemid_valueid,high
MEASUREMENT_CATEGORICAL//8730//7,v10_medication_atc,OMOP//OMOP_CONCEPT//4008238,dynamic_event,True,,OMOP_CONCEPT,4008238,11207009,Structure of right thigh,AMSTEL,itemid_valueid,high
MEASUREMENT_CATEGORICAL//19239//2,v10_medication_atc,OMOP//OMOP_CONCEPT//45884084,dynamic_event,True,,OMOP_CONCEPT,45884084,LA6576-8,Positive,AMSTEL,itemid_valueid,high
MEASUREMENT_CATEGORICAL//13410//3,v10_medication_atc,LOINC//40758173,metadata_only,False,,LOINC,40758173,55043-4,40758173,AMSTEL,source_code,high
MEASUREMENT_CATEGORICAL//12827//2,v10_medication_atc,OMOP//OMOP_CONCEPT//37156238,dynamic_event,True,,OMOP_CONCEPT,37156238,1163216008,Pressure injury stage I,AMSTEL,itemid_valueid,high
MEASUREMENT_CATEGORICAL//13066//1,v10_medication_atc,OMOP_CONCEPT//LOINC//3013144,dynamic_event,True,,LOINC,3013144,11326-6,3013144,AMSTEL,source_code,high
MEASUREMENT_CATEGORICAL//8730//1,v10_medication_atc,OMOP//OMOP_CONCEPT//4207210,dynamic_event,True,,OMOP_CONCEPT,4207210,53843000,Structure of rectouterine pouch,AMSTEL,itemid_valueid,high
MEASUREMENT_CATEGORICAL//20351//1,v10_medication_atc,OMOP//OMOP_CONCEPT//373995,metadata_only,False,,OMOP_CONCEPT,373995,2776000,Delirium,AMSTEL,itemid_valueid,low
MEASUREMENT_CATEGORICAL//8896//1,v10_medication_atc,OMOP//OMOP_CONCEPT//4174288,dynamic_event,True,,OMOP_CONCEPT,4174288,277904004,Thin sputum,AMSTEL,itemid_valueid,high
MEASUREMENT_CATEGORICAL//13410//2,v10_medication_atc,LOINC//40758173,metadata_only,False,,LOINC,40758173,55043-4,40758173,AMSTEL,source_code,high
MEASUREMENT_CATEGORICAL//6685//10,v10_medication_atc,OMOP_CONCEPT//LOINC//3004921,dynamic_event,True,,LOINC,3004921,20124-4,3004921,AMSTEL,source_code,high
MEASUREMENT_CATEGORICAL//12751//2,v10_medication_atc,SNOMED//4097216,dynamic_event/device_support,True,,SNOMED,4097216,26412008,4097216,AMSTEL,source_code,high
MEASUREMENT_CATEGORICAL//8730//16,v10_medication_atc,OMOP//OMOP_CONCEPT//4014996,dynamic_event,True,,OMOP_CONCEPT,4014996,170303002,Structure of right half of neck,AMSTEL,itemid_valueid,high
MEASUREMENT_CATEGORICAL//19635//5,v10_medication_atc,OMOP_CONCEPT//LOINC//3016335,dynamic_event,True,,LOINC,3016335,9267-6,3016335,AMSTEL,source_code,high
MEASUREMENT_CATEGORICAL//12809//4,v10_medication_atc,OMOP//OMOP_CONCEPT//37156241,dynamic_event,True,,OMOP_CONCEPT,37156241,1163221006,Pressure injury stage III,AMSTEL,itemid_valueid,high
MEASUREMENT_CATEGORICAL//16993//11,v10_medication_atc,OMOP//OMOP_CONCEPT//8717,metadata_only,False,,OMOP_CONCEPT,8717,21,Inpatient Hospital,AMSTEL,itemid_valueid,high
MEASUREMENT_CATEGORICAL//12810//2,v10_medication_atc,OMOP_CONCEPT//LOINC//21491507,dynamic_event,True,,LOINC,21491507,80409-6,21491507,AMSTEL,source_code,high
MEASUREMENT_CATEGORICAL//12833//1,v10_medication_atc,OMOP//OMOP_CONCEPT//608209,dynamic_event,True,,OMOP_CONCEPT,608209,1157027004,No pressure injury,AMSTEL,itemid_valueid,high
MEASUREMENT_CATEGORICAL//14577//2,v10_medication_atc,SNOMED//4202832,dynamic_event,True,,SNOMED,4202832,52765003,4202832,AMSTEL,source_code,high
MEASUREMENT_CATEGORICAL//16628//8,v10_medication_atc,OMOP_CONCEPT//LOINC//3026019,dynamic_event,True,,LOINC,3026019,11324-1,3026019,AMSTEL,source_code,high
MEASUREMENT_CATEGORICAL//16634//12,v10_medication_atc,OMOP_CONCEPT//LOINC//3026549,dynamic_event,True,,LOINC,3026549,11325-8,3026549,AMSTEL,source_code,high
MEASUREMENT_CATEGORICAL//12810//6,v10_medication_atc,OMOP_CONCEPT//LOINC//21491507,dynamic_event,True,,LOINC,21491507,80409-6,21491507,AMSTEL,source_code,high
MEASUREMENT_CATEGORICAL//12623//7,v10_medication_atc,OMOP_CONCEPT//LOINC//3046004,dynamic_event/device_support,True,,LOINC,3046004,33444-1,3046004,AMSTEL,source_code,high
MEASUREMENT_CATEGORICAL//10702//3,v10_medication_atc,OMOP_CONCEPT//LOINC//42527659,dynamic_event,True,,LOINC,42527659,83844-1,42527659,AMSTEL,source_code,high
MEASUREMENT_CATEGORICAL//16640//10,v10_medication_atc,OMOP_CONCEPT//LOINC//3013144,dynamic_event,True,,LOINC,3013144,11326-6,3013144,AMSTEL,source_code,high
MEASUREMENT_CATEGORICAL//18669//35,v10_medication_atc,OMOP//OMOP_CONCEPT//132797,static_context,True,,OMOP_CONCEPT,132797,91302008,Sepsis,AMSTEL,itemid_valueid,high
MEASUREMENT_CATEGORICAL//8730//17,v10_medication_atc,OMOP//OMOP_CONCEPT//4300776,dynamic_event,True,,OMOP_CONCEPT,4300776,77568009,Structure of back of trunk,AMSTEL,itemid_valueid,high
MEASUREMENT_CATEGORICAL//13077//1,v10_medication_atc,OMOP_CONCEPT//LOINC//3026019,dynamic_event,True,,LOINC,3026019,11324-1,3026019,AMSTEL,source_code,high
MEASUREMENT_CATEGORICAL//8899//5,v10_medication_atc,OMOP//OMOP_CONCEPT//4038519,dynamic_event,True,,OMOP_CONCEPT,4038519,11833005,Dry cough,AMSTEL,itemid_valueid,high
MEASUREMENT_CATEGORICAL//12132//1,v10_medication_atc,SNOMED//4152283,dynamic_event,True,,SNOMED,4152283,370157003,4152283,AMSTEL,source_code,high
MEASUREMENT_CATEGORICAL//14771//18,v10_medication_atc,SNOMED//4093203,dynamic_event,True,,SNOMED,4093203,249956007,4093203,AMSTEL,source_code,high
MEASUREMENT_CATEGORICAL//12613//2,v10_medication_atc,OMOP_CONCEPT//LOINC//3015853,dynamic_event/device_support,True,,LOINC,3015853,9036-5,3015853,AMSTEL,source_code,high
MEASUREMENT_CATEGORICAL//14772//24,v10_medication_atc,SNOMED//4093203,dynamic_event,True,,SNOMED,4093203,249956007,4093203,AMSTEL,source_code,high
MEASUREMENT_CATEGORICAL//13121//4,v10_medication_atc,OMOP//OMOP_CONCEPT//4112603,dynamic_event,True,,OMOP_CONCEPT,4112603,254533000,"Tumor of esophagus, stomach and duodenum",AMSTEL,itemid_valueid,high
MEASUREMENT_CATEGORICAL//6671//12,v10_medication_atc,OMOP//OMOP_CONCEPT//4171269,dynamic_event,True,,OMOP_CONCEPT,4171269,276796006,Atrial tachycardia,AMSTEL,itemid_valueid,high
MEASUREMENT_CATEGORICAL//8730//6,v10_medication_atc,OMOP//OMOP_CONCEPT//4264018,dynamic_event,True,,OMOP_CONCEPT,4264018,61396006,Structure of left thigh,AMSTEL,itemid_valueid,high
MEASUREMENT_CATEGORICAL//12824//1,v10_medication_atc,OMOP//OMOP_CONCEPT//608209,dynamic_event,True,,OMOP_CONCEPT,608209,1157027004,No pressure injury,AMSTEL,itemid_valueid,high
MEASUREMENT_CATEGORICAL//8896//5,v10_medication_atc,OMOP//OMOP_CONCEPT//4174287,metadata_only,False,,OMOP_CONCEPT,4174287,277902000,Stringy sputum,AMSTEL,itemid_valueid,low
MEASUREMENT_CATEGORICAL//9233//11,v10_medication_atc,OMOP//OMOP_CONCEPT//4132147,dynamic_event,True,,OMOP_CONCEPT,4132147,26527006,Inverse Trendelenburg position,AMSTEL,itemid_valueid,high
MEASUREMENT_CATEGORICAL//12130//1,v10_medication_atc,OMOP//OMOP_CONCEPT//21499119,metadata_only,False,,OMOP_CONCEPT,21499119,LA24308-1,Transfer from a different hospital,AMSTEL,itemid_valueid,high
MEASUREMENT_CATEGORICAL//12834//1,v10_medication_atc,OMOP//OMOP_CONCEPT//608209,dynamic_event,True,,OMOP_CONCEPT,608209,1157027004,No pressure injury,AMSTEL,itemid_valueid,high
MEASUREMENT_CATEGORICAL//12827//3,v10_medication_atc,OMOP//OMOP_CONCEPT//37156240,dynamic_event,True,,OMOP_CONCEPT,37156240,1163218009,Pressure injury stage II,AMSTEL,itemid_valueid,high
MEASUREMENT_CATEGORICAL//8693//3,v10_medication_atc,SNOMED//4122997,dynamic_event,True,,SNOMED,4122997,258118009,4122997,AMSTEL,source_code,high
MEASUREMENT_CATEGORICAL//8654//1,v10_medication_atc,OMOP//OMOP_CONCEPT//4116641,metadata_only,False,,OMOP_CONCEPT,4116641,301146007,Peripheral pulse palpable,AMSTEL,itemid_valueid,low
MEASUREMENT_CATEGORICAL//14769//6,v10_medication_atc,SNOMED//4093203,dynamic_event,True,,SNOMED,4093203,249956007,4093203,AMSTEL,source_code,high
MEASUREMENT_CATEGORICAL//18671//163,v10_medication_atc,OMOP//OMOP_CONCEPT//257315,static_context,True,,OMOP_CONCEPT,257315,53084003,Bacterial pneumonia,AMSTEL,itemid_valueid,high
MEASUREMENT_CATEGORICAL//10470//3,v10_medication_atc,SNOMED//763892,outcome_metadata,False,,SNOMED,763892,448271000124107,763892,AMSTEL,source_code,high
MEASUREMENT_CATEGORICAL//13130//5,v10_medication_atc,OMOP//OMOP_CONCEPT//4041193,dynamic_event,True,,OMOP_CONCEPT,4041193,16545005,Operation on nervous system,AMSTEL,itemid_valueid,high
MEASUREMENT_CATEGORICAL//8730//2,v10_medication_atc,OMOP//OMOP_CONCEPT//4164795,dynamic_event,True,,OMOP_CONCEPT,4164795,40954003,Structure of subhepatic region,AMSTEL,itemid_valueid,high
MEASUREMENT_CATEGORICAL//12611//3,v10_medication_atc,OMOP_CONCEPT//LOINC//3016384,dynamic_event/device_support,True,,LOINC,3016384,9037-3,3016384,AMSTEL,source_code,high
MEASUREMENT_CATEGORICAL//12828//1,v10_medication_atc,OMOP//OMOP_CONCEPT//608209,dynamic_event,True,,OMOP_CONCEPT,608209,1157027004,No pressure injury,AMSTEL,itemid_valueid,high
MEASUREMENT_CATEGORICAL//8189//11,v10_medication_atc,OMOP//OMOP_CONCEPT//4044008,dynamic_event,True,,OMOP_CONCEPT,4044008,129121000,Tracheostomy tube,AMSTEL,itemid_valueid,high
MEASUREMENT_CATEGORICAL//18669//44,v10_medication_atc,OMOP//OMOP_CONCEPT//376337,static_context,True,,OMOP_CONCEPT,376337,118940003,Disorder of nervous system,AMSTEL,itemid_valueid,high
MEASUREMENT_CATEGORICAL//19636//7,v10_medication_atc,OMOP_CONCEPT//LOINC//3008223,dynamic_event,True,,LOINC,3008223,9268-4,3008223,AMSTEL,source_code,high
MEASUREMENT_CATEGORICAL//18597//3,v10_medication_atc,OMOP//OMOP_CONCEPT//4249161,static_context,True,,OMOP_CONCEPT,4249161,73544002,Operation on heart valve,AMSTEL,itemid_valueid,high
MEASUREMENT_CATEGORICAL//14444//3,v10_medication_atc,OMOP//OMOP_CONCEPT//46237198,dynamic_event,True,,OMOP_CONCEPT,46237198,LA6150-2,Agitation,AMSTEL,itemid_valueid,high
MEASUREMENT_CATEGORICAL//18669//45,v10_medication_atc,OMOP//OMOP_CONCEPT//375415,static_context,True,,OMOP_CONCEPT,375415,82271004,Injury of head,AMSTEL,itemid_valueid,high
MEASUREMENT_CATEGORICAL//19288//1,v10_medication_atc,OMOP//OMOP_CONCEPT//45884084,dynamic_event,True,,OMOP_CONCEPT,45884084,LA6576-8,Positive,AMSTEL,itemid_valueid,high
MEASUREMENT_CATEGORICAL//12829//1,v10_medication_atc,OMOP//OMOP_CONCEPT//608209,dynamic_event,True,,OMOP_CONCEPT,608209,1157027004,No pressure injury,AMSTEL,itemid_valueid,high
MEASUREMENT_CATEGORICAL//13124//1,v10_medication_atc,OMOP//OMOP_CONCEPT//4096313,dynamic_event,True,,OMOP_CONCEPT,4096313,262519004,Multiple injuries,AMSTEL,itemid_valueid,high
MEASUREMENT_CATEGORICAL//19639//16,v10_medication_atc,OMOP_CONCEPT//LOINC//3008223,dynamic_event,True,,LOINC,3008223,9268-4,3008223,AMSTEL,source_code,high
MEASUREMENT_CATEGORICAL//19637//10,v10_medication_atc,OMOP_CONCEPT//LOINC//3009094,dynamic_event,True,,LOINC,3009094,9270-0,3009094,AMSTEL,source_code,high
MEASUREMENT_CATEGORICAL//8693//4,v10_medication_atc,SNOMED//4122997,dynamic_event,True,,SNOMED,4122997,258118009,4122997,AMSTEL,source_code,high
MEASUREMENT_CATEGORICAL//15142//2,v10_medication_atc,OMOP_CONCEPT//LOINC//3041564,dynamic_event,True,,LOINC,3041564,52042-9,3041564,AMSTEL,source_code,high
MEASUREMENT_CATEGORICAL//12823//1,v10_medication_atc,OMOP//OMOP_CONCEPT//608209,dynamic_event,True,,OMOP_CONCEPT,608209,1157027004,No pressure injury,AMSTEL,itemid_valueid,high
MEASUREMENT_CATEGORICAL//13072//1,v10_medication_atc,OMOP_CONCEPT//LOINC//3026549,dynamic_event,True,,LOINC,3026549,11325-8,3026549,AMSTEL,source_code,high
MEASUREMENT_CATEGORICAL//18669//10,v10_medication_atc,OMOP//OMOP_CONCEPT//4130373,static_context,True,,OMOP_CONCEPT,4130373,126768004,Neoplasm of gastrointestinal tract,AMSTEL,itemid_valueid,high
MEASUREMENT_CATEGORICAL//6671//3,v10_medication_atc,OMOP//OMOP_CONCEPT//318448,dynamic_event,True,,OMOP_CONCEPT,318448,195042002,Second degree atrioventricular block,AMSTEL,itemid_valueid,high
MEASUREMENT_CATEGORICAL//14770//12,v10_medication_atc,SNOMED//4093203,dynamic_event,True,,SNOMED,4093203,249956007,4093203,AMSTEL,source_code,high
MEASUREMENT_CATEGORICAL//15149//2,v10_medication_atc,SNOMED//4131228,metadata_only,False,,SNOMED,4131228,410400002,4131228,AMSTEL,source_code,high
MEASUREMENT_CATEGORICAL//8832//7,v10_medication_atc,OMOP_CONCEPT//LOINC//3026611,dynamic_event,True,,LOINC,3026611,8641-3,3026611,AMSTEL,source_code,high
MEASUREMENT_CATEGORICAL//18669//38,v10_medication_atc,OMOP//OMOP_CONCEPT//4000610,static_context,True,,OMOP_CONCEPT,4000610,119292006,Disorder of gastrointestinal tract,AMSTEL,itemid_valueid,high
MEASUREMENT_CATEGORICAL//12615//2,v10_medication_atc,OMOP_CONCEPT//LOINC//3016384,dynamic_event/device_support,True,,LOINC,3016384,9037-3,3016384,AMSTEL,source_code,high
MEASUREMENT_CATEGORICAL//18669//12,v10_medication_atc,OMOP//OMOP_CONCEPT//4129389,static_context,True,,OMOP_CONCEPT,4129389,126765001,Gastrointestinal obstruction,AMSTEL,itemid_valueid,high
MEASUREMENT_CATEGORICAL//13124//2,v10_medication_atc,OMOP//OMOP_CONCEPT//4096313,dynamic_event,True,,OMOP_CONCEPT,4096313,262519004,Multiple injuries,AMSTEL,itemid_valueid,high
MEASUREMENT_CATEGORICAL//8731//5,v10_medication_atc,OMOP//OMOP_CONCEPT//44783500,dynamic_event,True,,OMOP_CONCEPT,44783500,699600004,Structure of retroperitoneal space,AMSTEL,itemid_valueid,high
MEASUREMENT_CATEGORICAL//10589//1,v10_medication_atc,OMOP//OMOP_CONCEPT//45878583,dynamic_event,True,,OMOP_CONCEPT,45878583,LA6577-6,Negative,AMSTEL,itemid_valueid,high
MEASUREMENT_CATEGORICAL//6671//4,v10_medication_atc,OMOP//OMOP_CONCEPT//320744,dynamic_event,True,,OMOP_CONCEPT,320744,27885002,Complete atrioventricular block,AMSTEL,itemid_valueid,high
MEASUREMENT_CATEGORICAL//8693//2,v10_medication_atc,OMOP//OMOP_CONCEPT//4035566,dynamic_event,True,,OMOP_CONCEPT,4035566,117444000,Text value,AMSTEL,itemid_valueid,high
MEASUREMENT_CATEGORICAL//18668//1,v10_medication_atc,LOINC//40761433,outcome_metadata,False,,LOINC,40761433,58332-8,40761433,AMSTEL,source_code,high
MEASUREMENT_CATEGORICAL//18669//20,v10_medication_atc,OMOP//OMOP_CONCEPT//375415,static_context,True,,OMOP_CONCEPT,375415,82271004,Injury of head,AMSTEL,itemid_valueid,high
MEASUREMENT_CATEGORICAL//8200//4,v10_medication_atc,OMOP_CONCEPT//LOINC//1989388,dynamic_event,True,,LOINC,1989388,99684-3,1989388,AMSTEL,source_code,high
MEASUREMENT_CATEGORICAL//16993//7,v10_medication_atc,OMOP//OMOP_CONCEPT//581379,metadata_only,False,,OMOP_CONCEPT,581379,OMOP4822042,Inpatient Critical Care Facility,AMSTEL,itemid_valueid,high
MEASUREMENT_CATEGORICAL//18669//21,v10_medication_atc,OMOP//OMOP_CONCEPT//4019540,static_context,True,,OMOP_CONCEPT,4019540,10458001,Evacuation of intracerebral hematoma,AMSTEL,itemid_valueid,high
MEASUREMENT_CATEGORICAL//12826//2,v10_medication_atc,OMOP//OMOP_CONCEPT//37156238,dynamic_event,True,,OMOP_CONCEPT,37156238,1163216008,Pressure injury stage I,AMSTEL,itemid_valueid,high
MEASUREMENT_CATEGORICAL//19638//10,v10_medication_atc,OMOP_CONCEPT//LOINC//3016335,dynamic_event,True,,LOINC,3016335,9267-6,3016335,AMSTEL,source_code,high
MEASUREMENT_CATEGORICAL//12816//2,v10_medication_atc,OMOP//OMOP_CONCEPT//37156238,dynamic_event,True,,OMOP_CONCEPT,37156238,1163216008,Pressure injury stage I,AMSTEL,itemid_valueid,high
MEASUREMENT_CATEGORICAL//12830//6,v10_medication_atc,OMOP//OMOP_CONCEPT//37156242,dynamic_event,True,,OMOP_CONCEPT,37156242,1163223009,Pressure injury stage IV,AMSTEL,itemid_valueid,high
MEASUREMENT_CATEGORICAL//16448//9,v10_medication_atc,SNOMED//4052413,dynamic_event/device_support,True,,SNOMED,4052413,233527006,4052413,AMSTEL,source_code,high
MEASUREMENT_CATEGORICAL//16056//9,v10_medication_atc,OMOP//OMOP_CONCEPT//4105064,dynamic_event,True,,OMOP_CONCEPT,4105064,256913008,Serous,AMSTEL,itemid_valueid,high
MEASUREMENT_CATEGORICAL//13121//5,v10_medication_atc,OMOP//OMOP_CONCEPT//193242,dynamic_event,True,,OMOP_CONCEPT,193242,56905009,Perforation of intestine,AMSTEL,itemid_valueid,high
MEASUREMENT_CATEGORICAL//8652//3,v10_medication_atc,OMOP//OMOP_CONCEPT//604316,dynamic_event,True,,OMOP_CONCEPT,604316,879860009,Absence of pulse in right foot,AMSTEL,itemid_valueid,high
MEASUREMENT_CATEGORICAL//18669//4,v10_medication_atc,OMOP//OMOP_CONCEPT//321052,static_context,True,,OMOP_CONCEPT,321052,400047006,Peripheral vascular disease,AMSTEL,itemid_valueid,high
MEASUREMENT_CATEGORICAL//12109//2,v10_medication_atc,LOINC//36203284,metadata_only,False,,LOINC,36203284,85432-3,36203284,AMSTEL,source_code,high
MEASUREMENT_CATEGORICAL//19243//9,v10_medication_atc,OMOP//OMOP_CONCEPT//45878583,dynamic_event,True,,OMOP_CONCEPT,45878583,LA6577-6,Negative,AMSTEL,itemid_valueid,high
MEASUREMENT_CATEGORICAL//16998//6,v10_medication_atc,OMOP//OMOP_CONCEPT//44783658,static_context,True,,OMOP_CONCEPT,44783658,699748007,Cardiorespiratory arrest with successful resuscitation,AMSTEL,itemid_valueid,high
MEASUREMENT_CATEGORICAL//7672//1,v10_medication_atc,OMOP_CONCEPT//LOINC//1988427,dynamic_event,True,,LOINC,1988427,99733-8,1988427,AMSTEL,source_code,high
MEASUREMENT_CATEGORICAL//8651//3,v10_medication_atc,OMOP//OMOP_CONCEPT//4226246,dynamic_event,True,,OMOP_CONCEPT,4226246,422163002,Foot pulse absent,AMSTEL,itemid_valueid,high
MEASUREMENT_CATEGORICAL//8731//9,v10_medication_atc,OMOP//OMOP_CONCEPT//4138674,dynamic_event,True,,OMOP_CONCEPT,4138674,32696007,Structure of right lower leg,AMSTEL,itemid_valueid,high
MEASUREMENT_CATEGORICAL//6671//26,v10_medication_atc,OMOP//OMOP_CONCEPT//4321877,dynamic_event,True,,OMOP_CONCEPT,4321877,991002,Wide QRS complex,AMSTEL,itemid_valueid,high
MEASUREMENT_CATEGORICAL//12825//2,v10_medication_atc,OMOP//OMOP_CONCEPT//37156238,dynamic_event,True,,OMOP_CONCEPT,37156238,1163216008,Pressure injury stage I,AMSTEL,itemid_valueid,high
MEASUREMENT_CATEGORICAL//15708//1,v10_medication_atc,SNOMED//4199531,metadata_only,False,,SNOMED,4199531,432138007,4199531,AMSTEL,source_code,high
MEASUREMENT_CATEGORICAL//18671//231,v10_medication_atc,OMOP//OMOP_CONCEPT//314054,static_context,True,,OMOP_CONCEPT,314054,8722008,Aortic valve disorder,AMSTEL,itemid_valueid,high
MEASUREMENT_CATEGORICAL//19640//18,v10_medication_atc,OMOP_CONCEPT//LOINC//3009094,dynamic_event,True,,LOINC,3009094,9270-0,3009094,AMSTEL,source_code,high
MEASUREMENT_CATEGORICAL//18589//11,v10_medication_atc,OMOP//OMOP_CONCEPT//44783658,static_context,True,,OMOP_CONCEPT,44783658,699748007,Cardiorespiratory arrest with successful resuscitation,AMSTEL,itemid_valueid,high
MEASUREMENT_CATEGORICAL//16993//15,v10_medication_atc,OMOP//OMOP_CONCEPT//581476,metadata_only,False,,OMOP_CONCEPT,581476,OMOP4822459,Home Visit,AMSTEL,itemid_valueid,high
MEASUREMENT_CATEGORICAL//8833//7,v10_medication_atc,OMOP_CONCEPT//LOINC//3010321,dynamic_event,True,,LOINC,3010321,8643-9,3010321,AMSTEL,source_code,high
MEASUREMENT_CATEGORICAL//7672//2,v10_medication_atc,OMOP_CONCEPT//LOINC//1988427,dynamic_event,True,,LOINC,1988427,99733-8,1988427,AMSTEL,source_code,high
MEASUREMENT_CATEGORICAL//19596//1,v10_medication_atc,SNOMED//4178501,metadata_only,False,,SNOMED,4178501,363803005,4178501,AMSTEL,source_code,high
MEASUREMENT_CATEGORICAL//13120//1,v10_medication_atc,OMOP//OMOP_CONCEPT//4027369,dynamic_event,True,,OMOP_CONCEPT,4027369,128052008,Vascular disease of abdomen,AMSTEL,itemid_valueid,high
MEASUREMENT_CATEGORICAL//19291//10,v10_medication_atc,OMOP//OMOP_CONCEPT//45884084,dynamic_event,True,,OMOP_CONCEPT,45884084,LA6576-8,Positive,AMSTEL,itemid_valueid,high
MEASUREMENT_CATEGORICAL//12826//3,v10_medication_atc,OMOP//OMOP_CONCEPT//37156240,dynamic_event,True,,OMOP_CONCEPT,37156240,1163218009,Pressure injury stage II,AMSTEL,itemid_valueid,high
MEASUREMENT_CATEGORICAL//18669//18,v10_medication_atc,OMOP//OMOP_CONCEPT//376337,static_context,True,,OMOP_CONCEPT,376337,118940003,Disorder of nervous system,AMSTEL,itemid_valueid,high
MEASUREMENT_CATEGORICAL//18595//1,v10_medication_atc,OMOP//OMOP_CONCEPT//320136,static_context,True,,OMOP_CONCEPT,320136,50043002,Disorder of respiratory system,AMSTEL,itemid_valueid,high
MEASUREMENT_CATEGORICAL//12627//4,v10_medication_atc,OMOP_CONCEPT//LOINC//36305611,dynamic_event,True,,LOINC,36305611,89086-3,36305611,AMSTEL,source_code,high
MEASUREMENT_CATEGORICAL//18669//19,v10_medication_atc,OMOP//OMOP_CONCEPT//40490927,static_context,True,,OMOP_CONCEPT,40490927,447107001,Craniotomy and excision of neoplasm of brain,AMSTEL,itemid_valueid,high
MEASUREMENT_CATEGORICAL//13078//1,v10_medication_atc,SNOMED//37154585,dynamic_event,True,,SNOMED,37154585,1269557005,37154585,AMSTEL,source_code,high
MEASUREMENT_CATEGORICAL//8730//15,v10_medication_atc,OMOP//OMOP_CONCEPT//4015940,dynamic_event,True,,OMOP_CONCEPT,4015940,170583000,Structure of left half of neck,AMSTEL,itemid_valueid,high
MEASUREMENT_CATEGORICAL//12815//2,v10_medication_atc,OMOP//OMOP_CONCEPT//37156238,dynamic_event,True,,OMOP_CONCEPT,37156238,1163216008,Pressure injury stage I,AMSTEL,itemid_valueid,high
MEASUREMENT_CATEGORICAL//13136//5,v10_medication_atc,OMOP//OMOP_CONCEPT//432250,dynamic_event,True,,OMOP_CONCEPT,432250,40733004,Infectious disease,AMSTEL,itemid_valueid,high
MEASUREMENT_CATEGORICAL//12821//4,v10_medication_atc,OMOP//OMOP_CONCEPT//37156241,dynamic_event,True,,OMOP_CONCEPT,37156241,1163221006,Pressure injury stage III,AMSTEL,itemid_valueid,high
MEASUREMENT_CATEGORICAL//16993//16,v10_medication_atc,SNOMED//4144257,metadata_only,False,,SNOMED,4144257,266751003,4144257,AMSTEL,source_code,high
MEASUREMENT_CATEGORICAL//19241//6,v10_medication_atc,OMOP//OMOP_CONCEPT//45884084,dynamic_event,True,,OMOP_CONCEPT,45884084,LA6576-8,Positive,AMSTEL,itemid_valueid,high
MEASUREMENT_CATEGORICAL//13133//4,v10_medication_atc,OMOP//OMOP_CONCEPT//319835,dynamic_event,True,,OMOP_CONCEPT,319835,42343007,Congestive heart failure,AMSTEL,itemid_valueid,high
MEASUREMENT_CATEGORICAL//12825//3,v10_medication_atc,OMOP//OMOP_CONCEPT//37156240,dynamic_event,True,,OMOP_CONCEPT,37156240,1163218009,Pressure injury stage II,AMSTEL,itemid_valueid,high
MEASUREMENT_CATEGORICAL//18669//23,v10_medication_atc,OMOP//OMOP_CONCEPT//320136,static_context,True,,OMOP_CONCEPT,320136,50043002,Disorder of respiratory system,AMSTEL,itemid_valueid,high
MEASUREMENT_CATEGORICAL//8731//1,v10_medication_atc,OMOP//OMOP_CONCEPT//4207210,dynamic_event,True,,OMOP_CONCEPT,4207210,53843000,Structure of rectouterine pouch,AMSTEL,itemid_valueid,high
MEASUREMENT_CATEGORICAL//13116//12,v10_medication_atc,OMOP//OMOP_CONCEPT//317576,dynamic_event,True,,OMOP_CONCEPT,317576,53741008,Coronary arteriosclerosis,AMSTEL,itemid_valueid,high
MEASUREMENT_CATEGORICAL//10467//1,v10_medication_atc,OMOP_CONCEPT//LOINC//3046344,dynamic_event,True,,LOINC,3046344,45404-1,3046344,AMSTEL,source_code,high
MEASUREMENT_CATEGORICAL//8731//17,v10_medication_atc,OMOP//OMOP_CONCEPT//4300776,dynamic_event,True,,OMOP_CONCEPT,4300776,77568009,Structure of back of trunk,AMSTEL,itemid_valueid,high
MEASUREMENT_CATEGORICAL//8889//5,v10_medication_atc,SNOMED//4239191,dynamic_event,True,,SNOMED,4239191,68187007,4239191,AMSTEL,source_code,high
MEASUREMENT_CATEGORICAL//19242//7,v10_medication_atc,OMOP//OMOP_CONCEPT//45878583,dynamic_event,True,,OMOP_CONCEPT,45878583,LA6577-6,Negative,AMSTEL,itemid_valueid,high
MEASUREMENT_CATEGORICAL//17008//11,v10_medication_atc,OMOP//OMOP_CONCEPT//314054,static_context,True,,OMOP_CONCEPT,314054,8722008,Aortic valve disorder,AMSTEL,itemid_valueid,high
MEASUREMENT_CATEGORICAL//12818//2,v10_medication_atc,OMOP//OMOP_CONCEPT//37156238,dynamic_event,True,,OMOP_CONCEPT,37156238,1163216008,Pressure injury stage I,AMSTEL,itemid_valueid,high
MEASUREMENT_CATEGORICAL//12809//6,v10_medication_atc,OMOP//OMOP_CONCEPT//37156242,dynamic_event,True,,OMOP_CONCEPT,37156242,1163223009,Pressure injury stage IV,AMSTEL,itemid_valueid,high
MEASUREMENT_CATEGORICAL//8698//1,v10_medication_atc,OMOP//OMOP_CONCEPT//45884084,dynamic_event,True,,OMOP_CONCEPT,45884084,LA6576-8,Positive,AMSTEL,itemid_valueid,high
MEASUREMENT_CATEGORICAL//15172//10,v10_medication_atc,OMOP//OMOP_CONCEPT//46237739,dynamic_event,True,,OMOP_CONCEPT,46237739,LA21717-6,9 - Severe pain,AMSTEL,itemid_valueid,high
MEASUREMENT_CATEGORICAL//18595//2,v10_medication_atc,OMOP//OMOP_CONCEPT//4170143,static_context,True,,OMOP_CONCEPT,4170143,275498002,Respiratory tract infection,AMSTEL,itemid_valueid,high
MEASUREMENT_CATEGORICAL//8693//6,v10_medication_atc,SNOMED//4122997,dynamic_event,True,,SNOMED,4122997,258118009,4122997,AMSTEL,source_code,high
MEASUREMENT_CATEGORICAL//16955//1,v10_medication_atc,SNOMED//44808681,dynamic_event,True,,SNOMED,44808681,859701000000104,44808681,AMSTEL,source_code,high
MEASUREMENT_CATEGORICAL//19637//9,v10_medication_atc,OMOP_CONCEPT//LOINC//3009094,dynamic_event,True,,LOINC,3009094,9270-0,3009094,AMSTEL,source_code,high
MEASUREMENT_CATEGORICAL//6671//35,v10_medication_atc,OMOP//OMOP_CONCEPT//4218242,dynamic_event,True,,OMOP_CONCEPT,4218242,81898007,Ventricular escape rhythm,AMSTEL,itemid_valueid,high
MEASUREMENT_CATEGORICAL//15149//6,v10_medication_atc,SNOMED//4131228,metadata_only,False,,SNOMED,4131228,410400002,4131228,AMSTEL,source_code,high
MEASUREMENT_CATEGORICAL//12624//3,v10_medication_atc,OMOP_CONCEPT//LOINC//21491186,dynamic_event/device_support,True,,LOINC,21491186,79562-5,21491186,AMSTEL,source_code,high
MEASUREMENT_CATEGORICAL//18669//27,v10_medication_atc,OMOP//OMOP_CONCEPT//134057,static_context,True,,OMOP_CONCEPT,134057,49601007,Disorder of cardiovascular system,AMSTEL,itemid_valueid,high
MEASUREMENT_CATEGORICAL//8691//1,v10_medication_atc,SNOMED//4122997,dynamic_event,True,,SNOMED,4122997,258118009,4122997,AMSTEL,source_code,high
MEASUREMENT_CATEGORICAL//8833//10,v10_medication_atc,OMOP_CONCEPT//LOINC//3010321,dynamic_event,True,,LOINC,3010321,8643-9,3010321,AMSTEL,source_code,high
MEASUREMENT_CATEGORICAL//19290//7,v10_medication_atc,OMOP//OMOP_CONCEPT//45884084,dynamic_event,True,,OMOP_CONCEPT,45884084,LA6576-8,Positive,AMSTEL,itemid_valueid,high
MEASUREMENT_CATEGORICAL//9233//8,v10_medication_atc,SNOMED//4287468,dynamic_event,True,,SNOMED,4287468,397155001,4287468,AMSTEL,source_code,high
MEASUREMENT_CATEGORICAL//13139//4,v10_medication_atc,OMOP//OMOP_CONCEPT//4147164,dynamic_event,True,,OMOP_CONCEPT,4147164,269475001,Malignant tumor of lymphoid hemopoietic and related tissue,AMSTEL,itemid_valueid,high
MEASUREMENT_CATEGORICAL//8663//9,v10_medication_atc,OMOP_CONCEPT//LOINC//3024265,dynamic_event,True,,LOINC,3024265,8327-9,3024265,AMSTEL,source_code,high
MEASUREMENT_CATEGORICAL//8731//7,v10_medication_atc,OMOP//OMOP_CONCEPT//4008238,dynamic_event,True,,OMOP_CONCEPT,4008238,11207009,Structure of right thigh,AMSTEL,itemid_valueid,high
MEASUREMENT_CATEGORICAL//13121//8,v10_medication_atc,OMOP//OMOP_CONCEPT//4130373,dynamic_event,True,,OMOP_CONCEPT,4130373,126768004,Neoplasm of gastrointestinal tract,AMSTEL,itemid_valueid,high
MEASUREMENT_CATEGORICAL//19243//10,v10_medication_atc,OMOP//OMOP_CONCEPT//45884084,dynamic_event,True,,OMOP_CONCEPT,45884084,LA6576-8,Positive,AMSTEL,itemid_valueid,high
MEASUREMENT_CATEGORICAL//12623//2,v10_medication_atc,OMOP_CONCEPT//LOINC//3046004,dynamic_event/device_support,True,,LOINC,3046004,33444-1,3046004,AMSTEL,source_code,high
MEASUREMENT_CATEGORICAL//18671//375,v10_medication_atc,OMOP//OMOP_CONCEPT//40490927,static_context,True,,OMOP_CONCEPT,40490927,447107001,Craniotomy and excision of neoplasm of brain,AMSTEL,itemid_valueid,high
MEASUREMENT_CATEGORICAL//19239//1,v10_medication_atc,OMOP//OMOP_CONCEPT//45878583,dynamic_event,True,,OMOP_CONCEPT,45878583,LA6577-6,Negative,AMSTEL,itemid_valueid,high
MEASUREMENT_CATEGORICAL//19240//4,v10_medication_atc,OMOP//OMOP_CONCEPT//45884084,dynamic_event,True,,OMOP_CONCEPT,45884084,LA6576-8,Positive,AMSTEL,itemid_valueid,high
MEASUREMENT_CATEGORICAL//10673//3,v10_medication_atc,OMOP_CONCEPT//LOINC//1761496,dynamic_event,True,,LOINC,1761496,100822-6,1761496,AMSTEL,source_code,high
MEASUREMENT_CATEGORICAL//19289//4,v10_medication_atc,OMOP//OMOP_CONCEPT//45884084,dynamic_event,True,,OMOP_CONCEPT,45884084,LA6576-8,Positive,AMSTEL,itemid_valueid,high
MEASUREMENT_CATEGORICAL//12817//2,v10_medication_atc,OMOP//OMOP_CONCEPT//37156238,dynamic_event,True,,OMOP_CONCEPT,37156238,1163216008,Pressure injury stage I,AMSTEL,itemid_valueid,high
MEASUREMENT_CATEGORICAL//13064//1,v10_medication_atc,OMOP//OMOP_CONCEPT//4320144,metadata_only,False,,OMOP_CONCEPT,4320144,22335008,Structure of left foot,AMSTEL,itemid_valueid,low
MEASUREMENT_CATEGORICAL//8832//10,v10_medication_atc,OMOP_CONCEPT//LOINC//3026611,dynamic_event,True,,LOINC,3026611,8641-3,3026611,AMSTEL,source_code,high
MEASUREMENT_CATEGORICAL//19240//3,v10_medication_atc,OMOP//OMOP_CONCEPT//45878583,dynamic_event,True,,OMOP_CONCEPT,45878583,LA6577-6,Negative,AMSTEL,itemid_valueid,high
MEASUREMENT_CATEGORICAL//8732//1,v10_medication_atc,OMOP//OMOP_CONCEPT//4207210,dynamic_event,True,,OMOP_CONCEPT,4207210,53843000,Structure of rectouterine pouch,AMSTEL,itemid_valueid,high
MEASUREMENT_CATEGORICAL//18669//9,v10_medication_atc,OMOP//OMOP_CONCEPT//4000610,static_context,True,,OMOP_CONCEPT,4000610,119292006,Disorder of gastrointestinal tract,AMSTEL,itemid_valueid,high
MEASUREMENT_CATEGORICAL//8731//6,v10_medication_atc,OMOP//OMOP_CONCEPT//4264018,dynamic_event,True,,OMOP_CONCEPT,4264018,61396006,Structure of left thigh,AMSTEL,itemid_valueid,high
MEASUREMENT_CATEGORICAL//18596//2,v10_medication_atc,OMOP//OMOP_CONCEPT//4130373,static_context,True,,OMOP_CONCEPT,4130373,126768004,Neoplasm of gastrointestinal tract,AMSTEL,itemid_valueid,high
MEASUREMENT_CATEGORICAL//18612//9,v10_medication_atc,OMOP//OMOP_CONCEPT//134057,static_context,True,,OMOP_CONCEPT,134057,49601007,Disorder of cardiovascular system,AMSTEL,itemid_valueid,high
MEASUREMENT_CATEGORICAL//18600//2,v10_medication_atc,OMOP//OMOP_CONCEPT//40490927,static_context,True,,OMOP_CONCEPT,40490927,447107001,Craniotomy and excision of neoplasm of brain,AMSTEL,itemid_valueid,high
MEASUREMENT_CATEGORICAL//13064//2,v10_medication_atc,OMOP//OMOP_CONCEPT//4298982,metadata_only,False,,OMOP_CONCEPT,4298982,7769000,Structure of right foot,AMSTEL,itemid_valueid,low
MEASUREMENT_CATEGORICAL//12821//6,v10_medication_atc,OMOP//OMOP_CONCEPT//37156242,dynamic_event,True,,OMOP_CONCEPT,37156242,1163223009,Pressure injury stage IV,AMSTEL,itemid_valueid,high
MEASUREMENT_CATEGORICAL//8895//12,v10_medication_atc,OMOP//OMOP_CONCEPT//4174286,dynamic_event,True,,OMOP_CONCEPT,4174286,277900008,Gray sputum,AMSTEL,itemid_valueid,high
MEASUREMENT_CATEGORICAL//18670//58,v10_medication_atc,OMOP//OMOP_CONCEPT//134057,static_context,True,,OMOP_CONCEPT,134057,49601007,Disorder of cardiovascular system,AMSTEL,itemid_valueid,high
MEASUREMENT_CATEGORICAL//13133//3,v10_medication_atc,OMOP//OMOP_CONCEPT//132797,dynamic_event,True,,OMOP_CONCEPT,132797,91302008,Sepsis,AMSTEL,itemid_valueid,high
MEASUREMENT_CATEGORICAL//19635//7,v10_medication_atc,OMOP_CONCEPT//LOINC//3016335,dynamic_event,True,,LOINC,3016335,9267-6,3016335,AMSTEL,source_code,high
MEASUREMENT_CATEGORICAL//12820//2,v10_medication_atc,OMOP//OMOP_CONCEPT//37156238,dynamic_event,True,,OMOP_CONCEPT,37156238,1163216008,Pressure injury stage I,AMSTEL,itemid_valueid,high
MEASUREMENT_CATEGORICAL//12110//7,v10_medication_atc,LOINC//36203284,metadata_only,False,,LOINC,36203284,85432-3,36203284,AMSTEL,source_code,high
MEASUREMENT_CATEGORICAL//18669//31,v10_medication_atc,OMOP//OMOP_CONCEPT//4023479,static_context,True,,OMOP_CONCEPT,4023479,10633002,Acute congestive heart failure,AMSTEL,itemid_valueid,high
MEASUREMENT_CATEGORICAL//18669//39,v10_medication_atc,OMOP//OMOP_CONCEPT//192671,static_context,True,,OMOP_CONCEPT,192671,74474003,Gastrointestinal hemorrhage,AMSTEL,itemid_valueid,high
MEASUREMENT_CATEGORICAL//16054//2,v10_medication_atc,OMOP//OMOP_CONCEPT//4081767,dynamic_event,True,,OMOP_CONCEPT,4081767,18368008,Chyle,AMSTEL,itemid_valueid,high
MEASUREMENT_CATEGORICAL//18671//237,v10_medication_atc,OMOP//OMOP_CONCEPT//314054,static_context,True,,OMOP_CONCEPT,314054,8722008,Aortic valve disorder,AMSTEL,itemid_valueid,high
MEASUREMENT_CATEGORICAL//8730//3,v10_medication_atc,OMOP//OMOP_CONCEPT//4352789,dynamic_event,True,,OMOP_CONCEPT,4352789,243975005,Suprahepatic area,AMSTEL,itemid_valueid,high
MEASUREMENT_CATEGORICAL//18671//165,v10_medication_atc,OMOP//OMOP_CONCEPT//255848,static_context,True,,OMOP_CONCEPT,255848,233604007,Pneumonia,AMSTEL,itemid_valueid,high
MEASUREMENT_CATEGORICAL//19637//13,v10_medication_atc,OMOP_CONCEPT//LOINC//3009094,dynamic_event,True,,LOINC,3009094,9270-0,3009094,AMSTEL,source_code,high
MEASUREMENT_CATEGORICAL//14444//1,v10_medication_atc,OMOP//OMOP_CONCEPT//45877463,dynamic_event,True,,OMOP_CONCEPT,45877463,LA17287-6,Combative,AMSTEL,itemid_valueid,high
MEASUREMENT_CATEGORICAL//13122//3,v10_medication_atc,OMOP//OMOP_CONCEPT//37018761,dynamic_event,True,,OMOP_CONCEPT,37018761,714153000,Chronic kidney disease stage 5 with transplant,AMSTEL,itemid_valueid,high
MEASUREMENT_CATEGORICAL//19242//8,v10_medication_atc,OMOP//OMOP_CONCEPT//45884084,dynamic_event,True,,OMOP_CONCEPT,45884084,LA6576-8,Positive,AMSTEL,itemid_valueid,high
MEASUREMENT_CATEGORICAL//13117//12,v10_medication_atc,OMOP//OMOP_CONCEPT//321588,dynamic_event,True,,OMOP_CONCEPT,321588,56265001,Heart disease,AMSTEL,itemid_valueid,high
MEASUREMENT_CATEGORICAL//18671//169,v10_medication_atc,OMOP//OMOP_CONCEPT//320136,static_context,True,,OMOP_CONCEPT,320136,50043002,Disorder of respiratory system,AMSTEL,itemid_valueid,high
MEASUREMENT_CATEGORICAL//12497//2,v10_medication_atc,OMOP//OMOP_CONCEPT//45878583,dynamic_event,True,,OMOP_CONCEPT,45878583,LA6577-6,Negative,AMSTEL,itemid_valueid,high
MEASUREMENT_CATEGORICAL//18671//373,v10_medication_atc,OMOP//OMOP_CONCEPT//4019540,static_context,True,,OMOP_CONCEPT,4019540,10458001,Evacuation of intracerebral hematoma,AMSTEL,itemid_valueid,high
MEASUREMENT_CATEGORICAL//12832//2,v10_medication_atc,OMOP//OMOP_CONCEPT//37156238,dynamic_event,True,,OMOP_CONCEPT,37156238,1163216008,Pressure injury stage I,AMSTEL,itemid_valueid,high
MEASUREMENT_CATEGORICAL//17014//16,v10_medication_atc,OMOP//OMOP_CONCEPT//40490927,static_context,True,,OMOP_CONCEPT,40490927,447107001,Craniotomy and excision of neoplasm of brain,AMSTEL,itemid_valueid,high
MEASUREMENT_CATEGORICAL//13135//5,v10_medication_atc,OMOP//OMOP_CONCEPT//37311947,dynamic_event,True,,OMOP_CONCEPT,37311947,788951001,Hemorrhage of digestive system,AMSTEL,itemid_valueid,high
MEASUREMENT_CATEGORICAL//12109//7,v10_medication_atc,LOINC//36203284,metadata_only,False,,LOINC,36203284,85432-3,36203284,AMSTEL,source_code,high
MEASUREMENT_CATEGORICAL//8733//4,v10_medication_atc,OMOP//OMOP_CONCEPT//4307671,dynamic_event,True,,OMOP_CONCEPT,4307671,83670000,Peritoneal cavity structure,AMSTEL,itemid_valueid,high
MEASUREMENT_CATEGORICAL//13130//3,v10_medication_atc,OMOP//OMOP_CONCEPT//376337,dynamic_event,True,,OMOP_CONCEPT,376337,118940003,Disorder of nervous system,AMSTEL,itemid_valueid,high
MEASUREMENT_CATEGORICAL//12807//4,v10_medication_atc,OMOP//OMOP_CONCEPT//37156241,dynamic_event,True,,OMOP_CONCEPT,37156241,1163221006,Pressure injury stage III,AMSTEL,itemid_valueid,high
MEASUREMENT_CATEGORICAL//12830//5,v10_medication_atc,OMOP//OMOP_CONCEPT//37156242,dynamic_event,True,,OMOP_CONCEPT,37156242,1163223009,Pressure injury stage IV,AMSTEL,itemid_valueid,high
MEASUREMENT_CATEGORICAL//18669//41,v10_medication_atc,OMOP//OMOP_CONCEPT//198124,static_context,True,,OMOP_CONCEPT,198124,90708001,Kidney disease,AMSTEL,itemid_valueid,high
MEASUREMENT_CATEGORICAL//12623//8,v10_medication_atc,OMOP_CONCEPT//LOINC//3046004,dynamic_event/device_support,True,,LOINC,3046004,33444-1,3046004,AMSTEL,source_code,high
MEASUREMENT_CATEGORICAL//12807//3,v10_medication_atc,OMOP//OMOP_CONCEPT//37156240,dynamic_event,True,,OMOP_CONCEPT,37156240,1163218009,Pressure injury stage II,AMSTEL,itemid_valueid,high
MEASUREMENT_CATEGORICAL//12822//4,v10_medication_atc,OMOP//OMOP_CONCEPT//37156241,dynamic_event,True,,OMOP_CONCEPT,37156241,1163221006,Pressure injury stage III,AMSTEL,itemid_valueid,high
MEASUREMENT_CATEGORICAL//9593//6,v10_medication_atc,OMOP_CONCEPT//LOINC//3024265,dynamic_event,True,,LOINC,3024265,8327-9,3024265,AMSTEL,source_code,high
MEASUREMENT_CATEGORICAL//12816//3,v10_medication_atc,OMOP//OMOP_CONCEPT//37156240,dynamic_event,True,,OMOP_CONCEPT,37156240,1163218009,Pressure injury stage II,AMSTEL,itemid_valueid,high
MEASUREMENT_CATEGORICAL//8692//7,v10_medication_atc,SNOMED//4122997,dynamic_event,True,,SNOMED,4122997,258118009,4122997,AMSTEL,source_code,high
MEASUREMENT_CATEGORICAL//12560//1,v10_medication_atc,SNOMED//4224130,dynamic_event,True,,SNOMED,4224130,404989005,4224130,AMSTEL,source_code,high
MEASUREMENT_CATEGORICAL//18669//22,v10_medication_atc,OMOP//OMOP_CONCEPT//135526,static_context,True,,OMOP_CONCEPT,135526,48522003,Spinal cord disease,AMSTEL,itemid_valueid,high
MEASUREMENT_CATEGORICAL//12807//2,v10_medication_atc,OMOP//OMOP_CONCEPT//37156238,dynamic_event,True,,OMOP_CONCEPT,37156238,1163216008,Pressure injury stage I,AMSTEL,itemid_valueid,high
MEASUREMENT_CATEGORICAL//13124//4,v10_medication_atc,OMOP//OMOP_CONCEPT//375415,dynamic_event,True,,OMOP_CONCEPT,375415,82271004,Injury of head,AMSTEL,itemid_valueid,high
MEASUREMENT_CATEGORICAL//9534//7,v10_medication_atc,OMOP_CONCEPT//LOINC//3004921,dynamic_event,True,,LOINC,3004921,20124-4,3004921,AMSTEL,source_code,high
MEASUREMENT_CATEGORICAL//18600//1,v10_medication_atc,OMOP//OMOP_CONCEPT//376337,static_context,True,,OMOP_CONCEPT,376337,118940003,Disorder of nervous system,AMSTEL,itemid_valueid,high
MEASUREMENT_CATEGORICAL//12623//1,v10_medication_atc,OMOP_CONCEPT//LOINC//3046004,dynamic_event/device_support,True,,LOINC,3046004,33444-1,3046004,AMSTEL,source_code,high
MEASUREMENT_CATEGORICAL//13116//7,v10_medication_atc,OMOP//OMOP_CONCEPT//319843,dynamic_event,True,,OMOP_CONCEPT,319843,11851006,Mitral valve disorder,AMSTEL,itemid_valueid,high
MEASUREMENT_CATEGORICAL//12110//6,v10_medication_atc,LOINC//36203284,metadata_only,False,,LOINC,36203284,85432-3,36203284,AMSTEL,source_code,high
MEASUREMENT_CATEGORICAL//13135//2,v10_medication_atc,OMOP//OMOP_CONCEPT//195856,dynamic_event,True,,OMOP_CONCEPT,195856,82403002,Cholangitis,AMSTEL,itemid_valueid,high
MEASUREMENT_CATEGORICAL//18669//40,v10_medication_atc,OMOP//OMOP_CONCEPT//4044013,static_context,True,,OMOP_CONCEPT,4044013,129154003,Hematologic neoplasm,AMSTEL,itemid_valueid,high
MEASUREMENT_CATEGORICAL//13119//8,v10_medication_atc,OMOP//OMOP_CONCEPT//257907,dynamic_event,True,,OMOP_CONCEPT,257907,19829001,Disorder of lung,AMSTEL,itemid_valueid,high
MEASUREMENT_CATEGORICAL//19636//11,v10_medication_atc,OMOP_CONCEPT//LOINC//3008223,dynamic_event,True,,LOINC,3008223,9268-4,3008223,AMSTEL,source_code,high
MEASUREMENT_CATEGORICAL//10697//3,v10_medication_atc,OMOP_CONCEPT//LOINC//3025315,dynamic_event,True,,LOINC,3025315,29463-7,3025315,AMSTEL,source_code,high
MEASUREMENT_CATEGORICAL//13066//4,v10_medication_atc,OMOP_CONCEPT//LOINC//3013144,dynamic_event,True,,LOINC,3013144,11326-6,3013144,AMSTEL,source_code,high
MEASUREMENT_CATEGORICAL//14444//2,v10_medication_atc,SNOMED//36684829,dynamic_event,True,,SNOMED,36684829,457441000124102,36684829,AMSTEL,source_code,high
MEASUREMENT_CATEGORICAL//6671//18,v10_medication_atc,OMOP//OMOP_CONCEPT//4313053,dynamic_event,True,,OMOP_CONCEPT,4313053,423175003,Normal sinus arrhythmia,AMSTEL,itemid_valueid,high
MEASUREMENT_CATEGORICAL//13072//5,v10_medication_atc,OMOP_CONCEPT//LOINC//3026549,dynamic_event,True,,LOINC,3026549,11325-8,3026549,AMSTEL,source_code,high
MEASUREMENT_CATEGORICAL//12819//2,v10_medication_atc,OMOP//OMOP_CONCEPT//37156238,dynamic_event,True,,OMOP_CONCEPT,37156238,1163216008,Pressure injury stage I,AMSTEL,itemid_valueid,high
MEASUREMENT_CATEGORICAL//8825//3,v10_medication_atc,OMOP//OMOP_CONCEPT//4088985,dynamic_event,True,,OMOP_CONCEPT,4088985,251176006,Multiple premature ventricular complexes,AMSTEL,itemid_valueid,high
MEASUREMENT_CATEGORICAL//8663//8,v10_medication_atc,OMOP_CONCEPT//LOINC//3024265,dynamic_event,True,,LOINC,3024265,8327-9,3024265,AMSTEL,source_code,high
MEASUREMENT_CATEGORICAL//18671//162,v10_medication_atc,OMOP//OMOP_CONCEPT//4309106,static_context,True,,OMOP_CONCEPT,4309106,422588002,Aspiration pneumonia,AMSTEL,itemid_valueid,high
MEASUREMENT_CATEGORICAL//13129//1,v10_medication_atc,OMOP//OMOP_CONCEPT//4116092,dynamic_event,True,,OMOP_CONCEPT,4116092,254935002,Intracranial tumor,AMSTEL,itemid_valueid,high
MEASUREMENT_CATEGORICAL//13128//15,v10_medication_atc,OMOP//OMOP_CONCEPT//376713,dynamic_event,True,,OMOP_CONCEPT,376713,274100004,Cerebral hemorrhage,AMSTEL,itemid_valueid,high
MEASUREMENT_CATEGORICAL//8670//3,v10_medication_atc,OMOP_CONCEPT//LOINC//3004779,dynamic_event,True,,LOINC,3004779,8931-8,3004779,AMSTEL,source_code,high
MEASUREMENT_CATEGORICAL//13145//2,v10_medication_atc,OMOP//OMOP_CONCEPT//4089218,dynamic_event,True,,OMOP_CONCEPT,4089218,248554005,Partially obstructed airway,AMSTEL,itemid_valueid,high
MEASUREMENT_CATEGORICAL//19249//4,v10_medication_atc,OMOP//OMOP_CONCEPT//4092731,dynamic_event,True,,OMOP_CONCEPT,4092731,249954005,Movement against gravity,AMSTEL,itemid_valueid,high
MEASUREMENT_CATEGORICAL//9534//12,v10_medication_atc,OMOP_CONCEPT//LOINC//3004921,dynamic_event,True,,LOINC,3004921,20124-4,3004921,AMSTEL,source_code,high
MEASUREMENT_CATEGORICAL//18669//2,v10_medication_atc,OMOP//OMOP_CONCEPT//4096313,static_context,True,,OMOP_CONCEPT,4096313,262519004,Multiple injuries,AMSTEL,itemid_valueid,high
MEASUREMENT_CATEGORICAL//18593//2,v10_medication_atc,OMOP//OMOP_CONCEPT//375415,static_context,True,,OMOP_CONCEPT,375415,82271004,Injury of head,AMSTEL,itemid_valueid,high
MEASUREMENT_CATEGORICAL//18669//33,v10_medication_atc,OMOP//OMOP_CONCEPT//44784217,static_context,True,,OMOP_CONCEPT,44784217,698247007,Cardiac arrhythmia,AMSTEL,itemid_valueid,high
MEASUREMENT_CATEGORICAL//13120//6,v10_medication_atc,OMOP//OMOP_CONCEPT//198177,dynamic_event,True,,OMOP_CONCEPT,198177,233985008,Abdominal aortic aneurysm,AMSTEL,itemid_valueid,high
MEASUREMENT_CATEGORICAL//15149//5,v10_medication_atc,SNOMED//4131228,metadata_only,False,,SNOMED,4131228,410400002,4131228,AMSTEL,source_code,high
MEASUREMENT_CATEGORICAL//13128//13,v10_medication_atc,OMOP//OMOP_CONCEPT//4242877,dynamic_event,True,,OMOP_CONCEPT,4242877,59712006,Evacuation of subdural hematoma,AMSTEL,itemid_valueid,high
MEASUREMENT_CATEGORICAL//18671//14,v10_medication_atc,OMOP//OMOP_CONCEPT//4023479,static_context,True,,OMOP_CONCEPT,4023479,10633002,Acute congestive heart failure,AMSTEL,itemid_valueid,high
MEASUREMENT_CATEGORICAL//13077//3,v10_medication_atc,OMOP_CONCEPT//LOINC//3026019,dynamic_event,True,,LOINC,3026019,11324-1,3026019,AMSTEL,source_code,high
MEASUREMENT_CATEGORICAL//12831//2,v10_medication_atc,OMOP//OMOP_CONCEPT//37156238,dynamic_event,True,,OMOP_CONCEPT,37156238,1163216008,Pressure injury stage I,AMSTEL,itemid_valueid,high
MEASUREMENT_CATEGORICAL//15149//7,v10_medication_atc,SNOMED//4131228,metadata_only,False,,SNOMED,4131228,410400002,4131228,AMSTEL,source_code,high
MEASUREMENT_CATEGORICAL//13943//5,v10_medication_atc,OMOP//OMOP_CONCEPT//45880455,dynamic_event,True,,OMOP_CONCEPT,45880455,LA19040-7,Hemorrhagic,AMSTEL,itemid_valueid,high
MEASUREMENT_CATEGORICAL//18671//372,v10_medication_atc,OMOP//OMOP_CONCEPT//4242877,static_context,True,,OMOP_CONCEPT,4242877,59712006,Evacuation of subdural hematoma,AMSTEL,itemid_valueid,high
MEASUREMENT_CATEGORICAL//16055//6,v10_medication_atc,OMOP//OMOP_CONCEPT//4081767,dynamic_event,True,,OMOP_CONCEPT,4081767,18368008,Chyle,AMSTEL,itemid_valueid,high
MEASUREMENT_CATEGORICAL//8731//2,v10_medication_atc,OMOP//OMOP_CONCEPT//4164795,dynamic_event,True,,OMOP_CONCEPT,4164795,40954003,Structure of subhepatic region,AMSTEL,itemid_valueid,high
MEASUREMENT_CATEGORICAL//18669//16,v10_medication_atc,OMOP//OMOP_CONCEPT//37018761,static_context,True,,OMOP_CONCEPT,37018761,714153000,Chronic kidney disease stage 5 with transplant,AMSTEL,itemid_valueid,high
MEASUREMENT_CATEGORICAL//19241//5,v10_medication_atc,OMOP//OMOP_CONCEPT//45878583,dynamic_event,True,,OMOP_CONCEPT,45878583,LA6577-6,Negative,AMSTEL,itemid_valueid,high
MEASUREMENT_CATEGORICAL//17008//17,v10_medication_atc,OMOP//OMOP_CONCEPT//314054,static_context,True,,OMOP_CONCEPT,314054,8722008,Aortic valve disorder,AMSTEL,itemid_valueid,high
MEASUREMENT_CATEGORICAL//20662//1,v10_medication_atc,OMOP//OMOP_CONCEPT//4128124,dynamic_event,True,,OMOP_CONCEPT,4128124,261185009,Venoarterial,AMSTEL,itemid_valueid,high
MEASUREMENT_CATEGORICAL//10702//2,v10_medication_atc,OMOP_CONCEPT//LOINC//42527659,dynamic_event,True,,LOINC,42527659,83844-1,42527659,AMSTEL,source_code,high
MEASUREMENT_CATEGORICAL//12822//6,v10_medication_atc,OMOP//OMOP_CONCEPT//37156242,dynamic_event,True,,OMOP_CONCEPT,37156242,1163223009,Pressure injury stage IV,AMSTEL,itemid_valueid,high
MEASUREMENT_CATEGORICAL//12109//6,v10_medication_atc,LOINC//36203284,metadata_only,False,,LOINC,36203284,85432-3,36203284,AMSTEL,source_code,high
MEASUREMENT_CATEGORICAL//18593//1,v10_medication_atc,OMOP//OMOP_CONCEPT//376337,static_context,True,,OMOP_CONCEPT,376337,118940003,Disorder of nervous system,AMSTEL,itemid_valueid,high
MEASUREMENT_CATEGORICAL//18597//4,v10_medication_atc,OMOP//OMOP_CONCEPT//321052,static_context,True,,OMOP_CONCEPT,321052,400047006,Peripheral vascular disease,AMSTEL,itemid_valueid,high
MEASUREMENT_CATEGORICAL//13116//5,v10_medication_atc,OMOP//OMOP_CONCEPT//319843,dynamic_event,True,,OMOP_CONCEPT,319843,11851006,Mitral valve disorder,AMSTEL,itemid_valueid,high
MEASUREMENT_CATEGORICAL//13124//6,v10_medication_atc,OMOP//OMOP_CONCEPT//4094683,dynamic_event,True,,OMOP_CONCEPT,4094683,262525000,Chest injury,AMSTEL,itemid_valueid,high
MEASUREMENT_CATEGORICAL//10604//4,v10_medication_atc,OMOP//OMOP_CONCEPT//4136247,dynamic_event,True,,OMOP_CONCEPT,4136247,263906002,Turbid,AMSTEL,itemid_valueid,high
MEASUREMENT_CATEGORICAL//12510//2,v10_medication_atc,OMOP//OMOP_CONCEPT//45884084,dynamic_event,True,,OMOP_CONCEPT,45884084,LA6576-8,Positive,AMSTEL,itemid_valueid,high
MEASUREMENT_CATEGORICAL//8730//20,v10_medication_atc,OMOP//OMOP_CONCEPT//4091412,dynamic_event,True,,OMOP_CONCEPT,4091412,280703005,Subphrenic region,AMSTEL,itemid_valueid,high
MEASUREMENT_CATEGORICAL//17005//18,v10_medication_atc,OMOP//OMOP_CONCEPT//257315,static_context,True,,OMOP_CONCEPT,257315,53084003,Bacterial pneumonia,AMSTEL,itemid_valueid,high
MEASUREMENT_CATEGORICAL//12109//1,v10_medication_atc,LOINC//36203284,metadata_only,False,,LOINC,36203284,85432-3,36203284,AMSTEL,source_code,high
MEASUREMENT_CATEGORICAL//7672//4,v10_medication_atc,OMOP_CONCEPT//LOINC//1988427,dynamic_event,True,,LOINC,1988427,99733-8,1988427,AMSTEL,source_code,high
MEASUREMENT_CATEGORICAL//16448//7,v10_medication_atc,SNOMED//4052413,dynamic_event/device_support,True,,SNOMED,4052413,233527006,4052413,AMSTEL,source_code,high
MEASUREMENT_CATEGORICAL//18669//56,v10_medication_atc,OMOP//OMOP_CONCEPT//257004,static_context,True,,OMOP_CONCEPT,257004,195951007,Acute exacerbation of chronic obstructive airways disease,AMSTEL,itemid_valueid,high
MEASUREMENT_CATEGORICAL//18671//303,v10_medication_atc,OMOP//OMOP_CONCEPT//4202064,static_context,True,,OMOP_CONCEPT,4202064,51875005,Gastrointestinal perforation,AMSTEL,itemid_valueid,high
MEASUREMENT_CATEGORICAL//9359//2,v10_medication_atc,OMOP//OMOP_CONCEPT//4104200,dynamic_event,True,,OMOP_CONCEPT,4104200,29179001,Closed,AMSTEL,itemid_valueid,high
MEASUREMENT_CATEGORICAL//10468//8,v10_medication_atc,SNOMED//4087925,dynamic_event,True,,SNOMED,4087925,186034007,4087925,AMSTEL,source_code,high
MEASUREMENT_CATEGORICAL//13078//2,v10_medication_atc,OMOP//OMOP_CONCEPT//45882241,dynamic_event,True,,OMOP_CONCEPT,45882241,LA6368-0,Scheduled surgical procedure,AMSTEL,itemid_valueid,high
MEASUREMENT_CATEGORICAL//8895//4,v10_medication_atc,OMOP//OMOP_CONCEPT//4174289,dynamic_event,True,,OMOP_CONCEPT,4174289,277908001,Green sputum,AMSTEL,itemid_valueid,high
MEASUREMENT_CATEGORICAL//18589//9,v10_medication_atc,OMOP//OMOP_CONCEPT//132797,static_context,True,,OMOP_CONCEPT,132797,91302008,Sepsis,AMSTEL,itemid_valueid,high
MEASUREMENT_CATEGORICAL//10470//4,v10_medication_atc,SNOMED//763892,outcome_metadata,False,,SNOMED,763892,448271000124107,763892,AMSTEL,source_code,high
MEASUREMENT_CATEGORICAL//12825//4,v10_medication_atc,OMOP//OMOP_CONCEPT//37156241,dynamic_event,True,,OMOP_CONCEPT,37156241,1163221006,Pressure injury stage III,AMSTEL,itemid_valueid,high
MEASUREMENT_CATEGORICAL//13126//3,v10_medication_atc,OMOP//OMOP_CONCEPT//197331,dynamic_event,True,,OMOP_CONCEPT,197331,41368006,Disorder of urinary tract,AMSTEL,itemid_valueid,high
MEASUREMENT_CATEGORICAL//8896//6,v10_medication_atc,OMOP//OMOP_CONCEPT//4103346,dynamic_event,True,,OMOP_CONCEPT,4103346,301289004,Pluggy sputum,AMSTEL,itemid_valueid,high
MEASUREMENT_CATEGORICAL//8832//8,v10_medication_atc,OMOP_CONCEPT//LOINC//3026611,dynamic_event,True,,LOINC,3026611,8641-3,3026611,AMSTEL,source_code,high
MEASUREMENT_CATEGORICAL//12827//4,v10_medication_atc,OMOP//OMOP_CONCEPT//37156241,dynamic_event,True,,OMOP_CONCEPT,37156241,1163221006,Pressure injury stage III,AMSTEL,itemid_valueid,high
MEASUREMENT_CATEGORICAL//15149//3,v10_medication_atc,SNOMED//4131228,metadata_only,False,,SNOMED,4131228,410400002,4131228,AMSTEL,source_code,high
MEASUREMENT_CATEGORICAL//13129//6,v10_medication_atc,OMOP//OMOP_CONCEPT//4046919,dynamic_event,True,,OMOP_CONCEPT,4046919,230837005,Focal excision of brain tissue tumor,AMSTEL,itemid_valueid,high
MEASUREMENT_CATEGORICAL//16054//4,v10_medication_atc,OMOP//OMOP_CONCEPT//4113272,dynamic_event,True,,OMOP_CONCEPT,4113272,255316004,Purulent,AMSTEL,itemid_valueid,high
MEASUREMENT_CATEGORICAL//18669//42,v10_medication_atc,OMOP//OMOP_CONCEPT//436670,static_context,True,,OMOP_CONCEPT,436670,75934005,Metabolic disease,AMSTEL,itemid_valueid,high
MEASUREMENT_CATEGORICAL//13138//4,v10_medication_atc,OMOP//OMOP_CONCEPT//198124,dynamic_event,True,,OMOP_CONCEPT,198124,90708001,Kidney disease,AMSTEL,itemid_valueid,high
MEASUREMENT_CATEGORICAL//12109//3,v10_medication_atc,LOINC//36203284,metadata_only,False,,LOINC,36203284,85432-3,36203284,AMSTEL,source_code,high
MEASUREMENT_CATEGORICAL//12627//6,v10_medication_atc,OMOP_CONCEPT//LOINC//36305611,dynamic_event,True,,LOINC,36305611,89086-3,36305611,AMSTEL,source_code,high
MEASUREMENT_CATEGORICAL//8833//8,v10_medication_atc,OMOP_CONCEPT//LOINC//3010321,dynamic_event,True,,LOINC,3010321,8643-9,3010321,AMSTEL,source_code,high
MEASUREMENT_CATEGORICAL//13120//9,v10_medication_atc,OMOP//OMOP_CONCEPT//4148948,dynamic_event,True,,OMOP_CONCEPT,4148948,30904006,Vascular surgery procedure,AMSTEL,itemid_valueid,high
MEASUREMENT_CATEGORICAL//18669//46,v10_medication_atc,OMOP//OMOP_CONCEPT//602985,static_context,True,,OMOP_CONCEPT,602985,1149322001,Intoxication,AMSTEL,itemid_valueid,high
MEASUREMENT_CATEGORICAL//10659//2,v10_medication_atc,OMOP//OMOP_CONCEPT//4136124,dynamic_event,True,,OMOP_CONCEPT,4136124,262323008,After the filter,AMSTEL,itemid_valueid,high
MEASUREMENT_CATEGORICAL//18673//685,v10_medication_atc,OMOP//OMOP_CONCEPT//317576,static_context,True,,OMOP_CONCEPT,317576,53741008,Coronary arteriosclerosis,AMSTEL,itemid_valueid,high
MEASUREMENT_CATEGORICAL//13134//9,v10_medication_atc,OMOP//OMOP_CONCEPT//257004,dynamic_event,True,,OMOP_CONCEPT,257004,195951007,Acute exacerbation of chronic obstructive airways disease,AMSTEL,itemid_valueid,high
MEASUREMENT_CATEGORICAL//18669//24,v10_medication_atc,OMOP//OMOP_CONCEPT//252280,static_context,True,,OMOP_CONCEPT,252280,126667002,Neoplasm of respiratory tract,AMSTEL,itemid_valueid,high
MEASUREMENT_CATEGORICAL//18671//128,v10_medication_atc,OMOP//OMOP_CONCEPT//439847,static_context,True,,OMOP_CONCEPT,439847,1386000,Intracranial hemorrhage,AMSTEL,itemid_valueid,high
MEASUREMENT_CATEGORICAL//16448//1,v10_medication_atc,SNOMED//4052413,dynamic_event/device_support,True,,SNOMED,4052413,233527006,4052413,AMSTEL,source_code,high
MEASUREMENT_CATEGORICAL//13134//11,v10_medication_atc,OMOP//OMOP_CONCEPT//257907,dynamic_event,True,,OMOP_CONCEPT,257907,19829001,Disorder of lung,AMSTEL,itemid_valueid,high
MEASUREMENT_CATEGORICAL//18671//408,v10_medication_atc,OMOP//OMOP_CONCEPT//37018761,static_context,True,,OMOP_CONCEPT,37018761,714153000,Chronic kidney disease stage 5 with transplant,AMSTEL,itemid_valueid,high
MEASUREMENT_CATEGORICAL//13118//5,v10_medication_atc,OMOP//OMOP_CONCEPT//4138183,dynamic_event,True,,OMOP_CONCEPT,4138183,425963007,Aneurysm of ascending aorta,AMSTEL,itemid_valueid,high
MEASUREMENT_CATEGORICAL//13137//4,v10_medication_atc,OMOP//OMOP_CONCEPT//436670,dynamic_event,True,,OMOP_CONCEPT,436670,75934005,Metabolic disease,AMSTEL,itemid_valueid,high
MEASUREMENT_CATEGORICAL//12815//3,v10_medication_atc,OMOP//OMOP_CONCEPT//37156240,dynamic_event,True,,OMOP_CONCEPT,37156240,1163218009,Pressure injury stage II,AMSTEL,itemid_valueid,high
MEASUREMENT_CATEGORICAL//13137//1,v10_medication_atc,OMOP//OMOP_CONCEPT//602985,dynamic_event,True,,OMOP_CONCEPT,602985,1149322001,Intoxication,AMSTEL,itemid_valueid,high
MEASUREMENT_CATEGORICAL//18671//290,v10_medication_atc,OMOP//OMOP_CONCEPT//4170058,static_context,True,,OMOP_CONCEPT,4170058,48114000,Operation on esophagus,AMSTEL,itemid_valueid,high
MEASUREMENT_CATEGORICAL//18671//227,v10_medication_atc,OMOP//OMOP_CONCEPT//436136,static_context,True,,OMOP_CONCEPT,436136,233994002,Dissection of thoracic aorta,AMSTEL,itemid_valueid,high
MEASUREMENT_CATEGORICAL//8730//19,v10_medication_atc,OMOP//OMOP_CONCEPT//4140696,dynamic_event,True,,OMOP_CONCEPT,4140696,33547000,Structure of substernal region,AMSTEL,itemid_valueid,high
MEASUREMENT_CATEGORICAL//12817//3,v10_medication_atc,OMOP//OMOP_CONCEPT//37156240,dynamic_event,True,,OMOP_CONCEPT,37156240,1163218009,Pressure injury stage II,AMSTEL,itemid_valueid,high
MEASUREMENT_CATEGORICAL//18671//38,v10_medication_atc,OMOP//OMOP_CONCEPT//132797,static_context,True,,OMOP_CONCEPT,132797,91302008,Sepsis,AMSTEL,itemid_valueid,high
MEASUREMENT_CATEGORICAL//13133//5,v10_medication_atc,OMOP//OMOP_CONCEPT//4329847,dynamic_event,True,,OMOP_CONCEPT,4329847,22298006,Myocardial infarction,AMSTEL,itemid_valueid,high
MEASUREMENT_CATEGORICAL//18669//48,v10_medication_atc,OMOP//OMOP_CONCEPT//4197485,static_context,True,,OMOP_CONCEPT,4197485,313307000,Epileptic seizure,AMSTEL,itemid_valueid,high
MEASUREMENT_CATEGORICAL//12831//3,v10_medication_atc,OMOP//OMOP_CONCEPT//37156240,dynamic_event,True,,OMOP_CONCEPT,37156240,1163218009,Pressure injury stage II,AMSTEL,itemid_valueid,high
MEASUREMENT_CATEGORICAL//13121//10,v10_medication_atc,OMOP//OMOP_CONCEPT//4000610,dynamic_event,True,,OMOP_CONCEPT,4000610,119292006,Disorder of gastrointestinal tract,AMSTEL,itemid_valueid,high
MEASUREMENT_CATEGORICAL//13120//2,v10_medication_atc,OMOP//OMOP_CONCEPT//4199966,dynamic_event,True,,OMOP_CONCEPT,4199966,315362007,Repair of thoracoabdominal aortic aneurysm,AMSTEL,itemid_valueid,high
MEASUREMENT_CATEGORICAL//14577//1,v10_medication_atc,OMOP//OMOP_CONCEPT//4189328,dynamic_event,True,,OMOP_CONCEPT,4189328,414632000,Macintosh laryngoscope blade,AMSTEL,itemid_valueid,high
MEASUREMENT_CATEGORICAL//17029//76,v10_medication_atc,OMOP//OMOP_CONCEPT//317576,static_context,True,,OMOP_CONCEPT,317576,53741008,Coronary arteriosclerosis,AMSTEL,itemid_valueid,high
MEASUREMENT_CATEGORICAL//13119//2,v10_medication_atc,OMOP//OMOP_CONCEPT//35610239,dynamic_event,True,,OMOP_CONCEPT,35610239,1090881000000100,Malignant neoplasm of bronchus or lung,AMSTEL,itemid_valueid,high
MEASUREMENT_CATEGORICAL//18596//4,v10_medication_atc,OMOP//OMOP_CONCEPT//4129389,static_context,True,,OMOP_CONCEPT,4129389,126765001,Gastrointestinal obstruction,AMSTEL,itemid_valueid,high
MEASUREMENT_CATEGORICAL//8731//3,v10_medication_atc,OMOP//OMOP_CONCEPT//4352789,dynamic_event,True,,OMOP_CONCEPT,4352789,243975005,Suprahepatic area,AMSTEL,itemid_valueid,high
MEASUREMENT_CATEGORICAL//8731//15,v10_medication_atc,OMOP//OMOP_CONCEPT//4015940,dynamic_event,True,,OMOP_CONCEPT,4015940,170583000,Structure of left half of neck,AMSTEL,itemid_valueid,high
MEASUREMENT_CATEGORICAL//18602//1,v10_medication_atc,OMOP//OMOP_CONCEPT//320136,static_context,True,,OMOP_CONCEPT,320136,50043002,Disorder of respiratory system,AMSTEL,itemid_valueid,high
MEASUREMENT_CATEGORICAL//8731//20,v10_medication_atc,OMOP//OMOP_CONCEPT//4091412,dynamic_event,True,,OMOP_CONCEPT,4091412,280703005,Subphrenic region,AMSTEL,itemid_valueid,high
MEASUREMENT_CATEGORICAL//12832//3,v10_medication_atc,OMOP//OMOP_CONCEPT//37156240,dynamic_event,True,,OMOP_CONCEPT,37156240,1163218009,Pressure injury stage II,AMSTEL,itemid_valueid,high
MEASUREMENT_CATEGORICAL//13132//8,v10_medication_atc,OMOP//OMOP_CONCEPT//376337,dynamic_event,True,,OMOP_CONCEPT,376337,118940003,Disorder of nervous system,AMSTEL,itemid_valueid,high
MEASUREMENT_CATEGORICAL//8730//18,v10_medication_atc,OMOP//OMOP_CONCEPT//4287390,dynamic_event,True,,OMOP_CONCEPT,4287390,69536005,Head structure,AMSTEL,itemid_valueid,high
MEASUREMENT_CATEGORICAL//16955//2,v10_medication_atc,SNOMED//44808681,dynamic_event,True,,SNOMED,44808681,859701000000104,44808681,AMSTEL,source_code,high
MEASUREMENT_CATEGORICAL//12809//5,v10_medication_atc,OMOP//OMOP_CONCEPT//37156242,dynamic_event,True,,OMOP_CONCEPT,37156242,1163223009,Pressure injury stage IV,AMSTEL,itemid_valueid,high
MEASUREMENT_CATEGORICAL//18600//4,v10_medication_atc,OMOP//OMOP_CONCEPT//4019540,static_context,True,,OMOP_CONCEPT,4019540,10458001,Evacuation of intracerebral hematoma,AMSTEL,itemid_valueid,high
MEASUREMENT_CATEGORICAL//12500//2,v10_medication_atc,OMOP_CONCEPT//LOINC//3004779,dynamic_event,True,,LOINC,3004779,8931-8,3004779,AMSTEL,source_code,high
MEASUREMENT_CATEGORICAL//8897//4,v10_medication_atc,SNOMED//4337734,dynamic_event,True,,SNOMED,4337734,232704006,4337734,AMSTEL,source_code,high
MEASUREMENT_CATEGORICAL//18669//47,v10_medication_atc,OMOP//OMOP_CONCEPT//439847,static_context,True,,OMOP_CONCEPT,439847,1386000,Intracranial hemorrhage,AMSTEL,itemid_valueid,high
MEASUREMENT_CATEGORICAL//19249//5,v10_medication_atc,OMOP//OMOP_CONCEPT//4179292,dynamic_event,True,,OMOP_CONCEPT,4179292,298284000,Muscle movement against resistance incomplete,AMSTEL,itemid_valueid,high
MEASUREMENT_CATEGORICAL//13120//3,v10_medication_atc,OMOP//OMOP_CONCEPT//321052,dynamic_event,True,,OMOP_CONCEPT,321052,400047006,Peripheral vascular disease,AMSTEL,itemid_valueid,high
MEASUREMENT_CATEGORICAL//13133//2,v10_medication_atc,OMOP//OMOP_CONCEPT//198571,dynamic_event,True,,OMOP_CONCEPT,198571,89138009,Cardiogenic shock,AMSTEL,itemid_valueid,high
MEASUREMENT_CATEGORICAL//18601//3,v10_medication_atc,OMOP//OMOP_CONCEPT//37018761,static_context,True,,OMOP_CONCEPT,37018761,714153000,Chronic kidney disease stage 5 with transplant,AMSTEL,itemid_valueid,high
MEASUREMENT_CATEGORICAL//18671//68,v10_medication_atc,OMOP//OMOP_CONCEPT//4192640,static_context,True,,OMOP_CONCEPT,4192640,75694006,Pancreatitis,AMSTEL,itemid_valueid,high
MEASUREMENT_CATEGORICAL//13410//1,v10_medication_atc,LOINC//40758173,metadata_only,False,,LOINC,40758173,55043-4,40758173,AMSTEL,source_code,high
MEASUREMENT_CATEGORICAL//13121//2,v10_medication_atc,OMOP//OMOP_CONCEPT//4030150,dynamic_event,True,,OMOP_CONCEPT,4030150,107963000,Excision of liver,AMSTEL,itemid_valueid,high
MEASUREMENT_CATEGORICAL//19260//70,v10_medication_atc,OMOP//OMOP_CONCEPT//4092731,dynamic_event,True,,OMOP_CONCEPT,4092731,249954005,Movement against gravity,AMSTEL,itemid_valueid,high
MEASUREMENT_CATEGORICAL//13134//5,v10_medication_atc,OMOP//OMOP_CONCEPT//440417,dynamic_event,True,,OMOP_CONCEPT,440417,59282003,Pulmonary embolism,AMSTEL,itemid_valueid,high
MEASUREMENT_CATEGORICAL//19249//1,v10_medication_atc,OMOP//OMOP_CONCEPT//4092729,dynamic_event,True,,OMOP_CONCEPT,4092729,249949001,No active muscle contraction,AMSTEL,itemid_valueid,high
MEASUREMENT_CATEGORICAL//7432//3,v10_medication_atc,OMOP_CONCEPT//LOINC//3053213,dynamic_event,True,,LOINC,3053213,47938-6,3053213,AMSTEL,source_code,high
MEASUREMENT_CATEGORICAL//9534//3,v10_medication_atc,OMOP_CONCEPT//LOINC//3004921,dynamic_event,True,,LOINC,3004921,20124-4,3004921,AMSTEL,source_code,high
MEASUREMENT_CATEGORICAL//16448//8,v10_medication_atc,SNOMED//4052413,dynamic_event/device_support,True,,SNOMED,4052413,233527006,4052413,AMSTEL,source_code,high
MEASUREMENT_CATEGORICAL//18669//34,v10_medication_atc,OMOP//OMOP_CONCEPT//198571,static_context,True,,OMOP_CONCEPT,198571,89138009,Cardiogenic shock,AMSTEL,itemid_valueid,high
MEASUREMENT_CATEGORICAL//19639//15,v10_medication_atc,OMOP_CONCEPT//LOINC//3008223,dynamic_event,True,,LOINC,3008223,9268-4,3008223,AMSTEL,source_code,high
MEASUREMENT_CATEGORICAL//17016//4,v10_medication_atc,OMOP//OMOP_CONCEPT//37018761,static_context,True,,OMOP_CONCEPT,37018761,714153000,Chronic kidney disease stage 5 with transplant,AMSTEL,itemid_valueid,high
MEASUREMENT_CATEGORICAL//18671//352,v10_medication_atc,OMOP//OMOP_CONCEPT//4159949,static_context,True,,OMOP_CONCEPT,4159949,373351007,Surgical procedure on soft tissue,AMSTEL,itemid_valueid,high
MEASUREMENT_CATEGORICAL//8731//16,v10_medication_atc,OMOP//OMOP_CONCEPT//4014996,dynamic_event,True,,OMOP_CONCEPT,4014996,170303002,Structure of right half of neck,AMSTEL,itemid_valueid,high
MEASUREMENT_CATEGORICAL//12099//1,v10_medication_atc,OMOP_CONCEPT//LOINC//3003680,dynamic_event,True,,LOINC,3003680,8658-7,3003680,AMSTEL,source_code,high
MEASUREMENT_CATEGORICAL//15172//11,v10_medication_atc,OMOP//OMOP_CONCEPT//46237547,dynamic_event,True,,OMOP_CONCEPT,46237547,LA21948-7,10 - worst imaginable pain,AMSTEL,itemid_valueid,high
MEASUREMENT_CATEGORICAL//12832//4,v10_medication_atc,OMOP//OMOP_CONCEPT//37156241,dynamic_event,True,,OMOP_CONCEPT,37156241,1163221006,Pressure injury stage III,AMSTEL,itemid_valueid,high
MEASUREMENT_CATEGORICAL//13121//6,v10_medication_atc,OMOP//OMOP_CONCEPT//4241033,dynamic_event,True,,OMOP_CONCEPT,4241033,9209005,Acute abdomen,AMSTEL,itemid_valueid,high
MEASUREMENT_CATEGORICAL//18669//5,v10_medication_atc,OMOP//OMOP_CONCEPT//4042641,static_context,True,,OMOP_CONCEPT,4042641,118672003,Procedure on cardiovascular system,AMSTEL,itemid_valueid,high
MEASUREMENT_CATEGORICAL//13397//2,v10_medication_atc,LOINC//40758173,metadata_only,False,,LOINC,40758173,55043-4,40758173,AMSTEL,source_code,high
MEASUREMENT_CATEGORICAL//14161//1,v10_medication_atc,SNOMED//4134745,dynamic_event,True,,SNOMED,4134745,397930006,4134745,AMSTEL,source_code,high
MEASUREMENT_CATEGORICAL//6685//8,v10_medication_atc,OMOP_CONCEPT//LOINC//3004921,dynamic_event,True,,LOINC,3004921,20124-4,3004921,AMSTEL,source_code,high
MEASUREMENT_CATEGORICAL//13131//5,v10_medication_atc,OMOP//OMOP_CONCEPT//376713,dynamic_event,True,,OMOP_CONCEPT,376713,274100004,Cerebral hemorrhage,AMSTEL,itemid_valueid,high
MEASUREMENT_CATEGORICAL//8889//6,v10_medication_atc,SNOMED//4239191,dynamic_event,True,,SNOMED,4239191,68187007,4239191,AMSTEL,source_code,high
MEASUREMENT_CATEGORICAL//13137//2,v10_medication_atc,OMOP//OMOP_CONCEPT//602985,dynamic_event,True,,OMOP_CONCEPT,602985,1149322001,Intoxication,AMSTEL,itemid_valueid,high
MEASUREMENT_CATEGORICAL//18612//14,v10_medication_atc,OMOP//OMOP_CONCEPT//4012185,static_context,True,,OMOP_CONCEPT,4012185,112802009,Cardiovascular surgical procedure,AMSTEL,itemid_valueid,high
MEASUREMENT_CATEGORICAL//18671//225,v10_medication_atc,OMOP//OMOP_CONCEPT//195559,static_context,True,,OMOP_CONCEPT,195559,14336007,Ruptured abdominal aortic aneurysm,AMSTEL,itemid_valueid,high
MEASUREMENT_CATEGORICAL//19257//52,v10_medication_atc,OMOP//OMOP_CONCEPT//4092731,dynamic_event,True,,OMOP_CONCEPT,4092731,249954005,Movement against gravity,AMSTEL,itemid_valueid,high
MEASUREMENT_CATEGORICAL//13066//2,v10_medication_atc,OMOP_CONCEPT//LOINC//3013144,dynamic_event,True,,LOINC,3013144,11326-6,3013144,AMSTEL,source_code,high
MEASUREMENT_CATEGORICAL//13141//6,v10_medication_atc,OMOP//OMOP_CONCEPT//4301351,dynamic_event,True,,OMOP_CONCEPT,4301351,387713003,Surgical procedure,AMSTEL,itemid_valueid,high
MEASUREMENT_CATEGORICAL//18669//29,v10_medication_atc,OMOP//OMOP_CONCEPT//317576,static_context,True,,OMOP_CONCEPT,317576,53741008,Coronary arteriosclerosis,AMSTEL,itemid_valueid,high
MEASUREMENT_CATEGORICAL//12500//1,v10_medication_atc,OMOP_CONCEPT//LOINC//3004779,dynamic_event,True,,LOINC,3004779,8931-8,3004779,AMSTEL,source_code,high
MEASUREMENT_CATEGORICAL//19258//58,v10_medication_atc,OMOP//OMOP_CONCEPT//4092731,dynamic_event,True,,OMOP_CONCEPT,4092731,249954005,Movement against gravity,AMSTEL,itemid_valueid,high
MEASUREMENT_CATEGORICAL//18600//3,v10_medication_atc,OMOP//OMOP_CONCEPT//375415,static_context,True,,OMOP_CONCEPT,375415,82271004,Injury of head,AMSTEL,itemid_valueid,high
MEASUREMENT_CATEGORICAL//18671//155,v10_medication_atc,OMOP//OMOP_CONCEPT//440417,static_context,True,,OMOP_CONCEPT,440417,59282003,Pulmonary embolism,AMSTEL,itemid_valueid,high
MEASUREMENT_CATEGORICAL//8650//2,v10_medication_atc,OMOP//OMOP_CONCEPT//4125330,metadata_only,False,,OMOP_CONCEPT,4125330,234243005,Inadequate aortic balloon augmentation,AMSTEL,itemid_valueid,low
MEASUREMENT_CATEGORICAL//19251//16,v10_medication_atc,OMOP//OMOP_CONCEPT//4092731,dynamic_event,True,,OMOP_CONCEPT,4092731,249954005,Movement against gravity,AMSTEL,itemid_valueid,high
MEASUREMENT_CATEGORICAL//19259//64,v10_medication_atc,OMOP//OMOP_CONCEPT//4092731,dynamic_event,True,,OMOP_CONCEPT,4092731,249954005,Movement against gravity,AMSTEL,itemid_valueid,high
MEASUREMENT_CATEGORICAL//19637//11,v10_medication_atc,OMOP_CONCEPT//LOINC//3009094,dynamic_event,True,,LOINC,3009094,9270-0,3009094,AMSTEL,source_code,high
MEASUREMENT_CATEGORICAL//8691//5,v10_medication_atc,SNOMED//4122997,dynamic_event,True,,SNOMED,4122997,258118009,4122997,AMSTEL,source_code,high
MEASUREMENT_CATEGORICAL//18671//223,v10_medication_atc,OMOP//OMOP_CONCEPT//198177,static_context,True,,OMOP_CONCEPT,198177,233985008,Abdominal aortic aneurysm,AMSTEL,itemid_valueid,high
MEASUREMENT_CATEGORICAL//16055//8,v10_medication_atc,OMOP//OMOP_CONCEPT//4113272,dynamic_event,True,,OMOP_CONCEPT,4113272,255316004,Purulent,AMSTEL,itemid_valueid,high
MEASUREMENT_CATEGORICAL//18669//52,v10_medication_atc,OMOP//OMOP_CONCEPT//440417,static_context,True,,OMOP_CONCEPT,440417,59282003,Pulmonary embolism,AMSTEL,itemid_valueid,high
MEASUREMENT_CATEGORICAL//18590//2,v10_medication_atc,OMOP//OMOP_CONCEPT//192671,static_context,True,,OMOP_CONCEPT,192671,74474003,Gastrointestinal hemorrhage,AMSTEL,itemid_valueid,high
MEASUREMENT_CATEGORICAL//18589//5,v10_medication_atc,OMOP//OMOP_CONCEPT//319835,static_context,True,,OMOP_CONCEPT,319835,42343007,Congestive heart failure,AMSTEL,itemid_valueid,high
MEASUREMENT_CATEGORICAL//12130//4,v10_medication_atc,OMOP//OMOP_CONCEPT//45879101,metadata_only,False,,OMOP_CONCEPT,45879101,LA10268-3,Emergency Department,AMSTEL,itemid_valueid,high
MEASUREMENT_CATEGORICAL//12819//3,v10_medication_atc,OMOP//OMOP_CONCEPT//37156240,dynamic_event,True,,OMOP_CONCEPT,37156240,1163218009,Pressure injury stage II,AMSTEL,itemid_valueid,high
MEASUREMENT_CATEGORICAL//18612//11,v10_medication_atc,OMOP//OMOP_CONCEPT//4249161,static_context,True,,OMOP_CONCEPT,4249161,73544002,Operation on heart valve,AMSTEL,itemid_valueid,high
MEASUREMENT_CATEGORICAL//18671//226,v10_medication_atc,OMOP//OMOP_CONCEPT//4000088,static_context,True,,OMOP_CONCEPT,4000088,19262003,Repair of thoracic aortic aneurysm,AMSTEL,itemid_valueid,high
MEASUREMENT_CATEGORICAL//12818//3,v10_medication_atc,OMOP//OMOP_CONCEPT//37156240,dynamic_event,True,,OMOP_CONCEPT,37156240,1163218009,Pressure injury stage II,AMSTEL,itemid_valueid,high
MEASUREMENT_CATEGORICAL//19252//22,v10_medication_atc,OMOP//OMOP_CONCEPT//4092731,dynamic_event,True,,OMOP_CONCEPT,4092731,249954005,Movement against gravity,AMSTEL,itemid_valueid,high
MEASUREMENT_CATEGORICAL//18596//1,v10_medication_atc,OMOP//OMOP_CONCEPT//4000610,static_context,True,,OMOP_CONCEPT,4000610,119292006,Disorder of gastrointestinal tract,AMSTEL,itemid_valueid,high
MEASUREMENT_CATEGORICAL//16998//14,v10_medication_atc,OMOP//OMOP_CONCEPT//319835,static_context,True,,OMOP_CONCEPT,319835,42343007,Congestive heart failure,AMSTEL,itemid_valueid,high
MEASUREMENT_CATEGORICAL//18671//245,v10_medication_atc,OMOP//OMOP_CONCEPT//134057,static_context,True,,OMOP_CONCEPT,134057,49601007,Disorder of cardiovascular system,AMSTEL,itemid_valueid,high
MEASUREMENT_CATEGORICAL//12824//2,v10_medication_atc,OMOP//OMOP_CONCEPT//37156238,dynamic_event,True,,OMOP_CONCEPT,37156238,1163216008,Pressure injury stage I,AMSTEL,itemid_valueid,high
MEASUREMENT_CATEGORICAL//13072//4,v10_medication_atc,OMOP_CONCEPT//LOINC//3026549,dynamic_event,True,,LOINC,3026549,11325-8,3026549,AMSTEL,source_code,high
MEASUREMENT_CATEGORICAL//17005//24,v10_medication_atc,OMOP//OMOP_CONCEPT//320136,static_context,True,,OMOP_CONCEPT,320136,50043002,Disorder of respiratory system,AMSTEL,itemid_valueid,high
MEASUREMENT_CATEGORICAL//18590//1,v10_medication_atc,OMOP//OMOP_CONCEPT//4000610,static_context,True,,OMOP_CONCEPT,4000610,119292006,Disorder of gastrointestinal tract,AMSTEL,itemid_valueid,high
MEASUREMENT_CATEGORICAL//13134//3,v10_medication_atc,OMOP//OMOP_CONCEPT//4286507,dynamic_event,True,,OMOP_CONCEPT,4286507,68372009,Upper respiratory tract obstruction,AMSTEL,itemid_valueid,high
MEASUREMENT_CATEGORICAL//18671//156,v10_medication_atc,OMOP//OMOP_CONCEPT//257004,static_context,True,,OMOP_CONCEPT,257004,195951007,Acute exacerbation of chronic obstructive airways disease,AMSTEL,itemid_valueid,high
MEASUREMENT_CATEGORICAL//18589//1,v10_medication_atc,OMOP//OMOP_CONCEPT//134057,static_context,True,,OMOP_CONCEPT,134057,49601007,Disorder of cardiovascular system,AMSTEL,itemid_valueid,high
MEASUREMENT_CATEGORICAL//16448//2,v10_medication_atc,SNOMED//4052413,dynamic_event/device_support,True,,SNOMED,4052413,233527006,4052413,AMSTEL,source_code,high
MEASUREMENT_CATEGORICAL//18670//63,v10_medication_atc,OMOP//OMOP_CONCEPT//4012185,static_context,True,,OMOP_CONCEPT,4012185,112802009,Cardiovascular surgical procedure,AMSTEL,itemid_valueid,high
MEASUREMENT_CATEGORICAL//18671//296,v10_medication_atc,OMOP//OMOP_CONCEPT//4178810,static_context,True,,OMOP_CONCEPT,4178810,363132006,Gastrointestinal complication of procedure,AMSTEL,itemid_valueid,high
MEASUREMENT_CATEGORICAL//12510//1,v10_medication_atc,OMOP//OMOP_CONCEPT//45878583,dynamic_event,True,,OMOP_CONCEPT,45878583,LA6577-6,Negative,AMSTEL,itemid_valueid,high
MEASUREMENT_CATEGORICAL//18670//60,v10_medication_atc,OMOP//OMOP_CONCEPT//4249161,static_context,True,,OMOP_CONCEPT,4249161,73544002,Operation on heart valve,AMSTEL,itemid_valueid,high
MEASUREMENT_CATEGORICAL//13132//5,v10_medication_atc,OMOP//OMOP_CONCEPT//4197485,dynamic_event,True,,OMOP_CONCEPT,4197485,313307000,Epileptic seizure,AMSTEL,itemid_valueid,high
MEASUREMENT_CATEGORICAL//18671//35,v10_medication_atc,OMOP//OMOP_CONCEPT//132797,static_context,True,,OMOP_CONCEPT,132797,91302008,Sepsis,AMSTEL,itemid_valueid,high
MEASUREMENT_CATEGORICAL//12832//6,v10_medication_atc,OMOP//OMOP_CONCEPT//37156242,dynamic_event,True,,OMOP_CONCEPT,37156242,1163223009,Pressure injury stage IV,AMSTEL,itemid_valueid,high
MEASUREMENT_CATEGORICAL//9593//7,v10_medication_atc,OMOP_CONCEPT//LOINC//3024265,dynamic_event,True,,LOINC,3024265,8327-9,3024265,AMSTEL,source_code,high
MEASUREMENT_CATEGORICAL//13139//5,v10_medication_atc,OMOP//OMOP_CONCEPT//4044013,dynamic_event,True,,OMOP_CONCEPT,4044013,129154003,Hematologic neoplasm,AMSTEL,itemid_valueid,high
MEASUREMENT_CATEGORICAL//13118//2,v10_medication_atc,OMOP//OMOP_CONCEPT//4138183,dynamic_event,True,,OMOP_CONCEPT,4138183,425963007,Aneurysm of ascending aorta,AMSTEL,itemid_valueid,high
MEASUREMENT_CATEGORICAL//13124//13,v10_medication_atc,OMOP//OMOP_CONCEPT//4301351,dynamic_event,True,,OMOP_CONCEPT,4301351,387713003,Surgical procedure,AMSTEL,itemid_valueid,high
MEASUREMENT_CATEGORICAL//19260//71,v10_medication_atc,OMOP//OMOP_CONCEPT//4179292,dynamic_event,True,,OMOP_CONCEPT,4179292,298284000,Muscle movement against resistance incomplete,AMSTEL,itemid_valueid,high
MEASUREMENT_CATEGORICAL//13131//6,v10_medication_atc,OMOP//OMOP_CONCEPT//381591,dynamic_event,True,,OMOP_CONCEPT,381591,62914000,Cerebrovascular disease,AMSTEL,itemid_valueid,high
MEASUREMENT_CATEGORICAL//19250//10,v10_medication_atc,OMOP//OMOP_CONCEPT//4092731,dynamic_event,True,,OMOP_CONCEPT,4092731,249954005,Movement against gravity,AMSTEL,itemid_valueid,high
MEASUREMENT_CATEGORICAL//12500//3,v10_medication_atc,OMOP_CONCEPT//LOINC//3004779,dynamic_event,True,,LOINC,3004779,8931-8,3004779,AMSTEL,source_code,high
MEASUREMENT_CATEGORICAL//19256//46,v10_medication_atc,OMOP//OMOP_CONCEPT//4092731,dynamic_event,True,,OMOP_CONCEPT,4092731,249954005,Movement against gravity,AMSTEL,itemid_valueid,high
MEASUREMENT_CATEGORICAL//15149//1,v10_medication_atc,SNOMED//4131228,metadata_only,False,,SNOMED,4131228,410400002,4131228,AMSTEL,source_code,high
MEASUREMENT_CATEGORICAL//18671//51,v10_medication_atc,OMOP//OMOP_CONCEPT//4291649,static_context,True,,OMOP_CONCEPT,4291649,37372002,Upper gastrointestinal bleeding,AMSTEL,itemid_valueid,high
MEASUREMENT_CATEGORICAL//19255//40,v10_medication_atc,OMOP//OMOP_CONCEPT//4092731,dynamic_event,True,,OMOP_CONCEPT,4092731,249954005,Movement against gravity,AMSTEL,itemid_valueid,high
MEASUREMENT_CATEGORICAL//16084//1,v10_medication_atc,OMOP//OMOP_CONCEPT//313217,dynamic_event,True,,OMOP_CONCEPT,313217,49436004,Atrial fibrillation,AMSTEL,itemid_valueid,high
MEASUREMENT_CATEGORICAL//12513//3,v10_medication_atc,SNOMED//4122997,dynamic_event,True,,SNOMED,4122997,258118009,4122997,AMSTEL,source_code,high
MEASUREMENT_CATEGORICAL//18671//133,v10_medication_atc,OMOP//OMOP_CONCEPT//376337,static_context,True,,OMOP_CONCEPT,376337,118940003,Disorder of nervous system,AMSTEL,itemid_valueid,high
MEASUREMENT_CATEGORICAL//18592//1,v10_medication_atc,OMOP//OMOP_CONCEPT//31821,static_context,True,,OMOP_CONCEPT,31821,362969004,Disorder of endocrine system,AMSTEL,itemid_valueid,high
MEASUREMENT_CATEGORICAL//8189//9,v10_medication_atc,OMOP//OMOP_CONCEPT//4219814,dynamic_event,True,,OMOP_CONCEPT,4219814,334947002,Nebulizer,AMSTEL,itemid_valueid,high
MEASUREMENT_CATEGORICAL//18593//3,v10_medication_atc,OMOP//OMOP_CONCEPT//602985,static_context,True,,OMOP_CONCEPT,602985,1149322001,Intoxication,AMSTEL,itemid_valueid,high
MEASUREMENT_CATEGORICAL//18600//5,v10_medication_atc,OMOP//OMOP_CONCEPT//135526,static_context,True,,OMOP_CONCEPT,135526,48522003,Spinal cord disease,AMSTEL,itemid_valueid,high
MEASUREMENT_CATEGORICAL//18671//398,v10_medication_atc,OMOP//OMOP_CONCEPT//258369,static_context,True,,OMOP_CONCEPT,258369,93880001,Primary malignant neoplasm of lung,AMSTEL,itemid_valueid,high
MEASUREMENT_CATEGORICAL//13124//11,v10_medication_atc,OMOP//OMOP_CONCEPT//133468,dynamic_event,True,,OMOP_CONCEPT,133468,128605003,Disorder of limb,AMSTEL,itemid_valueid,high
MEASUREMENT_CATEGORICAL//16056//12,v10_medication_atc,OMOP//OMOP_CONCEPT//4113272,dynamic_event,True,,OMOP_CONCEPT,4113272,255316004,Purulent,AMSTEL,itemid_valueid,high
MEASUREMENT_CATEGORICAL//18669//57,v10_medication_atc,OMOP//OMOP_CONCEPT//4306082,static_context,True,,OMOP_CONCEPT,4306082,155597006,Aspiration pneumonitis,AMSTEL,itemid_valueid,high
MEASUREMENT_CATEGORICAL//18671//76,v10_medication_atc,OMOP//OMOP_CONCEPT//197320,static_context,True,,OMOP_CONCEPT,197320,14669001,Acute kidney injury,AMSTEL,itemid_valueid,high
MEASUREMENT_CATEGORICAL//18671//291,v10_medication_atc,OMOP//OMOP_CONCEPT//199744,static_context,True,,OMOP_CONCEPT,199744,286887005,Carcinoma liver and/or biliary system,AMSTEL,itemid_valueid,high
MEASUREMENT_CATEGORICAL//8732//7,v10_medication_atc,SNOMED//4085985,metadata_only,False,,SNOMED,4085985,246287001,4085985,AMSTEL,source_code,high
MEASUREMENT_CATEGORICAL//13145//6,v10_medication_atc,OMOP//OMOP_CONCEPT//4298484,dynamic_event,True,,OMOP_CONCEPT,4298484,384685001,Operation on oral cavity,AMSTEL,itemid_valueid,high
MEASUREMENT_CATEGORICAL//18671//377,v10_medication_atc,OMOP//OMOP_CONCEPT//376337,static_context,True,,OMOP_CONCEPT,376337,118940003,Disorder of nervous system,AMSTEL,itemid_valueid,high
MEASUREMENT_CATEGORICAL//13121//9,v10_medication_atc,OMOP//OMOP_CONCEPT//4000610,dynamic_event,True,,OMOP_CONCEPT,4000610,119292006,Disorder of gastrointestinal tract,AMSTEL,itemid_valueid,high
MEASUREMENT_CATEGORICAL//13121//1,v10_medication_atc,OMOP//OMOP_CONCEPT//40488822,dynamic_event,True,,OMOP_CONCEPT,40488822,446652009,Laparotomy and decompression of intestine,AMSTEL,itemid_valueid,high
MEASUREMENT_CATEGORICAL//19253//28,v10_medication_atc,OMOP//OMOP_CONCEPT//4092731,dynamic_event,True,,OMOP_CONCEPT,4092731,249954005,Movement against gravity,AMSTEL,itemid_valueid,high
MEASUREMENT_CATEGORICAL//8732//9,v10_medication_atc,SNOMED//4085985,metadata_only,False,,SNOMED,4085985,246287001,4085985,AMSTEL,source_code,high
MEASUREMENT_CATEGORICAL//18671//120,v10_medication_atc,OMOP//OMOP_CONCEPT//380834,static_context,True,,OMOP_CONCEPT,380834,371632003,Coma,AMSTEL,itemid_valueid,high
MEASUREMENT_CATEGORICAL//18671//264,v10_medication_atc,OMOP//OMOP_CONCEPT//319843,static_context,True,,OMOP_CONCEPT,319843,11851006,Mitral valve disorder,AMSTEL,itemid_valueid,high
MEASUREMENT_CATEGORICAL//19254//34,v10_medication_atc,OMOP//OMOP_CONCEPT//4092731,dynamic_event,True,,OMOP_CONCEPT,4092731,249954005,Movement against gravity,AMSTEL,itemid_valueid,high
MEASUREMENT_CATEGORICAL//18671//154,v10_medication_atc,OMOP//OMOP_CONCEPT//254061,static_context,True,,OMOP_CONCEPT,254061,60046008,Pleural effusion,AMSTEL,itemid_valueid,high
MEASUREMENT_CATEGORICAL//8732//8,v10_medication_atc,SNOMED//4085985,metadata_only,False,,SNOMED,4085985,246287001,4085985,AMSTEL,source_code,high
MEASUREMENT_CATEGORICAL//16627//5,v10_medication_atc,SNOMED//37154585,dynamic_event,True,,SNOMED,37154585,1269557005,37154585,AMSTEL,source_code,high
MEASUREMENT_CATEGORICAL//17009//7,v10_medication_atc,OMOP//OMOP_CONCEPT//4170058,static_context,True,,OMOP_CONCEPT,4170058,48114000,Operation on esophagus,AMSTEL,itemid_valueid,high
MEASUREMENT_CATEGORICAL//19252//23,v10_medication_atc,OMOP//OMOP_CONCEPT//4179292,dynamic_event,True,,OMOP_CONCEPT,4179292,298284000,Muscle movement against resistance incomplete,AMSTEL,itemid_valueid,high
MEASUREMENT_CATEGORICAL//19258//59,v10_medication_atc,OMOP//OMOP_CONCEPT//4179292,dynamic_event,True,,OMOP_CONCEPT,4179292,298284000,Muscle movement against resistance incomplete,AMSTEL,itemid_valueid,high
MEASUREMENT_CATEGORICAL//13120//4,v10_medication_atc,OMOP//OMOP_CONCEPT//312337,dynamic_event,True,,OMOP_CONCEPT,312337,266262004,Arterial embolus and thrombosis,AMSTEL,itemid_valueid,high
MEASUREMENT_CATEGORICAL//19636//10,v10_medication_atc,OMOP_CONCEPT//LOINC//3008223,dynamic_event,True,,LOINC,3008223,9268-4,3008223,AMSTEL,source_code,high
MEASUREMENT_CATEGORICAL//12828//6,v10_medication_atc,OMOP//OMOP_CONCEPT//37156242,dynamic_event,True,,OMOP_CONCEPT,37156242,1163223009,Pressure injury stage IV,AMSTEL,itemid_valueid,high
MEASUREMENT_CATEGORICAL//13078//3,v10_medication_atc,SNOMED//37154585,dynamic_event,True,,SNOMED,37154585,1269557005,37154585,AMSTEL,source_code,high
MEASUREMENT_CATEGORICAL//19260//67,v10_medication_atc,OMOP//OMOP_CONCEPT//4092729,dynamic_event,True,,OMOP_CONCEPT,4092729,249949001,No active muscle contraction,AMSTEL,itemid_valueid,high
MEASUREMENT_CATEGORICAL//8895//13,v10_medication_atc,SNOMED//37397754,dynamic_event,True,,SNOMED,37397754,718499004,37397754,AMSTEL,source_code,high
MEASUREMENT_CATEGORICAL//18669//25,v10_medication_atc,OMOP//OMOP_CONCEPT//318459,static_context,True,,OMOP_CONCEPT,318459,409623005,Respiratory insufficiency,AMSTEL,itemid_valueid,high
MEASUREMENT_CATEGORICAL//19257//53,v10_medication_atc,OMOP//OMOP_CONCEPT//4179292,dynamic_event,True,,OMOP_CONCEPT,4179292,298284000,Muscle movement against resistance incomplete,AMSTEL,itemid_valueid,high
MEASUREMENT_CATEGORICAL//16056//11,v10_medication_atc,OMOP//OMOP_CONCEPT//4116701,dynamic_event,True,,OMOP_CONCEPT,4116701,255345002,Hemorrhagic,AMSTEL,itemid_valueid,high
MEASUREMENT_CATEGORICAL//18671//289,v10_medication_atc,OMOP//OMOP_CONCEPT//3654354,static_context,True,,OMOP_CONCEPT,3654354,830155008,Administration of hyperthermic antineoplastic agent into peritoneal cavity,AMSTEL,itemid_valueid,high
MEASUREMENT_CATEGORICAL//8731//19,v10_medication_atc,OMOP//OMOP_CONCEPT//4140696,dynamic_event,True,,OMOP_CONCEPT,4140696,33547000,Structure of substernal region,AMSTEL,itemid_valueid,high
MEASUREMENT_CATEGORICAL//18594//1,v10_medication_atc,OMOP//OMOP_CONCEPT//198124,static_context,True,,OMOP_CONCEPT,198124,90708001,Kidney disease,AMSTEL,itemid_valueid,high
MEASUREMENT_CATEGORICAL//18671//161,v10_medication_atc,OMOP//OMOP_CONCEPT//4286507,static_context,True,,OMOP_CONCEPT,4286507,68372009,Upper respiratory tract obstruction,AMSTEL,itemid_valueid,high
MEASUREMENT_CATEGORICAL//18671//143,v10_medication_atc,OMOP//OMOP_CONCEPT//4197485,static_context,True,,OMOP_CONCEPT,4197485,313307000,Epileptic seizure,AMSTEL,itemid_valueid,high
MEASUREMENT_CATEGORICAL//18593//5,v10_medication_atc,OMOP//OMOP_CONCEPT//4197485,static_context,True,,OMOP_CONCEPT,4197485,313307000,Epileptic seizure,AMSTEL,itemid_valueid,high
MEASUREMENT_CATEGORICAL//12109//9,v10_medication_atc,LOINC//36203284,metadata_only,False,,LOINC,36203284,85432-3,36203284,AMSTEL,source_code,high
MEASUREMENT_CATEGORICAL//12513//4,v10_medication_atc,SNOMED//4122997,dynamic_event,True,,SNOMED,4122997,258118009,4122997,AMSTEL,source_code,high
MEASUREMENT_CATEGORICAL//8732//2,v10_medication_atc,SNOMED//4085985,metadata_only,False,,SNOMED,4085985,246287001,4085985,AMSTEL,source_code,high
MEASUREMENT_CATEGORICAL//8825//9,v10_medication_atc,SNOMED//4239407,dynamic_event,True,,SNOMED,4239407,364074009,4239407,AMSTEL,source_code,high
MEASUREMENT_CATEGORICAL//18669//7,v10_medication_atc,OMOP//OMOP_CONCEPT//132797,static_context,True,,OMOP_CONCEPT,132797,91302008,Sepsis,AMSTEL,itemid_valueid,high
MEASUREMENT_CATEGORICAL//18602//2,v10_medication_atc,OMOP//OMOP_CONCEPT//252280,static_context,True,,OMOP_CONCEPT,252280,126667002,Neoplasm of respiratory tract,AMSTEL,itemid_valueid,high
MEASUREMENT_CATEGORICAL//13132//3,v10_medication_atc,OMOP//OMOP_CONCEPT//376337,dynamic_event,True,,OMOP_CONCEPT,376337,118940003,Disorder of nervous system,AMSTEL,itemid_valueid,high
MEASUREMENT_CATEGORICAL//13944//4,v10_medication_atc,OMOP//OMOP_CONCEPT//4104200,dynamic_event,True,,OMOP_CONCEPT,4104200,29179001,Closed,AMSTEL,itemid_valueid,high
MEASUREMENT_CATEGORICAL//19249//3,v10_medication_atc,OMOP//OMOP_CONCEPT//4097166,dynamic_event,True,,OMOP_CONCEPT,4097166,249953004,Movement with gravity eliminated,AMSTEL,itemid_valueid,high
MEASUREMENT_CATEGORICAL//19635//6,v10_medication_atc,OMOP_CONCEPT//LOINC//3016335,dynamic_event,True,,LOINC,3016335,9267-6,3016335,AMSTEL,source_code,high
MEASUREMENT_CATEGORICAL//19250//11,v10_medication_atc,OMOP//OMOP_CONCEPT//4179292,dynamic_event,True,,OMOP_CONCEPT,4179292,298284000,Muscle movement against resistance incomplete,AMSTEL,itemid_valueid,high
MEASUREMENT_CATEGORICAL//18671//63,v10_medication_atc,OMOP//OMOP_CONCEPT//4202064,static_context,True,,OMOP_CONCEPT,4202064,51875005,Gastrointestinal perforation,AMSTEL,itemid_valueid,high
MEASUREMENT_CATEGORICAL//16993//14,v10_medication_atc,OMOP//OMOP_CONCEPT//581379,metadata_only,False,,OMOP_CONCEPT,581379,OMOP4822042,Inpatient Critical Care Facility,AMSTEL,itemid_valueid,high
MEASUREMENT_CATEGORICAL//19256//47,v10_medication_atc,OMOP//OMOP_CONCEPT//4179292,dynamic_event,True,,OMOP_CONCEPT,4179292,298284000,Muscle movement against resistance incomplete,AMSTEL,itemid_valueid,high
MEASUREMENT_CATEGORICAL//6685//3,v10_medication_atc,OMOP_CONCEPT//LOINC//3004921,dynamic_event,True,,LOINC,3004921,20124-4,3004921,AMSTEL,source_code,high
MEASUREMENT_CATEGORICAL//10472//15,v10_medication_atc,SNOMED//44810687,outcome_metadata,False,,SNOMED,44810687,888671000000103,44810687,AMSTEL,source_code,high
MEASUREMENT_CATEGORICAL//12815//4,v10_medication_atc,OMOP//OMOP_CONCEPT//37156241,dynamic_event,True,,OMOP_CONCEPT,37156241,1163221006,Pressure injury stage III,AMSTEL,itemid_valueid,high
MEASUREMENT_CATEGORICAL//12829//2,v10_medication_atc,OMOP//OMOP_CONCEPT//37156238,dynamic_event,True,,OMOP_CONCEPT,37156238,1163216008,Pressure injury stage I,AMSTEL,itemid_valueid,high
MEASUREMENT_CATEGORICAL//19259//61,v10_medication_atc,OMOP//OMOP_CONCEPT//4092729,dynamic_event,True,,OMOP_CONCEPT,4092729,249949001,No active muscle contraction,AMSTEL,itemid_valueid,high
MEASUREMENT_CATEGORICAL//18669//17,v10_medication_atc,OMOP//OMOP_CONCEPT//4194964,static_context,True,,OMOP_CONCEPT,4194964,79537002,Operation on endocrine system,AMSTEL,itemid_valueid,high
MEASUREMENT_CATEGORICAL//8652//4,v10_medication_atc,OMOP//OMOP_CONCEPT//45878602,dynamic_event,True,,OMOP_CONCEPT,45878602,LA13538-6,Not tested,AMSTEL,itemid_valueid,high
MEASUREMENT_CATEGORICAL//18669//14,v10_medication_atc,OMOP//OMOP_CONCEPT//198124,static_context,True,,OMOP_CONCEPT,198124,90708001,Kidney disease,AMSTEL,itemid_valueid,high
MEASUREMENT_CATEGORICAL//13129//3,v10_medication_atc,OMOP//OMOP_CONCEPT//4116092,dynamic_event,True,,OMOP_CONCEPT,4116092,254935002,Intracranial tumor,AMSTEL,itemid_valueid,high
MEASUREMENT_CATEGORICAL//17014//14,v10_medication_atc,OMOP//OMOP_CONCEPT//4019540,static_context,True,,OMOP_CONCEPT,4019540,10458001,Evacuation of intracerebral hematoma,AMSTEL,itemid_valueid,high
MEASUREMENT_CATEGORICAL//19251//17,v10_medication_atc,OMOP//OMOP_CONCEPT//4179292,dynamic_event,True,,OMOP_CONCEPT,4179292,298284000,Muscle movement against resistance incomplete,AMSTEL,itemid_valueid,high
MEASUREMENT_CATEGORICAL//10467//3,v10_medication_atc,OMOP_CONCEPT//LOINC//3046344,dynamic_event,True,,LOINC,3046344,45404-1,3046344,AMSTEL,source_code,high
MEASUREMENT_CATEGORICAL//13133//11,v10_medication_atc,OMOP//OMOP_CONCEPT//134057,dynamic_event,True,,OMOP_CONCEPT,134057,49601007,Disorder of cardiovascular system,AMSTEL,itemid_valueid,high
MEASUREMENT_CATEGORICAL//19250//7,v10_medication_atc,OMOP//OMOP_CONCEPT//4092729,dynamic_event,True,,OMOP_CONCEPT,4092729,249949001,No active muscle contraction,AMSTEL,itemid_valueid,high
MEASUREMENT_CATEGORICAL//19254//35,v10_medication_atc,OMOP//OMOP_CONCEPT//4179292,dynamic_event,True,,OMOP_CONCEPT,4179292,298284000,Muscle movement against resistance incomplete,AMSTEL,itemid_valueid,high
MEASUREMENT_CATEGORICAL//13077//2,v10_medication_atc,OMOP_CONCEPT//LOINC//3026019,dynamic_event,True,,LOINC,3026019,11324-1,3026019,AMSTEL,source_code,high
MEASUREMENT_CATEGORICAL//12627//1,v10_medication_atc,OMOP_CONCEPT//LOINC//36305611,dynamic_event,True,,LOINC,36305611,89086-3,36305611,AMSTEL,source_code,high
MEASUREMENT_CATEGORICAL//12818//4,v10_medication_atc,OMOP//OMOP_CONCEPT//37156241,dynamic_event,True,,OMOP_CONCEPT,37156241,1163221006,Pressure injury stage III,AMSTEL,itemid_valueid,high
MEASUREMENT_CATEGORICAL//12820//3,v10_medication_atc,OMOP//OMOP_CONCEPT//37156240,dynamic_event,True,,OMOP_CONCEPT,37156240,1163218009,Pressure injury stage II,AMSTEL,itemid_valueid,high
MEASUREMENT_CATEGORICAL//19639//14,v10_medication_atc,OMOP_CONCEPT//LOINC//3008223,dynamic_event,True,,LOINC,3008223,9268-4,3008223,AMSTEL,source_code,high
MEASUREMENT_CATEGORICAL//13119//9,v10_medication_atc,OMOP//OMOP_CONCEPT//320136,dynamic_event,True,,OMOP_CONCEPT,320136,50043002,Disorder of respiratory system,AMSTEL,itemid_valueid,high
MEASUREMENT_CATEGORICAL//13136//3,v10_medication_atc,OMOP//OMOP_CONCEPT//132797,dynamic_event,True,,OMOP_CONCEPT,132797,91302008,Sepsis,AMSTEL,itemid_valueid,high
MEASUREMENT_CATEGORICAL//8200//1,v10_medication_atc,OMOP_CONCEPT//LOINC//1989388,dynamic_event,True,,LOINC,1989388,99684-3,1989388,AMSTEL,source_code,high
MEASUREMENT_CATEGORICAL//18589//7,v10_medication_atc,OMOP//OMOP_CONCEPT//44784217,static_context,True,,OMOP_CONCEPT,44784217,698247007,Cardiac arrhythmia,AMSTEL,itemid_valueid,high
MEASUREMENT_CATEGORICAL//19255//41,v10_medication_atc,OMOP//OMOP_CONCEPT//4179292,dynamic_event,True,,OMOP_CONCEPT,4179292,298284000,Muscle movement against resistance incomplete,AMSTEL,itemid_valueid,high
MEASUREMENT_CATEGORICAL//13130//4,v10_medication_atc,OMOP//OMOP_CONCEPT//376337,dynamic_event,True,,OMOP_CONCEPT,376337,118940003,Disorder of nervous system,AMSTEL,itemid_valueid,high
MEASUREMENT_CATEGORICAL//19254//31,v10_medication_atc,OMOP//OMOP_CONCEPT//4092729,dynamic_event,True,,OMOP_CONCEPT,4092729,249949001,No active muscle contraction,AMSTEL,itemid_valueid,high
MEASUREMENT_CATEGORICAL//12290//1,v10_medication_atc,OMOP_CONCEPT//OMOP//3004921,dynamic_event,True,,OMOP,3004921,20124-4,ventilator_mode,BlendedICU,label_exact,high
MEASUREMENT_CATEGORICAL//19253//25,v10_medication_atc,OMOP//OMOP_CONCEPT//4092729,dynamic_event,True,,OMOP_CONCEPT,4092729,249949001,No active muscle contraction,AMSTEL,itemid_valueid,high
MEASUREMENT_CATEGORICAL//19256//43,v10_medication_atc,OMOP//OMOP_CONCEPT//4092729,dynamic_event,True,,OMOP_CONCEPT,4092729,249949001,No active muscle contraction,AMSTEL,itemid_valueid,high
MEASUREMENT_CATEGORICAL//6671//11,v10_medication_atc,OMOP//OMOP_CONCEPT//4216773,dynamic_event,True,,OMOP_CONCEPT,4216773,397829000,Asystole,AMSTEL,itemid_valueid,high
MEASUREMENT_CATEGORICAL//8651//4,v10_medication_atc,OMOP//OMOP_CONCEPT//45878602,dynamic_event,True,,OMOP_CONCEPT,45878602,LA13538-6,Not tested,AMSTEL,itemid_valueid,high
MEASUREMENT_CATEGORICAL//10470//2,v10_medication_atc,SNOMED//763892,outcome_metadata,False,,SNOMED,763892,448271000124107,763892,AMSTEL,source_code,high
MEASUREMENT_CATEGORICAL//18669//11,v10_medication_atc,OMOP//OMOP_CONCEPT//192671,static_context,True,,OMOP_CONCEPT,192671,74474003,Gastrointestinal hemorrhage,AMSTEL,itemid_valueid,high
MEASUREMENT_CATEGORICAL//13118//3,v10_medication_atc,OMOP//OMOP_CONCEPT//44783222,dynamic_event,True,,OMOP_CONCEPT,44783222,699279007,Aortic arch replacement,AMSTEL,itemid_valueid,high
MEASUREMENT_CATEGORICAL//13125//1,v10_medication_atc,OMOP//OMOP_CONCEPT//4010109,dynamic_event,True,,OMOP_CONCEPT,4010109,112698002,Operation on joint,AMSTEL,itemid_valueid,high
MEASUREMENT_CATEGORICAL//17008//3,v10_medication_atc,OMOP//OMOP_CONCEPT//198177,static_context,True,,OMOP_CONCEPT,198177,233985008,Abdominal aortic aneurysm,AMSTEL,itemid_valueid,high
MEASUREMENT_CATEGORICAL//18610//11,v10_medication_atc,OMOP//OMOP_CONCEPT//4170143,static_context,True,,OMOP_CONCEPT,4170143,275498002,Respiratory tract infection,AMSTEL,itemid_valueid,high
MEASUREMENT_CATEGORICAL//12513//2,v10_medication_atc,OMOP//OMOP_CONCEPT//4035566,dynamic_event,True,,OMOP_CONCEPT,4035566,117444000,Text value,AMSTEL,itemid_valueid,high
MEASUREMENT_CATEGORICAL//18670//107,v10_medication_atc,OMOP//OMOP_CONCEPT//4112341,static_context,True,,OMOP_CONCEPT,4112341,195647007,Acute respiratory infections,AMSTEL,itemid_valueid,high
MEASUREMENT_CATEGORICAL//18671//121,v10_medication_atc,OMOP//OMOP_CONCEPT//381316,static_context,True,,OMOP_CONCEPT,381316,230690007,Cerebrovascular accident,AMSTEL,itemid_valueid,high
MEASUREMENT_CATEGORICAL//12831//4,v10_medication_atc,OMOP//OMOP_CONCEPT//37156241,dynamic_event,True,,OMOP_CONCEPT,37156241,1163221006,Pressure injury stage III,AMSTEL,itemid_valueid,high
MEASUREMENT_CATEGORICAL//6671//31,v10_medication_atc,OMOP//OMOP_CONCEPT//4008859,dynamic_event,True,,OMOP_CONCEPT,4008859,111975006,Prolonged QT interval,AMSTEL,itemid_valueid,high
MEASUREMENT_CATEGORICAL//12110//9,v10_medication_atc,LOINC//36203284,metadata_only,False,,LOINC,36203284,85432-3,36203284,AMSTEL,source_code,high
MEASUREMENT_CATEGORICAL//18669//51,v10_medication_atc,OMOP//OMOP_CONCEPT//252280,static_context,True,,OMOP_CONCEPT,252280,126667002,Neoplasm of respiratory tract,AMSTEL,itemid_valueid,high
MEASUREMENT_CATEGORICAL//6671//8,v10_medication_atc,SNOMED//4091457,dynamic_event,True,,SNOMED,4091457,251149006,4091457,AMSTEL,source_code,high
MEASUREMENT_CATEGORICAL//17008//6,v10_medication_atc,OMOP//OMOP_CONCEPT//4000088,static_context,True,,OMOP_CONCEPT,4000088,19262003,Repair of thoracic aortic aneurysm,AMSTEL,itemid_valueid,high
MEASUREMENT_CATEGORICAL//12826//4,v10_medication_atc,OMOP//OMOP_CONCEPT//37156241,dynamic_event,True,,OMOP_CONCEPT,37156241,1163221006,Pressure injury stage III,AMSTEL,itemid_valueid,high
MEASUREMENT_CATEGORICAL//17008//44,v10_medication_atc,OMOP//OMOP_CONCEPT//319843,static_context,True,,OMOP_CONCEPT,319843,11851006,Mitral valve disorder,AMSTEL,itemid_valueid,high
MEASUREMENT_CATEGORICAL//19637//12,v10_medication_atc,OMOP_CONCEPT//LOINC//3009094,dynamic_event,True,,LOINC,3009094,9270-0,3009094,AMSTEL,source_code,high
MEASUREMENT_CATEGORICAL//19872//2,v10_medication_atc,OMOP//OMOP_CONCEPT//45879205,metadata_only,False,,OMOP_CONCEPT,45879205,LA14750-6,Contact lenses,AMSTEL,itemid_valueid,high
MEASUREMENT_CATEGORICAL//12623//9,v10_medication_atc,OMOP_CONCEPT//LOINC//3046004,dynamic_event/device_support,True,,LOINC,3046004,33444-1,3046004,AMSTEL,source_code,high
MEASUREMENT_CATEGORICAL//17004//26,v10_medication_atc,OMOP//OMOP_CONCEPT//380378,static_context,True,,OMOP_CONCEPT,380378,84757009,Epilepsy,AMSTEL,itemid_valueid,high
MEASUREMENT_CATEGORICAL//18671//280,v10_medication_atc,OMOP//OMOP_CONCEPT//134057,static_context,True,,OMOP_CONCEPT,134057,49601007,Disorder of cardiovascular system,AMSTEL,itemid_valueid,high
MEASUREMENT_CATEGORICAL//8663//10,v10_medication_atc,OMOP_CONCEPT//LOINC//3024265,dynamic_event,True,,LOINC,3024265,8327-9,3024265,AMSTEL,source_code,high
MEASUREMENT_CATEGORICAL//12613//3,v10_medication_atc,OMOP_CONCEPT//LOINC//3015853,dynamic_event/device_support,True,,LOINC,3015853,9036-5,3015853,AMSTEL,source_code,high
MEASUREMENT_CATEGORICAL//18610//10,v10_medication_atc,OMOP//OMOP_CONCEPT//320136,static_context,True,,OMOP_CONCEPT,320136,50043002,Disorder of respiratory system,AMSTEL,itemid_valueid,high
MEASUREMENT_CATEGORICAL//8896//7,v10_medication_atc,OMOP//OMOP_CONCEPT//4287098,dynamic_event,True,,OMOP_CONCEPT,4287098,68423001,Frothy sputum,AMSTEL,itemid_valueid,high
MEASUREMENT_CATEGORICAL//14182//2,v10_medication_atc,SNOMED//4141919,dynamic_event,True,,SNOMED,4141919,264957007,4141919,AMSTEL,source_code,high
MEASUREMENT_CATEGORICAL//16628//7,v10_medication_atc,OMOP_CONCEPT//LOINC//3026019,dynamic_event,True,,LOINC,3026019,11324-1,3026019,AMSTEL,source_code,high
MEASUREMENT_CATEGORICAL//16634//11,v10_medication_atc,OMOP_CONCEPT//LOINC//3026549,dynamic_event,True,,LOINC,3026549,11325-8,3026549,AMSTEL,source_code,high
MEASUREMENT_CATEGORICAL//18593//4,v10_medication_atc,OMOP//OMOP_CONCEPT//42872434,static_context,True,,OMOP_CONCEPT,42872434,450425005,Intracranial hematoma,AMSTEL,itemid_valueid,high
MEASUREMENT_CATEGORICAL//19259//65,v10_medication_atc,OMOP//OMOP_CONCEPT//4119892,dynamic_event,True,,OMOP_CONCEPT,4119892,287579007,Right hip region structure,AMSTEL,itemid_valueid,high
MEASUREMENT_CATEGORICAL//8825//6,v10_medication_atc,OMOP//OMOP_CONCEPT//4218242,dynamic_event,True,,OMOP_CONCEPT,4218242,81898007,Ventricular escape rhythm,AMSTEL,itemid_valueid,high
MEASUREMENT_CATEGORICAL//15149//4,v10_medication_atc,SNOMED//4131228,metadata_only,False,,SNOMED,4131228,410400002,4131228,AMSTEL,source_code,high
MEASUREMENT_CATEGORICAL//16057//13,v10_medication_atc,OMOP//OMOP_CONCEPT//4105064,dynamic_event,True,,OMOP_CONCEPT,4105064,256913008,Serous,AMSTEL,itemid_valueid,high
MEASUREMENT_CATEGORICAL//18608//6,v10_medication_atc,OMOP//OMOP_CONCEPT//376337,static_context,True,,OMOP_CONCEPT,376337,118940003,Disorder of nervous system,AMSTEL,itemid_valueid,high
MEASUREMENT_CATEGORICAL//13145//4,v10_medication_atc,OMOP//OMOP_CONCEPT//320136,dynamic_event,True,,OMOP_CONCEPT,320136,50043002,Disorder of respiratory system,AMSTEL,itemid_valueid,high
MEASUREMENT_CATEGORICAL//8889//8,v10_medication_atc,SNOMED//4239191,dynamic_event,True,,SNOMED,4239191,68187007,4239191,AMSTEL,source_code,high
MEASUREMENT_CATEGORICAL//13134//6,v10_medication_atc,OMOP//OMOP_CONCEPT//252280,dynamic_event,True,,OMOP_CONCEPT,252280,126667002,Neoplasm of respiratory tract,AMSTEL,itemid_valueid,high
MEASUREMENT_CATEGORICAL//18595//8,v10_medication_atc,OMOP//OMOP_CONCEPT//257004,static_context,True,,OMOP_CONCEPT,257004,195951007,Acute exacerbation of chronic obstructive airways disease,AMSTEL,itemid_valueid,high
MEASUREMENT_CATEGORICAL//19249//2,v10_medication_atc,OMOP//OMOP_CONCEPT//4093683,dynamic_event,True,,OMOP_CONCEPT,4093683,249950001,Visible muscle contraction only,AMSTEL,itemid_valueid,high
MEASUREMENT_CATEGORICAL//13133//7,v10_medication_atc,OMOP//OMOP_CONCEPT//44784217,dynamic_event,True,,OMOP_CONCEPT,44784217,698247007,Cardiac arrhythmia,AMSTEL,itemid_valueid,high
MEASUREMENT_CATEGORICAL//18671//34,v10_medication_atc,OMOP//OMOP_CONCEPT//132797,static_context,True,,OMOP_CONCEPT,132797,91302008,Sepsis,AMSTEL,itemid_valueid,high
MEASUREMENT_CATEGORICAL//12376//2,v10_medication_atc,OMOP_CONCEPT//LOINC//3004921,dynamic_event,True,,LOINC,3004921,20124-4,3004921,AMSTEL,source_code,high
MEASUREMENT_CATEGORICAL//12828//3,v10_medication_atc,OMOP//OMOP_CONCEPT//37156240,dynamic_event,True,,OMOP_CONCEPT,37156240,1163218009,Pressure injury stage II,AMSTEL,itemid_valueid,high
MEASUREMENT_CATEGORICAL//13123//1,v10_medication_atc,OMOP//OMOP_CONCEPT//31821,dynamic_event,True,,OMOP_CONCEPT,31821,362969004,Disorder of endocrine system,AMSTEL,itemid_valueid,high
MEASUREMENT_CATEGORICAL//13132//7,v10_medication_atc,OMOP//OMOP_CONCEPT//376337,dynamic_event,True,,OMOP_CONCEPT,376337,118940003,Disorder of nervous system,AMSTEL,itemid_valueid,high
MEASUREMENT_CATEGORICAL//17004//11,v10_medication_atc,OMOP//OMOP_CONCEPT//439847,static_context,True,,OMOP_CONCEPT,439847,1386000,Intracranial hemorrhage,AMSTEL,itemid_valueid,high
MEASUREMENT_CATEGORICAL//18589//8,v10_medication_atc,OMOP//OMOP_CONCEPT//198571,static_context,True,,OMOP_CONCEPT,198571,89138009,Cardiogenic shock,AMSTEL,itemid_valueid,high
MEASUREMENT_CATEGORICAL//18670//101,v10_medication_atc,OMOP//OMOP_CONCEPT//376337,static_context,True,,OMOP_CONCEPT,376337,118940003,Disorder of nervous system,AMSTEL,itemid_valueid,high
MEASUREMENT_CATEGORICAL//18670//106,v10_medication_atc,OMOP//OMOP_CONCEPT//320136,static_context,True,,OMOP_CONCEPT,320136,50043002,Disorder of respiratory system,AMSTEL,itemid_valueid,high
MEASUREMENT_CATEGORICAL//18671//41,v10_medication_atc,OMOP//OMOP_CONCEPT//198571,static_context,True,,OMOP_CONCEPT,198571,89138009,Cardiogenic shock,AMSTEL,itemid_valueid,high
MEASUREMENT_CATEGORICAL//19249//6,v10_medication_atc,OMOP//OMOP_CONCEPT//4093685,dynamic_event,True,,OMOP_CONCEPT,4093685,249955006,Movement against resistance,AMSTEL,itemid_valueid,high
MEASUREMENT_CATEGORICAL//12816//4,v10_medication_atc,OMOP//OMOP_CONCEPT//37156241,dynamic_event,True,,OMOP_CONCEPT,37156241,1163221006,Pressure injury stage III,AMSTEL,itemid_valueid,high
MEASUREMENT_CATEGORICAL//12831//6,v10_medication_atc,OMOP//OMOP_CONCEPT//37156242,dynamic_event,True,,OMOP_CONCEPT,37156242,1163223009,Pressure injury stage IV,AMSTEL,itemid_valueid,high
MEASUREMENT_CATEGORICAL//17009//6,v10_medication_atc,OMOP//OMOP_CONCEPT//3654354,static_context,True,,OMOP_CONCEPT,3654354,830155008,Administration of hyperthermic antineoplastic agent into peritoneal cavity,AMSTEL,itemid_valueid,high
MEASUREMENT_CATEGORICAL//12501//1,v10_medication_atc,OMOP_CONCEPT//LOINC//3004779,dynamic_event,True,,LOINC,3004779,8931-8,3004779,AMSTEL,source_code,high
MEASUREMENT_CATEGORICAL//18671//394,v10_medication_atc,OMOP//OMOP_CONCEPT//320136,static_context,True,,OMOP_CONCEPT,320136,50043002,Disorder of respiratory system,AMSTEL,itemid_valueid,high
MEASUREMENT_CATEGORICAL//12627//3,v10_medication_atc,OMOP_CONCEPT//LOINC//36305611,dynamic_event,True,,LOINC,36305611,89086-3,36305611,AMSTEL,source_code,high
MEASUREMENT_CATEGORICAL//16448//5,v10_medication_atc,SNOMED//4052413,dynamic_event/device_support,True,,SNOMED,4052413,233527006,4052413,AMSTEL,source_code,high
MEASUREMENT_CATEGORICAL//12825//6,v10_medication_atc,OMOP//OMOP_CONCEPT//37156242,dynamic_event,True,,OMOP_CONCEPT,37156242,1163223009,Pressure injury stage IV,AMSTEL,itemid_valueid,high
MEASUREMENT_CATEGORICAL//17014//18,v10_medication_atc,OMOP//OMOP_CONCEPT//376337,static_context,True,,OMOP_CONCEPT,376337,118940003,Disorder of nervous system,AMSTEL,itemid_valueid,high
MEASUREMENT_CATEGORICAL//19253//29,v10_medication_atc,OMOP//OMOP_CONCEPT//4119913,dynamic_event,True,,OMOP_CONCEPT,4119913,287679003,Left hip region structure,AMSTEL,itemid_valueid,high
MEASUREMENT_CATEGORICAL//12497//1,v10_medication_atc,OMOP//OMOP_CONCEPT//9191,dynamic_event,True,,OMOP_CONCEPT,9191,10828004,Positive,AMSTEL,itemid_valueid,high
MEASUREMENT_CATEGORICAL//14426//26,v10_medication_atc,OMOP_CONCEPT//LOINC//3021707,dynamic_event,True,,LOINC,3021707,9205-6,3021707,AMSTEL,source_code,high
MEASUREMENT_CATEGORICAL//17009//20,v10_medication_atc,OMOP//OMOP_CONCEPT//4202064,static_context,True,,OMOP_CONCEPT,4202064,51875005,Gastrointestinal perforation,AMSTEL,itemid_valueid,high
MEASUREMENT_CATEGORICAL//18669//28,v10_medication_atc,OMOP//OMOP_CONCEPT//4096313,static_context,True,,OMOP_CONCEPT,4096313,262519004,Multiple injuries,AMSTEL,itemid_valueid,high
MEASUREMENT_CATEGORICAL//6671//24,v10_medication_atc,OMOP//OMOP_CONCEPT//437894,dynamic_event,True,,OMOP_CONCEPT,437894,71908006,Ventricular fibrillation,AMSTEL,itemid_valueid,high
MEASUREMENT_CATEGORICAL//13064//4,v10_medication_atc,OMOP//OMOP_CONCEPT//4138674,metadata_only,False,,OMOP_CONCEPT,4138674,32696007,Structure of right lower leg,AMSTEL,itemid_valueid,low
MEASUREMENT_CATEGORICAL//17015//13,v10_medication_atc,OMOP//OMOP_CONCEPT//258369,static_context,True,,OMOP_CONCEPT,258369,93880001,Primary malignant neoplasm of lung,AMSTEL,itemid_valueid,high
MEASUREMENT_CATEGORICAL//12109//5,v10_medication_atc,LOINC//36203284,metadata_only,False,,LOINC,36203284,85432-3,36203284,AMSTEL,source_code,high
MEASUREMENT_CATEGORICAL//16660//12,v10_medication_atc,OMOP//OMOP_CONCEPT//40490927,dynamic_event,True,,OMOP_CONCEPT,40490927,447107001,Craniotomy and excision of neoplasm of brain,AMSTEL,itemid_valueid,high
MEASUREMENT_CATEGORICAL//18671//432,v10_medication_atc,OMOP//OMOP_CONCEPT//133468,static_context,True,,OMOP_CONCEPT,133468,128605003,Disorder of limb,AMSTEL,itemid_valueid,high
MEASUREMENT_CATEGORICAL//19255//37,v10_medication_atc,OMOP//OMOP_CONCEPT//4092729,dynamic_event,True,,OMOP_CONCEPT,4092729,249949001,No active muscle contraction,AMSTEL,itemid_valueid,high
MEASUREMENT_CATEGORICAL//8692//1,v10_medication_atc,SNOMED//4122997,dynamic_event,True,,SNOMED,4122997,258118009,4122997,AMSTEL,source_code,high
MEASUREMENT_CATEGORICAL//16660//7,v10_medication_atc,OMOP//OMOP_CONCEPT//4116092,dynamic_event,True,,OMOP_CONCEPT,4116092,254935002,Intracranial tumor,AMSTEL,itemid_valueid,high
MEASUREMENT_CATEGORICAL//9593//8,v10_medication_atc,OMOP_CONCEPT//LOINC//3024265,dynamic_event,True,,LOINC,3024265,8327-9,3024265,AMSTEL,source_code,high
MEASUREMENT_CATEGORICAL//10466//8,v10_medication_atc,OMOP//OMOP_CONCEPT//4058123,metadata_only,False,,OMOP_CONCEPT,4058123,160540005,"Roman Catholic, follower of religion",AMSTEL,itemid_valueid,low
MEASUREMENT_CATEGORICAL//18671//40,v10_medication_atc,OMOP//OMOP_CONCEPT//132797,static_context,True,,OMOP_CONCEPT,132797,91302008,Sepsis,AMSTEL,itemid_valueid,high
MEASUREMENT_CATEGORICAL//8732//6,v10_medication_atc,SNOMED//4085985,metadata_only,False,,SNOMED,4085985,246287001,4085985,AMSTEL,source_code,high
MEASUREMENT_CATEGORICAL//12109//8,v10_medication_atc,LOINC//36203284,metadata_only,False,,LOINC,36203284,85432-3,36203284,AMSTEL,source_code,high
MEASUREMENT_CATEGORICAL//18669//32,v10_medication_atc,OMOP//OMOP_CONCEPT//316866,static_context,True,,OMOP_CONCEPT,316866,38341003,Hypertensive disorder,AMSTEL,itemid_valueid,high
MEASUREMENT_CATEGORICAL//18671//105,v10_medication_atc,OMOP//OMOP_CONCEPT//31821,static_context,True,,OMOP_CONCEPT,31821,362969004,Disorder of endocrine system,AMSTEL,itemid_valueid,high
MEASUREMENT_CATEGORICAL//19251//13,v10_medication_atc,OMOP//OMOP_CONCEPT//4092729,dynamic_event,True,,OMOP_CONCEPT,4092729,249949001,No active muscle contraction,AMSTEL,itemid_valueid,high
MEASUREMENT_CATEGORICAL//12513//6,v10_medication_atc,SNOMED//4122997,dynamic_event,True,,SNOMED,4122997,258118009,4122997,AMSTEL,source_code,high
MEASUREMENT_CATEGORICAL//14182//1,v10_medication_atc,SNOMED//4141919,dynamic_event,True,,SNOMED,4141919,264957007,4141919,AMSTEL,source_code,high
MEASUREMENT_CATEGORICAL//18609//2,v10_medication_atc,OMOP//OMOP_CONCEPT//197320,static_context,True,,OMOP_CONCEPT,197320,14669001,Acute kidney injury,AMSTEL,itemid_valueid,high
MEASUREMENT_CATEGORICAL//18670//98,v10_medication_atc,OMOP//OMOP_CONCEPT//197320,static_context,True,,OMOP_CONCEPT,197320,14669001,Acute kidney injury,AMSTEL,itemid_valueid,high
MEASUREMENT_CATEGORICAL//13137//3,v10_medication_atc,OMOP//OMOP_CONCEPT//443727,dynamic_event,True,,OMOP_CONCEPT,443727,420422005,Diabetic ketoacidosis,AMSTEL,itemid_valueid,high
MEASUREMENT_CATEGORICAL//17008//7,v10_medication_atc,OMOP//OMOP_CONCEPT//436136,static_context,True,,OMOP_CONCEPT,436136,233994002,Dissection of thoracic aorta,AMSTEL,itemid_valueid,high
MEASUREMENT_CATEGORICAL//17014//13,v10_medication_atc,OMOP//OMOP_CONCEPT//4242877,static_context,True,,OMOP_CONCEPT,4242877,59712006,Evacuation of subdural hematoma,AMSTEL,itemid_valueid,high
MEASUREMENT_CATEGORICAL//18671//194,v10_medication_atc,OMOP//OMOP_CONCEPT//4094683,static_context,True,,OMOP_CONCEPT,4094683,262525000,Chest injury,AMSTEL,itemid_valueid,high
MEASUREMENT_CATEGORICAL//17005//20,v10_medication_atc,OMOP//OMOP_CONCEPT//255848,static_context,True,,OMOP_CONCEPT,255848,233604007,Pneumonia,AMSTEL,itemid_valueid,high
MEASUREMENT_CATEGORICAL//19257//49,v10_medication_atc,OMOP//OMOP_CONCEPT//4092729,dynamic_event,True,,OMOP_CONCEPT,4092729,249949001,No active muscle contraction,AMSTEL,itemid_valueid,high
MEASUREMENT_CATEGORICAL//18671//304,v10_medication_atc,OMOP//OMOP_CONCEPT//4000610,static_context,True,,OMOP_CONCEPT,4000610,119292006,Disorder of gastrointestinal tract,AMSTEL,itemid_valueid,high
MEASUREMENT_CATEGORICAL//8732//5,v10_medication_atc,SNOMED//4085985,metadata_only,False,,SNOMED,4085985,246287001,4085985,AMSTEL,source_code,high
MEASUREMENT_CATEGORICAL//17008//25,v10_medication_atc,OMOP//OMOP_CONCEPT//134057,static_context,True,,OMOP_CONCEPT,134057,49601007,Disorder of cardiovascular system,AMSTEL,itemid_valueid,high
MEASUREMENT_CATEGORICAL//18604//20,v10_medication_atc,OMOP//OMOP_CONCEPT//132797,static_context,True,,OMOP_CONCEPT,132797,91302008,Sepsis,AMSTEL,itemid_valueid,high
MEASUREMENT_CATEGORICAL//18669//53,v10_medication_atc,OMOP//OMOP_CONCEPT//4317285,static_context,True,,OMOP_CONCEPT,4317285,95437004,Non-cardiogenic pulmonary edema,AMSTEL,itemid_valueid,high
MEASUREMENT_CATEGORICAL//18671//127,v10_medication_atc,OMOP//OMOP_CONCEPT//4318408,static_context,True,,OMOP_CONCEPT,4318408,95453001,Subdural hematoma,AMSTEL,itemid_valueid,high
MEASUREMENT_CATEGORICAL//18671//167,v10_medication_atc,OMOP//OMOP_CONCEPT//261326,static_context,True,,OMOP_CONCEPT,261326,75570004,Viral pneumonia,AMSTEL,itemid_valueid,high
MEASUREMENT_CATEGORICAL//18591//1,v10_medication_atc,OMOP//OMOP_CONCEPT//4044013,static_context,True,,OMOP_CONCEPT,4044013,129154003,Hematologic neoplasm,AMSTEL,itemid_valueid,high
MEASUREMENT_CATEGORICAL//19259//63,v10_medication_atc,OMOP//OMOP_CONCEPT//4097166,dynamic_event,True,,OMOP_CONCEPT,4097166,249953004,Movement with gravity eliminated,AMSTEL,itemid_valueid,high
MEASUREMENT_CATEGORICAL//18669//15,v10_medication_atc,OMOP//OMOP_CONCEPT//198985,static_context,True,,OMOP_CONCEPT,198985,93849006,Primary malignant neoplasm of kidney,AMSTEL,itemid_valueid,high
MEASUREMENT_CATEGORICAL//18671//239,v10_medication_atc,OMOP//OMOP_CONCEPT//317576,static_context,True,,OMOP_CONCEPT,317576,53741008,Coronary arteriosclerosis,AMSTEL,itemid_valueid,high
MEASUREMENT_CATEGORICAL//18670//92,v10_medication_atc,OMOP//OMOP_CONCEPT//132797,static_context,True,,OMOP_CONCEPT,132797,91302008,Sepsis,AMSTEL,itemid_valueid,high
MEASUREMENT_CATEGORICAL//10466//3,v10_medication_atc,OMOP//OMOP_CONCEPT//4324320,metadata_only,False,,OMOP_CONCEPT,4324320,429403006,No religious affiliation,AMSTEL,itemid_valueid,low
MEASUREMENT_CATEGORICAL//16999//5,v10_medication_atc,OMOP//OMOP_CONCEPT//4291649,static_context,True,,OMOP_CONCEPT,4291649,37372002,Upper gastrointestinal bleeding,AMSTEL,itemid_valueid,high
MEASUREMENT_CATEGORICAL//18671//18,v10_medication_atc,OMOP//OMOP_CONCEPT//441589,static_context,True,,OMOP_CONCEPT,441589,56819008,Endocarditis,AMSTEL,itemid_valueid,high
MEASUREMENT_CATEGORICAL//13141//4,v10_medication_atc,OMOP//OMOP_CONCEPT//132797,dynamic_event,True,,OMOP_CONCEPT,132797,91302008,Sepsis,AMSTEL,itemid_valueid,high
MEASUREMENT_CATEGORICAL//18671//265,v10_medication_atc,OMOP//OMOP_CONCEPT//319843,static_context,True,,OMOP_CONCEPT,319843,11851006,Mitral valve disorder,AMSTEL,itemid_valueid,high
MEASUREMENT_CATEGORICAL//10468//10,v10_medication_atc,SNOMED//4087925,dynamic_event,True,,SNOMED,4087925,186034007,4087925,AMSTEL,source_code,high
MEASUREMENT_CATEGORICAL//17009//8,v10_medication_atc,OMOP//OMOP_CONCEPT//4242997,static_context,True,,OMOP_CONCEPT,4242997,38102005,Cholecystectomy,AMSTEL,itemid_valueid,high
MEASUREMENT_CATEGORICAL//10472//7,v10_medication_atc,SNOMED//44810687,outcome_metadata,False,,SNOMED,44810687,888671000000103,44810687,AMSTEL,source_code,high
MEASUREMENT_CATEGORICAL//13130//1,v10_medication_atc,OMOP//OMOP_CONCEPT//4138816,dynamic_event,True,,OMOP_CONCEPT,4138816,32495000,Cranioplasty,AMSTEL,itemid_valueid,high
MEASUREMENT_CATEGORICAL//17005//17,v10_medication_atc,OMOP//OMOP_CONCEPT//4309106,static_context,True,,OMOP_CONCEPT,4309106,422588002,Aspiration pneumonia,AMSTEL,itemid_valueid,high
MEASUREMENT_CATEGORICAL//18671//125,v10_medication_atc,OMOP//OMOP_CONCEPT//4164770,static_context,True,,OMOP_CONCEPT,4164770,40956001,Guillain-Barré syndrome,AMSTEL,itemid_valueid,high
MEASUREMENT_CATEGORICAL//18671//37,v10_medication_atc,OMOP//OMOP_CONCEPT//132797,static_context,True,,OMOP_CONCEPT,132797,91302008,Sepsis,AMSTEL,itemid_valueid,high
MEASUREMENT_CATEGORICAL//19260//69,v10_medication_atc,OMOP//OMOP_CONCEPT//4097166,dynamic_event,True,,OMOP_CONCEPT,4097166,249953004,Movement with gravity eliminated,AMSTEL,itemid_valueid,high
MEASUREMENT_CATEGORICAL//7432//2,v10_medication_atc,OMOP_CONCEPT//LOINC//3053213,dynamic_event,True,,LOINC,3053213,47938-6,3053213,AMSTEL,source_code,high
MEASUREMENT_CATEGORICAL//18671//378,v10_medication_atc,OMOP//OMOP_CONCEPT//380378,static_context,True,,OMOP_CONCEPT,380378,84757009,Epilepsy,AMSTEL,itemid_valueid,high
MEASUREMENT_CATEGORICAL//19259//62,v10_medication_atc,OMOP//OMOP_CONCEPT//4093683,dynamic_event,True,,OMOP_CONCEPT,4093683,249950001,Visible muscle contraction only,AMSTEL,itemid_valueid,high
MEASUREMENT_CATEGORICAL//13117//8,v10_medication_atc,OMOP//OMOP_CONCEPT//4050576,dynamic_event,True,,OMOP_CONCEPT,4050576,233191006,Pericardiotomy and drainage of effusion,AMSTEL,itemid_valueid,high
MEASUREMENT_CATEGORICAL//18611//6,v10_medication_atc,OMOP//OMOP_CONCEPT//4130373,static_context,True,,OMOP_CONCEPT,4130373,126768004,Neoplasm of gastrointestinal tract,AMSTEL,itemid_valueid,high
MEASUREMENT_CATEGORICAL//19258//55,v10_medication_atc,OMOP//OMOP_CONCEPT//4092729,dynamic_event,True,,OMOP_CONCEPT,4092729,249949001,No active muscle contraction,AMSTEL,itemid_valueid,high
MEASUREMENT_CATEGORICAL//6671//16,v10_medication_atc,OMOP//OMOP_CONCEPT//4108830,dynamic_event,True,,OMOP_CONCEPT,4108830,195069001,Atrial paroxysmal tachycardia,AMSTEL,itemid_valueid,high
MEASUREMENT_CATEGORICAL//12110//8,v10_medication_atc,LOINC//36203284,metadata_only,False,,LOINC,36203284,85432-3,36203284,AMSTEL,source_code,high
MEASUREMENT_CATEGORICAL//8693//7,v10_medication_atc,SNOMED//4122997,dynamic_event,True,,SNOMED,4122997,258118009,4122997,AMSTEL,source_code,high
MEASUREMENT_CATEGORICAL//10470//6,v10_medication_atc,SNOMED//763892,outcome_metadata,False,,SNOMED,763892,448271000124107,763892,AMSTEL,source_code,high
MEASUREMENT_CATEGORICAL//12109//28,v10_medication_atc,LOINC//36203284,metadata_only,False,,LOINC,36203284,85432-3,36203284,AMSTEL,source_code,high
MEASUREMENT_CATEGORICAL//13131//1,v10_medication_atc,OMOP//OMOP_CONCEPT//432923,dynamic_event,True,,OMOP_CONCEPT,432923,21454007,Subarachnoid hemorrhage,AMSTEL,itemid_valueid,high
MEASUREMENT_CATEGORICAL//18671//33,v10_medication_atc,OMOP//OMOP_CONCEPT//4185572,static_context,True,,OMOP_CONCEPT,4185572,44103008,Ventricular arrhythmia,AMSTEL,itemid_valueid,high
MEASUREMENT_CATEGORICAL//18671//8,v10_medication_atc,OMOP//OMOP_CONCEPT//134057,static_context,True,,OMOP_CONCEPT,134057,49601007,Disorder of cardiovascular system,AMSTEL,itemid_valueid,high
MEASUREMENT_CATEGORICAL//12109//4,v10_medication_atc,LOINC//36203284,metadata_only,False,,LOINC,36203284,85432-3,36203284,AMSTEL,source_code,high
MEASUREMENT_CATEGORICAL//13132//4,v10_medication_atc,OMOP//OMOP_CONCEPT//4028070,dynamic_event,True,,OMOP_CONCEPT,4028070,128117002,Infectious disease of central nervous system,AMSTEL,itemid_valueid,high
MEASUREMENT_CATEGORICAL//19258//60,v10_medication_atc,OMOP//OMOP_CONCEPT//4093685,dynamic_event,True,,OMOP_CONCEPT,4093685,249955006,Movement against resistance,AMSTEL,itemid_valueid,high
MEASUREMENT_CATEGORICAL//14161//4,v10_medication_atc,SNOMED//4134745,dynamic_event,True,,SNOMED,4134745,397930006,4134745,AMSTEL,source_code,high
MEASUREMENT_CATEGORICAL//18671//220,v10_medication_atc,OMOP//OMOP_CONCEPT//440921,static_context,True,,OMOP_CONCEPT,440921,417746004,Traumatic injury,AMSTEL,itemid_valueid,high
MEASUREMENT_CATEGORICAL//18671//39,v10_medication_atc,OMOP//OMOP_CONCEPT//132797,static_context,True,,OMOP_CONCEPT,132797,91302008,Sepsis,AMSTEL,itemid_valueid,high
MEASUREMENT_CATEGORICAL//18671//85,v10_medication_atc,OMOP//OMOP_CONCEPT//140352,static_context,True,,OMOP_CONCEPT,140352,91861009,"Acute myeloid leukemia, disease",AMSTEL,itemid_valueid,high
MEASUREMENT_CATEGORICAL//8730//11,v10_medication_atc,OMOP//OMOP_CONCEPT//4274743,dynamic_event,True,,OMOP_CONCEPT,4274743,368209003,Right upper arm structure,AMSTEL,itemid_valueid,high
MEASUREMENT_CATEGORICAL//17004//3,v10_medication_atc,OMOP//OMOP_CONCEPT//380834,static_context,True,,OMOP_CONCEPT,380834,371632003,Coma,AMSTEL,itemid_valueid,high
MEASUREMENT_CATEGORICAL//18670//67,v10_medication_atc,OMOP//OMOP_CONCEPT//4130373,static_context,True,,OMOP_CONCEPT,4130373,126768004,Neoplasm of gastrointestinal tract,AMSTEL,itemid_valueid,high
MEASUREMENT_CATEGORICAL//18671//157,v10_medication_atc,OMOP//OMOP_CONCEPT//4301606,static_context,True,,OMOP_CONCEPT,4301606,78144005,Pulmonary hemorrhage,AMSTEL,itemid_valueid,high
MEASUREMENT_CATEGORICAL//18671//61,v10_medication_atc,OMOP//OMOP_CONCEPT//4000610,static_context,True,,OMOP_CONCEPT,4000610,119292006,Disorder of gastrointestinal tract,AMSTEL,itemid_valueid,high
MEASUREMENT_CATEGORICAL//19252//19,v10_medication_atc,OMOP//OMOP_CONCEPT//4092729,dynamic_event,True,,OMOP_CONCEPT,4092729,249949001,No active muscle contraction,AMSTEL,itemid_valueid,high
MEASUREMENT_CATEGORICAL//8732//16,v10_medication_atc,SNOMED//4085985,metadata_only,False,,SNOMED,4085985,246287001,4085985,AMSTEL,source_code,high
MEASUREMENT_CATEGORICAL//12833//2,v10_medication_atc,OMOP//OMOP_CONCEPT//37156238,dynamic_event,True,,OMOP_CONCEPT,37156238,1163216008,Pressure injury stage I,AMSTEL,itemid_valueid,high
MEASUREMENT_CATEGORICAL//19255//39,v10_medication_atc,OMOP//OMOP_CONCEPT//4097166,dynamic_event,True,,OMOP_CONCEPT,4097166,249953004,Movement with gravity eliminated,AMSTEL,itemid_valueid,high
MEASUREMENT_CATEGORICAL//13135//7,v10_medication_atc,OMOP//OMOP_CONCEPT//4000610,dynamic_event,True,,OMOP_CONCEPT,4000610,119292006,Disorder of gastrointestinal tract,AMSTEL,itemid_valueid,high
MEASUREMENT_CATEGORICAL//18671//197,v10_medication_atc,OMOP//OMOP_CONCEPT//4094683,static_context,True,,OMOP_CONCEPT,4094683,262525000,Chest injury,AMSTEL,itemid_valueid,high
MEASUREMENT_CATEGORICAL//6671//5,v10_medication_atc,SNOMED//4091457,dynamic_event,True,,SNOMED,4091457,251149006,4091457,AMSTEL,source_code,high
MEASUREMENT_CATEGORICAL//13120//8,v10_medication_atc,OMOP//OMOP_CONCEPT//4148948,dynamic_event,True,,OMOP_CONCEPT,4148948,30904006,Vascular surgery procedure,AMSTEL,itemid_valueid,high
MEASUREMENT_CATEGORICAL//13121//7,v10_medication_atc,OMOP//OMOP_CONCEPT//192671,dynamic_event,True,,OMOP_CONCEPT,192671,74474003,Gastrointestinal hemorrhage,AMSTEL,itemid_valueid,high
MEASUREMENT_CATEGORICAL//18671//150,v10_medication_atc,OMOP//OMOP_CONCEPT//261880,static_context,True,,OMOP_CONCEPT,261880,46621007,Atelectasis,AMSTEL,itemid_valueid,high
MEASUREMENT_CATEGORICAL//18671//435,v10_medication_atc,OMOP//OMOP_CONCEPT//375415,static_context,True,,OMOP_CONCEPT,375415,82271004,Injury of head,AMSTEL,itemid_valueid,high
MEASUREMENT_CATEGORICAL//13125//4,v10_medication_atc,OMOP//OMOP_CONCEPT//4010109,dynamic_event,True,,OMOP_CONCEPT,4010109,112698002,Operation on joint,AMSTEL,itemid_valueid,high
MEASUREMENT_CATEGORICAL//13133//9,v10_medication_atc,OMOP//OMOP_CONCEPT//316866,dynamic_event,True,,OMOP_CONCEPT,316866,38341003,Hypertensive disorder,AMSTEL,itemid_valueid,high
MEASUREMENT_CATEGORICAL//14169//3,v10_medication_atc,SNOMED//4090784,dynamic_event,True,,SNOMED,4090784,280361007,4090784,AMSTEL,source_code,high
MEASUREMENT_CATEGORICAL//17005//16,v10_medication_atc,OMOP//OMOP_CONCEPT//4089218,static_context,True,,OMOP_CONCEPT,4089218,248554005,Partially obstructed airway,AMSTEL,itemid_valueid,high
MEASUREMENT_CATEGORICAL//18669//30,v10_medication_atc,OMOP//OMOP_CONCEPT//317585,static_context,True,,OMOP_CONCEPT,317585,67362008,Aortic aneurysm,AMSTEL,itemid_valueid,high
MEASUREMENT_CATEGORICAL//6671//23,v10_medication_atc,OMOP//OMOP_CONCEPT//4185572,dynamic_event,True,,OMOP_CONCEPT,4185572,44103008,Ventricular arrhythmia,AMSTEL,itemid_valueid,high
MEASUREMENT_CATEGORICAL//8730//21,v10_medication_atc,OMOP//OMOP_CONCEPT//4302112,dynamic_event,True,,OMOP_CONCEPT,4302112,38848004,Duodenal structure,AMSTEL,itemid_valueid,high
MEASUREMENT_CATEGORICAL//16101//1,v10_medication_atc,OMOP//OMOP_CONCEPT//4204802,metadata_only,False,,OMOP_CONCEPT,4204802,308842001,Direct current defibrillation,AMSTEL,itemid_valueid,low
MEASUREMENT_CATEGORICAL//19253//27,v10_medication_atc,OMOP//OMOP_CONCEPT//4097166,dynamic_event,True,,OMOP_CONCEPT,4097166,249953004,Movement with gravity eliminated,AMSTEL,itemid_valueid,high
MEASUREMENT_CATEGORICAL//12132//2,v10_medication_atc,SNOMED//4152283,dynamic_event,True,,SNOMED,4152283,370157003,4152283,AMSTEL,source_code,high
MEASUREMENT_CATEGORICAL//12627//5,v10_medication_atc,OMOP_CONCEPT//LOINC//36305611,dynamic_event,True,,LOINC,36305611,89086-3,36305611,AMSTEL,source_code,high
MEASUREMENT_CATEGORICAL//13064//3,v10_medication_atc,OMOP//OMOP_CONCEPT//4169248,metadata_only,False,,OMOP_CONCEPT,4169248,48979004,Structure of left lower leg,AMSTEL,itemid_valueid,low
MEASUREMENT_CATEGORICAL//13397//3,v10_medication_atc,LOINC//40758173,metadata_only,False,,LOINC,40758173,55043-4,40758173,AMSTEL,source_code,high
MEASUREMENT_CATEGORICAL//18604//22,v10_medication_atc,OMOP//OMOP_CONCEPT//44783658,static_context,True,,OMOP_CONCEPT,44783658,699748007,Cardiorespiratory arrest with successful resuscitation,AMSTEL,itemid_valueid,high
MEASUREMENT_CATEGORICAL//18669//8,v10_medication_atc,OMOP//OMOP_CONCEPT//4012185,static_context,True,,OMOP_CONCEPT,4012185,112802009,Cardiovascular surgical procedure,AMSTEL,itemid_valueid,high
MEASUREMENT_CATEGORICAL//18671//261,v10_medication_atc,OMOP//OMOP_CONCEPT//3654996,static_context,True,,OMOP_CONCEPT,3654996,840580004,Peripheral arterial disease,AMSTEL,itemid_valueid,high
MEASUREMENT_CATEGORICAL//18673//683,v10_medication_atc,OMOP//OMOP_CONCEPT//314054,static_context,True,,OMOP_CONCEPT,314054,8722008,Aortic valve disorder,AMSTEL,itemid_valueid,high
MEASUREMENT_CATEGORICAL//19253//26,v10_medication_atc,OMOP//OMOP_CONCEPT//4093683,dynamic_event,True,,OMOP_CONCEPT,4093683,249950001,Visible muscle contraction only,AMSTEL,itemid_valueid,high
MEASUREMENT_CATEGORICAL//18670//94,v10_medication_atc,OMOP//OMOP_CONCEPT//4120088,static_context,True,,OMOP_CONCEPT,4120088,233927002,Cardiac arrest with successful resuscitation,AMSTEL,itemid_valueid,high
MEASUREMENT_CATEGORICAL//18671//236,v10_medication_atc,OMOP//OMOP_CONCEPT//317576,static_context,True,,OMOP_CONCEPT,317576,53741008,Coronary arteriosclerosis,AMSTEL,itemid_valueid,high
MEASUREMENT_CATEGORICAL//19260//68,v10_medication_atc,OMOP//OMOP_CONCEPT//4093683,dynamic_event,True,,OMOP_CONCEPT,4093683,249950001,Visible muscle contraction only,AMSTEL,itemid_valueid,high
MEASUREMENT_CATEGORICAL//12621//3,v10_medication_atc,SNOMED//4025210,dynamic_event/device_support,True,,SNOMED,4025210,106082003,4025210,AMSTEL,source_code,high
MEASUREMENT_CATEGORICAL//17009//13,v10_medication_atc,OMOP//OMOP_CONCEPT//200447,static_context,True,,OMOP_CONCEPT,200447,24813008,Gastrointestinal complication,AMSTEL,itemid_valueid,high
MEASUREMENT_CATEGORICAL//18669//13,v10_medication_atc,OMOP//OMOP_CONCEPT//4044013,static_context,True,,OMOP_CONCEPT,4044013,129154003,Hematologic neoplasm,AMSTEL,itemid_valueid,high
MEASUREMENT_CATEGORICAL//18671//298,v10_medication_atc,OMOP//OMOP_CONCEPT//31610,static_context,True,,OMOP_CONCEPT,31610,37657006,Disorder of esophagus,AMSTEL,itemid_valueid,high
MEASUREMENT_CATEGORICAL//18671//421,v10_medication_atc,OMOP//OMOP_CONCEPT//200588,static_context,True,,OMOP_CONCEPT,200588,128069005,Injury of abdomen,AMSTEL,itemid_valueid,high
MEASUREMENT_CATEGORICAL//8654//3,v10_medication_atc,OMOP//OMOP_CONCEPT//4117262,metadata_only,False,,OMOP_CONCEPT,4117262,301161008,Peripheral pulse absent,AMSTEL,itemid_valueid,low
MEASUREMENT_CATEGORICAL//12623//10,v10_medication_atc,OMOP_CONCEPT//LOINC//3046004,dynamic_event/device_support,True,,LOINC,3046004,33444-1,3046004,AMSTEL,source_code,high
MEASUREMENT_CATEGORICAL//17002//12,v10_medication_atc,OMOP//OMOP_CONCEPT//31821,static_context,True,,OMOP_CONCEPT,31821,362969004,Disorder of endocrine system,AMSTEL,itemid_valueid,high
MEASUREMENT_CATEGORICAL//10470//5,v10_medication_atc,SNOMED//763892,outcome_metadata,False,,SNOMED,763892,448271000124107,763892,AMSTEL,source_code,high
MEASUREMENT_CATEGORICAL//12111//7,v10_medication_atc,LOINC//36203284,metadata_only,False,,LOINC,36203284,85432-3,36203284,AMSTEL,source_code,high
MEASUREMENT_CATEGORICAL//8732//17,v10_medication_atc,SNOMED//4085985,metadata_only,False,,SNOMED,4085985,246287001,4085985,AMSTEL,source_code,high
MEASUREMENT_CATEGORICAL//10467//5,v10_medication_atc,OMOP_CONCEPT//LOINC//3046344,dynamic_event,True,,LOINC,3046344,45404-1,3046344,AMSTEL,source_code,high
MEASUREMENT_CATEGORICAL//12110//5,v10_medication_atc,LOINC//36203284,metadata_only,False,,LOINC,36203284,85432-3,36203284,AMSTEL,source_code,high
MEASUREMENT_CATEGORICAL//12614//4,v10_medication_atc,OMOP//OMOP_CONCEPT//4105971,dynamic_event/device_support,True,,OMOP_CONCEPT,4105971,180634001,Approach via gastrostomy,AMSTEL,itemid_valueid,high
MEASUREMENT_CATEGORICAL//13133//1,v10_medication_atc,OMOP//OMOP_CONCEPT//4192647,dynamic_event,True,,OMOP_CONCEPT,4192647,39419009,Hypovolemic shock,AMSTEL,itemid_valueid,high
MEASUREMENT_CATEGORICAL//18671//94,v10_medication_atc,OMOP//OMOP_CONCEPT//4096947,static_context,True,,OMOP_CONCEPT,4096947,26436007,Disorder of acid-base balance,AMSTEL,itemid_valueid,high
MEASUREMENT_CATEGORICAL//19251//18,v10_medication_atc,OMOP//OMOP_CONCEPT//4093685,dynamic_event,True,,OMOP_CONCEPT,4093685,249955006,Movement against resistance,AMSTEL,itemid_valueid,high
MEASUREMENT_CATEGORICAL//16647//10,v10_medication_atc,OMOP//OMOP_CONCEPT//37018761,dynamic_event,True,,OMOP_CONCEPT,37018761,714153000,Chronic kidney disease stage 5 with transplant,AMSTEL,itemid_valueid,high
MEASUREMENT_CATEGORICAL//18671//44,v10_medication_atc,OMOP//OMOP_CONCEPT//4278217,static_context,True,,OMOP_CONCEPT,4278217,65198009,Arterial thrombosis,AMSTEL,itemid_valueid,high
MEASUREMENT_CATEGORICAL//19250//12,v10_medication_atc,OMOP//OMOP_CONCEPT//4093685,dynamic_event,True,,OMOP_CONCEPT,4093685,249955006,Movement against resistance,AMSTEL,itemid_valueid,high
MEASUREMENT_CATEGORICAL//19252//24,v10_medication_atc,OMOP//OMOP_CONCEPT//4093685,dynamic_event,True,,OMOP_CONCEPT,4093685,249955006,Movement against resistance,AMSTEL,itemid_valueid,high
MEASUREMENT_CATEGORICAL//19257//54,v10_medication_atc,OMOP//OMOP_CONCEPT//4093685,dynamic_event,True,,OMOP_CONCEPT,4093685,249955006,Movement against resistance,AMSTEL,itemid_valueid,high
MEASUREMENT_CATEGORICAL//17007//13,v10_medication_atc,OMOP//OMOP_CONCEPT//4094683,static_context,True,,OMOP_CONCEPT,4094683,262525000,Chest injury,AMSTEL,itemid_valueid,high
MEASUREMENT_CATEGORICAL//18597//2,v10_medication_atc,OMOP//OMOP_CONCEPT//4012185,static_context,True,,OMOP_CONCEPT,4012185,112802009,Cardiovascular surgical procedure,AMSTEL,itemid_valueid,high
MEASUREMENT_CATEGORICAL//18671//255,v10_medication_atc,OMOP//OMOP_CONCEPT//4153380,static_context,True,,OMOP_CONCEPT,4153380,371160000,Disorder of carotid artery,AMSTEL,itemid_valueid,high
MEASUREMENT_CATEGORICAL//18671//302,v10_medication_atc,OMOP//OMOP_CONCEPT//4129389,static_context,True,,OMOP_CONCEPT,4129389,126765001,Gastrointestinal obstruction,AMSTEL,itemid_valueid,high
MEASUREMENT_CATEGORICAL//18671//396,v10_medication_atc,OMOP//OMOP_CONCEPT//4119939,static_context,True,,OMOP_CONCEPT,4119939,233793003,Bronchopleural fistula,AMSTEL,itemid_valueid,high
MEASUREMENT_CATEGORICAL//19260//72,v10_medication_atc,OMOP//OMOP_CONCEPT//4093685,dynamic_event,True,,OMOP_CONCEPT,4093685,249955006,Movement against resistance,AMSTEL,itemid_valueid,high
MEASUREMENT_CATEGORICAL//6685//1,v10_medication_atc,OMOP_CONCEPT//LOINC//3004921,dynamic_event,True,,LOINC,3004921,20124-4,3004921,AMSTEL,source_code,high
MEASUREMENT_CATEGORICAL//13129//2,v10_medication_atc,OMOP//OMOP_CONCEPT//40489862,dynamic_event,True,,OMOP_CONCEPT,40489862,446868001,Excision of meningioma by supratentorial approach,AMSTEL,itemid_valueid,high
MEASUREMENT_CATEGORICAL//17004//4,v10_medication_atc,OMOP//OMOP_CONCEPT//381316,static_context,True,,OMOP_CONCEPT,381316,230690007,Cerebrovascular accident,AMSTEL,itemid_valueid,high
MEASUREMENT_CATEGORICAL//17008//19,v10_medication_atc,OMOP//OMOP_CONCEPT//317576,static_context,True,,OMOP_CONCEPT,317576,53741008,Coronary arteriosclerosis,AMSTEL,itemid_valueid,high
MEASUREMENT_CATEGORICAL//13118//8,v10_medication_atc,OMOP//OMOP_CONCEPT//436136,dynamic_event,True,,OMOP_CONCEPT,436136,233994002,Dissection of thoracic aorta,AMSTEL,itemid_valueid,high
MEASUREMENT_CATEGORICAL//16179//1,v10_medication_atc,SNOMED//604177,dynamic_event,True,,SNOMED,604177,69621000052107,604177,AMSTEL,source_code,high
MEASUREMENT_CATEGORICAL//17029//74,v10_medication_atc,OMOP//OMOP_CONCEPT//314054,static_context,True,,OMOP_CONCEPT,314054,8722008,Aortic valve disorder,AMSTEL,itemid_valueid,high
MEASUREMENT_CATEGORICAL//19256//48,v10_medication_atc,OMOP//OMOP_CONCEPT//4093685,dynamic_event,True,,OMOP_CONCEPT,4093685,249955006,Movement against resistance,AMSTEL,itemid_valueid,high
MEASUREMENT_CATEGORICAL//16640//9,v10_medication_atc,OMOP_CONCEPT//LOINC//3013144,dynamic_event,True,,LOINC,3013144,11326-6,3013144,AMSTEL,source_code,high
MEASUREMENT_CATEGORICAL//17008//5,v10_medication_atc,OMOP//OMOP_CONCEPT//195559,static_context,True,,OMOP_CONCEPT,195559,14336007,Ruptured abdominal aortic aneurysm,AMSTEL,itemid_valueid,high
MEASUREMENT_CATEGORICAL//18669//36,v10_medication_atc,OMOP//OMOP_CONCEPT//4148882,static_context,True,,OMOP_CONCEPT,4148882,355001,Hemorrhagic shock,AMSTEL,itemid_valueid,high
MEASUREMENT_CATEGORICAL//18671//168,v10_medication_atc,OMOP//OMOP_CONCEPT//253796,static_context,True,,OMOP_CONCEPT,253796,36118008,Pneumothorax,AMSTEL,itemid_valueid,high
MEASUREMENT_CATEGORICAL//6671//10,v10_medication_atc,OMOP//OMOP_CONCEPT//4095285,dynamic_event,True,,OMOP_CONCEPT,4095285,26141007,ST segment depression,AMSTEL,itemid_valueid,high
MEASUREMENT_CATEGORICAL//18671//374,v10_medication_atc,OMOP//OMOP_CONCEPT//4108768,static_context,True,,OMOP_CONCEPT,4108768,283165009,Decompression laminectomy,AMSTEL,itemid_valueid,high
MEASUREMENT_CATEGORICAL//12823//2,v10_medication_atc,OMOP//OMOP_CONCEPT//37156238,dynamic_event,True,,OMOP_CONCEPT,37156238,1163216008,Pressure injury stage I,AMSTEL,itemid_valueid,high
MEASUREMENT_CATEGORICAL//12828//2,v10_medication_atc,OMOP//OMOP_CONCEPT//37156238,dynamic_event,True,,OMOP_CONCEPT,37156238,1163216008,Pressure injury stage I,AMSTEL,itemid_valueid,high
MEASUREMENT_CATEGORICAL//12834//2,v10_medication_atc,OMOP//OMOP_CONCEPT//37156238,dynamic_event,True,,OMOP_CONCEPT,37156238,1163216008,Pressure injury stage I,AMSTEL,itemid_valueid,high
MEASUREMENT_CATEGORICAL//18669//43,v10_medication_atc,OMOP//OMOP_CONCEPT//443727,static_context,True,,OMOP_CONCEPT,443727,420422005,Diabetic ketoacidosis,AMSTEL,itemid_valueid,high
MEASUREMENT_CATEGORICAL//12824//3,v10_medication_atc,OMOP//OMOP_CONCEPT//37156240,dynamic_event,True,,OMOP_CONCEPT,37156240,1163218009,Pressure injury stage II,AMSTEL,itemid_valueid,high
MEASUREMENT_CATEGORICAL//18671//140,v10_medication_atc,OMOP//OMOP_CONCEPT//4174619,static_context,True,,OMOP_CONCEPT,4174619,296015009,Sedative overdose,AMSTEL,itemid_valueid,high
MEASUREMENT_CATEGORICAL//18671//196,v10_medication_atc,OMOP//OMOP_CONCEPT//4094683,static_context,True,,OMOP_CONCEPT,4094683,262525000,Chest injury,AMSTEL,itemid_valueid,high
MEASUREMENT_CATEGORICAL//13410//4,v10_medication_atc,LOINC//40758173,metadata_only,False,,LOINC,40758173,55043-4,40758173,AMSTEL,source_code,high
MEASUREMENT_CATEGORICAL//17005//10,v10_medication_atc,OMOP//OMOP_CONCEPT//440417,static_context,True,,OMOP_CONCEPT,440417,59282003,Pulmonary embolism,AMSTEL,itemid_valueid,high
MEASUREMENT_CATEGORICAL//18671//2,v10_medication_atc,OMOP//OMOP_CONCEPT//320739,static_context,True,,OMOP_CONCEPT,320739,308546005,Dissection of aorta,AMSTEL,itemid_valueid,high
MEASUREMENT_CATEGORICAL//9593//9,v10_medication_atc,OMOP_CONCEPT//LOINC//3024265,dynamic_event,True,,LOINC,3024265,8327-9,3024265,AMSTEL,source_code,high
MEASUREMENT_CATEGORICAL//13116//11,v10_medication_atc,OMOP//OMOP_CONCEPT//134057,dynamic_event,True,,OMOP_CONCEPT,134057,49601007,Disorder of cardiovascular system,AMSTEL,itemid_valueid,high
MEASUREMENT_CATEGORICAL//13410//5,v10_medication_atc,LOINC//40758173,metadata_only,False,,LOINC,40758173,55043-4,40758173,AMSTEL,source_code,high
MEASUREMENT_CATEGORICAL//18671//358,v10_medication_atc,OMOP//OMOP_CONCEPT//4010109,static_context,True,,OMOP_CONCEPT,4010109,112698002,Operation on joint,AMSTEL,itemid_valueid,high
MEASUREMENT_CATEGORICAL//8730//10,v10_medication_atc,OMOP//OMOP_CONCEPT//4283159,dynamic_event,True,,OMOP_CONCEPT,4283159,368208006,Left upper arm structure,AMSTEL,itemid_valueid,high
MEASUREMENT_CATEGORICAL//8825//1,v10_medication_atc,OMOP//OMOP_CONCEPT//4038688,dynamic_event,True,,OMOP_CONCEPT,4038688,11849007,AV junctional rhythm,AMSTEL,itemid_valueid,high
MEASUREMENT_CATEGORICAL//9233//12,v10_medication_atc,SNOMED//4287468,dynamic_event,True,,SNOMED,4287468,397155001,4287468,AMSTEL,source_code,high
MEASUREMENT_CATEGORICAL//13120//5,v10_medication_atc,OMOP//OMOP_CONCEPT//4332246,dynamic_event,True,,OMOP_CONCEPT,4332246,432119003,Aneurysm,AMSTEL,itemid_valueid,high
MEASUREMENT_CATEGORICAL//13124//3,v10_medication_atc,OMOP//OMOP_CONCEPT//375415,dynamic_event,True,,OMOP_CONCEPT,375415,82271004,Injury of head,AMSTEL,itemid_valueid,high
MEASUREMENT_CATEGORICAL//13134//10,v10_medication_atc,OMOP//OMOP_CONCEPT//602985,dynamic_event,True,,OMOP_CONCEPT,602985,1149322001,Intoxication,AMSTEL,itemid_valueid,high
MEASUREMENT_CATEGORICAL//14169//1,v10_medication_atc,SNOMED//4090784,dynamic_event,True,,SNOMED,4090784,280361007,4090784,AMSTEL,source_code,high
MEASUREMENT_CATEGORICAL//19255//38,v10_medication_atc,OMOP//OMOP_CONCEPT//4093683,dynamic_event,True,,OMOP_CONCEPT,4093683,249950001,Visible muscle contraction only,AMSTEL,itemid_valueid,high
MEASUREMENT_CATEGORICAL//8732//15,v10_medication_atc,SNOMED//4085985,metadata_only,False,,SNOMED,4085985,246287001,4085985,AMSTEL,source_code,high
MEASUREMENT_CATEGORICAL//18671//207,v10_medication_atc,OMOP//OMOP_CONCEPT//375415,static_context,True,,OMOP_CONCEPT,375415,82271004,Injury of head,AMSTEL,itemid_valueid,high
MEASUREMENT_CATEGORICAL//18671//393,v10_medication_atc,OMOP//OMOP_CONCEPT//4073393,static_context,True,,OMOP_CONCEPT,4073393,177765008,Opening of chest,AMSTEL,itemid_valueid,high
MEASUREMENT_CATEGORICAL//19254//33,v10_medication_atc,OMOP//OMOP_CONCEPT//4097166,dynamic_event,True,,OMOP_CONCEPT,4097166,249953004,Movement with gravity eliminated,AMSTEL,itemid_valueid,high
MEASUREMENT_CATEGORICAL//12110//2,v10_medication_atc,LOINC//36203284,metadata_only,False,,LOINC,36203284,85432-3,36203284,AMSTEL,source_code,high
MEASUREMENT_CATEGORICAL//12821//5,v10_medication_atc,OMOP//OMOP_CONCEPT//37156242,dynamic_event,True,,OMOP_CONCEPT,37156242,1163223009,Pressure injury stage IV,AMSTEL,itemid_valueid,high
MEASUREMENT_CATEGORICAL//17004//16,v10_medication_atc,OMOP//OMOP_CONCEPT//376337,static_context,True,,OMOP_CONCEPT,376337,118940003,Disorder of nervous system,AMSTEL,itemid_valueid,high
MEASUREMENT_CATEGORICAL//18595//4,v10_medication_atc,OMOP//OMOP_CONCEPT//440417,static_context,True,,OMOP_CONCEPT,440417,59282003,Pulmonary embolism,AMSTEL,itemid_valueid,high
MEASUREMENT_CATEGORICAL//18604//16,v10_medication_atc,OMOP//OMOP_CONCEPT//319835,static_context,True,,OMOP_CONCEPT,319835,42343007,Congestive heart failure,AMSTEL,itemid_valueid,high
MEASUREMENT_CATEGORICAL//18670//88,v10_medication_atc,OMOP//OMOP_CONCEPT//4023479,static_context,True,,OMOP_CONCEPT,4023479,10633002,Acute congestive heart failure,AMSTEL,itemid_valueid,high
MEASUREMENT_CATEGORICAL//18671//7,v10_medication_atc,OMOP//OMOP_CONCEPT//321319,static_context,True,,OMOP_CONCEPT,321319,85898001,Cardiomyopathy,AMSTEL,itemid_valueid,high
MEASUREMENT_CATEGORICAL//9233//13,v10_medication_atc,SNOMED//4287468,dynamic_event,True,,SNOMED,4287468,397155001,4287468,AMSTEL,source_code,high
MEASUREMENT_CATEGORICAL//9534//2,v10_medication_atc,OMOP_CONCEPT//LOINC//3004921,dynamic_event,True,,LOINC,3004921,20124-4,3004921,AMSTEL,source_code,high
MEASUREMENT_CATEGORICAL//12129//2,v10_medication_atc,LOINC//3046359,metadata_only,False,,LOINC,3046359,44767-2,3046359,AMSTEL,source_code,high
MEASUREMENT_CATEGORICAL//13125//2,v10_medication_atc,OMOP//OMOP_CONCEPT//320136,dynamic_event,True,,OMOP_CONCEPT,320136,50043002,Disorder of respiratory system,AMSTEL,itemid_valueid,high
MEASUREMENT_CATEGORICAL//13132//1,v10_medication_atc,OMOP//OMOP_CONCEPT//380834,dynamic_event,True,,OMOP_CONCEPT,380834,371632003,Coma,AMSTEL,itemid_valueid,high
MEASUREMENT_CATEGORICAL//13145//1,v10_medication_atc,OMOP//OMOP_CONCEPT//201965,dynamic_event,True,,OMOP_CONCEPT,201965,27942005,Shock,AMSTEL,itemid_valueid,high
MEASUREMENT_CATEGORICAL//17005//11,v10_medication_atc,OMOP//OMOP_CONCEPT//257004,static_context,True,,OMOP_CONCEPT,257004,195951007,Acute exacerbation of chronic obstructive airways disease,AMSTEL,itemid_valueid,high
MEASUREMENT_CATEGORICAL//18589//3,v10_medication_atc,OMOP//OMOP_CONCEPT//317576,static_context,True,,OMOP_CONCEPT,317576,53741008,Coronary arteriosclerosis,AMSTEL,itemid_valueid,high
MEASUREMENT_CATEGORICAL//18671//254,v10_medication_atc,OMOP//OMOP_CONCEPT//321887,static_context,True,,OMOP_CONCEPT,321887,359557001,Disorder of artery,AMSTEL,itemid_valueid,high
MEASUREMENT_CATEGORICAL//19254//36,v10_medication_atc,OMOP//OMOP_CONCEPT//4093685,dynamic_event,True,,OMOP_CONCEPT,4093685,249955006,Movement against resistance,AMSTEL,itemid_valueid,high
MEASUREMENT_CATEGORICAL//12110//29,v10_medication_atc,LOINC//36203284,metadata_only,False,,LOINC,36203284,85432-3,36203284,AMSTEL,source_code,high
MEASUREMENT_CATEGORICAL//12132//9,v10_medication_atc,SNOMED//4152283,dynamic_event,True,,SNOMED,4152283,370157003,4152283,AMSTEL,source_code,high
MEASUREMENT_CATEGORICAL//13126//1,v10_medication_atc,OMOP//OMOP_CONCEPT//196653,dynamic_event,True,,OMOP_CONCEPT,196653,363518003,Malignant tumor of kidney,AMSTEL,itemid_valueid,high
MEASUREMENT_CATEGORICAL//16179//6,v10_medication_atc,SNOMED//604177,dynamic_event,True,,SNOMED,604177,69621000052107,604177,AMSTEL,source_code,high
MEASUREMENT_CATEGORICAL//12498//2,v10_medication_atc,OMOP//OMOP_CONCEPT//45878583,dynamic_event,True,,OMOP_CONCEPT,45878583,LA6577-6,Negative,AMSTEL,itemid_valueid,high
MEASUREMENT_CATEGORICAL//17008//45,v10_medication_atc,OMOP//OMOP_CONCEPT//319843,static_context,True,,OMOP_CONCEPT,319843,11851006,Mitral valve disorder,AMSTEL,itemid_valueid,high
MEASUREMENT_CATEGORICAL//18671//376,v10_medication_atc,OMOP//OMOP_CONCEPT//4130040,static_context,True,,OMOP_CONCEPT,4130040,126962006,Neoplasm of spinal cord,AMSTEL,itemid_valueid,high
MEASUREMENT_CATEGORICAL//18671//49,v10_medication_atc,OMOP//OMOP_CONCEPT//192671,static_context,True,,OMOP_CONCEPT,192671,74474003,Gastrointestinal hemorrhage,AMSTEL,itemid_valueid,high
MEASUREMENT_CATEGORICAL//18673//615,v10_medication_atc,OMOP//OMOP_CONCEPT//257315,static_context,True,,OMOP_CONCEPT,257315,53084003,Bacterial pneumonia,AMSTEL,itemid_valueid,high
MEASUREMENT_CATEGORICAL//13135//3,v10_medication_atc,OMOP//OMOP_CONCEPT//4245975,dynamic_event,True,,OMOP_CONCEPT,4245975,59927004,Hepatic failure,AMSTEL,itemid_valueid,high
MEASUREMENT_CATEGORICAL//16448//4,v10_medication_atc,SNOMED//4052413,dynamic_event/device_support,True,,SNOMED,4052413,233527006,4052413,AMSTEL,source_code,high
MEASUREMENT_CATEGORICAL//16643//14,v10_medication_atc,OMOP//OMOP_CONCEPT//4112603,dynamic_event,True,,OMOP_CONCEPT,4112603,254533000,"Tumor of esophagus, stomach and duodenum",AMSTEL,itemid_valueid,high
MEASUREMENT_CATEGORICAL//17008//35,v10_medication_atc,OMOP//OMOP_CONCEPT//4153380,static_context,True,,OMOP_CONCEPT,4153380,371160000,Disorder of carotid artery,AMSTEL,itemid_valueid,high
MEASUREMENT_CATEGORICAL//17014//19,v10_medication_atc,OMOP//OMOP_CONCEPT//380378,static_context,True,,OMOP_CONCEPT,380378,84757009,Epilepsy,AMSTEL,itemid_valueid,high
MEASUREMENT_CATEGORICAL//18595//9,v10_medication_atc,OMOP//OMOP_CONCEPT//602985,static_context,True,,OMOP_CONCEPT,602985,1149322001,Intoxication,AMSTEL,itemid_valueid,high
MEASUREMENT_CATEGORICAL//16448//6,v10_medication_atc,SNOMED//4052413,dynamic_event/device_support,True,,SNOMED,4052413,233527006,4052413,AMSTEL,source_code,high
MEASUREMENT_CATEGORICAL//12807//6,v10_medication_atc,OMOP//OMOP_CONCEPT//37156242,dynamic_event,True,,OMOP_CONCEPT,37156242,1163223009,Pressure injury stage IV,AMSTEL,itemid_valueid,high
MEASUREMENT_CATEGORICAL//13066//3,v10_medication_atc,OMOP_CONCEPT//LOINC//3013144,dynamic_event,True,,LOINC,3013144,11326-6,3013144,AMSTEL,source_code,high
MEASUREMENT_CATEGORICAL//13138//1,v10_medication_atc,OMOP//OMOP_CONCEPT//444044,dynamic_event,True,,OMOP_CONCEPT,444044,35455006,Acute tubular necrosis,AMSTEL,itemid_valueid,high
MEASUREMENT_CATEGORICAL//17009//21,v10_medication_atc,OMOP//OMOP_CONCEPT//4000610,static_context,True,,OMOP_CONCEPT,4000610,119292006,Disorder of gastrointestinal tract,AMSTEL,itemid_valueid,high
MEASUREMENT_CATEGORICAL//18671//363,v10_medication_atc,OMOP//OMOP_CONCEPT//376337,static_context,True,,OMOP_CONCEPT,376337,118940003,Disorder of nervous system,AMSTEL,itemid_valueid,high
MEASUREMENT_CATEGORICAL//12111//6,v10_medication_atc,LOINC//36203284,metadata_only,False,,LOINC,36203284,85432-3,36203284,AMSTEL,source_code,high
MEASUREMENT_CATEGORICAL//12834//6,v10_medication_atc,OMOP//OMOP_CONCEPT//37156242,dynamic_event,True,,OMOP_CONCEPT,37156242,1163223009,Pressure injury stage IV,AMSTEL,itemid_valueid,high
MEASUREMENT_CATEGORICAL//16179//7,v10_medication_atc,SNOMED//604177,dynamic_event,True,,SNOMED,604177,69621000052107,604177,AMSTEL,source_code,high
MEASUREMENT_CATEGORICAL//16627//4,v10_medication_atc,SNOMED//37154585,dynamic_event,True,,SNOMED,37154585,1269557005,37154585,AMSTEL,source_code,high
MEASUREMENT_CATEGORICAL//18671//31,v10_medication_atc,OMOP//OMOP_CONCEPT//4248028,static_context,True,,OMOP_CONCEPT,4248028,72654001,Supraventricular arrhythmia,AMSTEL,itemid_valueid,high
MEASUREMENT_CATEGORICAL//19254//32,v10_medication_atc,OMOP//OMOP_CONCEPT//4093683,dynamic_event,True,,OMOP_CONCEPT,4093683,249950001,Visible muscle contraction only,AMSTEL,itemid_valueid,high
MEASUREMENT_CATEGORICAL//12109//21,v10_medication_atc,LOINC//36203284,metadata_only,False,,LOINC,36203284,85432-3,36203284,AMSTEL,source_code,high
MEASUREMENT_CATEGORICAL//18671//123,v10_medication_atc,OMOP//OMOP_CONCEPT//378143,static_context,True,,OMOP_CONCEPT,378143,45170000,Encephalitis,AMSTEL,itemid_valueid,high
MEASUREMENT_CATEGORICAL//18671//147,v10_medication_atc,OMOP//OMOP_CONCEPT//4195694,static_context,True,,OMOP_CONCEPT,4195694,67782005,Acute respiratory distress syndrome,AMSTEL,itemid_valueid,high
MEASUREMENT_CATEGORICAL//18671//159,v10_medication_atc,OMOP//OMOP_CONCEPT//44782560,static_context,True,,OMOP_CONCEPT,44782560,697898008,Idiopathic pulmonary arterial hypertension,AMSTEL,itemid_valueid,high
MEASUREMENT_CATEGORICAL//18671//203,v10_medication_atc,OMOP//OMOP_CONCEPT//375415,static_context,True,,OMOP_CONCEPT,375415,82271004,Injury of head,AMSTEL,itemid_valueid,high
MEASUREMENT_CATEGORICAL//18673//466,v10_medication_atc,OMOP//OMOP_CONCEPT//4023479,static_context,True,,OMOP_CONCEPT,4023479,10633002,Acute congestive heart failure,AMSTEL,itemid_valueid,high
MEASUREMENT_CATEGORICAL//8732//3,v10_medication_atc,SNOMED//4085985,metadata_only,False,,SNOMED,4085985,246287001,4085985,AMSTEL,source_code,high
MEASUREMENT_CATEGORICAL//17000//6,v10_medication_atc,OMOP//OMOP_CONCEPT//197320,static_context,True,,OMOP_CONCEPT,197320,14669001,Acute kidney injury,AMSTEL,itemid_valueid,high
MEASUREMENT_CATEGORICAL//18599//1,v10_medication_atc,OMOP//OMOP_CONCEPT//31821,static_context,True,,OMOP_CONCEPT,31821,362969004,Disorder of endocrine system,AMSTEL,itemid_valueid,high
MEASUREMENT_CATEGORICAL//18607//3,v10_medication_atc,OMOP//OMOP_CONCEPT//31821,static_context,True,,OMOP_CONCEPT,31821,362969004,Disorder of endocrine system,AMSTEL,itemid_valueid,high
MEASUREMENT_CATEGORICAL//18671//230,v10_medication_atc,OMOP//OMOP_CONCEPT//314054,static_context,True,,OMOP_CONCEPT,314054,8722008,Aortic valve disorder,AMSTEL,itemid_valueid,high
MEASUREMENT_CATEGORICAL//18671//246,v10_medication_atc,OMOP//OMOP_CONCEPT//4148948,static_context,True,,OMOP_CONCEPT,4148948,30904006,Vascular surgery procedure,AMSTEL,itemid_valueid,high
MEASUREMENT_CATEGORICAL//18671//438,v10_medication_atc,OMOP//OMOP_CONCEPT//133468,static_context,True,,OMOP_CONCEPT,133468,128605003,Disorder of limb,AMSTEL,itemid_valueid,high
MEASUREMENT_CATEGORICAL//19255//42,v10_medication_atc,OMOP//OMOP_CONCEPT//4093685,dynamic_event,True,,OMOP_CONCEPT,4093685,249955006,Movement against resistance,AMSTEL,itemid_valueid,high
MEASUREMENT_CATEGORICAL//12514//6,v10_medication_atc,SNOMED//4122997,dynamic_event,True,,SNOMED,4122997,258118009,4122997,AMSTEL,source_code,high
MEASUREMENT_CATEGORICAL//13119//3,v10_medication_atc,OMOP//OMOP_CONCEPT//258369,dynamic_event,True,,OMOP_CONCEPT,258369,93880001,Primary malignant neoplasm of lung,AMSTEL,itemid_valueid,high
MEASUREMENT_CATEGORICAL//16057//15,v10_medication_atc,OMOP//OMOP_CONCEPT//4116701,dynamic_event,True,,OMOP_CONCEPT,4116701,255345002,Hemorrhagic,AMSTEL,itemid_valueid,high
MEASUREMENT_CATEGORICAL//17026//45,v10_medication_atc,OMOP//OMOP_CONCEPT//257315,static_context,True,,OMOP_CONCEPT,257315,53084003,Bacterial pneumonia,AMSTEL,itemid_valueid,high
MEASUREMENT_CATEGORICAL//18671//305,v10_medication_atc,OMOP//OMOP_CONCEPT//192673,static_context,True,,OMOP_CONCEPT,192673,82196007,Vascular insufficiency of intestine,AMSTEL,itemid_valueid,high
MEASUREMENT_CATEGORICAL//18673//528,v10_medication_atc,OMOP//OMOP_CONCEPT//197320,static_context,True,,OMOP_CONCEPT,197320,14669001,Acute kidney injury,AMSTEL,itemid_valueid,high
MEASUREMENT_CATEGORICAL//19258//57,v10_medication_atc,OMOP//OMOP_CONCEPT//4097166,dynamic_event,True,,OMOP_CONCEPT,4097166,249953004,Movement with gravity eliminated,AMSTEL,itemid_valueid,high
MEASUREMENT_CATEGORICAL//6685//13,v10_medication_atc,OMOP_CONCEPT//LOINC//3004921,dynamic_event,True,,LOINC,3004921,20124-4,3004921,AMSTEL,source_code,high
MEASUREMENT_CATEGORICAL//10472//45,v10_medication_atc,SNOMED//44810687,outcome_metadata,False,,SNOMED,44810687,888671000000103,44810687,AMSTEL,source_code,high
MEASUREMENT_CATEGORICAL//13118//7,v10_medication_atc,OMOP//OMOP_CONCEPT//443622,dynamic_event,True,,OMOP_CONCEPT,443622,433068007,Aneurysm of thoracic aorta,AMSTEL,itemid_valueid,high
MEASUREMENT_CATEGORICAL//13126//4,v10_medication_atc,OMOP//OMOP_CONCEPT//4129747,dynamic_event,True,,OMOP_CONCEPT,4129747,12658000,Operation on female genital organs,AMSTEL,itemid_valueid,high
MEASUREMENT_CATEGORICAL//17019//60,v10_medication_atc,OMOP//OMOP_CONCEPT//319835,static_context,True,,OMOP_CONCEPT,319835,42343007,Congestive heart failure,AMSTEL,itemid_valueid,high
MEASUREMENT_CATEGORICAL//12614//5,v10_medication_atc,OMOP//OMOP_CONCEPT//4127144,dynamic_event/device_support,True,,OMOP_CONCEPT,4127144,304116008,Approach via jejunostomy,AMSTEL,itemid_valueid,high
MEASUREMENT_CATEGORICAL//13124//9,v10_medication_atc,OMOP//OMOP_CONCEPT//4095850,dynamic_event,True,,OMOP_CONCEPT,4095850,262521009,Spinal injury,AMSTEL,itemid_valueid,high
MEASUREMENT_CATEGORICAL//17021//15,v10_medication_atc,OMOP//OMOP_CONCEPT//197320,static_context,True,,OMOP_CONCEPT,197320,14669001,Acute kidney injury,AMSTEL,itemid_valueid,high
MEASUREMENT_CATEGORICAL//18671//23,v10_medication_atc,OMOP//OMOP_CONCEPT//434376,static_context,True,,OMOP_CONCEPT,434376,54329005,Acute myocardial infarction of anterior wall,AMSTEL,itemid_valueid,high
MEASUREMENT_CATEGORICAL//19252//21,v10_medication_atc,OMOP//OMOP_CONCEPT//4097166,dynamic_event,True,,OMOP_CONCEPT,4097166,249953004,Movement with gravity eliminated,AMSTEL,itemid_valueid,high
MEASUREMENT_CATEGORICAL//19257//51,v10_medication_atc,OMOP//OMOP_CONCEPT//4097166,dynamic_event,True,,OMOP_CONCEPT,4097166,249953004,Movement with gravity eliminated,AMSTEL,itemid_valueid,high
MEASUREMENT_CATEGORICAL//18602//3,v10_medication_atc,OMOP//OMOP_CONCEPT//318459,static_context,True,,OMOP_CONCEPT,318459,409623005,Respiratory insufficiency,AMSTEL,itemid_valueid,high
MEASUREMENT_CATEGORICAL//18670//99,v10_medication_atc,OMOP//OMOP_CONCEPT//436670,static_context,True,,OMOP_CONCEPT,436670,75934005,Metabolic disease,AMSTEL,itemid_valueid,high
MEASUREMENT_CATEGORICAL//17007//19,v10_medication_atc,OMOP//OMOP_CONCEPT//375415,static_context,True,,OMOP_CONCEPT,375415,82271004,Injury of head,AMSTEL,itemid_valueid,high
MEASUREMENT_CATEGORICAL//18671//170,v10_medication_atc,OMOP//OMOP_CONCEPT//4266931,static_context,True,,OMOP_CONCEPT,4266931,36485005,Restrictive lung disease,AMSTEL,itemid_valueid,high
MEASUREMENT_CATEGORICAL//19250//8,v10_medication_atc,OMOP//OMOP_CONCEPT//4093683,dynamic_event,True,,OMOP_CONCEPT,4093683,249950001,Visible muscle contraction only,AMSTEL,itemid_valueid,high
MEASUREMENT_CATEGORICAL//19251//14,v10_medication_atc,OMOP//OMOP_CONCEPT//4093683,dynamic_event,True,,OMOP_CONCEPT,4093683,249950001,Visible muscle contraction only,AMSTEL,itemid_valueid,high
MEASUREMENT_CATEGORICAL//19251//15,v10_medication_atc,OMOP//OMOP_CONCEPT//4097166,dynamic_event,True,,OMOP_CONCEPT,4097166,249953004,Movement with gravity eliminated,AMSTEL,itemid_valueid,high
MEASUREMENT_CATEGORICAL//10472//41,v10_medication_atc,SNOMED//44810687,outcome_metadata,False,,SNOMED,44810687,888671000000103,44810687,AMSTEL,source_code,high
MEASUREMENT_CATEGORICAL//13116//4,v10_medication_atc,OMOP//OMOP_CONCEPT//43020630,dynamic_event,True,,OMOP_CONCEPT,43020630,457702006,Disorder of aortic valve prosthesis,AMSTEL,itemid_valueid,high
MEASUREMENT_CATEGORICAL//16685//2,v10_medication_atc,OMOP_CONCEPT//LOINC//46237002,outcome_metadata,False,,LOINC,46237002,77160-0,46237002,AMSTEL,source_code,high
MEASUREMENT_CATEGORICAL//18604//18,v10_medication_atc,OMOP//OMOP_CONCEPT//44784217,static_context,True,,OMOP_CONCEPT,44784217,698247007,Cardiac arrhythmia,AMSTEL,itemid_valueid,high
MEASUREMENT_CATEGORICAL//18605//3,v10_medication_atc,OMOP//OMOP_CONCEPT//4000610,static_context,True,,OMOP_CONCEPT,4000610,119292006,Disorder of gastrointestinal tract,AMSTEL,itemid_valueid,high
MEASUREMENT_CATEGORICAL//19250//9,v10_medication_atc,OMOP//OMOP_CONCEPT//4097166,dynamic_event,True,,OMOP_CONCEPT,4097166,249953004,Movement with gravity eliminated,AMSTEL,itemid_valueid,high
MEASUREMENT_CATEGORICAL//17015//9,v10_medication_atc,OMOP//OMOP_CONCEPT//320136,static_context,True,,OMOP_CONCEPT,320136,50043002,Disorder of respiratory system,AMSTEL,itemid_valueid,high
MEASUREMENT_CATEGORICAL//18601//2,v10_medication_atc,OMOP//OMOP_CONCEPT//4022014,static_context,True,,OMOP_CONCEPT,4022014,116033007,Radical nephrectomy,AMSTEL,itemid_valueid,high
MEASUREMENT_CATEGORICAL//18671//401,v10_medication_atc,OMOP//OMOP_CONCEPT//320136,static_context,True,,OMOP_CONCEPT,320136,50043002,Disorder of respiratory system,AMSTEL,itemid_valueid,high
MEASUREMENT_CATEGORICAL//18671//83,v10_medication_atc,OMOP//OMOP_CONCEPT//4044013,static_context,True,,OMOP_CONCEPT,4044013,129154003,Hematologic neoplasm,AMSTEL,itemid_valueid,high
MEASUREMENT_CATEGORICAL//19256//45,v10_medication_atc,OMOP//OMOP_CONCEPT//4097166,dynamic_event,True,,OMOP_CONCEPT,4097166,249953004,Movement with gravity eliminated,AMSTEL,itemid_valueid,high
MEASUREMENT_CATEGORICAL//19259//66,v10_medication_atc,OMOP//OMOP_CONCEPT//4093685,dynamic_event,True,,OMOP_CONCEPT,4093685,249955006,Movement against resistance,AMSTEL,itemid_valueid,high
MEASUREMENT_CATEGORICAL//12817//6,v10_medication_atc,OMOP//OMOP_CONCEPT//37156242,dynamic_event,True,,OMOP_CONCEPT,37156242,1163223009,Pressure injury stage IV,AMSTEL,itemid_valueid,high
MEASUREMENT_CATEGORICAL//14769//4,v10_medication_atc,SNOMED//4093203,dynamic_event,True,,SNOMED,4093203,249956007,4093203,AMSTEL,source_code,high
MEASUREMENT_CATEGORICAL//14846//4,v10_medication_atc,OMOP_CONCEPT//LOINC//1988717,dynamic_event,True,,LOINC,1988717,99708-0,1988717,AMSTEL,source_code,high
MEASUREMENT_CATEGORICAL//17013//8,v10_medication_atc,OMOP//OMOP_CONCEPT//4010109,static_context,True,,OMOP_CONCEPT,4010109,112698002,Operation on joint,AMSTEL,itemid_valueid,high
MEASUREMENT_CATEGORICAL//17014//4,v10_medication_atc,OMOP//OMOP_CONCEPT//4116092,static_context,True,,OMOP_CONCEPT,4116092,254935002,Intracranial tumor,AMSTEL,itemid_valueid,high
MEASUREMENT_CATEGORICAL//18597//5,v10_medication_atc,OMOP//OMOP_CONCEPT//4042641,static_context,True,,OMOP_CONCEPT,4042641,118672003,Procedure on cardiovascular system,AMSTEL,itemid_valueid,high
MEASUREMENT_CATEGORICAL//18670//97,v10_medication_atc,OMOP//OMOP_CONCEPT//4044013,static_context,True,,OMOP_CONCEPT,4044013,129154003,Hematologic neoplasm,AMSTEL,itemid_valueid,high
MEASUREMENT_CATEGORICAL//18671//141,v10_medication_atc,OMOP//OMOP_CONCEPT//45769428,static_context,True,,OMOP_CONCEPT,45769428,708079007,Illicit drug overdose,AMSTEL,itemid_valueid,high
MEASUREMENT_CATEGORICAL//18671//148,v10_medication_atc,OMOP//OMOP_CONCEPT//317109,static_context,True,,OMOP_CONCEPT,317109,87317003,Respiratory arrest,AMSTEL,itemid_valueid,high
MEASUREMENT_CATEGORICAL//18671//205,v10_medication_atc,OMOP//OMOP_CONCEPT//375415,static_context,True,,OMOP_CONCEPT,375415,82271004,Injury of head,AMSTEL,itemid_valueid,high
MEASUREMENT_CATEGORICAL//18671//98,v10_medication_atc,OMOP//OMOP_CONCEPT//443727,static_context,True,,OMOP_CONCEPT,443727,420422005,Diabetic ketoacidosis,AMSTEL,itemid_valueid,high
MEASUREMENT_CATEGORICAL//19257//50,v10_medication_atc,OMOP//OMOP_CONCEPT//4093683,dynamic_event,True,,OMOP_CONCEPT,4093683,249950001,Visible muscle contraction only,AMSTEL,itemid_valueid,high
MEASUREMENT_CATEGORICAL//8732//20,v10_medication_atc,SNOMED//4085985,metadata_only,False,,SNOMED,4085985,246287001,4085985,AMSTEL,source_code,high
MEASUREMENT_CATEGORICAL//17017//19,v10_medication_atc,OMOP//OMOP_CONCEPT//375415,static_context,True,,OMOP_CONCEPT,375415,82271004,Injury of head,AMSTEL,itemid_valueid,high
MEASUREMENT_CATEGORICAL//17019//52,v10_medication_atc,OMOP//OMOP_CONCEPT//4120088,static_context,True,,OMOP_CONCEPT,4120088,233927002,Cardiac arrest with successful resuscitation,AMSTEL,itemid_valueid,high
MEASUREMENT_CATEGORICAL//18606//2,v10_medication_atc,OMOP//OMOP_CONCEPT//4044013,static_context,True,,OMOP_CONCEPT,4044013,129154003,Hematologic neoplasm,AMSTEL,itemid_valueid,high
MEASUREMENT_CATEGORICAL//18670//95,v10_medication_atc,OMOP//OMOP_CONCEPT//4000610,static_context,True,,OMOP_CONCEPT,4000610,119292006,Disorder of gastrointestinal tract,AMSTEL,itemid_valueid,high
MEASUREMENT_CATEGORICAL//18671//219,v10_medication_atc,OMOP//OMOP_CONCEPT//4095850,static_context,True,,OMOP_CONCEPT,4095850,262521009,Spinal injury,AMSTEL,itemid_valueid,high
MEASUREMENT_CATEGORICAL//18671//77,v10_medication_atc,OMOP//OMOP_CONCEPT//192964,static_context,True,,OMOP_CONCEPT,192964,129128006,Infectious disorder of kidney,AMSTEL,itemid_valueid,high
MEASUREMENT_CATEGORICAL//19253//30,v10_medication_atc,OMOP//OMOP_CONCEPT//4093685,dynamic_event,True,,OMOP_CONCEPT,4093685,249955006,Movement against resistance,AMSTEL,itemid_valueid,high
MEASUREMENT_CATEGORICAL//16648//15,v10_medication_atc,OMOP//OMOP_CONCEPT//4096313,dynamic_event,True,,OMOP_CONCEPT,4096313,262519004,Multiple injuries,AMSTEL,itemid_valueid,high
MEASUREMENT_CATEGORICAL//17004//23,v10_medication_atc,OMOP//OMOP_CONCEPT//4174619,static_context,True,,OMOP_CONCEPT,4174619,296015009,Sedative overdose,AMSTEL,itemid_valueid,high
MEASUREMENT_CATEGORICAL//18670//90,v10_medication_atc,OMOP//OMOP_CONCEPT//44784217,static_context,True,,OMOP_CONCEPT,44784217,698247007,Cardiac arrhythmia,AMSTEL,itemid_valueid,high
MEASUREMENT_CATEGORICAL//18671//130,v10_medication_atc,OMOP//OMOP_CONCEPT//44784481,static_context,True,,OMOP_CONCEPT,44784481,698633001,Postoperative meningitis,AMSTEL,itemid_valueid,high
MEASUREMENT_CATEGORICAL//18673//458,v10_medication_atc,OMOP//OMOP_CONCEPT//4120088,static_context,True,,OMOP_CONCEPT,4120088,233927002,Cardiac arrest with successful resuscitation,AMSTEL,itemid_valueid,high
MEASUREMENT_CATEGORICAL//13134//8,v10_medication_atc,OMOP//OMOP_CONCEPT//317009,dynamic_event,True,,OMOP_CONCEPT,317009,195967001,Asthma,AMSTEL,itemid_valueid,high
MEASUREMENT_CATEGORICAL//14161//3,v10_medication_atc,SNOMED//4134745,dynamic_event,True,,SNOMED,4134745,397930006,4134745,AMSTEL,source_code,high
MEASUREMENT_CATEGORICAL//16998//38,v10_medication_atc,OMOP//OMOP_CONCEPT//132797,static_context,True,,OMOP_CONCEPT,132797,91302008,Sepsis,AMSTEL,itemid_valueid,high
MEASUREMENT_CATEGORICAL//16998//41,v10_medication_atc,OMOP//OMOP_CONCEPT//198571,static_context,True,,OMOP_CONCEPT,198571,89138009,Cardiogenic shock,AMSTEL,itemid_valueid,high
MEASUREMENT_CATEGORICAL//18671//208,v10_medication_atc,OMOP//OMOP_CONCEPT//375415,static_context,True,,OMOP_CONCEPT,375415,82271004,Injury of head,AMSTEL,itemid_valueid,high
MEASUREMENT_CATEGORICAL//8189//14,v10_medication_atc,OMOP//OMOP_CONCEPT//4235033,dynamic_event,True,,OMOP_CONCEPT,4235033,360003007,Guedel airway,AMSTEL,itemid_valueid,high
MEASUREMENT_CATEGORICAL//12110//20,v10_medication_atc,LOINC//36203284,metadata_only,False,,LOINC,36203284,85432-3,36203284,AMSTEL,source_code,high
MEASUREMENT_CATEGORICAL//13072//2,v10_medication_atc,OMOP_CONCEPT//LOINC//3026549,dynamic_event,True,,LOINC,3026549,11325-8,3026549,AMSTEL,source_code,high
MEASUREMENT_CATEGORICAL//13124//8,v10_medication_atc,OMOP//OMOP_CONCEPT//200588,dynamic_event,True,,OMOP_CONCEPT,200588,128069005,Injury of abdomen,AMSTEL,itemid_valueid,high
MEASUREMENT_CATEGORICAL//16640//6,v10_medication_atc,OMOP_CONCEPT//LOINC//3013144,dynamic_event,True,,LOINC,3013144,11326-6,3013144,AMSTEL,source_code,high
MEASUREMENT_CATEGORICAL//18589//2,v10_medication_atc,OMOP//OMOP_CONCEPT//4096313,static_context,True,,OMOP_CONCEPT,4096313,262519004,Multiple injuries,AMSTEL,itemid_valueid,high
MEASUREMENT_CATEGORICAL//19256//44,v10_medication_atc,OMOP//OMOP_CONCEPT//4093683,dynamic_event,True,,OMOP_CONCEPT,4093683,249950001,Visible muscle contraction only,AMSTEL,itemid_valueid,high
MEASUREMENT_CATEGORICAL//8733//20,v10_medication_atc,SNOMED//4085985,metadata_only,False,,SNOMED,4085985,246287001,4085985,AMSTEL,source_code,high
MEASUREMENT_CATEGORICAL//12110//19,v10_medication_atc,LOINC//36203284,metadata_only,False,,LOINC,36203284,85432-3,36203284,AMSTEL,source_code,high
MEASUREMENT_CATEGORICAL//12823//6,v10_medication_atc,OMOP//OMOP_CONCEPT//37156242,dynamic_event,True,,OMOP_CONCEPT,37156242,1163223009,Pressure injury stage IV,AMSTEL,itemid_valueid,high
MEASUREMENT_CATEGORICAL//13116//2,v10_medication_atc,OMOP//OMOP_CONCEPT//317576,dynamic_event,True,,OMOP_CONCEPT,317576,53741008,Coronary arteriosclerosis,AMSTEL,itemid_valueid,high
MEASUREMENT_CATEGORICAL//16998//35,v10_medication_atc,OMOP//OMOP_CONCEPT//132797,static_context,True,,OMOP_CONCEPT,132797,91302008,Sepsis,AMSTEL,itemid_valueid,high
MEASUREMENT_CATEGORICAL//17007//10,v10_medication_atc,OMOP//OMOP_CONCEPT//4094683,static_context,True,,OMOP_CONCEPT,4094683,262525000,Chest injury,AMSTEL,itemid_valueid,high
MEASUREMENT_CATEGORICAL//18597//7,v10_medication_atc,OMOP//OMOP_CONCEPT//132797,static_context,True,,OMOP_CONCEPT,132797,91302008,Sepsis,AMSTEL,itemid_valueid,high
MEASUREMENT_CATEGORICAL//19258//56,v10_medication_atc,OMOP//OMOP_CONCEPT//4093683,dynamic_event,True,,OMOP_CONCEPT,4093683,249950001,Visible muscle contraction only,AMSTEL,itemid_valueid,high
MEASUREMENT_CATEGORICAL//16998//39,v10_medication_atc,OMOP//OMOP_CONCEPT//132797,static_context,True,,OMOP_CONCEPT,132797,91302008,Sepsis,AMSTEL,itemid_valueid,high
MEASUREMENT_CATEGORICAL//17008//60,v10_medication_atc,OMOP//OMOP_CONCEPT//4148948,static_context,True,,OMOP_CONCEPT,4148948,30904006,Vascular surgery procedure,AMSTEL,itemid_valueid,high
MEASUREMENT_CATEGORICAL//18670//102,v10_medication_atc,OMOP//OMOP_CONCEPT//375415,static_context,True,,OMOP_CONCEPT,375415,82271004,Injury of head,AMSTEL,itemid_valueid,high
MEASUREMENT_CATEGORICAL//8200//9,v10_medication_atc,OMOP_CONCEPT//LOINC//1989388,dynamic_event,True,,LOINC,1989388,99684-3,1989388,AMSTEL,source_code,high
MEASUREMENT_CATEGORICAL//10467//4,v10_medication_atc,OMOP_CONCEPT//LOINC//3046344,dynamic_event,True,,LOINC,3046344,45404-1,3046344,AMSTEL,source_code,high
MEASUREMENT_CATEGORICAL//12615//3,v10_medication_atc,OMOP_CONCEPT//LOINC//3016384,dynamic_event/device_support,True,,LOINC,3016384,9037-3,3016384,AMSTEL,source_code,high
MEASUREMENT_CATEGORICAL//12820//6,v10_medication_atc,OMOP//OMOP_CONCEPT//37156242,dynamic_event,True,,OMOP_CONCEPT,37156242,1163223009,Pressure injury stage IV,AMSTEL,itemid_valueid,high
MEASUREMENT_CATEGORICAL//13128//8,v10_medication_atc,OMOP//OMOP_CONCEPT//4045469,dynamic_event,True,,OMOP_CONCEPT,4045469,230898002,Clipping of intracranial aneurysm,AMSTEL,itemid_valueid,high
MEASUREMENT_CATEGORICAL//16650//12,v10_medication_atc,OMOP//OMOP_CONCEPT//321052,dynamic_event,True,,OMOP_CONCEPT,321052,400047006,Peripheral vascular disease,AMSTEL,itemid_valueid,high
MEASUREMENT_CATEGORICAL//16662//8,v10_medication_atc,OMOP//OMOP_CONCEPT//376337,dynamic_event,True,,OMOP_CONCEPT,376337,118940003,Disorder of nervous system,AMSTEL,itemid_valueid,high
MEASUREMENT_CATEGORICAL//8897//5,v10_medication_atc,SNOMED//4337734,dynamic_event,True,,SNOMED,4337734,232704006,4337734,AMSTEL,source_code,high
MEASUREMENT_CATEGORICAL//10472//40,v10_medication_atc,SNOMED//44810687,outcome_metadata,False,,SNOMED,44810687,888671000000103,44810687,AMSTEL,source_code,high
MEASUREMENT_CATEGORICAL//16643//15,v10_medication_atc,OMOP//OMOP_CONCEPT//193242,dynamic_event,True,,OMOP_CONCEPT,193242,56905009,Perforation of intestine,AMSTEL,itemid_valueid,high
MEASUREMENT_CATEGORICAL//18671//266,v10_medication_atc,OMOP//OMOP_CONCEPT//4018853,static_context,True,,OMOP_CONCEPT,4018853,175180005,Decompression of cardiac tamponade,AMSTEL,itemid_valueid,high
MEASUREMENT_CATEGORICAL//18671//325,v10_medication_atc,OMOP//OMOP_CONCEPT//4040392,static_context,True,,OMOP_CONCEPT,4040392,118674002,Procedure on genitourinary system,AMSTEL,itemid_valueid,high
MEASUREMENT_CATEGORICAL//18671//440,v10_medication_atc,OMOP//OMOP_CONCEPT//375415,static_context,True,,OMOP_CONCEPT,375415,82271004,Injury of head,AMSTEL,itemid_valueid,high
MEASUREMENT_CATEGORICAL//12347//2,v10_medication_atc,OMOP_CONCEPT//LOINC//3004921,dynamic_event,True,,LOINC,3004921,20124-4,3004921,AMSTEL,source_code,high
MEASUREMENT_CATEGORICAL//17008//16,v10_medication_atc,OMOP//OMOP_CONCEPT//317576,static_context,True,,OMOP_CONCEPT,317576,53741008,Coronary arteriosclerosis,AMSTEL,itemid_valueid,high
MEASUREMENT_CATEGORICAL//18671//152,v10_medication_atc,OMOP//OMOP_CONCEPT//40493428,static_context,True,,OMOP_CONCEPT,40493428,449096009,Malignant neoplasm of respiratory system,AMSTEL,itemid_valueid,high
MEASUREMENT_CATEGORICAL//18671//430,v10_medication_atc,OMOP//OMOP_CONCEPT//133468,static_context,True,,OMOP_CONCEPT,133468,128605003,Disorder of limb,AMSTEL,itemid_valueid,high
MEASUREMENT_CATEGORICAL//6671//9,v10_medication_atc,SNOMED//4091457,dynamic_event,True,,SNOMED,4091457,251149006,4091457,AMSTEL,source_code,high
MEASUREMENT_CATEGORICAL//9534//6,v10_medication_atc,OMOP_CONCEPT//LOINC//3004921,dynamic_event,True,,LOINC,3004921,20124-4,3004921,AMSTEL,source_code,high
MEASUREMENT_CATEGORICAL//16675//4,v10_medication_atc,OMOP//OMOP_CONCEPT//132797,dynamic_event,True,,OMOP_CONCEPT,132797,91302008,Sepsis,AMSTEL,itemid_valueid,high
MEASUREMENT_CATEGORICAL//16998//37,v10_medication_atc,OMOP//OMOP_CONCEPT//132797,static_context,True,,OMOP_CONCEPT,132797,91302008,Sepsis,AMSTEL,itemid_valueid,high
MEASUREMENT_CATEGORICAL//17004//10,v10_medication_atc,OMOP//OMOP_CONCEPT//4318408,static_context,True,,OMOP_CONCEPT,4318408,95453001,Subdural hematoma,AMSTEL,itemid_valueid,high
MEASUREMENT_CATEGORICAL//17005//12,v10_medication_atc,OMOP//OMOP_CONCEPT//4301606,static_context,True,,OMOP_CONCEPT,4301606,78144005,Pulmonary hemorrhage,AMSTEL,itemid_valueid,high
MEASUREMENT_CATEGORICAL//18608//7,v10_medication_atc,OMOP//OMOP_CONCEPT//375415,static_context,True,,OMOP_CONCEPT,375415,82271004,Injury of head,AMSTEL,itemid_valueid,high
MEASUREMENT_CATEGORICAL//18671//110,v10_medication_atc,OMOP//OMOP_CONCEPT//4320030,static_context,True,,OMOP_CONCEPT,4320030,95880003,Soft tissue infection,AMSTEL,itemid_valueid,high
MEASUREMENT_CATEGORICAL//18671//24,v10_medication_atc,OMOP//OMOP_CONCEPT//438447,static_context,True,,OMOP_CONCEPT,438447,65547006,Acute myocardial infarction of inferolateral wall,AMSTEL,itemid_valueid,high
MEASUREMENT_CATEGORICAL//12376//1,v10_medication_atc,OMOP_CONCEPT//LOINC//3004921,dynamic_event,True,,LOINC,3004921,20124-4,3004921,AMSTEL,source_code,high
MEASUREMENT_CATEGORICAL//12624//2,v10_medication_atc,OMOP_CONCEPT//LOINC//21491186,dynamic_event/device_support,True,,LOINC,21491186,79562-5,21491186,AMSTEL,source_code,high
MEASUREMENT_CATEGORICAL//12834//3,v10_medication_atc,OMOP//OMOP_CONCEPT//37156240,dynamic_event,True,,OMOP_CONCEPT,37156240,1163218009,Pressure injury stage II,AMSTEL,itemid_valueid,high
MEASUREMENT_CATEGORICAL//13136//6,v10_medication_atc,OMOP//OMOP_CONCEPT//432250,dynamic_event,True,,OMOP_CONCEPT,432250,40733004,Infectious disease,AMSTEL,itemid_valueid,high
MEASUREMENT_CATEGORICAL//17008//10,v10_medication_atc,OMOP//OMOP_CONCEPT//4095407,static_context,True,,OMOP_CONCEPT,4095407,26212005,Replacement of aortic valve,AMSTEL,itemid_valueid,high
MEASUREMENT_CATEGORICAL//18601//1,v10_medication_atc,OMOP//OMOP_CONCEPT//198124,static_context,True,,OMOP_CONCEPT,198124,90708001,Kidney disease,AMSTEL,itemid_valueid,high
MEASUREMENT_CATEGORICAL//18671//382,v10_medication_atc,OMOP//OMOP_CONCEPT//4045469,static_context,True,,OMOP_CONCEPT,4045469,230898002,Clipping of intracranial aneurysm,AMSTEL,itemid_valueid,high
MEASUREMENT_CATEGORICAL//10467//2,v10_medication_atc,OMOP_CONCEPT//LOINC//3046344,dynamic_event,True,,LOINC,3046344,45404-1,3046344,AMSTEL,source_code,high
MEASUREMENT_CATEGORICAL//12823//3,v10_medication_atc,OMOP//OMOP_CONCEPT//37156240,dynamic_event,True,,OMOP_CONCEPT,37156240,1163218009,Pressure injury stage II,AMSTEL,itemid_valueid,high
MEASUREMENT_CATEGORICAL//13124//7,v10_medication_atc,OMOP//OMOP_CONCEPT//200588,dynamic_event,True,,OMOP_CONCEPT,200588,128069005,Injury of abdomen,AMSTEL,itemid_valueid,high
MEASUREMENT_CATEGORICAL//16102//1,v10_medication_atc,SNOMED//321042,dynamic_event,True,,SNOMED,321042,410429000,321042,AMSTEL,source_code,high
MEASUREMENT_CATEGORICAL//16643//18,v10_medication_atc,OMOP//OMOP_CONCEPT//4130373,dynamic_event,True,,OMOP_CONCEPT,4130373,126768004,Neoplasm of gastrointestinal tract,AMSTEL,itemid_valueid,high
MEASUREMENT_CATEGORICAL//18589//10,v10_medication_atc,OMOP//OMOP_CONCEPT//4148882,static_context,True,,OMOP_CONCEPT,4148882,355001,Hemorrhagic shock,AMSTEL,itemid_valueid,high
MEASUREMENT_CATEGORICAL//18671//172,v10_medication_atc,OMOP//OMOP_CONCEPT//4031380,static_context,True,,OMOP_CONCEPT,4031380,129897006,Dysfunctional ventilatory weaning response,AMSTEL,itemid_valueid,high
MEASUREMENT_CATEGORICAL//18671//452,v10_medication_atc,OMOP//OMOP_CONCEPT//4301351,static_context,True,,OMOP_CONCEPT,4301351,387713003,Surgical procedure,AMSTEL,itemid_valueid,high
MEASUREMENT_CATEGORICAL//6685//5,v10_medication_atc,OMOP_CONCEPT//LOINC//3004921,dynamic_event,True,,LOINC,3004921,20124-4,3004921,AMSTEL,source_code,high
MEASUREMENT_CATEGORICAL//12109//20,v10_medication_atc,LOINC//36203284,metadata_only,False,,LOINC,36203284,85432-3,36203284,AMSTEL,source_code,high
MEASUREMENT_CATEGORICAL//13141//1,v10_medication_atc,OMOP//OMOP_CONCEPT//4256228,dynamic_event,True,,OMOP_CONCEPT,4256228,409622000,Respiratory failure,AMSTEL,itemid_valueid,high
MEASUREMENT_CATEGORICAL//18671//257,v10_medication_atc,OMOP//OMOP_CONCEPT//3654996,static_context,True,,OMOP_CONCEPT,3654996,840580004,Peripheral arterial disease,AMSTEL,itemid_valueid,high
MEASUREMENT_CATEGORICAL//8731//11,v10_medication_atc,OMOP//OMOP_CONCEPT//4274743,dynamic_event,True,,OMOP_CONCEPT,4274743,368209003,Right upper arm structure,AMSTEL,itemid_valueid,high
MEASUREMENT_CATEGORICAL//13128//10,v10_medication_atc,OMOP//OMOP_CONCEPT//4120104,dynamic_event,True,,OMOP_CONCEPT,4120104,233983001,Ruptured cerebral aneurysm,AMSTEL,itemid_valueid,high
MEASUREMENT_CATEGORICAL//18671//218,v10_medication_atc,OMOP//OMOP_CONCEPT//4095850,static_context,True,,OMOP_CONCEPT,4095850,262521009,Spinal injury,AMSTEL,itemid_valueid,high
MEASUREMENT_CATEGORICAL//6671//32,v10_medication_atc,OMOP//OMOP_CONCEPT//4295129,dynamic_event,True,,OMOP_CONCEPT,4295129,76388001,ST segment elevation,AMSTEL,itemid_valueid,high
MEASUREMENT_CATEGORICAL//8693//1,v10_medication_atc,SNOMED//4122997,dynamic_event,True,,SNOMED,4122997,258118009,4122997,AMSTEL,source_code,high
MEASUREMENT_CATEGORICAL//18671//420,v10_medication_atc,OMOP//OMOP_CONCEPT//200588,static_context,True,,OMOP_CONCEPT,200588,128069005,Injury of abdomen,AMSTEL,itemid_valueid,high
MEASUREMENT_CATEGORICAL//19252//20,v10_medication_atc,OMOP//OMOP_CONCEPT//4093683,dynamic_event,True,,OMOP_CONCEPT,4093683,249950001,Visible muscle contraction only,AMSTEL,itemid_valueid,high
MEASUREMENT_CATEGORICAL//8692//5,v10_medication_atc,SNOMED//4122997,dynamic_event,True,,SNOMED,4122997,258118009,4122997,AMSTEL,source_code,high
MEASUREMENT_CATEGORICAL//10472//25,v10_medication_atc,SNOMED//44810687,outcome_metadata,False,,SNOMED,44810687,888671000000103,44810687,AMSTEL,source_code,high
MEASUREMENT_CATEGORICAL//13128//16,v10_medication_atc,OMOP//OMOP_CONCEPT//4041193,dynamic_event,True,,OMOP_CONCEPT,4041193,16545005,Operation on nervous system,AMSTEL,itemid_valueid,high
MEASUREMENT_CATEGORICAL//14846//1,v10_medication_atc,OMOP_CONCEPT//LOINC//1988717,dynamic_event,True,,LOINC,1988717,99708-0,1988717,AMSTEL,source_code,high
MEASUREMENT_CATEGORICAL//17002//1,v10_medication_atc,OMOP//OMOP_CONCEPT//4096947,static_context,True,,OMOP_CONCEPT,4096947,26436007,Disorder of acid-base balance,AMSTEL,itemid_valueid,high
MEASUREMENT_CATEGORICAL//18671//297,v10_medication_atc,OMOP//OMOP_CONCEPT//4042907,static_context,True,,OMOP_CONCEPT,4042907,16564004,"Hartmann operation, rectal resection",AMSTEL,itemid_valueid,high
MEASUREMENT_CATEGORICAL//9534//1,v10_medication_atc,OMOP_CONCEPT//LOINC//3004921,dynamic_event,True,,LOINC,3004921,20124-4,3004921,AMSTEL,source_code,high
MEASUREMENT_CATEGORICAL//16103//1,v10_medication_atc,OMOP//OMOP_CONCEPT//437894,dynamic_event,True,,OMOP_CONCEPT,437894,71908006,Ventricular fibrillation,AMSTEL,itemid_valueid,high
MEASUREMENT_CATEGORICAL//16448//11,v10_medication_atc,SNOMED//4052413,dynamic_event/device_support,True,,SNOMED,4052413,233527006,4052413,AMSTEL,source_code,high
MEASUREMENT_CATEGORICAL//17013//2,v10_medication_atc,OMOP//OMOP_CONCEPT//40484119,static_context,True,,OMOP_CONCEPT,40484119,443928008,Necrotizing soft tissue infection,AMSTEL,itemid_valueid,high
MEASUREMENT_CATEGORICAL//18670//61,v10_medication_atc,OMOP//OMOP_CONCEPT//321052,static_context,True,,OMOP_CONCEPT,321052,400047006,Peripheral vascular disease,AMSTEL,itemid_valueid,high
MEASUREMENT_CATEGORICAL//18671//193,v10_medication_atc,OMOP//OMOP_CONCEPT//4094683,static_context,True,,OMOP_CONCEPT,4094683,262525000,Chest injury,AMSTEL,itemid_valueid,high
MEASUREMENT_CATEGORICAL//6671//19,v10_medication_atc,OMOP//OMOP_CONCEPT//4277903,dynamic_event,True,,OMOP_CONCEPT,4277903,65778007,Sinoatrial block,AMSTEL,itemid_valueid,high
MEASUREMENT_CATEGORICAL//8733//1,v10_medication_atc,SNOMED//4085985,metadata_only,False,,SNOMED,4085985,246287001,4085985,AMSTEL,source_code,high
MEASUREMENT_CATEGORICAL//12822//5,v10_medication_atc,OMOP//OMOP_CONCEPT//37156242,dynamic_event,True,,OMOP_CONCEPT,37156242,1163223009,Pressure injury stage IV,AMSTEL,itemid_valueid,high
MEASUREMENT_CATEGORICAL//17010//9,v10_medication_atc,OMOP//OMOP_CONCEPT//4040392,static_context,True,,OMOP_CONCEPT,4040392,118674002,Procedure on genitourinary system,AMSTEL,itemid_valueid,high
MEASUREMENT_CATEGORICAL//18612//12,v10_medication_atc,OMOP//OMOP_CONCEPT//321052,static_context,True,,OMOP_CONCEPT,321052,400047006,Peripheral vascular disease,AMSTEL,itemid_valueid,high
MEASUREMENT_CATEGORICAL//18671//192,v10_medication_atc,OMOP//OMOP_CONCEPT//133468,static_context,True,,OMOP_CONCEPT,133468,128605003,Disorder of limb,AMSTEL,itemid_valueid,high
MEASUREMENT_CATEGORICAL//19636//9,v10_medication_atc,OMOP_CONCEPT//LOINC//3008223,dynamic_event,True,,LOINC,3008223,9268-4,3008223,AMSTEL,source_code,high
MEASUREMENT_CATEGORICAL//10472//19,v10_medication_atc,SNOMED//44810687,outcome_metadata,False,,SNOMED,44810687,888671000000103,44810687,AMSTEL,source_code,high
MEASUREMENT_CATEGORICAL//12511//2,v10_medication_atc,OMOP//OMOP_CONCEPT//45884084,dynamic_event,True,,OMOP_CONCEPT,45884084,LA6576-8,Positive,AMSTEL,itemid_valueid,high
MEASUREMENT_CATEGORICAL//17014//15,v10_medication_atc,OMOP//OMOP_CONCEPT//4108768,static_context,True,,OMOP_CONCEPT,4108768,283165009,Decompression laminectomy,AMSTEL,itemid_valueid,high
MEASUREMENT_CATEGORICAL//17014//17,v10_medication_atc,OMOP//OMOP_CONCEPT//4130040,static_context,True,,OMOP_CONCEPT,4130040,126962006,Neoplasm of spinal cord,AMSTEL,itemid_valueid,high
MEASUREMENT_CATEGORICAL//18596//3,v10_medication_atc,OMOP//OMOP_CONCEPT//192671,static_context,True,,OMOP_CONCEPT,192671,74474003,Gastrointestinal hemorrhage,AMSTEL,itemid_valueid,high
MEASUREMENT_CATEGORICAL//18671//272,v10_medication_atc,OMOP//OMOP_CONCEPT//132797,static_context,True,,OMOP_CONCEPT,132797,91302008,Sepsis,AMSTEL,itemid_valueid,high
MEASUREMENT_CATEGORICAL//10472//16,v10_medication_atc,SNOMED//44810687,outcome_metadata,False,,SNOMED,44810687,888671000000103,44810687,AMSTEL,source_code,high
MEASUREMENT_CATEGORICAL//12129//1,v10_medication_atc,LOINC//3046359,metadata_only,False,,LOINC,3046359,44767-2,3046359,AMSTEL,source_code,high
MEASUREMENT_CATEGORICAL//16998//2,v10_medication_atc,OMOP//OMOP_CONCEPT//317585,static_context,True,,OMOP_CONCEPT,317585,67362008,Aortic aneurysm,AMSTEL,itemid_valueid,high
MEASUREMENT_CATEGORICAL//16998//31,v10_medication_atc,OMOP//OMOP_CONCEPT//4248028,static_context,True,,OMOP_CONCEPT,4248028,72654001,Supraventricular arrhythmia,AMSTEL,itemid_valueid,high
MEASUREMENT_CATEGORICAL//8733//17,v10_medication_atc,SNOMED//4085985,metadata_only,False,,SNOMED,4085985,246287001,4085985,AMSTEL,source_code,high
MEASUREMENT_CATEGORICAL//13134//7,v10_medication_atc,OMOP//OMOP_CONCEPT//317109,dynamic_event,True,,OMOP_CONCEPT,317109,87317003,Respiratory arrest,AMSTEL,itemid_valueid,high
MEASUREMENT_CATEGORICAL//16998//33,v10_medication_atc,OMOP//OMOP_CONCEPT//4185572,static_context,True,,OMOP_CONCEPT,4185572,44103008,Ventricular arrhythmia,AMSTEL,itemid_valueid,high
MEASUREMENT_CATEGORICAL//18671//428,v10_medication_atc,OMOP//OMOP_CONCEPT//4094683,static_context,True,,OMOP_CONCEPT,4094683,262525000,Chest injury,AMSTEL,itemid_valueid,high
MEASUREMENT_CATEGORICAL//18671//46,v10_medication_atc,OMOP//OMOP_CONCEPT//134057,static_context,True,,OMOP_CONCEPT,134057,49601007,Disorder of cardiovascular system,AMSTEL,itemid_valueid,high
MEASUREMENT_CATEGORICAL//18671//71,v10_medication_atc,OMOP//OMOP_CONCEPT//4171379,static_context,True,,OMOP_CONCEPT,4171379,42030000,Disorder of the genitourinary system,AMSTEL,itemid_valueid,high
MEASUREMENT_CATEGORICAL//12110//4,v10_medication_atc,LOINC//36203284,metadata_only,False,,LOINC,36203284,85432-3,36203284,AMSTEL,source_code,high
MEASUREMENT_CATEGORICAL//12625//3,v10_medication_atc,SNOMED//4097216,dynamic_event/device_support,True,,SNOMED,4097216,26412008,4097216,AMSTEL,source_code,high
MEASUREMENT_CATEGORICAL//16650//15,v10_medication_atc,OMOP//OMOP_CONCEPT//198177,dynamic_event,True,,OMOP_CONCEPT,198177,233985008,Abdominal aortic aneurysm,AMSTEL,itemid_valueid,high
MEASUREMENT_CATEGORICAL//16650//18,v10_medication_atc,OMOP//OMOP_CONCEPT//4148948,dynamic_event,True,,OMOP_CONCEPT,4148948,30904006,Vascular surgery procedure,AMSTEL,itemid_valueid,high
MEASUREMENT_CATEGORICAL//17004//24,v10_medication_atc,OMOP//OMOP_CONCEPT//45769428,static_context,True,,OMOP_CONCEPT,45769428,708079007,Illicit drug overdose,AMSTEL,itemid_valueid,high
MEASUREMENT_CATEGORICAL//18671//126,v10_medication_atc,OMOP//OMOP_CONCEPT//4176148,static_context,True,,OMOP_CONCEPT,4176148,428268007,Extradural intracranial hematoma,AMSTEL,itemid_valueid,high
MEASUREMENT_CATEGORICAL//18671//20,v10_medication_atc,OMOP//OMOP_CONCEPT//437312,static_context,True,,OMOP_CONCEPT,437312,131148009,Bleeding,AMSTEL,itemid_valueid,high
MEASUREMENT_CATEGORICAL//18671//369,v10_medication_atc,OMOP//OMOP_CONCEPT//4174520,static_context,True,,OMOP_CONCEPT,4174520,50448004,Fracture of vertebral column,AMSTEL,itemid_valueid,high
MEASUREMENT_CATEGORICAL//13131//3,v10_medication_atc,OMOP//OMOP_CONCEPT//4318408,dynamic_event,True,,OMOP_CONCEPT,4318408,95453001,Subdural hematoma,AMSTEL,itemid_valueid,high
MEASUREMENT_CATEGORICAL//16643//20,v10_medication_atc,OMOP//OMOP_CONCEPT//4000610,dynamic_event,True,,OMOP_CONCEPT,4000610,119292006,Disorder of gastrointestinal tract,AMSTEL,itemid_valueid,high
MEASUREMENT_CATEGORICAL//17005//9,v10_medication_atc,OMOP//OMOP_CONCEPT//254061,static_context,True,,OMOP_CONCEPT,254061,60046008,Pleural effusion,AMSTEL,itemid_valueid,high
MEASUREMENT_CATEGORICAL//18589//4,v10_medication_atc,OMOP//OMOP_CONCEPT//317585,static_context,True,,OMOP_CONCEPT,317585,67362008,Aortic aneurysm,AMSTEL,itemid_valueid,high
MEASUREMENT_CATEGORICAL//18615//7,v10_medication_atc,OMOP//OMOP_CONCEPT//40490927,static_context,True,,OMOP_CONCEPT,40490927,447107001,Craniotomy and excision of neoplasm of brain,AMSTEL,itemid_valueid,high
MEASUREMENT_CATEGORICAL//18670//66,v10_medication_atc,OMOP//OMOP_CONCEPT//4000610,static_context,True,,OMOP_CONCEPT,4000610,119292006,Disorder of gastrointestinal tract,AMSTEL,itemid_valueid,high
MEASUREMENT_CATEGORICAL//18670//80,v10_medication_atc,OMOP//OMOP_CONCEPT//320136,static_context,True,,OMOP_CONCEPT,320136,50043002,Disorder of respiratory system,AMSTEL,itemid_valueid,high
MEASUREMENT_CATEGORICAL//18671//228,v10_medication_atc,OMOP//OMOP_CONCEPT//4000088,static_context,True,,OMOP_CONCEPT,4000088,19262003,Repair of thoracic aortic aneurysm,AMSTEL,itemid_valueid,high
MEASUREMENT_CATEGORICAL//18671//66,v10_medication_atc,OMOP//OMOP_CONCEPT//4026032,static_context,True,,OMOP_CONCEPT,4026032,197270009,Acute hepatic failure,AMSTEL,itemid_valueid,high
MEASUREMENT_CATEGORICAL//18673//487,v10_medication_atc,OMOP//OMOP_CONCEPT//132797,static_context,True,,OMOP_CONCEPT,132797,91302008,Sepsis,AMSTEL,itemid_valueid,high
MEASUREMENT_CATEGORICAL//16662//9,v10_medication_atc,OMOP//OMOP_CONCEPT//4041193,dynamic_event,True,,OMOP_CONCEPT,4041193,16545005,Operation on nervous system,AMSTEL,itemid_valueid,high
MEASUREMENT_CATEGORICAL//16998//40,v10_medication_atc,OMOP//OMOP_CONCEPT//132797,static_context,True,,OMOP_CONCEPT,132797,91302008,Sepsis,AMSTEL,itemid_valueid,high
MEASUREMENT_CATEGORICAL//17019//81,v10_medication_atc,OMOP//OMOP_CONCEPT//132797,static_context,True,,OMOP_CONCEPT,132797,91302008,Sepsis,AMSTEL,itemid_valueid,high
MEASUREMENT_CATEGORICAL//18615//6,v10_medication_atc,OMOP//OMOP_CONCEPT//376337,static_context,True,,OMOP_CONCEPT,376337,118940003,Disorder of nervous system,AMSTEL,itemid_valueid,high
MEASUREMENT_CATEGORICAL//18669//54,v10_medication_atc,OMOP//OMOP_CONCEPT//317109,static_context,True,,OMOP_CONCEPT,317109,87317003,Respiratory arrest,AMSTEL,itemid_valueid,high
MEASUREMENT_CATEGORICAL//18671//139,v10_medication_atc,OMOP//OMOP_CONCEPT//602985,static_context,True,,OMOP_CONCEPT,602985,1149322001,Intoxication,AMSTEL,itemid_valueid,high
MEASUREMENT_CATEGORICAL//18671//238,v10_medication_atc,OMOP//OMOP_CONCEPT//314054,static_context,True,,OMOP_CONCEPT,314054,8722008,Aortic valve disorder,AMSTEL,itemid_valueid,high
MEASUREMENT_CATEGORICAL//18671//368,v10_medication_atc,OMOP//OMOP_CONCEPT//4138816,static_context,True,,OMOP_CONCEPT,4138816,32495000,Cranioplasty,AMSTEL,itemid_valueid,high
MEASUREMENT_CATEGORICAL//18671//423,v10_medication_atc,OMOP//OMOP_CONCEPT//200588,static_context,True,,OMOP_CONCEPT,200588,128069005,Injury of abdomen,AMSTEL,itemid_valueid,high
MEASUREMENT_CATEGORICAL//19636//8,v10_medication_atc,OMOP_CONCEPT//LOINC//3008223,dynamic_event,True,,LOINC,3008223,9268-4,3008223,AMSTEL,source_code,high
MEASUREMENT_CATEGORICAL//8189//10,v10_medication_atc,SNOMED//45769206,dynamic_event,True,,SNOMED,45769206,707808001,45769206,AMSTEL,source_code,high
MEASUREMENT_CATEGORICAL//12817//4,v10_medication_atc,OMOP//OMOP_CONCEPT//37156241,dynamic_event,True,,OMOP_CONCEPT,37156241,1163221006,Pressure injury stage III,AMSTEL,itemid_valueid,high
MEASUREMENT_CATEGORICAL//13126//6,v10_medication_atc,OMOP//OMOP_CONCEPT//4038335,dynamic_event,True,,OMOP_CONCEPT,4038335,11810009,Operation on male genital system,AMSTEL,itemid_valueid,high
MEASUREMENT_CATEGORICAL//18617//5,v10_medication_atc,OMOP//OMOP_CONCEPT//320136,static_context,True,,OMOP_CONCEPT,320136,50043002,Disorder of respiratory system,AMSTEL,itemid_valueid,high
MEASUREMENT_CATEGORICAL//18670//75,v10_medication_atc,OMOP//OMOP_CONCEPT//376337,static_context,True,,OMOP_CONCEPT,376337,118940003,Disorder of nervous system,AMSTEL,itemid_valueid,high
MEASUREMENT_CATEGORICAL//18670//76,v10_medication_atc,OMOP//OMOP_CONCEPT//40490927,static_context,True,,OMOP_CONCEPT,40490927,447107001,Craniotomy and excision of neoplasm of brain,AMSTEL,itemid_valueid,high
MEASUREMENT_CATEGORICAL//18671//132,v10_medication_atc,OMOP//OMOP_CONCEPT//4116092,static_context,True,,OMOP_CONCEPT,4116092,254935002,Intracranial tumor,AMSTEL,itemid_valueid,high
MEASUREMENT_CATEGORICAL//18671//91,v10_medication_atc,OMOP//OMOP_CONCEPT//320073,static_context,True,,OMOP_CONCEPT,320073,165517008,Neutropenia,AMSTEL,itemid_valueid,high
MEASUREMENT_CATEGORICAL//18671//92,v10_medication_atc,OMOP//OMOP_CONCEPT//432881,static_context,True,,OMOP_CONCEPT,432881,127034005,Pancytopenia,AMSTEL,itemid_valueid,high
MEASUREMENT_CATEGORICAL//7672//6,v10_medication_atc,OMOP_CONCEPT//LOINC//1988427,dynamic_event,True,,LOINC,1988427,99733-8,1988427,AMSTEL,source_code,high
MEASUREMENT_CATEGORICAL//8731//21,v10_medication_atc,OMOP//OMOP_CONCEPT//4302112,dynamic_event,True,,OMOP_CONCEPT,4302112,38848004,Duodenal structure,AMSTEL,itemid_valueid,high
MEASUREMENT_CATEGORICAL//10468//23,v10_medication_atc,SNOMED//4087925,dynamic_event,True,,SNOMED,4087925,186034007,4087925,AMSTEL,source_code,high
MEASUREMENT_CATEGORICAL//12128//25,v10_medication_atc,SNOMED//44789289,dynamic_event,True,,SNOMED,44789289,200241000000103,44789289,AMSTEL,source_code,high
MEASUREMENT_CATEGORICAL//13145//3,v10_medication_atc,OMOP//OMOP_CONCEPT//201965,dynamic_event,True,,OMOP_CONCEPT,201965,27942005,Shock,AMSTEL,itemid_valueid,high
MEASUREMENT_CATEGORICAL//18608//9,v10_medication_atc,OMOP//OMOP_CONCEPT//42872434,static_context,True,,OMOP_CONCEPT,42872434,450425005,Intracranial hematoma,AMSTEL,itemid_valueid,high
MEASUREMENT_CATEGORICAL//18611//5,v10_medication_atc,OMOP//OMOP_CONCEPT//4000610,static_context,True,,OMOP_CONCEPT,4000610,119292006,Disorder of gastrointestinal tract,AMSTEL,itemid_valueid,high
MEASUREMENT_CATEGORICAL//18671//21,v10_medication_atc,OMOP//OMOP_CONCEPT//45768449,static_context,True,,OMOP_CONCEPT,45768449,706882009,Hypertensive crisis,AMSTEL,itemid_valueid,high
MEASUREMENT_CATEGORICAL//18671//84,v10_medication_atc,OMOP//OMOP_CONCEPT//134305,static_context,True,,OMOP_CONCEPT,134305,91857003,Acute lymphoid leukemia,AMSTEL,itemid_valueid,high
MEASUREMENT_CATEGORICAL//16658//15,v10_medication_atc,OMOP//OMOP_CONCEPT//4256228,dynamic_event,True,,OMOP_CONCEPT,4256228,409622000,Respiratory failure,AMSTEL,itemid_valueid,high
MEASUREMENT_CATEGORICAL//17008//34,v10_medication_atc,OMOP//OMOP_CONCEPT//3654996,static_context,True,,OMOP_CONCEPT,3654996,840580004,Peripheral arterial disease,AMSTEL,itemid_valueid,high
MEASUREMENT_CATEGORICAL//18671//321,v10_medication_atc,OMOP//OMOP_CONCEPT//197508,static_context,True,,OMOP_CONCEPT,197508,399326009,Malignant tumor of urinary bladder,AMSTEL,itemid_valueid,high
MEASUREMENT_CATEGORICAL//18671//332,v10_medication_atc,OMOP//OMOP_CONCEPT//196653,static_context,True,,OMOP_CONCEPT,196653,363518003,Malignant tumor of kidney,AMSTEL,itemid_valueid,high
MEASUREMENT_CATEGORICAL//8733//2,v10_medication_atc,SNOMED//4085985,metadata_only,False,,SNOMED,4085985,246287001,4085985,AMSTEL,source_code,high
MEASUREMENT_CATEGORICAL//8733//8,v10_medication_atc,SNOMED//4085985,metadata_only,False,,SNOMED,4085985,246287001,4085985,AMSTEL,source_code,high
MEASUREMENT_CATEGORICAL//12624//1,v10_medication_atc,OMOP_CONCEPT//LOINC//21491186,dynamic_event/device_support,True,,LOINC,21491186,79562-5,21491186,AMSTEL,source_code,high
MEASUREMENT_CATEGORICAL//12825//5,v10_medication_atc,OMOP//OMOP_CONCEPT//37156242,dynamic_event,True,,OMOP_CONCEPT,37156242,1163223009,Pressure injury stage IV,AMSTEL,itemid_valueid,high
MEASUREMENT_CATEGORICAL//12827//6,v10_medication_atc,OMOP//OMOP_CONCEPT//37156242,dynamic_event,True,,OMOP_CONCEPT,37156242,1163223009,Pressure injury stage IV,AMSTEL,itemid_valueid,high
MEASUREMENT_CATEGORICAL//14470//8,v10_medication_atc,OMOP_CONCEPT//LOINC//3026019,dynamic_event,True,,LOINC,3026019,11324-1,3026019,AMSTEL,source_code,high
MEASUREMENT_CATEGORICAL//16102//10,v10_medication_atc,SNOMED//321042,dynamic_event,True,,SNOMED,321042,410429000,321042,AMSTEL,source_code,high
MEASUREMENT_CATEGORICAL//17005//23,v10_medication_atc,OMOP//OMOP_CONCEPT//253796,static_context,True,,OMOP_CONCEPT,253796,36118008,Pneumothorax,AMSTEL,itemid_valueid,high
MEASUREMENT_CATEGORICAL//18671//343,v10_medication_atc,OMOP//OMOP_CONCEPT//4301351,static_context,True,,OMOP_CONCEPT,4301351,387713003,Surgical procedure,AMSTEL,itemid_valueid,high
MEASUREMENT_CATEGORICAL//18671//418,v10_medication_atc,OMOP//OMOP_CONCEPT//133468,static_context,True,,OMOP_CONCEPT,133468,128605003,Disorder of limb,AMSTEL,itemid_valueid,high
MEASUREMENT_CATEGORICAL//8889//7,v10_medication_atc,SNOMED//4239191,dynamic_event,True,,SNOMED,4239191,68187007,4239191,AMSTEL,source_code,high
MEASUREMENT_CATEGORICAL//12824//4,v10_medication_atc,OMOP//OMOP_CONCEPT//37156241,dynamic_event,True,,OMOP_CONCEPT,37156241,1163221006,Pressure injury stage III,AMSTEL,itemid_valueid,high
MEASUREMENT_CATEGORICAL//14476//12,v10_medication_atc,OMOP_CONCEPT//LOINC//3026549,dynamic_event,True,,LOINC,3026549,11325-8,3026549,AMSTEL,source_code,high
MEASUREMENT_CATEGORICAL//18673//689,v10_medication_atc,OMOP//OMOP_CONCEPT//314054,static_context,True,,OMOP_CONCEPT,314054,8722008,Aortic valve disorder,AMSTEL,itemid_valueid,high
MEASUREMENT_CATEGORICAL//16252//4,v10_medication_atc,OMOP_CONCEPT//LOINC//46235663,dynamic_event,True,,LOINC,46235663,76447-2,46235663,AMSTEL,source_code,high
MEASUREMENT_CATEGORICAL//16628//5,v10_medication_atc,OMOP_CONCEPT//LOINC//3026019,dynamic_event,True,,LOINC,3026019,11324-1,3026019,AMSTEL,source_code,high
MEASUREMENT_CATEGORICAL//16993//17,v10_medication_atc,OMOP//OMOP_CONCEPT//8717,metadata_only,False,,OMOP_CONCEPT,8717,21,Inpatient Hospital,AMSTEL,itemid_valueid,high
MEASUREMENT_CATEGORICAL//16999//15,v10_medication_atc,OMOP//OMOP_CONCEPT//4000610,static_context,True,,OMOP_CONCEPT,4000610,119292006,Disorder of gastrointestinal tract,AMSTEL,itemid_valueid,high
MEASUREMENT_CATEGORICAL//18670//104,v10_medication_atc,OMOP//OMOP_CONCEPT//439847,static_context,True,,OMOP_CONCEPT,439847,1386000,Intracranial hemorrhage,AMSTEL,itemid_valueid,high
MEASUREMENT_CATEGORICAL//18673//621,v10_medication_atc,OMOP//OMOP_CONCEPT//320136,static_context,True,,OMOP_CONCEPT,320136,50043002,Disorder of respiratory system,AMSTEL,itemid_valueid,high
MEASUREMENT_CATEGORICAL//20139//6,v10_medication_atc,OMOP//OMOP_CONCEPT//36307912,metadata_only,False,,OMOP_CONCEPT,36307912,LA26181-0,Hospital ward,AMSTEL,itemid_valueid,low
MEASUREMENT_CATEGORICAL//12833//3,v10_medication_atc,OMOP//OMOP_CONCEPT//37156240,dynamic_event,True,,OMOP_CONCEPT,37156240,1163218009,Pressure injury stage II,AMSTEL,itemid_valueid,high
MEASUREMENT_CATEGORICAL//13128//14,v10_medication_atc,OMOP//OMOP_CONCEPT//4063759,dynamic_event,True,,OMOP_CONCEPT,4063759,171713001,Evacuation of intracranial extradural hematoma,AMSTEL,itemid_valueid,high
MEASUREMENT_CATEGORICAL//13136//1,v10_medication_atc,OMOP//OMOP_CONCEPT//441589,dynamic_event,True,,OMOP_CONCEPT,441589,56819008,Endocarditis,AMSTEL,itemid_valueid,high
MEASUREMENT_CATEGORICAL//16648//14,v10_medication_atc,OMOP//OMOP_CONCEPT//4096313,dynamic_event,True,,OMOP_CONCEPT,4096313,262519004,Multiple injuries,AMSTEL,itemid_valueid,high
MEASUREMENT_CATEGORICAL//17004//22,v10_medication_atc,OMOP//OMOP_CONCEPT//602985,static_context,True,,OMOP_CONCEPT,602985,1149322001,Intoxication,AMSTEL,itemid_valueid,high
MEASUREMENT_CATEGORICAL//17009//15,v10_medication_atc,OMOP//OMOP_CONCEPT//31610,static_context,True,,OMOP_CONCEPT,31610,37657006,Disorder of esophagus,AMSTEL,itemid_valueid,high
MEASUREMENT_CATEGORICAL//18604//14,v10_medication_atc,OMOP//OMOP_CONCEPT//317576,static_context,True,,OMOP_CONCEPT,317576,53741008,Coronary arteriosclerosis,AMSTEL,itemid_valueid,high
MEASUREMENT_CATEGORICAL//18671//301,v10_medication_atc,OMOP//OMOP_CONCEPT//4314251,static_context,True,,OMOP_CONCEPT,4314251,86481000,Laparotomy,AMSTEL,itemid_valueid,high
MEASUREMENT_CATEGORICAL//13117//4,v10_medication_atc,OMOP//OMOP_CONCEPT//4149712,dynamic_event,True,,OMOP_CONCEPT,4149712,3098007,Rupture of interventricular septum,AMSTEL,itemid_valueid,high
MEASUREMENT_CATEGORICAL//14482//10,v10_medication_atc,OMOP_CONCEPT//LOINC//3026549,dynamic_event,True,,LOINC,3026549,11325-8,3026549,AMSTEL,source_code,high
MEASUREMENT_CATEGORICAL//17007//24,v10_medication_atc,OMOP//OMOP_CONCEPT//375415,static_context,True,,OMOP_CONCEPT,375415,82271004,Injury of head,AMSTEL,itemid_valueid,high
MEASUREMENT_CATEGORICAL//17009//19,v10_medication_atc,OMOP//OMOP_CONCEPT//4129389,static_context,True,,OMOP_CONCEPT,4129389,126765001,Gastrointestinal obstruction,AMSTEL,itemid_valueid,high
MEASUREMENT_CATEGORICAL//17026//51,v10_medication_atc,OMOP//OMOP_CONCEPT//320136,static_context,True,,OMOP_CONCEPT,320136,50043002,Disorder of respiratory system,AMSTEL,itemid_valueid,high
MEASUREMENT_CATEGORICAL//18669//55,v10_medication_atc,OMOP//OMOP_CONCEPT//257581,static_context,True,,OMOP_CONCEPT,257581,281239006,Acute asthma,AMSTEL,itemid_valueid,high
MEASUREMENT_CATEGORICAL//18673//585,v10_medication_atc,OMOP//OMOP_CONCEPT//376337,static_context,True,,OMOP_CONCEPT,376337,118940003,Disorder of nervous system,AMSTEL,itemid_valueid,high
MEASUREMENT_CATEGORICAL//12623//15,v10_medication_atc,OMOP_CONCEPT//LOINC//3046004,dynamic_event/device_support,True,,LOINC,3046004,33444-1,3046004,AMSTEL,source_code,high
MEASUREMENT_CATEGORICAL//13118//6,v10_medication_atc,OMOP//OMOP_CONCEPT//4199966,dynamic_event,True,,OMOP_CONCEPT,4199966,315362007,Repair of thoracoabdominal aortic aneurysm,AMSTEL,itemid_valueid,high
MEASUREMENT_CATEGORICAL//13118//9,v10_medication_atc,OMOP//OMOP_CONCEPT//134057,dynamic_event,True,,OMOP_CONCEPT,134057,49601007,Disorder of cardiovascular system,AMSTEL,itemid_valueid,high
MEASUREMENT_CATEGORICAL//13125//3,v10_medication_atc,OMOP//OMOP_CONCEPT//4208113,dynamic_event,True,,OMOP_CONCEPT,4208113,55705006,Spinal arthrodesis,AMSTEL,itemid_valueid,high
MEASUREMENT_CATEGORICAL//13126//2,v10_medication_atc,OMOP//OMOP_CONCEPT//198124,dynamic_event,True,,OMOP_CONCEPT,198124,90708001,Kidney disease,AMSTEL,itemid_valueid,high
MEASUREMENT_CATEGORICAL//16179//2,v10_medication_atc,SNOMED//604177,dynamic_event,True,,SNOMED,604177,69621000052107,604177,AMSTEL,source_code,high
MEASUREMENT_CATEGORICAL//17014//9,v10_medication_atc,OMOP//OMOP_CONCEPT//4138816,static_context,True,,OMOP_CONCEPT,4138816,32495000,Cranioplasty,AMSTEL,itemid_valueid,high
MEASUREMENT_CATEGORICAL//17029//80,v10_medication_atc,OMOP//OMOP_CONCEPT//314054,static_context,True,,OMOP_CONCEPT,314054,8722008,Aortic valve disorder,AMSTEL,itemid_valueid,high
MEASUREMENT_CATEGORICAL//18589//6,v10_medication_atc,OMOP//OMOP_CONCEPT//316866,static_context,True,,OMOP_CONCEPT,316866,38341003,Hypertensive disorder,AMSTEL,itemid_valueid,high
MEASUREMENT_CATEGORICAL//18608//10,v10_medication_atc,OMOP//OMOP_CONCEPT//4197485,static_context,True,,OMOP_CONCEPT,4197485,313307000,Epileptic seizure,AMSTEL,itemid_valueid,high
MEASUREMENT_CATEGORICAL//18670//86,v10_medication_atc,OMOP//OMOP_CONCEPT//317576,static_context,True,,OMOP_CONCEPT,317576,53741008,Coronary arteriosclerosis,AMSTEL,itemid_valueid,high
MEASUREMENT_CATEGORICAL//18671//417,v10_medication_atc,OMOP//OMOP_CONCEPT//200588,static_context,True,,OMOP_CONCEPT,200588,128069005,Injury of abdomen,AMSTEL,itemid_valueid,high
MEASUREMENT_CATEGORICAL//18671//50,v10_medication_atc,OMOP//OMOP_CONCEPT//4338544,static_context,True,,OMOP_CONCEPT,4338544,87763006,Lower gastrointestinal hemorrhage,AMSTEL,itemid_valueid,high
MEASUREMENT_CATEGORICAL//12110//17,v10_medication_atc,LOINC//36203284,metadata_only,False,,LOINC,36203284,85432-3,36203284,AMSTEL,source_code,high
MEASUREMENT_CATEGORICAL//13128//12,v10_medication_atc,OMOP//OMOP_CONCEPT//4045952,dynamic_event,True,,OMOP_CONCEPT,4045952,230905005,Excision of intracranial arteriovenous malformation,AMSTEL,itemid_valueid,high
MEASUREMENT_CATEGORICAL//13136//2,v10_medication_atc,OMOP//OMOP_CONCEPT//133566,dynamic_event,True,,OMOP_CONCEPT,133566,52486002,Necrotizing fasciitis,AMSTEL,itemid_valueid,high
MEASUREMENT_CATEGORICAL//17007//21,v10_medication_atc,OMOP//OMOP_CONCEPT//375415,static_context,True,,OMOP_CONCEPT,375415,82271004,Injury of head,AMSTEL,itemid_valueid,high
MEASUREMENT_CATEGORICAL//17017//16,v10_medication_atc,OMOP//OMOP_CONCEPT//133468,static_context,True,,OMOP_CONCEPT,133468,128605003,Disorder of limb,AMSTEL,itemid_valueid,high
MEASUREMENT_CATEGORICAL//18670//105,v10_medication_atc,OMOP//OMOP_CONCEPT//4197485,static_context,True,,OMOP_CONCEPT,4197485,313307000,Epileptic seizure,AMSTEL,itemid_valueid,high
MEASUREMENT_CATEGORICAL//18670//84,v10_medication_atc,OMOP//OMOP_CONCEPT//134057,static_context,True,,OMOP_CONCEPT,134057,49601007,Disorder of cardiovascular system,AMSTEL,itemid_valueid,high
MEASUREMENT_CATEGORICAL//18671//164,v10_medication_atc,OMOP//OMOP_CONCEPT//4049965,static_context,True,,OMOP_CONCEPT,4049965,233613009,Fungal pneumonia,AMSTEL,itemid_valueid,high
MEASUREMENT_CATEGORICAL//18671//269,v10_medication_atc,OMOP//OMOP_CONCEPT//132797,static_context,True,,OMOP_CONCEPT,132797,91302008,Sepsis,AMSTEL,itemid_valueid,high
MEASUREMENT_CATEGORICAL//18671//426,v10_medication_atc,OMOP//OMOP_CONCEPT//4094683,static_context,True,,OMOP_CONCEPT,4094683,262525000,Chest injury,AMSTEL,itemid_valueid,high
MEASUREMENT_CATEGORICAL//20148//19,v10_medication_atc,OMOP//OMOP_CONCEPT//45879434,metadata_only,False,,OMOP_CONCEPT,45879434,LA17666-1,Stupor,AMSTEL,itemid_valueid,low
MEASUREMENT_CATEGORICAL//8733//15,v10_medication_atc,SNOMED//4085985,metadata_only,False,,SNOMED,4085985,246287001,4085985,AMSTEL,source_code,high
MEASUREMENT_CATEGORICAL//12110//11,v10_medication_atc,LOINC//36203284,metadata_only,False,,LOINC,36203284,85432-3,36203284,AMSTEL,source_code,high
MEASUREMENT_CATEGORICAL//12829//3,v10_medication_atc,OMOP//OMOP_CONCEPT//37156240,dynamic_event,True,,OMOP_CONCEPT,37156240,1163218009,Pressure injury stage II,AMSTEL,itemid_valueid,high
MEASUREMENT_CATEGORICAL//13072//3,v10_medication_atc,OMOP_CONCEPT//LOINC//3026549,dynamic_event,True,,LOINC,3026549,11325-8,3026549,AMSTEL,source_code,high
MEASUREMENT_CATEGORICAL//14846//6,v10_medication_atc,OMOP_CONCEPT//LOINC//1988717,dynamic_event,True,,LOINC,1988717,99708-0,1988717,AMSTEL,source_code,high
MEASUREMENT_CATEGORICAL//16084//2,v10_medication_atc,OMOP//OMOP_CONCEPT//314665,dynamic_event,True,,OMOP_CONCEPT,314665,5370000,Atrial flutter,AMSTEL,itemid_valueid,high
MEASUREMENT_CATEGORICAL//16103//4,v10_medication_atc,OMOP//OMOP_CONCEPT//4122762,dynamic_event,True,,OMOP_CONCEPT,4122762,234172002,Electromechanical dissociation,AMSTEL,itemid_valueid,high
MEASUREMENT_CATEGORICAL//16999//17,v10_medication_atc,OMOP//OMOP_CONCEPT//4202064,static_context,True,,OMOP_CONCEPT,4202064,51875005,Gastrointestinal perforation,AMSTEL,itemid_valueid,high
MEASUREMENT_CATEGORICAL//18604//12,v10_medication_atc,OMOP//OMOP_CONCEPT//134057,static_context,True,,OMOP_CONCEPT,134057,49601007,Disorder of cardiovascular system,AMSTEL,itemid_valueid,high
MEASUREMENT_CATEGORICAL//18604//19,v10_medication_atc,OMOP//OMOP_CONCEPT//198571,static_context,True,,OMOP_CONCEPT,198571,89138009,Cardiogenic shock,AMSTEL,itemid_valueid,high
MEASUREMENT_CATEGORICAL//18670//91,v10_medication_atc,OMOP//OMOP_CONCEPT//198571,static_context,True,,OMOP_CONCEPT,198571,89138009,Cardiogenic shock,AMSTEL,itemid_valueid,high
MEASUREMENT_CATEGORICAL//18671//292,v10_medication_atc,OMOP//OMOP_CONCEPT//4030148,static_context,True,,OMOP_CONCEPT,4030148,107938000,Small intestine excision,AMSTEL,itemid_valueid,high
MEASUREMENT_CATEGORICAL//18671//293,v10_medication_atc,OMOP//OMOP_CONCEPT//4040299,static_context,True,,OMOP_CONCEPT,4040299,16453004,Operation on stomach,AMSTEL,itemid_valueid,high
MEASUREMENT_CATEGORICAL//8732//21,v10_medication_atc,SNOMED//4085985,metadata_only,False,,SNOMED,4085985,246287001,4085985,AMSTEL,source_code,high
MEASUREMENT_CATEGORICAL//10466//6,v10_medication_atc,OMOP//OMOP_CONCEPT//4147079,metadata_only,False,,OMOP_CONCEPT,4147079,309884000,"Muslim, follower of religion",AMSTEL,itemid_valueid,low
MEASUREMENT_CATEGORICAL//12110//16,v10_medication_atc,LOINC//36203284,metadata_only,False,,LOINC,36203284,85432-3,36203284,AMSTEL,source_code,high
MEASUREMENT_CATEGORICAL//13121//3,v10_medication_atc,OMOP//OMOP_CONCEPT//199744,dynamic_event,True,,OMOP_CONCEPT,199744,286887005,Carcinoma liver and/or biliary system,AMSTEL,itemid_valueid,high
MEASUREMENT_CATEGORICAL//13133//10,v10_medication_atc,OMOP//OMOP_CONCEPT//317585,dynamic_event,True,,OMOP_CONCEPT,317585,67362008,Aortic aneurysm,AMSTEL,itemid_valueid,high
MEASUREMENT_CATEGORICAL//18611//8,v10_medication_atc,OMOP//OMOP_CONCEPT//4129389,static_context,True,,OMOP_CONCEPT,4129389,126765001,Gastrointestinal obstruction,AMSTEL,itemid_valueid,high
MEASUREMENT_CATEGORICAL//18671//371,v10_medication_atc,OMOP//OMOP_CONCEPT//4063759,static_context,True,,OMOP_CONCEPT,4063759,171713001,Evacuation of intracranial extradural hematoma,AMSTEL,itemid_valueid,high
MEASUREMENT_CATEGORICAL//18671//86,v10_medication_atc,OMOP//OMOP_CONCEPT//138379,static_context,True,,OMOP_CONCEPT,138379,92814006,"Chronic lymphoid leukemia, disease",AMSTEL,itemid_valueid,high
MEASUREMENT_CATEGORICAL//6671//6,v10_medication_atc,SNOMED//4091457,dynamic_event,True,,SNOMED,4091457,251149006,4091457,AMSTEL,source_code,high
MEASUREMENT_CATEGORICAL//8730//12,v10_medication_atc,OMOP//OMOP_CONCEPT//4283512,dynamic_event,True,,OMOP_CONCEPT,4283512,66480008,Structure of left forearm,AMSTEL,itemid_valueid,high
MEASUREMENT_CATEGORICAL//8731//10,v10_medication_atc,OMOP//OMOP_CONCEPT//4283159,dynamic_event,True,,OMOP_CONCEPT,4283159,368208006,Left upper arm structure,AMSTEL,itemid_valueid,high
MEASUREMENT_CATEGORICAL//12820//4,v10_medication_atc,OMOP//OMOP_CONCEPT//37156241,dynamic_event,True,,OMOP_CONCEPT,37156241,1163221006,Pressure injury stage III,AMSTEL,itemid_valueid,high
MEASUREMENT_CATEGORICAL//13119//4,v10_medication_atc,OMOP//OMOP_CONCEPT//4079730,dynamic_event,True,,OMOP_CONCEPT,4079730,23979009,Pleurectomy,AMSTEL,itemid_valueid,high
MEASUREMENT_CATEGORICAL//13139//1,v10_medication_atc,OMOP//OMOP_CONCEPT//432585,dynamic_event,True,,OMOP_CONCEPT,432585,64779008,Blood coagulation disorder,AMSTEL,itemid_valueid,high
MEASUREMENT_CATEGORICAL//16998//23,v10_medication_atc,OMOP//OMOP_CONCEPT//434376,static_context,True,,OMOP_CONCEPT,434376,54329005,Acute myocardial infarction of anterior wall,AMSTEL,itemid_valueid,high
MEASUREMENT_CATEGORICAL//17005//5,v10_medication_atc,OMOP//OMOP_CONCEPT//261880,static_context,True,,OMOP_CONCEPT,261880,46621007,Atelectasis,AMSTEL,itemid_valueid,high
MEASUREMENT_CATEGORICAL//17025//44,v10_medication_atc,OMOP//OMOP_CONCEPT//376337,static_context,True,,OMOP_CONCEPT,376337,118940003,Disorder of nervous system,AMSTEL,itemid_valueid,high
MEASUREMENT_CATEGORICAL//18610//17,v10_medication_atc,OMOP//OMOP_CONCEPT//257004,static_context,True,,OMOP_CONCEPT,257004,195951007,Acute exacerbation of chronic obstructive airways disease,AMSTEL,itemid_valueid,high
MEASUREMENT_CATEGORICAL//18670//96,v10_medication_atc,OMOP//OMOP_CONCEPT//192671,static_context,True,,OMOP_CONCEPT,192671,74474003,Gastrointestinal hemorrhage,AMSTEL,itemid_valueid,high
MEASUREMENT_CATEGORICAL//18671//151,v10_medication_atc,OMOP//OMOP_CONCEPT//4178968,static_context,True,,OMOP_CONCEPT,4178968,363429002,Malignant tumor of larynx,AMSTEL,itemid_valueid,high
MEASUREMENT_CATEGORICAL//14770//10,v10_medication_atc,SNOMED//4093203,dynamic_event,True,,SNOMED,4093203,249956007,4093203,AMSTEL,source_code,high
MEASUREMENT_CATEGORICAL//16179//4,v10_medication_atc,SNOMED//604177,dynamic_event,True,,SNOMED,604177,69621000052107,604177,AMSTEL,source_code,high
MEASUREMENT_CATEGORICAL//16998//46,v10_medication_atc,OMOP//OMOP_CONCEPT//443784,static_context,True,,OMOP_CONCEPT,443784,27550009,Vascular disorder,AMSTEL,itemid_valueid,high
MEASUREMENT_CATEGORICAL//17005//22,v10_medication_atc,OMOP//OMOP_CONCEPT//261326,static_context,True,,OMOP_CONCEPT,261326,75570004,Viral pneumonia,AMSTEL,itemid_valueid,high
MEASUREMENT_CATEGORICAL//17010//16,v10_medication_atc,OMOP//OMOP_CONCEPT//196653,static_context,True,,OMOP_CONCEPT,196653,363518003,Malignant tumor of kidney,AMSTEL,itemid_valueid,high
MEASUREMENT_CATEGORICAL//18592//2,v10_medication_atc,OMOP//OMOP_CONCEPT//443727,static_context,True,,OMOP_CONCEPT,443727,420422005,Diabetic ketoacidosis,AMSTEL,itemid_valueid,high
MEASUREMENT_CATEGORICAL//18605//4,v10_medication_atc,OMOP//OMOP_CONCEPT//192671,static_context,True,,OMOP_CONCEPT,192671,74474003,Gastrointestinal hemorrhage,AMSTEL,itemid_valueid,high
MEASUREMENT_CATEGORICAL//18670//69,v10_medication_atc,OMOP//OMOP_CONCEPT//4129389,static_context,True,,OMOP_CONCEPT,4129389,126765001,Gastrointestinal obstruction,AMSTEL,itemid_valueid,high
MEASUREMENT_CATEGORICAL//18671//404,v10_medication_atc,OMOP//OMOP_CONCEPT//4201387,dynamic_event/device_support,True,,OMOP_CONCEPT,4201387,302108003,Tracheostomy present,AMSTEL,itemid_valueid,high
MEASUREMENT_CATEGORICAL//12819//6,v10_medication_atc,OMOP//OMOP_CONCEPT//37156242,dynamic_event,True,,OMOP_CONCEPT,37156242,1163223009,Pressure injury stage IV,AMSTEL,itemid_valueid,high
MEASUREMENT_CATEGORICAL//13124//10,v10_medication_atc,OMOP//OMOP_CONCEPT//4095850,dynamic_event,True,,OMOP_CONCEPT,4095850,262521009,Spinal injury,AMSTEL,itemid_valueid,high
MEASUREMENT_CATEGORICAL//13943//8,v10_medication_atc,OMOP//OMOP_CONCEPT//4136247,dynamic_event,True,,OMOP_CONCEPT,4136247,263906002,Turbid,AMSTEL,itemid_valueid,high
MEASUREMENT_CATEGORICAL//14772//22,v10_medication_atc,SNOMED//4093203,dynamic_event,True,,SNOMED,4093203,249956007,4093203,AMSTEL,source_code,high
MEASUREMENT_CATEGORICAL//16640//7,v10_medication_atc,OMOP_CONCEPT//LOINC//3013144,dynamic_event,True,,LOINC,3013144,11326-6,3013144,AMSTEL,source_code,high
MEASUREMENT_CATEGORICAL//16649//9,v10_medication_atc,OMOP//OMOP_CONCEPT//197331,dynamic_event,True,,OMOP_CONCEPT,197331,41368006,Disorder of urinary tract,AMSTEL,itemid_valueid,high
MEASUREMENT_CATEGORICAL//16650//10,v10_medication_atc,OMOP//OMOP_CONCEPT//4027369,dynamic_event,True,,OMOP_CONCEPT,4027369,128052008,Vascular disease of abdomen,AMSTEL,itemid_valueid,high
MEASUREMENT_CATEGORICAL//16673//11,v10_medication_atc,OMOP//OMOP_CONCEPT//35610239,dynamic_event,True,,OMOP_CONCEPT,35610239,1090881000000100,Malignant neoplasm of bronchus or lung,AMSTEL,itemid_valueid,high
MEASUREMENT_CATEGORICAL//16993//13,v10_medication_atc,OMOP//OMOP_CONCEPT//581379,metadata_only,False,,OMOP_CONCEPT,581379,OMOP4822042,Inpatient Critical Care Facility,AMSTEL,itemid_valueid,high
MEASUREMENT_CATEGORICAL//17015//16,v10_medication_atc,OMOP//OMOP_CONCEPT//320136,static_context,True,,OMOP_CONCEPT,320136,50043002,Disorder of respiratory system,AMSTEL,itemid_valueid,high
MEASUREMENT_CATEGORICAL//17017//14,v10_medication_atc,OMOP//OMOP_CONCEPT//133468,static_context,True,,OMOP_CONCEPT,133468,128605003,Disorder of limb,AMSTEL,itemid_valueid,high
MEASUREMENT_CATEGORICAL//18670//77,v10_medication_atc,OMOP//OMOP_CONCEPT//375415,static_context,True,,OMOP_CONCEPT,375415,82271004,Injury of head,AMSTEL,itemid_valueid,high
MEASUREMENT_CATEGORICAL//18671//360,v10_medication_atc,OMOP//OMOP_CONCEPT//4257898,static_context,True,,OMOP_CONCEPT,4257898,440062005,Craniectomy with excision of brain abscess,AMSTEL,itemid_valueid,high
MEASUREMENT_CATEGORICAL//18671//443,v10_medication_atc,OMOP//OMOP_CONCEPT//133468,static_context,True,,OMOP_CONCEPT,133468,128605003,Disorder of limb,AMSTEL,itemid_valueid,high
MEASUREMENT_CATEGORICAL//8663//5,v10_medication_atc,OMOP_CONCEPT//LOINC//3024265,dynamic_event,True,,LOINC,3024265,8327-9,3024265,AMSTEL,source_code,high
MEASUREMENT_CATEGORICAL//10472//33,v10_medication_atc,SNOMED//44810687,outcome_metadata,False,,SNOMED,44810687,888671000000103,44810687,AMSTEL,source_code,high
MEASUREMENT_CATEGORICAL//12099//2,v10_medication_atc,OMOP_CONCEPT//LOINC//3003680,dynamic_event,True,,LOINC,3003680,8658-7,3003680,AMSTEL,source_code,high
MEASUREMENT_CATEGORICAL//12101//1,v10_medication_atc,OMOP_CONCEPT//LOINC//3003680,dynamic_event,True,,LOINC,3003680,8658-7,3003680,AMSTEL,source_code,high
MEASUREMENT_CATEGORICAL//16998//21,v10_medication_atc,OMOP//OMOP_CONCEPT//45768449,static_context,True,,OMOP_CONCEPT,45768449,706882009,Hypertensive crisis,AMSTEL,itemid_valueid,high
MEASUREMENT_CATEGORICAL//17002//5,v10_medication_atc,OMOP//OMOP_CONCEPT//443727,static_context,True,,OMOP_CONCEPT,443727,420422005,Diabetic ketoacidosis,AMSTEL,itemid_valueid,high
MEASUREMENT_CATEGORICAL//17005//3,v10_medication_atc,OMOP//OMOP_CONCEPT//317109,static_context,True,,OMOP_CONCEPT,317109,87317003,Respiratory arrest,AMSTEL,itemid_valueid,high
MEASUREMENT_CATEGORICAL//17007//12,v10_medication_atc,OMOP//OMOP_CONCEPT//4094683,static_context,True,,OMOP_CONCEPT,4094683,262525000,Chest injury,AMSTEL,itemid_valueid,high
MEASUREMENT_CATEGORICAL//18670//113,v10_medication_atc,OMOP//OMOP_CONCEPT//257004,static_context,True,,OMOP_CONCEPT,257004,195951007,Acute exacerbation of chronic obstructive airways disease,AMSTEL,itemid_valueid,high
MEASUREMENT_CATEGORICAL//18671//224,v10_medication_atc,OMOP//OMOP_CONCEPT//37110863,static_context,True,,OMOP_CONCEPT,37110863,725368002,Repair of dissection of abdominal aorta,AMSTEL,itemid_valueid,high
MEASUREMENT_CATEGORICAL//18671//32,v10_medication_atc,OMOP//OMOP_CONCEPT//4266600,static_context,True,,OMOP_CONCEPT,4266600,36358004,Abnormal cardiac conduction,AMSTEL,itemid_valueid,high
MEASUREMENT_CATEGORICAL//18671//69,v10_medication_atc,OMOP//OMOP_CONCEPT//196152,static_context,True,,OMOP_CONCEPT,196152,48661000,Peritonitis,AMSTEL,itemid_valueid,high
MEASUREMENT_CATEGORICAL//8730//13,v10_medication_atc,OMOP//OMOP_CONCEPT//4271843,dynamic_event,True,,OMOP_CONCEPT,4271843,64262003,Structure of right forearm,AMSTEL,itemid_valueid,high
MEASUREMENT_CATEGORICAL//12624//7,v10_medication_atc,OMOP_CONCEPT//LOINC//21491186,dynamic_event/device_support,True,,LOINC,21491186,79562-5,21491186,AMSTEL,source_code,high
MEASUREMENT_CATEGORICAL//16998//20,v10_medication_atc,OMOP//OMOP_CONCEPT//437312,static_context,True,,OMOP_CONCEPT,437312,131148009,Bleeding,AMSTEL,itemid_valueid,high
MEASUREMENT_CATEGORICAL//16998//34,v10_medication_atc,OMOP//OMOP_CONCEPT//132797,static_context,True,,OMOP_CONCEPT,132797,91302008,Sepsis,AMSTEL,itemid_valueid,high
MEASUREMENT_CATEGORICAL//17009//22,v10_medication_atc,OMOP//OMOP_CONCEPT//201894,static_context,True,,OMOP_CONCEPT,201894,91489000,Acute vascular insufficiency of intestine,AMSTEL,itemid_valueid,high
MEASUREMENT_CATEGORICAL//17035//42,v10_medication_atc,OMOP//OMOP_CONCEPT//40490927,static_context,True,,OMOP_CONCEPT,40490927,447107001,Craniotomy and excision of neoplasm of brain,AMSTEL,itemid_valueid,high
MEASUREMENT_CATEGORICAL//18615//8,v10_medication_atc,OMOP//OMOP_CONCEPT//375415,static_context,True,,OMOP_CONCEPT,375415,82271004,Injury of head,AMSTEL,itemid_valueid,high
MEASUREMENT_CATEGORICAL//18671//185,v10_medication_atc,OMOP//OMOP_CONCEPT//200588,static_context,True,,OMOP_CONCEPT,200588,128069005,Injury of abdomen,AMSTEL,itemid_valueid,high
MEASUREMENT_CATEGORICAL//18671//240,v10_medication_atc,OMOP//OMOP_CONCEPT//317576,static_context,True,,OMOP_CONCEPT,317576,53741008,Coronary arteriosclerosis,AMSTEL,itemid_valueid,high
MEASUREMENT_CATEGORICAL//8897//8,v10_medication_atc,SNOMED//4337734,dynamic_event,True,,SNOMED,4337734,232704006,4337734,AMSTEL,source_code,high
MEASUREMENT_CATEGORICAL//12110//18,v10_medication_atc,LOINC//36203284,metadata_only,False,,LOINC,36203284,85432-3,36203284,AMSTEL,source_code,high
MEASUREMENT_CATEGORICAL//12129//7,v10_medication_atc,LOINC//3046359,metadata_only,False,,LOINC,3046359,44767-2,3046359,AMSTEL,source_code,high
MEASUREMENT_CATEGORICAL//14426//27,v10_medication_atc,OMOP_CONCEPT//LOINC//3021707,dynamic_event,True,,LOINC,3021707,9205-6,3021707,AMSTEL,source_code,high
MEASUREMENT_CATEGORICAL//17004//13,v10_medication_atc,OMOP//OMOP_CONCEPT//435785,static_context,True,,OMOP_CONCEPT,435785,7180009,Meningitis,AMSTEL,itemid_valueid,high
MEASUREMENT_CATEGORICAL//18608//8,v10_medication_atc,OMOP//OMOP_CONCEPT//602985,static_context,True,,OMOP_CONCEPT,602985,1149322001,Intoxication,AMSTEL,itemid_valueid,high
MEASUREMENT_CATEGORICAL//18671//390,v10_medication_atc,OMOP//OMOP_CONCEPT//25189,static_context,True,,OMOP_CONCEPT,25189,363505006,Malignant tumor of oral cavity,AMSTEL,itemid_valueid,high
MEASUREMENT_CATEGORICAL//18671//451,v10_medication_atc,OMOP//OMOP_CONCEPT//4095850,static_context,True,,OMOP_CONCEPT,4095850,262521009,Spinal injury,AMSTEL,itemid_valueid,high
MEASUREMENT_CATEGORICAL//18671//48,v10_medication_atc,OMOP//OMOP_CONCEPT//28779,static_context,True,,OMOP_CONCEPT,28779,17709002,Bleeding esophageal varices,AMSTEL,itemid_valueid,high
MEASUREMENT_CATEGORICAL//18673//572,v10_medication_atc,OMOP//OMOP_CONCEPT//380834,static_context,True,,OMOP_CONCEPT,380834,371632003,Coma,AMSTEL,itemid_valueid,high
MEASUREMENT_CATEGORICAL//18673//827,v10_medication_atc,OMOP//OMOP_CONCEPT//40490927,static_context,True,,OMOP_CONCEPT,40490927,447107001,Craniotomy and excision of neoplasm of brain,AMSTEL,itemid_valueid,high
MEASUREMENT_CATEGORICAL//10470//11,v10_medication_atc,SNOMED//763892,outcome_metadata,False,,SNOMED,763892,448271000124107,763892,AMSTEL,source_code,high
MEASUREMENT_CATEGORICAL//12111//9,v10_medication_atc,LOINC//36203284,metadata_only,False,,LOINC,36203284,85432-3,36203284,AMSTEL,source_code,high
MEASUREMENT_CATEGORICAL//12502//2,v10_medication_atc,OMOP_CONCEPT//LOINC//3004779,dynamic_event,True,,LOINC,3004779,8931-8,3004779,AMSTEL,source_code,high
MEASUREMENT_CATEGORICAL//12824//6,v10_medication_atc,OMOP//OMOP_CONCEPT//37156242,dynamic_event,True,,OMOP_CONCEPT,37156242,1163223009,Pressure injury stage IV,AMSTEL,itemid_valueid,high
MEASUREMENT_CATEGORICAL//16675//6,v10_medication_atc,OMOP//OMOP_CONCEPT//4129922,dynamic_event,True,,OMOP_CONCEPT,4129922,261665006,Unknown,AMSTEL,itemid_valueid,high
MEASUREMENT_CATEGORICAL//17025//31,v10_medication_atc,OMOP//OMOP_CONCEPT//380834,static_context,True,,OMOP_CONCEPT,380834,371632003,Coma,AMSTEL,itemid_valueid,high
MEASUREMENT_CATEGORICAL//18595//3,v10_medication_atc,OMOP//OMOP_CONCEPT//252280,static_context,True,,OMOP_CONCEPT,252280,126667002,Neoplasm of respiratory tract,AMSTEL,itemid_valueid,high
MEASUREMENT_CATEGORICAL//18597//8,v10_medication_atc,OMOP//OMOP_CONCEPT//4012185,static_context,True,,OMOP_CONCEPT,4012185,112802009,Cardiovascular surgical procedure,AMSTEL,itemid_valueid,high
MEASUREMENT_CATEGORICAL//18670//103,v10_medication_atc,OMOP//OMOP_CONCEPT//602985,static_context,True,,OMOP_CONCEPT,602985,1149322001,Intoxication,AMSTEL,itemid_valueid,high
MEASUREMENT_CATEGORICAL//18671//102,v10_medication_atc,OMOP//OMOP_CONCEPT//24609,static_context,True,,OMOP_CONCEPT,24609,302866003,Hypoglycemia,AMSTEL,itemid_valueid,high
MEASUREMENT_CATEGORICAL//18671//138,v10_medication_atc,OMOP//OMOP_CONCEPT//4176983,static_context,True,,OMOP_CONCEPT,4176983,295830007,Overdose of antidepressant drug,AMSTEL,itemid_valueid,high
MEASUREMENT_CATEGORICAL//18671//191,v10_medication_atc,OMOP//OMOP_CONCEPT//200588,static_context,True,,OMOP_CONCEPT,200588,128069005,Injury of abdomen,AMSTEL,itemid_valueid,high
MEASUREMENT_CATEGORICAL//18671//234,v10_medication_atc,OMOP//OMOP_CONCEPT//317576,static_context,True,,OMOP_CONCEPT,317576,53741008,Coronary arteriosclerosis,AMSTEL,itemid_valueid,high
MEASUREMENT_CATEGORICAL//20139//4,v10_medication_atc,OMOP//OMOP_CONCEPT//46237393,metadata_only,False,,OMOP_CONCEPT,46237393,LA22809-0,Hospital-Cath Lab,AMSTEL,itemid_valueid,low
MEASUREMENT_CATEGORICAL//8731//18,v10_medication_atc,OMOP//OMOP_CONCEPT//4287390,dynamic_event,True,,OMOP_CONCEPT,4287390,69536005,Head structure,AMSTEL,itemid_valueid,high
MEASUREMENT_CATEGORICAL//12109//11,v10_medication_atc,LOINC//36203284,metadata_only,False,,LOINC,36203284,85432-3,36203284,AMSTEL,source_code,high
MEASUREMENT_CATEGORICAL//12807//5,v10_medication_atc,OMOP//OMOP_CONCEPT//37156242,dynamic_event,True,,OMOP_CONCEPT,37156242,1163223009,Pressure injury stage IV,AMSTEL,itemid_valueid,high
MEASUREMENT_CATEGORICAL//16103//2,v10_medication_atc,OMOP//OMOP_CONCEPT//4233619,dynamic_event,True,,OMOP_CONCEPT,4233619,405806007,Pulseless ventricular tachycardia,AMSTEL,itemid_valueid,high
MEASUREMENT_CATEGORICAL//16252//3,v10_medication_atc,OMOP_CONCEPT//LOINC//46235663,dynamic_event,True,,LOINC,46235663,76447-2,46235663,AMSTEL,source_code,high
MEASUREMENT_CATEGORICAL//16999//22,v10_medication_atc,OMOP//OMOP_CONCEPT//4192640,static_context,True,,OMOP_CONCEPT,4192640,75694006,Pancreatitis,AMSTEL,itemid_valueid,high
MEASUREMENT_CATEGORICAL//17010//5,v10_medication_atc,OMOP//OMOP_CONCEPT//4029571,static_context,True,,OMOP_CONCEPT,4029571,108034003,Bladder excision,AMSTEL,itemid_valueid,high
MEASUREMENT_CATEGORICAL//18610//13,v10_medication_atc,OMOP//OMOP_CONCEPT//440417,static_context,True,,OMOP_CONCEPT,440417,59282003,Pulmonary embolism,AMSTEL,itemid_valueid,high
MEASUREMENT_CATEGORICAL//18670//109,v10_medication_atc,OMOP//OMOP_CONCEPT//440417,static_context,True,,OMOP_CONCEPT,440417,59282003,Pulmonary embolism,AMSTEL,itemid_valueid,high
MEASUREMENT_CATEGORICAL//18671//26,v10_medication_atc,OMOP//OMOP_CONCEPT//312327,static_context,True,,OMOP_CONCEPT,312327,57054005,Acute myocardial infarction,AMSTEL,itemid_valueid,high
MEASUREMENT_CATEGORICAL//18671//317,v10_medication_atc,OMOP//OMOP_CONCEPT//4023287,static_context,True,,OMOP_CONCEPT,4023287,176132003,Repair of rupture of bladder,AMSTEL,itemid_valueid,high
MEASUREMENT_CATEGORICAL//8733//3,v10_medication_atc,SNOMED//4085985,metadata_only,False,,SNOMED,4085985,246287001,4085985,AMSTEL,source_code,high
MEASUREMENT_CATEGORICAL//12111//27,v10_medication_atc,LOINC//36203284,metadata_only,False,,LOINC,36203284,85432-3,36203284,AMSTEL,source_code,high
MEASUREMENT_CATEGORICAL//13117//6,v10_medication_atc,OMOP//OMOP_CONCEPT//4107225,dynamic_event,True,,OMOP_CONCEPT,4107225,29889000,Rupture of heart,AMSTEL,itemid_valueid,high
MEASUREMENT_CATEGORICAL//13129//4,v10_medication_atc,OMOP//OMOP_CONCEPT//40492356,dynamic_event,True,,OMOP_CONCEPT,40492356,447362004,Excision of meningioma by infratentorial approach,AMSTEL,itemid_valueid,high
MEASUREMENT_CATEGORICAL//16999//4,v10_medication_atc,OMOP//OMOP_CONCEPT//4338544,static_context,True,,OMOP_CONCEPT,4338544,87763006,Lower gastrointestinal hemorrhage,AMSTEL,itemid_valueid,high
MEASUREMENT_CATEGORICAL//17008//20,v10_medication_atc,OMOP//OMOP_CONCEPT//317576,static_context,True,,OMOP_CONCEPT,317576,53741008,Coronary arteriosclerosis,AMSTEL,itemid_valueid,high
MEASUREMENT_CATEGORICAL//17014//12,v10_medication_atc,OMOP//OMOP_CONCEPT//4063759,static_context,True,,OMOP_CONCEPT,4063759,171713001,Evacuation of intracranial extradural hematoma,AMSTEL,itemid_valueid,high
MEASUREMENT_CATEGORICAL//17015//8,v10_medication_atc,OMOP//OMOP_CONCEPT//257010,static_context,True,,OMOP_CONCEPT,257010,73452002,Abscess of lung,AMSTEL,itemid_valueid,high
MEASUREMENT_CATEGORICAL//18671//315,v10_medication_atc,OMOP//OMOP_CONCEPT//201265,static_context,True,,OMOP_CONCEPT,201265,51244008,Disorder of spleen,AMSTEL,itemid_valueid,high
MEASUREMENT_CATEGORICAL//18671//403,v10_medication_atc,OMOP//OMOP_CONCEPT//257010,static_context,True,,OMOP_CONCEPT,257010,73452002,Abscess of lung,AMSTEL,itemid_valueid,high
MEASUREMENT_CATEGORICAL//8732//19,v10_medication_atc,SNOMED//4085985,metadata_only,False,,SNOMED,4085985,246287001,4085985,AMSTEL,source_code,high
MEASUREMENT_CATEGORICAL//12816//5,v10_medication_atc,OMOP//OMOP_CONCEPT//37156242,dynamic_event,True,,OMOP_CONCEPT,37156242,1163223009,Pressure injury stage IV,AMSTEL,itemid_valueid,high
MEASUREMENT_CATEGORICAL//14577//3,v10_medication_atc,SNOMED//4202832,dynamic_event,True,,SNOMED,4202832,52765003,4202832,AMSTEL,source_code,high
MEASUREMENT_CATEGORICAL//14771//17,v10_medication_atc,SNOMED//4093203,dynamic_event,True,,SNOMED,4093203,249956007,4093203,AMSTEL,source_code,high
MEASUREMENT_CATEGORICAL//18595//6,v10_medication_atc,OMOP//OMOP_CONCEPT//317109,static_context,True,,OMOP_CONCEPT,317109,87317003,Respiratory arrest,AMSTEL,itemid_valueid,high
MEASUREMENT_CATEGORICAL//18671//101,v10_medication_atc,OMOP//OMOP_CONCEPT//133436,static_context,True,,OMOP_CONCEPT,133436,29028009,Thyrotoxic crisis,AMSTEL,itemid_valueid,high
MEASUREMENT_CATEGORICAL//18671//380,v10_medication_atc,OMOP//OMOP_CONCEPT//135526,static_context,True,,OMOP_CONCEPT,135526,48522003,Spinal cord disease,AMSTEL,itemid_valueid,high
MEASUREMENT_CATEGORICAL//18673//607,v10_medication_atc,OMOP//OMOP_CONCEPT//440417,static_context,True,,OMOP_CONCEPT,440417,59282003,Pulmonary embolism,AMSTEL,itemid_valueid,high
MEASUREMENT_CATEGORICAL//10472//6,v10_medication_atc,OMOP//OMOP_CONCEPT//4162299,outcome_metadata,False,,OMOP_CONCEPT,4162299,29240004,Autopsy examination,AMSTEL,itemid_valueid,high
MEASUREMENT_CATEGORICAL//12819//4,v10_medication_atc,OMOP//OMOP_CONCEPT//37156241,dynamic_event,True,,OMOP_CONCEPT,37156241,1163221006,Pressure injury stage III,AMSTEL,itemid_valueid,high
MEASUREMENT_CATEGORICAL//12826//6,v10_medication_atc,OMOP//OMOP_CONCEPT//37156242,dynamic_event,True,,OMOP_CONCEPT,37156242,1163223009,Pressure injury stage IV,AMSTEL,itemid_valueid,high
MEASUREMENT_CATEGORICAL//14770//11,v10_medication_atc,SNOMED//4093203,dynamic_event,True,,SNOMED,4093203,249956007,4093203,AMSTEL,source_code,high
MEASUREMENT_CATEGORICAL//17004//21,v10_medication_atc,OMOP//OMOP_CONCEPT//4176983,static_context,True,,OMOP_CONCEPT,4176983,295830007,Overdose of antidepressant drug,AMSTEL,itemid_valueid,high
MEASUREMENT_CATEGORICAL//17007//7,v10_medication_atc,OMOP//OMOP_CONCEPT//200588,static_context,True,,OMOP_CONCEPT,200588,128069005,Injury of abdomen,AMSTEL,itemid_valueid,high
MEASUREMENT_CATEGORICAL//17009//10,v10_medication_atc,OMOP//OMOP_CONCEPT//4040299,static_context,True,,OMOP_CONCEPT,4040299,16453004,Operation on stomach,AMSTEL,itemid_valueid,high
MEASUREMENT_CATEGORICAL//17026//37,v10_medication_atc,OMOP//OMOP_CONCEPT//440417,static_context,True,,OMOP_CONCEPT,440417,59282003,Pulmonary embolism,AMSTEL,itemid_valueid,high
MEASUREMENT_CATEGORICAL//18595//7,v10_medication_atc,OMOP//OMOP_CONCEPT//317009,static_context,True,,OMOP_CONCEPT,317009,195967001,Asthma,AMSTEL,itemid_valueid,high
MEASUREMENT_CATEGORICAL//18671//287,v10_medication_atc,OMOP//OMOP_CONCEPT//40485318,static_context,True,,OMOP_CONCEPT,40485318,442805003,Incision of stomach and suture of bleeding gastric ulcer,AMSTEL,itemid_valueid,high
MEASUREMENT_CATEGORICAL//18671//316,v10_medication_atc,OMOP//OMOP_CONCEPT//4020329,static_context,True,,OMOP_CONCEPT,4020329,116241004,Pancreaticoduodenectomy,AMSTEL,itemid_valueid,high
MEASUREMENT_CATEGORICAL//9593//10,v10_medication_atc,OMOP_CONCEPT//LOINC//3024265,dynamic_event,True,,LOINC,3024265,8327-9,3024265,AMSTEL,source_code,high
MEASUREMENT_CATEGORICAL//10472//9,v10_medication_atc,OMOP//OMOP_CONCEPT//581383,outcome_metadata,False,,OMOP_CONCEPT,581383,OMOP4822038,Inpatient Cardiac Care Facility,AMSTEL,itemid_valueid,high
MEASUREMENT_CATEGORICAL//12099//3,v10_medication_atc,OMOP_CONCEPT//LOINC//3003680,dynamic_event,True,,LOINC,3003680,8658-7,3003680,AMSTEL,source_code,high
MEASUREMENT_CATEGORICAL//12110//3,v10_medication_atc,LOINC//36203284,metadata_only,False,,LOINC,36203284,85432-3,36203284,AMSTEL,source_code,high
MEASUREMENT_CATEGORICAL//14772//23,v10_medication_atc,SNOMED//4093203,dynamic_event,True,,SNOMED,4093203,249956007,4093203,AMSTEL,source_code,high
MEASUREMENT_CATEGORICAL//16998//44,v10_medication_atc,OMOP//OMOP_CONCEPT//4278217,static_context,True,,OMOP_CONCEPT,4278217,65198009,Arterial thrombosis,AMSTEL,itemid_valueid,high
MEASUREMENT_CATEGORICAL//17008//14,v10_medication_atc,OMOP//OMOP_CONCEPT//317576,static_context,True,,OMOP_CONCEPT,317576,53741008,Coronary arteriosclerosis,AMSTEL,itemid_valueid,high
MEASUREMENT_CATEGORICAL//18671//346,v10_medication_atc,OMOP//OMOP_CONCEPT//4137462,static_context,True,,OMOP_CONCEPT,4137462,31904001,Adrenalectomy,AMSTEL,itemid_valueid,high
MEASUREMENT_CATEGORICAL//18671//448,v10_medication_atc,OMOP//OMOP_CONCEPT//4235863,static_context,True,,OMOP_CONCEPT,4235863,90584004,Spinal cord injury,AMSTEL,itemid_valueid,high
MEASUREMENT_CATEGORICAL//10472//14,v10_medication_atc,SNOMED//44810687,outcome_metadata,False,,SNOMED,44810687,888671000000103,44810687,AMSTEL,source_code,high
MEASUREMENT_CATEGORICAL//12832//5,v10_medication_atc,OMOP//OMOP_CONCEPT//37156242,dynamic_event,True,,OMOP_CONCEPT,37156242,1163223009,Pressure injury stage IV,AMSTEL,itemid_valueid,high
MEASUREMENT_CATEGORICAL//13118//1,v10_medication_atc,OMOP//OMOP_CONCEPT//4188637,dynamic_event,True,,OMOP_CONCEPT,4188637,373134008,Aneurysm of aortic root,AMSTEL,itemid_valueid,high
MEASUREMENT_CATEGORICAL//13135//6,v10_medication_atc,OMOP//OMOP_CONCEPT//201894,dynamic_event,True,,OMOP_CONCEPT,201894,91489000,Acute vascular insufficiency of intestine,AMSTEL,itemid_valueid,high
MEASUREMENT_CATEGORICAL//14769//5,v10_medication_atc,SNOMED//4093203,dynamic_event,True,,SNOMED,4093203,249956007,4093203,AMSTEL,source_code,high
MEASUREMENT_CATEGORICAL//14771//16,v10_medication_atc,SNOMED//4093203,dynamic_event,True,,SNOMED,4093203,249956007,4093203,AMSTEL,source_code,high
MEASUREMENT_CATEGORICAL//16448//12,v10_medication_atc,SNOMED//4052413,dynamic_event/device_support,True,,SNOMED,4052413,233527006,4052413,AMSTEL,source_code,high
MEASUREMENT_CATEGORICAL//16648//19,v10_medication_atc,OMOP//OMOP_CONCEPT//4094683,dynamic_event,True,,OMOP_CONCEPT,4094683,262525000,Chest injury,AMSTEL,itemid_valueid,high
MEASUREMENT_CATEGORICAL//16998//24,v10_medication_atc,OMOP//OMOP_CONCEPT//438447,static_context,True,,OMOP_CONCEPT,438447,65547006,Acute myocardial infarction of inferolateral wall,AMSTEL,itemid_valueid,high
MEASUREMENT_CATEGORICAL//16998//8,v10_medication_atc,OMOP//OMOP_CONCEPT//134057,static_context,True,,OMOP_CONCEPT,134057,49601007,Disorder of cardiovascular system,AMSTEL,itemid_valueid,high
MEASUREMENT_CATEGORICAL//17004//15,v10_medication_atc,OMOP//OMOP_CONCEPT//4116092,static_context,True,,OMOP_CONCEPT,4116092,254935002,Intracranial tumor,AMSTEL,itemid_valueid,high
MEASUREMENT_CATEGORICAL//17029//69,v10_medication_atc,OMOP//OMOP_CONCEPT//4000088,static_context,True,,OMOP_CONCEPT,4000088,19262003,Repair of thoracic aortic aneurysm,AMSTEL,itemid_valueid,high
MEASUREMENT_CATEGORICAL//18673//678,v10_medication_atc,OMOP//OMOP_CONCEPT//4000088,static_context,True,,OMOP_CONCEPT,4000088,19262003,Repair of thoracic aortic aneurysm,AMSTEL,itemid_valueid,high
MEASUREMENT_CATEGORICAL//12499//2,v10_medication_atc,OMOP//OMOP_CONCEPT//45878583,dynamic_event,True,,OMOP_CONCEPT,45878583,LA6577-6,Negative,AMSTEL,itemid_valueid,high
MEASUREMENT_CATEGORICAL//13135//1,v10_medication_atc,OMOP//OMOP_CONCEPT//192357,dynamic_event,True,,OMOP_CONCEPT,192357,55525008,Paralytic ileus,AMSTEL,itemid_valueid,high
MEASUREMENT_CATEGORICAL//16057//16,v10_medication_atc,OMOP//OMOP_CONCEPT//4113272,dynamic_event,True,,OMOP_CONCEPT,4113272,255316004,Purulent,AMSTEL,itemid_valueid,high
MEASUREMENT_CATEGORICAL//17000//7,v10_medication_atc,OMOP//OMOP_CONCEPT//4142194,static_context,True,,OMOP_CONCEPT,4142194,3321001,Renal abscess,AMSTEL,itemid_valueid,high
MEASUREMENT_CATEGORICAL//18671//229,v10_medication_atc,OMOP//OMOP_CONCEPT//317585,static_context,True,,OMOP_CONCEPT,317585,67362008,Aortic aneurysm,AMSTEL,itemid_valueid,high
MEASUREMENT_CATEGORICAL//18671//362,v10_medication_atc,OMOP//OMOP_CONCEPT//4045952,static_context,True,,OMOP_CONCEPT,4045952,230905005,Excision of intracranial arteriovenous malformation,AMSTEL,itemid_valueid,high
MEASUREMENT_CATEGORICAL//18673//475,v10_medication_atc,OMOP//OMOP_CONCEPT//434376,static_context,True,,OMOP_CONCEPT,434376,54329005,Acute myocardial infarction of anterior wall,AMSTEL,itemid_valueid,high
MEASUREMENT_CATEGORICAL//18673//608,v10_medication_atc,OMOP//OMOP_CONCEPT//257004,static_context,True,,OMOP_CONCEPT,257004,195951007,Acute exacerbation of chronic obstructive airways disease,AMSTEL,itemid_valueid,high
MEASUREMENT_CATEGORICAL//19644//1,v10_medication_atc,OMOP_CONCEPT//LOINC//43054909,dynamic_event,True,,LOINC,43054909,72166-2,43054909,AMSTEL,source_code,high
MEASUREMENT_CATEGORICAL//9593//4,v10_medication_atc,OMOP_CONCEPT//LOINC//3024265,dynamic_event,True,,LOINC,3024265,8327-9,3024265,AMSTEL,source_code,high
MEASUREMENT_CATEGORICAL//12109//10,v10_medication_atc,LOINC//36203284,metadata_only,False,,LOINC,36203284,85432-3,36203284,AMSTEL,source_code,high
MEASUREMENT_CATEGORICAL//12819//5,v10_medication_atc,OMOP//OMOP_CONCEPT//37156242,dynamic_event,True,,OMOP_CONCEPT,37156242,1163223009,Pressure injury stage IV,AMSTEL,itemid_valueid,high
MEASUREMENT_CATEGORICAL//13119//1,v10_medication_atc,OMOP//OMOP_CONCEPT//258369,dynamic_event,True,,OMOP_CONCEPT,258369,93880001,Primary malignant neoplasm of lung,AMSTEL,itemid_valueid,high
MEASUREMENT_CATEGORICAL//13410//6,v10_medication_atc,LOINC//40758173,metadata_only,False,,LOINC,40758173,55043-4,40758173,AMSTEL,source_code,high
MEASUREMENT_CATEGORICAL//17007//1,v10_medication_atc,OMOP//OMOP_CONCEPT//200588,static_context,True,,OMOP_CONCEPT,200588,128069005,Injury of abdomen,AMSTEL,itemid_valueid,high
MEASUREMENT_CATEGORICAL//17008//21,v10_medication_atc,OMOP//OMOP_CONCEPT//317576,static_context,True,,OMOP_CONCEPT,317576,53741008,Coronary arteriosclerosis,AMSTEL,itemid_valueid,high
MEASUREMENT_CATEGORICAL//17014//1,v10_medication_atc,OMOP//OMOP_CONCEPT//4247297,static_context,True,,OMOP_CONCEPT,4247297,60404007,Cerebral abscess,AMSTEL,itemid_valueid,high
MEASUREMENT_CATEGORICAL//17014//23,v10_medication_atc,OMOP//OMOP_CONCEPT//4045469,static_context,True,,OMOP_CONCEPT,4045469,230898002,Clipping of intracranial aneurysm,AMSTEL,itemid_valueid,high
MEASUREMENT_CATEGORICAL//17015//19,v10_medication_atc,OMOP//OMOP_CONCEPT//4201387,dynamic_event/device_support,True,,OMOP_CONCEPT,4201387,302108003,Tracheostomy present,AMSTEL,itemid_valueid,high
MEASUREMENT_CATEGORICAL//17019//69,v10_medication_atc,OMOP//OMOP_CONCEPT//434376,static_context,True,,OMOP_CONCEPT,434376,54329005,Acute myocardial infarction of anterior wall,AMSTEL,itemid_valueid,high
MEASUREMENT_CATEGORICAL//17026//38,v10_medication_atc,OMOP//OMOP_CONCEPT//257004,static_context,True,,OMOP_CONCEPT,257004,195951007,Acute exacerbation of chronic obstructive airways disease,AMSTEL,itemid_valueid,high
MEASUREMENT_CATEGORICAL//18671//131,v10_medication_atc,OMOP//OMOP_CONCEPT//76685,static_context,True,,OMOP_CONCEPT,76685,91637004,Myasthenia gravis,AMSTEL,itemid_valueid,high
MEASUREMENT_CATEGORICAL//18671//57,v10_medication_atc,OMOP//OMOP_CONCEPT//195856,static_context,True,,OMOP_CONCEPT,195856,82403002,Cholangitis,AMSTEL,itemid_valueid,high
MEASUREMENT_CATEGORICAL//12110//1,v10_medication_atc,LOINC//36203284,metadata_only,False,,LOINC,36203284,85432-3,36203284,AMSTEL,source_code,high
MEASUREMENT_CATEGORICAL//12129//6,v10_medication_atc,LOINC//3046359,metadata_only,False,,LOINC,3046359,44767-2,3046359,AMSTEL,source_code,high
MEASUREMENT_CATEGORICAL//13132//6,v10_medication_atc,OMOP//OMOP_CONCEPT//44812002,dynamic_event,True,,OMOP_CONCEPT,44812002,909621000000100,Neuromuscular disorder,AMSTEL,itemid_valueid,high
MEASUREMENT_CATEGORICAL//16634//10,v10_medication_atc,OMOP_CONCEPT//LOINC//3026549,dynamic_event,True,,LOINC,3026549,11325-8,3026549,AMSTEL,source_code,high
MEASUREMENT_CATEGORICAL//16634//7,v10_medication_atc,OMOP_CONCEPT//LOINC//3026549,dynamic_event,True,,LOINC,3026549,11325-8,3026549,AMSTEL,source_code,high
MEASUREMENT_CATEGORICAL//16643//11,v10_medication_atc,OMOP//OMOP_CONCEPT//40488822,dynamic_event,True,,OMOP_CONCEPT,40488822,446652009,Laparotomy and decompression of intestine,AMSTEL,itemid_valueid,high
MEASUREMENT_CATEGORICAL//16661//22,v10_medication_atc,OMOP//OMOP_CONCEPT//4242877,dynamic_event,True,,OMOP_CONCEPT,4242877,59712006,Evacuation of subdural hematoma,AMSTEL,itemid_valueid,high
MEASUREMENT_CATEGORICAL//16999//2,v10_medication_atc,OMOP//OMOP_CONCEPT//28779,static_context,True,,OMOP_CONCEPT,28779,17709002,Bleeding esophageal varices,AMSTEL,itemid_valueid,high
MEASUREMENT_CATEGORICAL//17009//33,v10_medication_atc,OMOP//OMOP_CONCEPT//4020329,static_context,True,,OMOP_CONCEPT,4020329,116241004,Pancreaticoduodenectomy,AMSTEL,itemid_valueid,high
MEASUREMENT_CATEGORICAL//17025//39,v10_medication_atc,OMOP//OMOP_CONCEPT//439847,static_context,True,,OMOP_CONCEPT,439847,1386000,Intracranial hemorrhage,AMSTEL,itemid_valueid,high
MEASUREMENT_CATEGORICAL//18671//5,v10_medication_atc,OMOP//OMOP_CONCEPT//315296,static_context,True,,OMOP_CONCEPT,315296,4557003,Preinfarction syndrome,AMSTEL,itemid_valueid,high
MEASUREMENT_CATEGORICAL//18673//580,v10_medication_atc,OMOP//OMOP_CONCEPT//439847,static_context,True,,OMOP_CONCEPT,439847,1386000,Intracranial hemorrhage,AMSTEL,itemid_valueid,high
MEASUREMENT_CATEGORICAL//18673//675,v10_medication_atc,OMOP//OMOP_CONCEPT//198177,static_context,True,,OMOP_CONCEPT,198177,233985008,Abdominal aortic aneurysm,AMSTEL,itemid_valueid,high
MEASUREMENT_CATEGORICAL//20148//15,v10_medication_atc,OMOP//OMOP_CONCEPT//45884808,dynamic_event,True,,OMOP_CONCEPT,45884808,LA17286-8,Normal baseline for patient,AMSTEL,itemid_valueid,high
MEASUREMENT_CATEGORICAL//16643//19,v10_medication_atc,OMOP//OMOP_CONCEPT//4000610,dynamic_event,True,,OMOP_CONCEPT,4000610,119292006,Disorder of gastrointestinal tract,AMSTEL,itemid_valueid,high
MEASUREMENT_CATEGORICAL//16662//10,v10_medication_atc,OMOP//OMOP_CONCEPT//376337,dynamic_event,True,,OMOP_CONCEPT,376337,118940003,Disorder of nervous system,AMSTEL,itemid_valueid,high
MEASUREMENT_CATEGORICAL//17001//6,v10_medication_atc,OMOP//OMOP_CONCEPT//140352,static_context,True,,OMOP_CONCEPT,140352,91861009,"Acute myeloid leukemia, disease",AMSTEL,itemid_valueid,high
MEASUREMENT_CATEGORICAL//17005//2,v10_medication_atc,OMOP//OMOP_CONCEPT//4195694,static_context,True,,OMOP_CONCEPT,4195694,67782005,Acute respiratory distress syndrome,AMSTEL,itemid_valueid,high
MEASUREMENT_CATEGORICAL//17008//37,v10_medication_atc,OMOP//OMOP_CONCEPT//3654996,static_context,True,,OMOP_CONCEPT,3654996,840580004,Peripheral arterial disease,AMSTEL,itemid_valueid,high
MEASUREMENT_CATEGORICAL//17008//41,v10_medication_atc,OMOP//OMOP_CONCEPT//3654996,static_context,True,,OMOP_CONCEPT,3654996,840580004,Peripheral arterial disease,AMSTEL,itemid_valueid,high
MEASUREMENT_CATEGORICAL//18671//206,v10_medication_atc,OMOP//OMOP_CONCEPT//133468,static_context,True,,OMOP_CONCEPT,133468,128605003,Disorder of limb,AMSTEL,itemid_valueid,high
MEASUREMENT_CATEGORICAL//18671//241,v10_medication_atc,OMOP//OMOP_CONCEPT//317576,static_context,True,,OMOP_CONCEPT,317576,53741008,Coronary arteriosclerosis,AMSTEL,itemid_valueid,high
MEASUREMENT_CATEGORICAL//18671//359,v10_medication_atc,OMOP//OMOP_CONCEPT//4301351,static_context,True,,OMOP_CONCEPT,4301351,387713003,Surgical procedure,AMSTEL,itemid_valueid,high
MEASUREMENT_CATEGORICAL//18671//384,v10_medication_atc,OMOP//OMOP_CONCEPT//4065313,static_context,True,,OMOP_CONCEPT,4065313,171948002,Transsphenoidal hypophysectomy,AMSTEL,itemid_valueid,high
MEASUREMENT_CATEGORICAL//18671//402,v10_medication_atc,OMOP//OMOP_CONCEPT//4073393,static_context,True,,OMOP_CONCEPT,4073393,177765008,Opening of chest,AMSTEL,itemid_valueid,high
MEASUREMENT_CATEGORICAL//18671//52,v10_medication_atc,OMOP//OMOP_CONCEPT//37168850,static_context,True,,OMOP_CONCEPT,37168850,1286877004,Colorectal cancer,AMSTEL,itemid_valueid,high
MEASUREMENT_CATEGORICAL//18671//79,v10_medication_atc,OMOP//OMOP_CONCEPT//4313582,static_context,True,,OMOP_CONCEPT,4313582,86249007,Obstructive nephropathy,AMSTEL,itemid_valueid,high
MEASUREMENT_CATEGORICAL//18673//546,v10_medication_atc,OMOP//OMOP_CONCEPT//4096947,static_context,True,,OMOP_CONCEPT,4096947,26436007,Disorder of acid-base balance,AMSTEL,itemid_valueid,high
MEASUREMENT_CATEGORICAL//8732//11,v10_medication_atc,SNOMED//4085985,metadata_only,False,,SNOMED,4085985,246287001,4085985,AMSTEL,source_code,high
MEASUREMENT_CATEGORICAL//8896//8,v10_medication_atc,OMOP//OMOP_CONCEPT//4183576,dynamic_event,True,,OMOP_CONCEPT,4183576,43516009,Foul smelling sputum,AMSTEL,itemid_valueid,high
MEASUREMENT_CATEGORICAL//12511//1,v10_medication_atc,OMOP//OMOP_CONCEPT//45878583,dynamic_event,True,,OMOP_CONCEPT,45878583,LA6577-6,Negative,AMSTEL,itemid_valueid,high
MEASUREMENT_CATEGORICAL//12622//2,v10_medication_atc,SNOMED//4302472,dynamic_event/device_support,True,,SNOMED,4302472,78763000,4302472,AMSTEL,source_code,high
MEASUREMENT_CATEGORICAL//12623//13,v10_medication_atc,OMOP_CONCEPT//LOINC//3046004,dynamic_event/device_support,True,,LOINC,3046004,33444-1,3046004,AMSTEL,source_code,high
MEASUREMENT_CATEGORICAL//12815//5,v10_medication_atc,OMOP//OMOP_CONCEPT//37156242,dynamic_event,True,,OMOP_CONCEPT,37156242,1163223009,Pressure injury stage IV,AMSTEL,itemid_valueid,high
MEASUREMENT_CATEGORICAL//16200//2,v10_medication_atc,OMOP_CONCEPT//LOINC//46235663,dynamic_event,True,,LOINC,46235663,76447-2,46235663,AMSTEL,source_code,high
MEASUREMENT_CATEGORICAL//16448//3,v10_medication_atc,SNOMED//4052413,dynamic_event/device_support,True,,SNOMED,4052413,233527006,4052413,AMSTEL,source_code,high
MEASUREMENT_CATEGORICAL//16643//12,v10_medication_atc,OMOP//OMOP_CONCEPT//4030150,dynamic_event,True,,OMOP_CONCEPT,4030150,107963000,Excision of liver,AMSTEL,itemid_valueid,high
MEASUREMENT_CATEGORICAL//16658//12,v10_medication_atc,OMOP//OMOP_CONCEPT//255848,dynamic_event,True,,OMOP_CONCEPT,255848,233604007,Pneumonia,AMSTEL,itemid_valueid,high
MEASUREMENT_CATEGORICAL//16999//3,v10_medication_atc,OMOP//OMOP_CONCEPT//192671,static_context,True,,OMOP_CONCEPT,192671,74474003,Gastrointestinal hemorrhage,AMSTEL,itemid_valueid,high
MEASUREMENT_CATEGORICAL//17001//4,v10_medication_atc,OMOP//OMOP_CONCEPT//4147164,static_context,True,,OMOP_CONCEPT,4147164,269475001,Malignant tumor of lymphoid hemopoietic and related tissue,AMSTEL,itemid_valueid,high
MEASUREMENT_CATEGORICAL//17005//25,v10_medication_atc,OMOP//OMOP_CONCEPT//4266931,static_context,True,,OMOP_CONCEPT,4266931,36485005,Restrictive lung disease,AMSTEL,itemid_valueid,high
MEASUREMENT_CATEGORICAL//17005//7,v10_medication_atc,OMOP//OMOP_CONCEPT//258369,static_context,True,,OMOP_CONCEPT,258369,93880001,Primary malignant neoplasm of lung,AMSTEL,itemid_valueid,high
MEASUREMENT_CATEGORICAL//17008//9,v10_medication_atc,OMOP//OMOP_CONCEPT//4327488,static_context,True,,OMOP_CONCEPT,4327488,75087007,Repair of aneurysm,AMSTEL,itemid_valueid,high
MEASUREMENT_CATEGORICAL//17023//14,v10_medication_atc,OMOP//OMOP_CONCEPT//4096947,static_context,True,,OMOP_CONCEPT,4096947,26436007,Disorder of acid-base balance,AMSTEL,itemid_valueid,high
MEASUREMENT_CATEGORICAL//18671//449,v10_medication_atc,OMOP//OMOP_CONCEPT//133468,static_context,True,,OMOP_CONCEPT,133468,128605003,Disorder of limb,AMSTEL,itemid_valueid,high
MEASUREMENT_CATEGORICAL//18673//742,v10_medication_atc,OMOP//OMOP_CONCEPT//4170058,static_context,True,,OMOP_CONCEPT,4170058,48114000,Operation on esophagus,AMSTEL,itemid_valueid,high
MEASUREMENT_CATEGORICAL//10472//31,v10_medication_atc,SNOMED//44810687,outcome_metadata,False,,SNOMED,44810687,888671000000103,44810687,AMSTEL,source_code,high
MEASUREMENT_CATEGORICAL//12110//10,v10_medication_atc,LOINC//36203284,metadata_only,False,,LOINC,36203284,85432-3,36203284,AMSTEL,source_code,high
MEASUREMENT_CATEGORICAL//12625//2,v10_medication_atc,SNOMED//4097216,dynamic_event/device_support,True,,SNOMED,4097216,26412008,4097216,AMSTEL,source_code,high
MEASUREMENT_CATEGORICAL//12823//4,v10_medication_atc,OMOP//OMOP_CONCEPT//37156241,dynamic_event,True,,OMOP_CONCEPT,37156241,1163221006,Pressure injury stage III,AMSTEL,itemid_valueid,high
MEASUREMENT_CATEGORICAL//12834//4,v10_medication_atc,OMOP//OMOP_CONCEPT//37156241,dynamic_event,True,,OMOP_CONCEPT,37156241,1163221006,Pressure injury stage III,AMSTEL,itemid_valueid,high
MEASUREMENT_CATEGORICAL//13124//5,v10_medication_atc,OMOP//OMOP_CONCEPT//4094683,dynamic_event,True,,OMOP_CONCEPT,4094683,262525000,Chest injury,AMSTEL,itemid_valueid,high
MEASUREMENT_CATEGORICAL//13140//2,v10_medication_atc,OMOP//OMOP_CONCEPT//4316372,dynamic_event,True,,OMOP_CONCEPT,4316372,95605009,HELLP syndrome,AMSTEL,itemid_valueid,high
MEASUREMENT_CATEGORICAL//16103//3,v10_medication_atc,OMOP//OMOP_CONCEPT//45766074,dynamic_event,True,,OMOP_CONCEPT,45766074,703162001,Bradycardic cardiac arrest,AMSTEL,itemid_valueid,high
MEASUREMENT_CATEGORICAL//16640//8,v10_medication_atc,OMOP_CONCEPT//LOINC//3013144,dynamic_event,True,,LOINC,3013144,11326-6,3013144,AMSTEL,source_code,high
MEASUREMENT_CATEGORICAL//16655//11,v10_medication_atc,OMOP//OMOP_CONCEPT//432250,dynamic_event,True,,OMOP_CONCEPT,432250,40733004,Infectious disease,AMSTEL,itemid_valueid,high
MEASUREMENT_CATEGORICAL//16660//8,v10_medication_atc,OMOP//OMOP_CONCEPT//40489862,dynamic_event,True,,OMOP_CONCEPT,40489862,446868001,Excision of meningioma by supratentorial approach,AMSTEL,itemid_valueid,high
MEASUREMENT_CATEGORICAL//16998//7,v10_medication_atc,OMOP//OMOP_CONCEPT//321319,static_context,True,,OMOP_CONCEPT,321319,85898001,Cardiomyopathy,AMSTEL,itemid_valueid,high
MEASUREMENT_CATEGORICAL//17000//1,v10_medication_atc,OMOP//OMOP_CONCEPT//4171379,static_context,True,,OMOP_CONCEPT,4171379,42030000,Disorder of the genitourinary system,AMSTEL,itemid_valueid,high
MEASUREMENT_CATEGORICAL//17025//32,v10_medication_atc,OMOP//OMOP_CONCEPT//381316,static_context,True,,OMOP_CONCEPT,381316,230690007,Cerebrovascular accident,AMSTEL,itemid_valueid,high
MEASUREMENT_CATEGORICAL//18610//18,v10_medication_atc,OMOP//OMOP_CONCEPT//602985,static_context,True,,OMOP_CONCEPT,602985,1149322001,Intoxication,AMSTEL,itemid_valueid,high
MEASUREMENT_CATEGORICAL//18671//433,v10_medication_atc,OMOP//OMOP_CONCEPT//4301351,static_context,True,,OMOP_CONCEPT,4301351,387713003,Surgical procedure,AMSTEL,itemid_valueid,high
MEASUREMENT_CATEGORICAL//18671//439,v10_medication_atc,OMOP//OMOP_CONCEPT//375415,static_context,True,,OMOP_CONCEPT,375415,82271004,Injury of head,AMSTEL,itemid_valueid,high
MEASUREMENT_CATEGORICAL//18671//60,v10_medication_atc,OMOP//OMOP_CONCEPT//4326255,static_context,True,,OMOP_CONCEPT,4326255,75100008,Abdominal abscess,AMSTEL,itemid_valueid,high
MEASUREMENT_CATEGORICAL//18673//557,v10_medication_atc,OMOP//OMOP_CONCEPT//31821,static_context,True,,OMOP_CONCEPT,31821,362969004,Disorder of endocrine system,AMSTEL,itemid_valueid,high
MEASUREMENT_CATEGORICAL//18673//573,v10_medication_atc,OMOP//OMOP_CONCEPT//381316,static_context,True,,OMOP_CONCEPT,381316,230690007,Cerebrovascular accident,AMSTEL,itemid_valueid,high
MEASUREMENT_CATEGORICAL//16650//13,v10_medication_atc,OMOP//OMOP_CONCEPT//312337,dynamic_event,True,,OMOP_CONCEPT,312337,266262004,Arterial embolus and thrombosis,AMSTEL,itemid_valueid,high
MEASUREMENT_CATEGORICAL//17007//36,v10_medication_atc,OMOP//OMOP_CONCEPT//440921,static_context,True,,OMOP_CONCEPT,440921,417746004,Traumatic injury,AMSTEL,itemid_valueid,high
MEASUREMENT_CATEGORICAL//17008//18,v10_medication_atc,OMOP//OMOP_CONCEPT//317576,static_context,True,,OMOP_CONCEPT,317576,53741008,Coronary arteriosclerosis,AMSTEL,itemid_valueid,high
MEASUREMENT_CATEGORICAL//17008//4,v10_medication_atc,OMOP//OMOP_CONCEPT//37110863,static_context,True,,OMOP_CONCEPT,37110863,725368002,Repair of dissection of abdominal aorta,AMSTEL,itemid_valueid,high
MEASUREMENT_CATEGORICAL//17023//25,v10_medication_atc,OMOP//OMOP_CONCEPT//31821,static_context,True,,OMOP_CONCEPT,31821,362969004,Disorder of endocrine system,AMSTEL,itemid_valueid,high
MEASUREMENT_CATEGORICAL//17029//66,v10_medication_atc,OMOP//OMOP_CONCEPT//198177,static_context,True,,OMOP_CONCEPT,198177,233985008,Abdominal aortic aneurysm,AMSTEL,itemid_valueid,high
MEASUREMENT_CATEGORICAL//17030//40,v10_medication_atc,OMOP//OMOP_CONCEPT//4170058,static_context,True,,OMOP_CONCEPT,4170058,48114000,Operation on esophagus,AMSTEL,itemid_valueid,high
MEASUREMENT_CATEGORICAL//18595//5,v10_medication_atc,OMOP//OMOP_CONCEPT//4317285,static_context,True,,OMOP_CONCEPT,4317285,95437004,Non-cardiogenic pulmonary edema,AMSTEL,itemid_valueid,high
MEASUREMENT_CATEGORICAL//18671//82,v10_medication_atc,OMOP//OMOP_CONCEPT//432585,static_context,True,,OMOP_CONCEPT,432585,64779008,Blood coagulation disorder,AMSTEL,itemid_valueid,high
MEASUREMENT_CATEGORICAL//20148//18,v10_medication_atc,OMOP//OMOP_CONCEPT//1990543,metadata_only,False,,OMOP_CONCEPT,1990543,LA32948-4,Pharmacologically sedated,AMSTEL,itemid_valueid,low
MEASUREMENT_CATEGORICAL//12111//8,v10_medication_atc,LOINC//36203284,metadata_only,False,,LOINC,36203284,85432-3,36203284,AMSTEL,source_code,high
MEASUREMENT_CATEGORICAL//12132//5,v10_medication_atc,SNOMED//4152283,dynamic_event,True,,SNOMED,4152283,370157003,4152283,AMSTEL,source_code,high
MEASUREMENT_CATEGORICAL//13140//1,v10_medication_atc,OMOP//OMOP_CONCEPT//443081,metadata_only,False,,OMOP_CONCEPT,443081,212962007,Drowning and non-fatal immersion,AMSTEL,itemid_valueid,high
MEASUREMENT_CATEGORICAL//14426//24,v10_medication_atc,OMOP_CONCEPT//LOINC//3021707,dynamic_event,True,,LOINC,3021707,9205-6,3021707,AMSTEL,source_code,high
MEASUREMENT_CATEGORICAL//16084//3,v10_medication_atc,OMOP//OMOP_CONCEPT//4171269,dynamic_event,True,,OMOP_CONCEPT,4171269,276796006,Atrial tachycardia,AMSTEL,itemid_valueid,high
MEASUREMENT_CATEGORICAL//16084//5,v10_medication_atc,SNOMED//4353741,dynamic_event,True,,SNOMED,4353741,250980009,4353741,AMSTEL,source_code,high
MEASUREMENT_CATEGORICAL//16627//6,v10_medication_atc,SNOMED//37154585,dynamic_event,True,,SNOMED,37154585,1269557005,37154585,AMSTEL,source_code,high
MEASUREMENT_CATEGORICAL//16643//13,v10_medication_atc,OMOP//OMOP_CONCEPT//199744,dynamic_event,True,,OMOP_CONCEPT,199744,286887005,Carcinoma liver and/or biliary system,AMSTEL,itemid_valueid,high
MEASUREMENT_CATEGORICAL//17007//23,v10_medication_atc,OMOP//OMOP_CONCEPT//375415,static_context,True,,OMOP_CONCEPT,375415,82271004,Injury of head,AMSTEL,itemid_valueid,high
MEASUREMENT_CATEGORICAL//17014//10,v10_medication_atc,OMOP//OMOP_CONCEPT//4174520,static_context,True,,OMOP_CONCEPT,4174520,50448004,Fracture of vertebral column,AMSTEL,itemid_valueid,high
MEASUREMENT_CATEGORICAL//17019//78,v10_medication_atc,OMOP//OMOP_CONCEPT//316999,static_context,True,,OMOP_CONCEPT,316999,44808001,Conduction disorder of the heart,AMSTEL,itemid_valueid,high
MEASUREMENT_CATEGORICAL//18670//81,v10_medication_atc,OMOP//OMOP_CONCEPT//252280,static_context,True,,OMOP_CONCEPT,252280,126667002,Neoplasm of respiratory tract,AMSTEL,itemid_valueid,high
MEASUREMENT_CATEGORICAL//18671//331,v10_medication_atc,OMOP//OMOP_CONCEPT//198124,static_context,True,,OMOP_CONCEPT,198124,90708001,Kidney disease,AMSTEL,itemid_valueid,high
MEASUREMENT_CATEGORICAL//18671//335,v10_medication_atc,OMOP//OMOP_CONCEPT//194406,static_context,True,,OMOP_CONCEPT,194406,7163005,Urinary tract obstruction,AMSTEL,itemid_valueid,high
MEASUREMENT_CATEGORICAL//18673//484,v10_medication_atc,OMOP//OMOP_CONCEPT//4266600,static_context,True,,OMOP_CONCEPT,4266600,36358004,Abnormal cardiac conduction,AMSTEL,itemid_valueid,high
MEASUREMENT_CATEGORICAL//9534//10,v10_medication_atc,OMOP_CONCEPT//LOINC//3004921,dynamic_event,True,,LOINC,3004921,20124-4,3004921,AMSTEL,source_code,high
MEASUREMENT_CATEGORICAL//10466//7,v10_medication_atc,OMOP//OMOP_CONCEPT//44792789,metadata_only,False,,OMOP_CONCEPT,44792789,368271000000101,"Reformed Protestant, follower of religion",AMSTEL,itemid_valueid,low
MEASUREMENT_CATEGORICAL//10472//29,v10_medication_atc,SNOMED//44810687,outcome_metadata,False,,SNOMED,44810687,888671000000103,44810687,AMSTEL,source_code,high
MEASUREMENT_CATEGORICAL//12109//19,v10_medication_atc,LOINC//36203284,metadata_only,False,,LOINC,36203284,85432-3,36203284,AMSTEL,source_code,high
MEASUREMENT_CATEGORICAL//12110//15,v10_medication_atc,LOINC//36203284,metadata_only,False,,LOINC,36203284,85432-3,36203284,AMSTEL,source_code,high
MEASUREMENT_CATEGORICAL//12623//12,v10_medication_atc,OMOP_CONCEPT//LOINC//3046004,dynamic_event/device_support,True,,LOINC,3046004,33444-1,3046004,AMSTEL,source_code,high
MEASUREMENT_CATEGORICAL//12818//5,v10_medication_atc,OMOP//OMOP_CONCEPT//37156242,dynamic_event,True,,OMOP_CONCEPT,37156242,1163223009,Pressure injury stage IV,AMSTEL,itemid_valueid,high
MEASUREMENT_CATEGORICAL//17008//46,v10_medication_atc,OMOP//OMOP_CONCEPT//4018853,static_context,True,,OMOP_CONCEPT,4018853,175180005,Decompression of cardiac tamponade,AMSTEL,itemid_valueid,high
MEASUREMENT_CATEGORICAL//18617//6,v10_medication_atc,OMOP//OMOP_CONCEPT//252280,static_context,True,,OMOP_CONCEPT,252280,126667002,Neoplasm of respiratory tract,AMSTEL,itemid_valueid,high
MEASUREMENT_CATEGORICAL//18670//114,v10_medication_atc,OMOP//OMOP_CONCEPT//4306082,static_context,True,,OMOP_CONCEPT,4306082,155597006,Aspiration pneumonitis,AMSTEL,itemid_valueid,high
MEASUREMENT_CATEGORICAL//18671//295,v10_medication_atc,OMOP//OMOP_CONCEPT//195856,static_context,True,,OMOP_CONCEPT,195856,82403002,Cholangitis,AMSTEL,itemid_valueid,high
MEASUREMENT_CATEGORICAL//18671//385,v10_medication_atc,OMOP//OMOP_CONCEPT//4122291,static_context,True,,OMOP_CONCEPT,4122291,287218009,Cranial ventriculostomy,AMSTEL,itemid_valueid,high
MEASUREMENT_CATEGORICAL//20148//16,v10_medication_atc,OMOP//OMOP_CONCEPT//45877871,dynamic_event,True,,OMOP_CONCEPT,45877871,LA19990-3,Slightly limited - Lethargic,AMSTEL,itemid_valueid,high
MEASUREMENT_CATEGORICAL//8897//6,v10_medication_atc,OMOP//OMOP_CONCEPT//4035566,dynamic_event,True,,OMOP_CONCEPT,4035566,117444000,Text value,AMSTEL,itemid_valueid,high
MEASUREMENT_CATEGORICAL//13116//8,v10_medication_atc,OMOP//OMOP_CONCEPT//316993,dynamic_event,True,,OMOP_CONCEPT,316993,20721001,Tricuspid valve disorder,AMSTEL,itemid_valueid,high
MEASUREMENT_CATEGORICAL//13124//12,v10_medication_atc,OMOP//OMOP_CONCEPT//133468,dynamic_event,True,,OMOP_CONCEPT,133468,128605003,Disorder of limb,AMSTEL,itemid_valueid,high
MEASUREMENT_CATEGORICAL//13136//4,v10_medication_atc,OMOP//OMOP_CONCEPT//4327948,dynamic_event,True,,OMOP_CONCEPT,4327948,75549005,Infection by Pneumocystis jirovecii,AMSTEL,itemid_valueid,high
MEASUREMENT_CATEGORICAL//13141//3,v10_medication_atc,OMOP//OMOP_CONCEPT//4148882,dynamic_event,True,,OMOP_CONCEPT,4148882,355001,Hemorrhagic shock,AMSTEL,itemid_valueid,high
MEASUREMENT_CATEGORICAL//17002//9,v10_medication_atc,OMOP//OMOP_CONCEPT//24609,static_context,True,,OMOP_CONCEPT,24609,302866003,Hypoglycemia,AMSTEL,itemid_valueid,high
MEASUREMENT_CATEGORICAL//17007//9,v10_medication_atc,OMOP//OMOP_CONCEPT//4094683,static_context,True,,OMOP_CONCEPT,4094683,262525000,Chest injury,AMSTEL,itemid_valueid,high
MEASUREMENT_CATEGORICAL//17025//54,v10_medication_atc,OMOP//OMOP_CONCEPT//380378,static_context,True,,OMOP_CONCEPT,380378,84757009,Epilepsy,AMSTEL,itemid_valueid,high
MEASUREMENT_CATEGORICAL//18670//79,v10_medication_atc,OMOP//OMOP_CONCEPT//135526,static_context,True,,OMOP_CONCEPT,135526,48522003,Spinal cord disease,AMSTEL,itemid_valueid,high
MEASUREMENT_CATEGORICAL//18671//379,v10_medication_atc,OMOP//OMOP_CONCEPT//4003037,static_context,True,,OMOP_CONCEPT,4003037,119566000,Creation of cerebrospinal fluid shunt,AMSTEL,itemid_valueid,high
MEASUREMENT_CATEGORICAL//18671//429,v10_medication_atc,OMOP//OMOP_CONCEPT//4094683,static_context,True,,OMOP_CONCEPT,4094683,262525000,Chest injury,AMSTEL,itemid_valueid,high
MEASUREMENT_CATEGORICAL//18673//483,v10_medication_atc,OMOP//OMOP_CONCEPT//4248028,static_context,True,,OMOP_CONCEPT,4248028,72654001,Supraventricular arrhythmia,AMSTEL,itemid_valueid,high
MEASUREMENT_CATEGORICAL//18673//595,v10_medication_atc,OMOP//OMOP_CONCEPT//4197485,static_context,True,,OMOP_CONCEPT,4197485,313307000,Epileptic seizure,AMSTEL,itemid_valueid,high
MEASUREMENT_CATEGORICAL//10472//2,v10_medication_atc,SNOMED//44810687,outcome_metadata,False,,SNOMED,44810687,888671000000103,44810687,AMSTEL,source_code,high
MEASUREMENT_CATEGORICAL//12109//15,v10_medication_atc,LOINC//36203284,metadata_only,False,,LOINC,36203284,85432-3,36203284,AMSTEL,source_code,high
MEASUREMENT_CATEGORICAL//12290//12,v10_medication_atc,OMOP_CONCEPT//OMOP//3004921,dynamic_event,True,,OMOP,3004921,20124-4,ventilator_mode,BlendedICU,label_exact,high
MEASUREMENT_CATEGORICAL//12833//6,v10_medication_atc,OMOP//OMOP_CONCEPT//37156242,dynamic_event,True,,OMOP_CONCEPT,37156242,1163223009,Pressure injury stage IV,AMSTEL,itemid_valueid,high
MEASUREMENT_CATEGORICAL//13116//6,v10_medication_atc,OMOP//OMOP_CONCEPT//4018569,dynamic_event,True,,OMOP_CONCEPT,4018569,174960002,Revision of plastic repair of mitral valve,AMSTEL,itemid_valueid,high
MEASUREMENT_CATEGORICAL//13139//3,v10_medication_atc,OMOP//OMOP_CONCEPT//4198102,dynamic_event,True,,OMOP_CONCEPT,4198102,51071000,Microangiopathic hemolytic anemia,AMSTEL,itemid_valueid,high
MEASUREMENT_CATEGORICAL//17017//24,v10_medication_atc,OMOP//OMOP_CONCEPT//375415,static_context,True,,OMOP_CONCEPT,375415,82271004,Injury of head,AMSTEL,itemid_valueid,high
MEASUREMENT_CATEGORICAL//17019//77,v10_medication_atc,OMOP//OMOP_CONCEPT//4248028,static_context,True,,OMOP_CONCEPT,4248028,72654001,Supraventricular arrhythmia,AMSTEL,itemid_valueid,high
MEASUREMENT_CATEGORICAL//18615//10,v10_medication_atc,OMOP//OMOP_CONCEPT//135526,static_context,True,,OMOP_CONCEPT,135526,48522003,Spinal cord disease,AMSTEL,itemid_valueid,high
MEASUREMENT_CATEGORICAL//18670//64,v10_medication_atc,OMOP//OMOP_CONCEPT//132797,static_context,True,,OMOP_CONCEPT,132797,91302008,Sepsis,AMSTEL,itemid_valueid,high
MEASUREMENT_CATEGORICAL//18671//136,v10_medication_atc,OMOP//OMOP_CONCEPT//607208,static_context,True,,OMOP_CONCEPT,607208,1149333003,Acute alcohol intoxication,AMSTEL,itemid_valueid,high
MEASUREMENT_CATEGORICAL//18671//149,v10_medication_atc,OMOP//OMOP_CONCEPT//45769438,static_context,True,,OMOP_CONCEPT,45769438,708090002,Acute severe exacerbation of asthma,AMSTEL,itemid_valueid,high
MEASUREMENT_CATEGORICAL//18671//22,v10_medication_atc,OMOP//OMOP_CONCEPT//37311319,static_context,True,,OMOP_CONCEPT,37311319,816082000,Hypovolemia,AMSTEL,itemid_valueid,high
MEASUREMENT_CATEGORICAL//18671//381,v10_medication_atc,OMOP//OMOP_CONCEPT//376337,static_context,True,,OMOP_CONCEPT,376337,118940003,Disorder of nervous system,AMSTEL,itemid_valueid,high
MEASUREMENT_CATEGORICAL//18671//400,v10_medication_atc,OMOP//OMOP_CONCEPT//4073393,static_context,True,,OMOP_CONCEPT,4073393,177765008,Opening of chest,AMSTEL,itemid_valueid,high
MEASUREMENT_CATEGORICAL//18673//716,v10_medication_atc,OMOP//OMOP_CONCEPT//319843,static_context,True,,OMOP_CONCEPT,319843,11851006,Mitral valve disorder,AMSTEL,itemid_valueid,high
MEASUREMENT_CATEGORICAL//19644//3,v10_medication_atc,OMOP_CONCEPT//LOINC//43054909,dynamic_event,True,,LOINC,43054909,72166-2,43054909,AMSTEL,source_code,high
MEASUREMENT_CATEGORICAL//20148//17,v10_medication_atc,OMOP//OMOP_CONCEPT//46237183,metadata_only,False,,OMOP_CONCEPT,46237183,LA23818-0,Somnolent,AMSTEL,itemid_valueid,low
MEASUREMENT_CATEGORICAL//10466//10,v10_medication_atc,OMOP//OMOP_CONCEPT//4149940,metadata_only,False,,OMOP_CONCEPT,4149940,309885004,"Protestant, follower of religion",AMSTEL,itemid_valueid,low
MEASUREMENT_CATEGORICAL//12110//28,v10_medication_atc,LOINC//36203284,metadata_only,False,,LOINC,36203284,85432-3,36203284,AMSTEL,source_code,high
MEASUREMENT_CATEGORICAL//12515//3,v10_medication_atc,SNOMED//4122997,dynamic_event,True,,SNOMED,4122997,258118009,4122997,AMSTEL,source_code,high
MEASUREMENT_CATEGORICAL//16999//20,v10_medication_atc,OMOP//OMOP_CONCEPT//4026032,static_context,True,,OMOP_CONCEPT,4026032,197270009,Acute hepatic failure,AMSTEL,itemid_valueid,high
MEASUREMENT_CATEGORICAL//17008//26,v10_medication_atc,OMOP//OMOP_CONCEPT//4148948,static_context,True,,OMOP_CONCEPT,4148948,30904006,Vascular surgery procedure,AMSTEL,itemid_valueid,high
MEASUREMENT_CATEGORICAL//17014//21,v10_medication_atc,OMOP//OMOP_CONCEPT//135526,static_context,True,,OMOP_CONCEPT,135526,48522003,Spinal cord disease,AMSTEL,itemid_valueid,high
MEASUREMENT_CATEGORICAL//17026//44,v10_medication_atc,OMOP//OMOP_CONCEPT//4309106,static_context,True,,OMOP_CONCEPT,4309106,422588002,Aspiration pneumonia,AMSTEL,itemid_valueid,high
MEASUREMENT_CATEGORICAL//17029//107,v10_medication_atc,OMOP//OMOP_CONCEPT//319843,static_context,True,,OMOP_CONCEPT,319843,11851006,Mitral valve disorder,AMSTEL,itemid_valueid,high
MEASUREMENT_CATEGORICAL//18612//13,v10_medication_atc,OMOP//OMOP_CONCEPT//4042641,static_context,True,,OMOP_CONCEPT,4042641,118672003,Procedure on cardiovascular system,AMSTEL,itemid_valueid,high
MEASUREMENT_CATEGORICAL//18612//15,v10_medication_atc,OMOP//OMOP_CONCEPT//132797,static_context,True,,OMOP_CONCEPT,132797,91302008,Sepsis,AMSTEL,itemid_valueid,high
MEASUREMENT_CATEGORICAL//18670//62,v10_medication_atc,OMOP//OMOP_CONCEPT//4042641,static_context,True,,OMOP_CONCEPT,4042641,118672003,Procedure on cardiovascular system,AMSTEL,itemid_valueid,high
MEASUREMENT_CATEGORICAL//18671//145,v10_medication_atc,OMOP//OMOP_CONCEPT//4046365,static_context,True,,OMOP_CONCEPT,4046365,230719004,Subarachnoid hemorrhage due to ruptured aneurysm,AMSTEL,itemid_valueid,high
MEASUREMENT_CATEGORICAL//18673//535,v10_medication_atc,OMOP//OMOP_CONCEPT//4044013,static_context,True,,OMOP_CONCEPT,4044013,129154003,Hematologic neoplasm,AMSTEL,itemid_valueid,high
MEASUREMENT_CATEGORICAL//20148//20,v10_medication_atc,OMOP//OMOP_CONCEPT//45880051,metadata_only,False,,OMOP_CONCEPT,45880051,LA9343-0,Unresponsive,AMSTEL,itemid_valueid,low
MEASUREMENT_CATEGORICAL//10472//46,v10_medication_atc,SNOMED//44810687,outcome_metadata,False,,SNOMED,44810687,888671000000103,44810687,AMSTEL,source_code,high
MEASUREMENT_CATEGORICAL//12514//3,v10_medication_atc,SNOMED//4122997,dynamic_event,True,,SNOMED,4122997,258118009,4122997,AMSTEL,source_code,high
MEASUREMENT_CATEGORICAL//13117//9,v10_medication_atc,OMOP//OMOP_CONCEPT//4142628,dynamic_event,True,,OMOP_CONCEPT,4142628,34646007,Pericardiectomy,AMSTEL,itemid_valueid,high
MEASUREMENT_CATEGORICAL//16200//3,v10_medication_atc,OMOP_CONCEPT//LOINC//46235663,dynamic_event,True,,LOINC,46235663,76447-2,46235663,AMSTEL,source_code,high
MEASUREMENT_CATEGORICAL//16652//12,v10_medication_atc,OMOP//OMOP_CONCEPT//37311947,dynamic_event,True,,OMOP_CONCEPT,37311947,788951001,Hemorrhage of digestive system,AMSTEL,itemid_valueid,high
MEASUREMENT_CATEGORICAL//17004//19,v10_medication_atc,OMOP//OMOP_CONCEPT//607208,static_context,True,,OMOP_CONCEPT,607208,1149333003,Acute alcohol intoxication,AMSTEL,itemid_valueid,high
MEASUREMENT_CATEGORICAL//17004//6,v10_medication_atc,OMOP//OMOP_CONCEPT//378143,static_context,True,,OMOP_CONCEPT,378143,45170000,Encephalitis,AMSTEL,itemid_valueid,high
MEASUREMENT_CATEGORICAL//17008//27,v10_medication_atc,OMOP//OMOP_CONCEPT//4012185,static_context,True,,OMOP_CONCEPT,4012185,112802009,Cardiovascular surgical procedure,AMSTEL,itemid_valueid,high
MEASUREMENT_CATEGORICAL//17014//20,v10_medication_atc,OMOP//OMOP_CONCEPT//4003037,static_context,True,,OMOP_CONCEPT,4003037,119566000,Creation of cerebrospinal fluid shunt,AMSTEL,itemid_valueid,high
MEASUREMENT_CATEGORICAL//17014//26,v10_medication_atc,OMOP//OMOP_CONCEPT//4122291,static_context,True,,OMOP_CONCEPT,4122291,287218009,Cranial ventriculostomy,AMSTEL,itemid_valueid,high
MEASUREMENT_CATEGORICAL//17017//1,v10_medication_atc,OMOP//OMOP_CONCEPT//200588,static_context,True,,OMOP_CONCEPT,200588,128069005,Injury of abdomen,AMSTEL,itemid_valueid,high
MEASUREMENT_CATEGORICAL//17028//46,v10_medication_atc,OMOP//OMOP_CONCEPT//4094683,static_context,True,,OMOP_CONCEPT,4094683,262525000,Chest injury,AMSTEL,itemid_valueid,high
MEASUREMENT_CATEGORICAL//17029//121,v10_medication_atc,OMOP//OMOP_CONCEPT//316993,static_context,True,,OMOP_CONCEPT,316993,20721001,Tricuspid valve disorder,AMSTEL,itemid_valueid,high
MEASUREMENT_CATEGORICAL//18671//1,v10_medication_atc,OMOP//OMOP_CONCEPT//441202,static_context,True,,OMOP_CONCEPT,441202,39579001,Anaphylaxis,AMSTEL,itemid_valueid,high
MEASUREMENT_CATEGORICAL//18671//158,v10_medication_atc,OMOP//OMOP_CONCEPT//4135466,static_context,True,,OMOP_CONCEPT,4135466,31892009,Hemothorax,AMSTEL,itemid_valueid,high
MEASUREMENT_CATEGORICAL//18671//247,v10_medication_atc,OMOP//OMOP_CONCEPT//134057,static_context,True,,OMOP_CONCEPT,134057,49601007,Disorder of cardiovascular system,AMSTEL,itemid_valueid,high
MEASUREMENT_CATEGORICAL//18671//276,v10_medication_atc,OMOP//OMOP_CONCEPT//3654996,static_context,True,,OMOP_CONCEPT,3654996,840580004,Peripheral arterial disease,AMSTEL,itemid_valueid,high
MEASUREMENT_CATEGORICAL//18671//3,v10_medication_atc,OMOP//OMOP_CONCEPT//40479758,static_context,True,,OMOP_CONCEPT,40479758,443089001,Pseudoaneurysm,AMSTEL,itemid_valueid,high
MEASUREMENT_CATEGORICAL//18671//436,v10_medication_atc,OMOP//OMOP_CONCEPT//200588,static_context,True,,OMOP_CONCEPT,200588,128069005,Injury of abdomen,AMSTEL,itemid_valueid,high
MEASUREMENT_CATEGORICAL//18671//90,v10_medication_atc,OMOP//OMOP_CONCEPT//4038838,static_context,True,,OMOP_CONCEPT,4038838,118601006,Non-Hodgkin's lymphoma (clinical),AMSTEL,itemid_valueid,high
MEASUREMENT_CATEGORICAL//18673//523,v10_medication_atc,OMOP//OMOP_CONCEPT//4171379,static_context,True,,OMOP_CONCEPT,4171379,42030000,Disorder of the genitourinary system,AMSTEL,itemid_valueid,high
MEASUREMENT_CATEGORICAL//18673//614,v10_medication_atc,OMOP//OMOP_CONCEPT//4309106,static_context,True,,OMOP_CONCEPT,4309106,422588002,Aspiration pneumonia,AMSTEL,itemid_valueid,high
MEASUREMENT_CATEGORICAL//18673//646,v10_medication_atc,OMOP//OMOP_CONCEPT//4094683,static_context,True,,OMOP_CONCEPT,4094683,262525000,Chest injury,AMSTEL,itemid_valueid,high
MEASUREMENT_CATEGORICAL//18673//730,v10_medication_atc,OMOP//OMOP_CONCEPT//316993,static_context,True,,OMOP_CONCEPT,316993,20721001,Tricuspid valve disorder,AMSTEL,itemid_valueid,high
MEASUREMENT_CATEGORICAL//8733//7,v10_medication_atc,SNOMED//4085985,metadata_only,False,,SNOMED,4085985,246287001,4085985,AMSTEL,source_code,high
MEASUREMENT_CATEGORICAL//10472//3,v10_medication_atc,SNOMED//44810687,outcome_metadata,False,,SNOMED,44810687,888671000000103,44810687,AMSTEL,source_code,high
MEASUREMENT_CATEGORICAL//12627//2,v10_medication_atc,OMOP_CONCEPT//LOINC//36305611,dynamic_event,True,,LOINC,36305611,89086-3,36305611,AMSTEL,source_code,high
MEASUREMENT_CATEGORICAL//12818//6,v10_medication_atc,OMOP//OMOP_CONCEPT//37156242,dynamic_event,True,,OMOP_CONCEPT,37156242,1163223009,Pressure injury stage IV,AMSTEL,itemid_valueid,high
MEASUREMENT_CATEGORICAL//12829//5,v10_medication_atc,OMOP//OMOP_CONCEPT//37156242,dynamic_event,True,,OMOP_CONCEPT,37156242,1163223009,Pressure injury stage IV,AMSTEL,itemid_valueid,high
MEASUREMENT_CATEGORICAL//16644//3,v10_medication_atc,OMOP//OMOP_CONCEPT//31821,dynamic_event,True,,OMOP_CONCEPT,31821,362969004,Disorder of endocrine system,AMSTEL,itemid_valueid,high
MEASUREMENT_CATEGORICAL//16648//24,v10_medication_atc,OMOP//OMOP_CONCEPT//133468,dynamic_event,True,,OMOP_CONCEPT,133468,128605003,Disorder of limb,AMSTEL,itemid_valueid,high
MEASUREMENT_CATEGORICAL//16650//11,v10_medication_atc,OMOP//OMOP_CONCEPT//4199966,dynamic_event,True,,OMOP_CONCEPT,4199966,315362007,Repair of thoracoabdominal aortic aneurysm,AMSTEL,itemid_valueid,high
MEASUREMENT_CATEGORICAL//16653//18,v10_medication_atc,OMOP//OMOP_CONCEPT//44783658,dynamic_event,True,,OMOP_CONCEPT,44783658,699748007,Cardiorespiratory arrest with successful resuscitation,AMSTEL,itemid_valueid,high
MEASUREMENT_CATEGORICAL//16998//18,v10_medication_atc,OMOP//OMOP_CONCEPT//441589,static_context,True,,OMOP_CONCEPT,441589,56819008,Endocarditis,AMSTEL,itemid_valueid,high
MEASUREMENT_CATEGORICAL//16998//26,v10_medication_atc,OMOP//OMOP_CONCEPT//312327,static_context,True,,OMOP_CONCEPT,312327,57054005,Acute myocardial infarction,AMSTEL,itemid_valueid,high
MEASUREMENT_CATEGORICAL//16998//32,v10_medication_atc,OMOP//OMOP_CONCEPT//316999,static_context,True,,OMOP_CONCEPT,316999,44808001,Conduction disorder of the heart,AMSTEL,itemid_valueid,high
MEASUREMENT_CATEGORICAL//16999//14,v10_medication_atc,OMOP//OMOP_CONCEPT//4326255,static_context,True,,OMOP_CONCEPT,4326255,75100008,Abdominal abscess,AMSTEL,itemid_valueid,high
MEASUREMENT_CATEGORICAL//17005//14,v10_medication_atc,OMOP//OMOP_CONCEPT//44782560,static_context,True,,OMOP_CONCEPT,44782560,697898008,Idiopathic pulmonary arterial hypertension,AMSTEL,itemid_valueid,high
MEASUREMENT_CATEGORICAL//17007//35,v10_medication_atc,OMOP//OMOP_CONCEPT//4095850,static_context,True,,OMOP_CONCEPT,4095850,262521009,Spinal injury,AMSTEL,itemid_valueid,high
MEASUREMENT_CATEGORICAL//17012//1,v10_medication_atc,OMOP//OMOP_CONCEPT//4118993,static_context,True,,OMOP_CONCEPT,4118993,302835009,Pheochromocytoma,AMSTEL,itemid_valueid,high
MEASUREMENT_CATEGORICAL//17013//9,v10_medication_atc,OMOP//OMOP_CONCEPT//201093,static_context,True,,OMOP_CONCEPT,201093,19824006,Infection of skin and/or subcutaneous tissue,AMSTEL,itemid_valueid,high
MEASUREMENT_CATEGORICAL//17017//36,v10_medication_atc,OMOP//OMOP_CONCEPT//4301351,static_context,True,,OMOP_CONCEPT,4301351,387713003,Surgical procedure,AMSTEL,itemid_valueid,high
MEASUREMENT_CATEGORICAL//17019//83,v10_medication_atc,OMOP//OMOP_CONCEPT//132797,static_context,True,,OMOP_CONCEPT,132797,91302008,Sepsis,AMSTEL,itemid_valueid,high
MEASUREMENT_CATEGORICAL//17020//29,v10_medication_atc,OMOP//OMOP_CONCEPT//4291649,static_context,True,,OMOP_CONCEPT,4291649,37372002,Upper gastrointestinal bleeding,AMSTEL,itemid_valueid,high
MEASUREMENT_CATEGORICAL//17021//10,v10_medication_atc,OMOP//OMOP_CONCEPT//4171379,static_context,True,,OMOP_CONCEPT,4171379,42030000,Disorder of the genitourinary system,AMSTEL,itemid_valueid,high
MEASUREMENT_CATEGORICAL//17022//18,v10_medication_atc,OMOP//OMOP_CONCEPT//4147164,static_context,True,,OMOP_CONCEPT,4147164,269475001,Malignant tumor of lymphoid hemopoietic and related tissue,AMSTEL,itemid_valueid,high
MEASUREMENT_CATEGORICAL//18615//9,v10_medication_atc,OMOP//OMOP_CONCEPT//4019540,static_context,True,,OMOP_CONCEPT,4019540,10458001,Evacuation of intracerebral hematoma,AMSTEL,itemid_valueid,high
MEASUREMENT_CATEGORICAL//18671//210,v10_medication_atc,OMOP//OMOP_CONCEPT//375415,static_context,True,,OMOP_CONCEPT,375415,82271004,Injury of head,AMSTEL,itemid_valueid,high
MEASUREMENT_CATEGORICAL//18671//45,v10_medication_atc,OMOP//OMOP_CONCEPT//602985,static_context,True,,OMOP_CONCEPT,602985,1149322001,Intoxication,AMSTEL,itemid_valueid,high
MEASUREMENT_CATEGORICAL//18673//503,v10_medication_atc,OMOP//OMOP_CONCEPT//4291649,static_context,True,,OMOP_CONCEPT,4291649,37372002,Upper gastrointestinal bleeding,AMSTEL,itemid_valueid,high
MEASUREMENT_CATEGORICAL//8733//10,v10_medication_atc,SNOMED//4085985,metadata_only,False,,SNOMED,4085985,246287001,4085985,AMSTEL,source_code,high
MEASUREMENT_CATEGORICAL//12132//3,v10_medication_atc,SNOMED//4152283,dynamic_event,True,,SNOMED,4152283,370157003,4152283,AMSTEL,source_code,high
MEASUREMENT_CATEGORICAL//12623//11,v10_medication_atc,OMOP_CONCEPT//LOINC//3046004,dynamic_event/device_support,True,,LOINC,3046004,33444-1,3046004,AMSTEL,source_code,high
MEASUREMENT_CATEGORICAL//12828//4,v10_medication_atc,OMOP//OMOP_CONCEPT//37156241,dynamic_event,True,,OMOP_CONCEPT,37156241,1163221006,Pressure injury stage III,AMSTEL,itemid_valueid,high
MEASUREMENT_CATEGORICAL//16103//5,v10_medication_atc,OMOP//OMOP_CONCEPT//4216773,dynamic_event,True,,OMOP_CONCEPT,4216773,397829000,Asystole,AMSTEL,itemid_valueid,high
MEASUREMENT_CATEGORICAL//16645//8,v10_medication_atc,OMOP//OMOP_CONCEPT//4298484,dynamic_event,True,,OMOP_CONCEPT,4298484,384685001,Operation on oral cavity,AMSTEL,itemid_valueid,high
MEASUREMENT_CATEGORICAL//16998//22,v10_medication_atc,OMOP//OMOP_CONCEPT//37311319,static_context,True,,OMOP_CONCEPT,37311319,816082000,Hypovolemia,AMSTEL,itemid_valueid,high
MEASUREMENT_CATEGORICAL//17008//52,v10_medication_atc,OMOP//OMOP_CONCEPT//132797,static_context,True,,OMOP_CONCEPT,132797,91302008,Sepsis,AMSTEL,itemid_valueid,high
MEASUREMENT_CATEGORICAL//17009//16,v10_medication_atc,OMOP//OMOP_CONCEPT//197328,static_context,True,,OMOP_CONCEPT,197328,24557004,Abscess of intestine,AMSTEL,itemid_valueid,high
MEASUREMENT_CATEGORICAL//17014//22,v10_medication_atc,OMOP//OMOP_CONCEPT//4064645,static_context,True,,OMOP_CONCEPT,4064645,171454008,Stereotactic ablation of brain tissue,AMSTEL,itemid_valueid,high
MEASUREMENT_CATEGORICAL//17014//25,v10_medication_atc,OMOP//OMOP_CONCEPT//4065313,static_context,True,,OMOP_CONCEPT,4065313,171948002,Transsphenoidal hypophysectomy,AMSTEL,itemid_valueid,high
MEASUREMENT_CATEGORICAL//17017//23,v10_medication_atc,OMOP//OMOP_CONCEPT//375415,static_context,True,,OMOP_CONCEPT,375415,82271004,Injury of head,AMSTEL,itemid_valueid,high
MEASUREMENT_CATEGORICAL//17019//84,v10_medication_atc,OMOP//OMOP_CONCEPT//132797,static_context,True,,OMOP_CONCEPT,132797,91302008,Sepsis,AMSTEL,itemid_valueid,high
MEASUREMENT_CATEGORICAL//17026//47,v10_medication_atc,OMOP//OMOP_CONCEPT//255848,static_context,True,,OMOP_CONCEPT,255848,233604007,Pneumonia,AMSTEL,itemid_valueid,high
MEASUREMENT_CATEGORICAL//18670//78,v10_medication_atc,OMOP//OMOP_CONCEPT//4019540,static_context,True,,OMOP_CONCEPT,4019540,10458001,Evacuation of intracerebral hematoma,AMSTEL,itemid_valueid,high
MEASUREMENT_CATEGORICAL//18671//171,v10_medication_atc,OMOP//OMOP_CONCEPT//4143700,static_context,True,,OMOP_CONCEPT,4143700,426936004,Smoke inhalation injury,AMSTEL,itemid_valueid,high
MEASUREMENT_CATEGORICAL//18671//424,v10_medication_atc,OMOP//OMOP_CONCEPT//133468,static_context,True,,OMOP_CONCEPT,133468,128605003,Disorder of limb,AMSTEL,itemid_valueid,high
MEASUREMENT_CATEGORICAL//18673//485,v10_medication_atc,OMOP//OMOP_CONCEPT//4185572,static_context,True,,OMOP_CONCEPT,4185572,44103008,Ventricular arrhythmia,AMSTEL,itemid_valueid,high
MEASUREMENT_CATEGORICAL//18673//489,v10_medication_atc,OMOP//OMOP_CONCEPT//132797,static_context,True,,OMOP_CONCEPT,132797,91302008,Sepsis,AMSTEL,itemid_valueid,high
MEASUREMENT_CATEGORICAL//18673//490,v10_medication_atc,OMOP//OMOP_CONCEPT//132797,static_context,True,,OMOP_CONCEPT,132797,91302008,Sepsis,AMSTEL,itemid_valueid,high
MEASUREMENT_CATEGORICAL//18673//617,v10_medication_atc,OMOP//OMOP_CONCEPT//255848,static_context,True,,OMOP_CONCEPT,255848,233604007,Pneumonia,AMSTEL,itemid_valueid,high
MEASUREMENT_CATEGORICAL//18673//655,v10_medication_atc,OMOP//OMOP_CONCEPT//375415,static_context,True,,OMOP_CONCEPT,375415,82271004,Injury of head,AMSTEL,itemid_valueid,high
MEASUREMENT_CATEGORICAL//18673//756,v10_medication_atc,OMOP//OMOP_CONCEPT//4000610,static_context,True,,OMOP_CONCEPT,4000610,119292006,Disorder of gastrointestinal tract,AMSTEL,itemid_valueid,high
MEASUREMENT_CATEGORICAL//18673//824,v10_medication_atc,OMOP//OMOP_CONCEPT//4242877,static_context,True,,OMOP_CONCEPT,4242877,59712006,Evacuation of subdural hematoma,AMSTEL,itemid_valueid,high
MEASUREMENT_CATEGORICAL//8189//13,v10_medication_atc,OMOP//OMOP_CONCEPT//4160626,dynamic_event,True,,OMOP_CONCEPT,4160626,371785003,Ambu bag,AMSTEL,itemid_valueid,high
MEASUREMENT_CATEGORICAL//8732//10,v10_medication_atc,SNOMED//4085985,metadata_only,False,,SNOMED,4085985,246287001,4085985,AMSTEL,source_code,high
MEASUREMENT_CATEGORICAL//8733//9,v10_medication_atc,SNOMED//4085985,metadata_only,False,,SNOMED,4085985,246287001,4085985,AMSTEL,source_code,high
MEASUREMENT_CATEGORICAL//10472//47,v10_medication_atc,SNOMED//44810687,outcome_metadata,False,,SNOMED,44810687,888671000000103,44810687,AMSTEL,source_code,high
MEASUREMENT_CATEGORICAL//12111//2,v10_medication_atc,LOINC//36203284,metadata_only,False,,LOINC,36203284,85432-3,36203284,AMSTEL,source_code,high
MEASUREMENT_CATEGORICAL//12623//14,v10_medication_atc,OMOP_CONCEPT//LOINC//3046004,dynamic_event/device_support,True,,LOINC,3046004,33444-1,3046004,AMSTEL,source_code,high
MEASUREMENT_CATEGORICAL//13126//5,v10_medication_atc,OMOP//OMOP_CONCEPT//4129747,dynamic_event,True,,OMOP_CONCEPT,4129747,12658000,Operation on female genital organs,AMSTEL,itemid_valueid,high
MEASUREMENT_CATEGORICAL//16673//17,v10_medication_atc,OMOP//OMOP_CONCEPT//257907,dynamic_event,True,,OMOP_CONCEPT,257907,19829001,Disorder of lung,AMSTEL,itemid_valueid,high
MEASUREMENT_CATEGORICAL//16998//45,v10_medication_atc,OMOP//OMOP_CONCEPT//602985,static_context,True,,OMOP_CONCEPT,602985,1149322001,Intoxication,AMSTEL,itemid_valueid,high
MEASUREMENT_CATEGORICAL//17005//26,v10_medication_atc,OMOP//OMOP_CONCEPT//4143700,static_context,True,,OMOP_CONCEPT,4143700,426936004,Smoke inhalation injury,AMSTEL,itemid_valueid,high
MEASUREMENT_CATEGORICAL//17007//8,v10_medication_atc,OMOP//OMOP_CONCEPT//133468,static_context,True,,OMOP_CONCEPT,133468,128605003,Disorder of limb,AMSTEL,itemid_valueid,high
MEASUREMENT_CATEGORICAL//17019//79,v10_medication_atc,OMOP//OMOP_CONCEPT//4185572,static_context,True,,OMOP_CONCEPT,4185572,44103008,Ventricular arrhythmia,AMSTEL,itemid_valueid,high
MEASUREMENT_CATEGORICAL//17029//88,v10_medication_atc,OMOP//OMOP_CONCEPT//134057,static_context,True,,OMOP_CONCEPT,134057,49601007,Disorder of cardiovascular system,AMSTEL,itemid_valueid,high
MEASUREMENT_CATEGORICAL//17030//54,v10_medication_atc,OMOP//OMOP_CONCEPT//4000610,static_context,True,,OMOP_CONCEPT,4000610,119292006,Disorder of gastrointestinal tract,AMSTEL,itemid_valueid,high
MEASUREMENT_CATEGORICAL//18604//17,v10_medication_atc,OMOP//OMOP_CONCEPT//316866,static_context,True,,OMOP_CONCEPT,316866,38341003,Hypertensive disorder,AMSTEL,itemid_valueid,high
MEASUREMENT_CATEGORICAL//18670//89,v10_medication_atc,OMOP//OMOP_CONCEPT//316866,static_context,True,,OMOP_CONCEPT,316866,38341003,Hypertensive disorder,AMSTEL,itemid_valueid,high
MEASUREMENT_CATEGORICAL//18671//146,v10_medication_atc,OMOP//OMOP_CONCEPT//313459,static_context,True,,OMOP_CONCEPT,313459,73430006,Sleep apnea,AMSTEL,itemid_valueid,high
MEASUREMENT_CATEGORICAL//18671//216,v10_medication_atc,OMOP//OMOP_CONCEPT//4235863,static_context,True,,OMOP_CONCEPT,4235863,90584004,Spinal cord injury,AMSTEL,itemid_valueid,high
MEASUREMENT_CATEGORICAL//18671//299,v10_medication_atc,OMOP//OMOP_CONCEPT//4295370,static_context,True,,OMOP_CONCEPT,4295370,37831005,Gastrointestinal fistula,AMSTEL,itemid_valueid,high
MEASUREMENT_CATEGORICAL//18671//351,v10_medication_atc,OMOP//OMOP_CONCEPT//3654996,static_context,True,,OMOP_CONCEPT,3654996,840580004,Peripheral arterial disease,AMSTEL,itemid_valueid,high
MEASUREMENT_CATEGORICAL//18673//579,v10_medication_atc,OMOP//OMOP_CONCEPT//4318408,static_context,True,,OMOP_CONCEPT,4318408,95453001,Subdural hematoma,AMSTEL,itemid_valueid,high
MEASUREMENT_CATEGORICAL//18673//611,v10_medication_atc,OMOP//OMOP_CONCEPT//44782560,static_context,True,,OMOP_CONCEPT,44782560,697898008,Idiopathic pulmonary arterial hypertension,AMSTEL,itemid_valueid,high
MEASUREMENT_CATEGORICAL//18673//697,v10_medication_atc,OMOP//OMOP_CONCEPT//134057,static_context,True,,OMOP_CONCEPT,134057,49601007,Disorder of cardiovascular system,AMSTEL,itemid_valueid,high
MEASUREMENT_CATEGORICAL//8733//6,v10_medication_atc,SNOMED//4085985,metadata_only,False,,SNOMED,4085985,246287001,4085985,AMSTEL,source_code,high
MEASUREMENT_CATEGORICAL//10472//4,v10_medication_atc,SNOMED//44810687,outcome_metadata,False,,SNOMED,44810687,888671000000103,44810687,AMSTEL,source_code,high
MEASUREMENT_CATEGORICAL//12514//7,v10_medication_atc,SNOMED//4122997,dynamic_event,True,,SNOMED,4122997,258118009,4122997,AMSTEL,source_code,high
MEASUREMENT_CATEGORICAL//12829//4,v10_medication_atc,OMOP//OMOP_CONCEPT//37156241,dynamic_event,True,,OMOP_CONCEPT,37156241,1163221006,Pressure injury stage III,AMSTEL,itemid_valueid,high
MEASUREMENT_CATEGORICAL//14169//2,v10_medication_atc,SNOMED//4090784,dynamic_event,True,,SNOMED,4090784,280361007,4090784,AMSTEL,source_code,high
MEASUREMENT_CATEGORICAL//16650//17,v10_medication_atc,OMOP//OMOP_CONCEPT//4148948,dynamic_event,True,,OMOP_CONCEPT,4148948,30904006,Vascular surgery procedure,AMSTEL,itemid_valueid,high
MEASUREMENT_CATEGORICAL//16660//9,v10_medication_atc,OMOP//OMOP_CONCEPT//4116092,dynamic_event,True,,OMOP_CONCEPT,4116092,254935002,Intracranial tumor,AMSTEL,itemid_valueid,high
MEASUREMENT_CATEGORICAL//17004//14,v10_medication_atc,OMOP//OMOP_CONCEPT//76685,static_context,True,,OMOP_CONCEPT,76685,91637004,Myasthenia gravis,AMSTEL,itemid_valueid,high
MEASUREMENT_CATEGORICAL//17004//9,v10_medication_atc,OMOP//OMOP_CONCEPT//4176148,static_context,True,,OMOP_CONCEPT,4176148,428268007,Extradural intracranial hematoma,AMSTEL,itemid_valueid,high
MEASUREMENT_CATEGORICAL//17005//1,v10_medication_atc,OMOP//OMOP_CONCEPT//442588,static_context,True,,OMOP_CONCEPT,442588,78275009,Obstructive sleep apnea syndrome,AMSTEL,itemid_valueid,high
MEASUREMENT_CATEGORICAL//17007//22,v10_medication_atc,OMOP//OMOP_CONCEPT//133468,static_context,True,,OMOP_CONCEPT,133468,128605003,Disorder of limb,AMSTEL,itemid_valueid,high
MEASUREMENT_CATEGORICAL//17008//49,v10_medication_atc,OMOP//OMOP_CONCEPT//132797,static_context,True,,OMOP_CONCEPT,132797,91302008,Sepsis,AMSTEL,itemid_valueid,high
MEASUREMENT_CATEGORICAL//17015//15,v10_medication_atc,OMOP//OMOP_CONCEPT//35610164,static_context,True,,OMOP_CONCEPT,35610164,1090231000000103,Malignant neoplasm of respiratory tract,AMSTEL,itemid_valueid,high
MEASUREMENT_CATEGORICAL//17015//6,v10_medication_atc,OMOP//OMOP_CONCEPT//4178968,static_context,True,,OMOP_CONCEPT,4178968,363429002,Malignant tumor of larynx,AMSTEL,itemid_valueid,high
MEASUREMENT_CATEGORICAL//17017//22,v10_medication_atc,OMOP//OMOP_CONCEPT//133468,static_context,True,,OMOP_CONCEPT,133468,128605003,Disorder of limb,AMSTEL,itemid_valueid,high
MEASUREMENT_CATEGORICAL//17019//87,v10_medication_atc,OMOP//OMOP_CONCEPT//198571,static_context,True,,OMOP_CONCEPT,198571,89138009,Cardiogenic shock,AMSTEL,itemid_valueid,high
MEASUREMENT_CATEGORICAL//17025//38,v10_medication_atc,OMOP//OMOP_CONCEPT//4318408,static_context,True,,OMOP_CONCEPT,4318408,95453001,Subdural hematoma,AMSTEL,itemid_valueid,high
MEASUREMENT_CATEGORICAL//17025//43,v10_medication_atc,OMOP//OMOP_CONCEPT//4116092,static_context,True,,OMOP_CONCEPT,4116092,254935002,Intracranial tumor,AMSTEL,itemid_valueid,high
MEASUREMENT_CATEGORICAL//17026//41,v10_medication_atc,OMOP//OMOP_CONCEPT//44782560,static_context,True,,OMOP_CONCEPT,44782560,697898008,Idiopathic pulmonary arterial hypertension,AMSTEL,itemid_valueid,high
MEASUREMENT_CATEGORICAL//17028//55,v10_medication_atc,OMOP//OMOP_CONCEPT//375415,static_context,True,,OMOP_CONCEPT,375415,82271004,Injury of head,AMSTEL,itemid_valueid,high
MEASUREMENT_CATEGORICAL//17029//70,v10_medication_atc,OMOP//OMOP_CONCEPT//436136,static_context,True,,OMOP_CONCEPT,436136,233994002,Dissection of thoracic aorta,AMSTEL,itemid_valueid,high
MEASUREMENT_CATEGORICAL//17036//32,v10_medication_atc,OMOP//OMOP_CONCEPT//258369,static_context,True,,OMOP_CONCEPT,258369,93880001,Primary malignant neoplasm of lung,AMSTEL,itemid_valueid,high
MEASUREMENT_CATEGORICAL//18671//279,v10_medication_atc,OMOP//OMOP_CONCEPT//37395826,static_context,True,,OMOP_CONCEPT,37395826,715403006,Adult heart tumor,AMSTEL,itemid_valueid,high
MEASUREMENT_CATEGORICAL//18671//285,v10_medication_atc,OMOP//OMOP_CONCEPT//4314251,static_context,True,,OMOP_CONCEPT,4314251,86481000,Laparotomy,AMSTEL,itemid_valueid,high
MEASUREMENT_CATEGORICAL//18673//493,v10_medication_atc,OMOP//OMOP_CONCEPT//198571,static_context,True,,OMOP_CONCEPT,198571,89138009,Cardiogenic shock,AMSTEL,itemid_valueid,high
MEASUREMENT_CATEGORICAL//18673//584,v10_medication_atc,OMOP//OMOP_CONCEPT//4116092,static_context,True,,OMOP_CONCEPT,4116092,254935002,Intracranial tumor,AMSTEL,itemid_valueid,high
MEASUREMENT_CATEGORICAL//18673//679,v10_medication_atc,OMOP//OMOP_CONCEPT//436136,static_context,True,,OMOP_CONCEPT,436136,233994002,Dissection of thoracic aorta,AMSTEL,itemid_valueid,high
MEASUREMENT_CATEGORICAL//18673//688,v10_medication_atc,OMOP//OMOP_CONCEPT//317576,static_context,True,,OMOP_CONCEPT,317576,53741008,Coronary arteriosclerosis,AMSTEL,itemid_valueid,high
MEASUREMENT_CATEGORICAL//18673//741,v10_medication_atc,OMOP//OMOP_CONCEPT//3654354,static_context,True,,OMOP_CONCEPT,3654354,830155008,Administration of hyperthermic antineoplastic agent into peritoneal cavity,AMSTEL,itemid_valueid,high
MEASUREMENT_CATEGORICAL//18673//850,v10_medication_atc,OMOP//OMOP_CONCEPT//258369,static_context,True,,OMOP_CONCEPT,258369,93880001,Primary malignant neoplasm of lung,AMSTEL,itemid_valueid,high
MEASUREMENT_CATEGORICAL//6671//7,v10_medication_atc,SNOMED//4091457,dynamic_event,True,,SNOMED,4091457,251149006,4091457,AMSTEL,source_code,high
MEASUREMENT_CATEGORICAL//8200//7,v10_medication_atc,OMOP_CONCEPT//LOINC//1989388,dynamic_event,True,,LOINC,1989388,99684-3,1989388,AMSTEL,source_code,high
MEASUREMENT_CATEGORICAL//12129//5,v10_medication_atc,LOINC//3046359,metadata_only,False,,LOINC,3046359,44767-2,3046359,AMSTEL,source_code,high
MEASUREMENT_CATEGORICAL//14577//4,v10_medication_atc,SNOMED//4202832,dynamic_event,True,,SNOMED,4202832,52765003,4202832,AMSTEL,source_code,high
MEASUREMENT_CATEGORICAL//16656//5,v10_medication_atc,OMOP//OMOP_CONCEPT//602985,dynamic_event,True,,OMOP_CONCEPT,602985,1149322001,Intoxication,AMSTEL,itemid_valueid,high
MEASUREMENT_CATEGORICAL//16657//6,v10_medication_atc,OMOP//OMOP_CONCEPT//4035139,dynamic_event,True,,OMOP_CONCEPT,4035139,237840007,Disorder of electrolytes,AMSTEL,itemid_valueid,high
MEASUREMENT_CATEGORICAL//17004//8,v10_medication_atc,OMOP//OMOP_CONCEPT//4164770,static_context,True,,OMOP_CONCEPT,4164770,40956001,Guillain-Barré syndrome,AMSTEL,itemid_valueid,high
MEASUREMENT_CATEGORICAL//17005//4,v10_medication_atc,OMOP//OMOP_CONCEPT//45769438,static_context,True,,OMOP_CONCEPT,45769438,708090002,Acute severe exacerbation of asthma,AMSTEL,itemid_valueid,high
MEASUREMENT_CATEGORICAL//17007//26,v10_medication_atc,OMOP//OMOP_CONCEPT//375415,static_context,True,,OMOP_CONCEPT,375415,82271004,Injury of head,AMSTEL,itemid_valueid,high
MEASUREMENT_CATEGORICAL//17008//8,v10_medication_atc,OMOP//OMOP_CONCEPT//4000088,static_context,True,,OMOP_CONCEPT,4000088,19262003,Repair of thoracic aortic aneurysm,AMSTEL,itemid_valueid,high
MEASUREMENT_CATEGORICAL//17014//3,v10_medication_atc,OMOP//OMOP_CONCEPT//4045952,static_context,True,,OMOP_CONCEPT,4045952,230905005,Excision of intracranial arteriovenous malformation,AMSTEL,itemid_valueid,high
MEASUREMENT_CATEGORICAL//17017//10,v10_medication_atc,OMOP//OMOP_CONCEPT//4094683,static_context,True,,OMOP_CONCEPT,4094683,262525000,Chest injury,AMSTEL,itemid_valueid,high
MEASUREMENT_CATEGORICAL//17017//27,v10_medication_atc,OMOP//OMOP_CONCEPT//133468,static_context,True,,OMOP_CONCEPT,133468,128605003,Disorder of limb,AMSTEL,itemid_valueid,high
MEASUREMENT_CATEGORICAL//17017//7,v10_medication_atc,OMOP//OMOP_CONCEPT//200588,static_context,True,,OMOP_CONCEPT,200588,128069005,Injury of abdomen,AMSTEL,itemid_valueid,high
MEASUREMENT_CATEGORICAL//17029//79,v10_medication_atc,OMOP//OMOP_CONCEPT//317576,static_context,True,,OMOP_CONCEPT,317576,53741008,Coronary arteriosclerosis,AMSTEL,itemid_valueid,high
MEASUREMENT_CATEGORICAL//17035//39,v10_medication_atc,OMOP//OMOP_CONCEPT//4242877,static_context,True,,OMOP_CONCEPT,4242877,59712006,Evacuation of subdural hematoma,AMSTEL,itemid_valueid,high
MEASUREMENT_CATEGORICAL//18610//15,v10_medication_atc,OMOP//OMOP_CONCEPT//317109,static_context,True,,OMOP_CONCEPT,317109,87317003,Respiratory arrest,AMSTEL,itemid_valueid,high
MEASUREMENT_CATEGORICAL//18671//124,v10_medication_atc,OMOP//OMOP_CONCEPT//372887,static_context,True,,OMOP_CONCEPT,372887,81308009,Disorder of brain,AMSTEL,itemid_valueid,high
MEASUREMENT_CATEGORICAL//18671//25,v10_medication_atc,OMOP//OMOP_CONCEPT//4145721,static_context,True,,OMOP_CONCEPT,4145721,307140009,Acute non-Q wave infarction,AMSTEL,itemid_valueid,high
MEASUREMENT_CATEGORICAL//18671//260,v10_medication_atc,OMOP//OMOP_CONCEPT//3654996,static_context,True,,OMOP_CONCEPT,3654996,840580004,Peripheral arterial disease,AMSTEL,itemid_valueid,high
MEASUREMENT_CATEGORICAL//18671//320,v10_medication_atc,OMOP//OMOP_CONCEPT//201337,static_context,True,,OMOP_CONCEPT,201337,42643001,Disorder of bladder,AMSTEL,itemid_valueid,high
MEASUREMENT_CATEGORICAL//18671//391,v10_medication_atc,OMOP//OMOP_CONCEPT//4178968,static_context,True,,OMOP_CONCEPT,4178968,363429002,Malignant tumor of larynx,AMSTEL,itemid_valueid,high
MEASUREMENT_CATEGORICAL//18673//518,v10_medication_atc,OMOP//OMOP_CONCEPT//4026032,static_context,True,,OMOP_CONCEPT,4026032,197270009,Acute hepatic failure,AMSTEL,itemid_valueid,high
MEASUREMENT_CATEGORICAL//18673//600,v10_medication_atc,OMOP//OMOP_CONCEPT//317109,static_context,True,,OMOP_CONCEPT,317109,87317003,Respiratory arrest,AMSTEL,itemid_valueid,high
MEASUREMENT_CATEGORICAL//18673//743,v10_medication_atc,OMOP//OMOP_CONCEPT//199744,static_context,True,,OMOP_CONCEPT,199744,286887005,Carcinoma liver and/or biliary system,AMSTEL,itemid_valueid,high
MEASUREMENT_CATEGORICAL//18673//750,v10_medication_atc,OMOP//OMOP_CONCEPT//31610,static_context,True,,OMOP_CONCEPT,31610,37657006,Disorder of esophagus,AMSTEL,itemid_valueid,high
MEASUREMENT_CATEGORICAL//18673//830,v10_medication_atc,OMOP//OMOP_CONCEPT//380378,static_context,True,,OMOP_CONCEPT,380378,84757009,Epilepsy,AMSTEL,itemid_valueid,high
MEASUREMENT_CATEGORICAL//19644//4,v10_medication_atc,OMOP_CONCEPT//LOINC//43054909,dynamic_event,True,,LOINC,43054909,72166-2,43054909,AMSTEL,source_code,high
MEASUREMENT_CATEGORICAL//19913//2,v10_medication_atc,SNOMED//4076975,metadata_only,False,,SNOMED,4076975,246106000,4076975,AMSTEL,source_code,high
MEASUREMENT_CATEGORICAL//8731//13,v10_medication_atc,OMOP//OMOP_CONCEPT//4271843,dynamic_event,True,,OMOP_CONCEPT,4271843,64262003,Structure of right forearm,AMSTEL,itemid_valueid,high
MEASUREMENT_CATEGORICAL//12109//14,v10_medication_atc,LOINC//36203284,metadata_only,False,,LOINC,36203284,85432-3,36203284,AMSTEL,source_code,high
MEASUREMENT_CATEGORICAL//12513//5,v10_medication_atc,SNOMED//4122997,dynamic_event,True,,SNOMED,4122997,258118009,4122997,AMSTEL,source_code,high
MEASUREMENT_CATEGORICAL//12622//3,v10_medication_atc,SNOMED//4302472,dynamic_event/device_support,True,,SNOMED,4302472,78763000,4302472,AMSTEL,source_code,high
MEASUREMENT_CATEGORICAL//14427//24,v10_medication_atc,OMOP_CONCEPT//LOINC//3021707,dynamic_event,True,,LOINC,3021707,9205-6,3021707,AMSTEL,source_code,high
MEASUREMENT_CATEGORICAL//14427//26,v10_medication_atc,OMOP_CONCEPT//LOINC//3021707,dynamic_event,True,,LOINC,3021707,9205-6,3021707,AMSTEL,source_code,high
MEASUREMENT_CATEGORICAL//16058//20,v10_medication_atc,OMOP//OMOP_CONCEPT//4113272,dynamic_event,True,,OMOP_CONCEPT,4113272,255316004,Purulent,AMSTEL,itemid_valueid,high
MEASUREMENT_CATEGORICAL//16998//3,v10_medication_atc,OMOP//OMOP_CONCEPT//40479758,static_context,True,,OMOP_CONCEPT,40479758,443089001,Pseudoaneurysm,AMSTEL,itemid_valueid,high
MEASUREMENT_CATEGORICAL//16999//6,v10_medication_atc,OMOP//OMOP_CONCEPT//37168850,static_context,True,,OMOP_CONCEPT,37168850,1286877004,Colorectal cancer,AMSTEL,itemid_valueid,high
MEASUREMENT_CATEGORICAL//17003//4,v10_medication_atc,OMOP//OMOP_CONCEPT//4320030,static_context,True,,OMOP_CONCEPT,4320030,95880003,Soft tissue infection,AMSTEL,itemid_valueid,high
MEASUREMENT_CATEGORICAL//17005//13,v10_medication_atc,OMOP//OMOP_CONCEPT//4135466,static_context,True,,OMOP_CONCEPT,4135466,31892009,Hemothorax,AMSTEL,itemid_valueid,high
MEASUREMENT_CATEGORICAL//17005//19,v10_medication_atc,OMOP//OMOP_CONCEPT//4049965,static_context,True,,OMOP_CONCEPT,4049965,233613009,Fungal pneumonia,AMSTEL,itemid_valueid,high
MEASUREMENT_CATEGORICAL//17007//32,v10_medication_atc,OMOP//OMOP_CONCEPT//600861,static_context,True,,OMOP_CONCEPT,600861,146251000146109,Traumatic spinal cord injury,AMSTEL,itemid_valueid,high
MEASUREMENT_CATEGORICAL//17008//32,v10_medication_atc,OMOP//OMOP_CONCEPT//321052,static_context,True,,OMOP_CONCEPT,321052,400047006,Peripheral vascular disease,AMSTEL,itemid_valueid,high
MEASUREMENT_CATEGORICAL//17009//4,v10_medication_atc,OMOP//OMOP_CONCEPT//40485318,static_context,True,,OMOP_CONCEPT,40485318,442805003,Incision of stomach and suture of bleeding gastric ulcer,AMSTEL,itemid_valueid,high
MEASUREMENT_CATEGORICAL//17015//18,v10_medication_atc,OMOP//OMOP_CONCEPT//4073393,static_context,True,,OMOP_CONCEPT,4073393,177765008,Opening of chest,AMSTEL,itemid_valueid,high
MEASUREMENT_CATEGORICAL//17017//4,v10_medication_atc,OMOP//OMOP_CONCEPT//200588,static_context,True,,OMOP_CONCEPT,200588,128069005,Injury of abdomen,AMSTEL,itemid_valueid,high
MEASUREMENT_CATEGORICAL//17019//86,v10_medication_atc,OMOP//OMOP_CONCEPT//132797,static_context,True,,OMOP_CONCEPT,132797,91302008,Sepsis,AMSTEL,itemid_valueid,high
MEASUREMENT_CATEGORICAL//17030//41,v10_medication_atc,OMOP//OMOP_CONCEPT//4242997,static_context,True,,OMOP_CONCEPT,4242997,38102005,Cholecystectomy,AMSTEL,itemid_valueid,high
MEASUREMENT_CATEGORICAL//17030//48,v10_medication_atc,OMOP//OMOP_CONCEPT//31610,static_context,True,,OMOP_CONCEPT,31610,37657006,Disorder of esophagus,AMSTEL,itemid_valueid,high
MEASUREMENT_CATEGORICAL//17035//45,v10_medication_atc,OMOP//OMOP_CONCEPT//380378,static_context,True,,OMOP_CONCEPT,380378,84757009,Epilepsy,AMSTEL,itemid_valueid,high
MEASUREMENT_CATEGORICAL//18671//103,v10_medication_atc,OMOP//OMOP_CONCEPT//435371,static_context,True,,OMOP_CONCEPT,435371,386689009,Hypothermia,AMSTEL,itemid_valueid,high
MEASUREMENT_CATEGORICAL//18671//15,v10_medication_atc,OMOP//OMOP_CONCEPT//4300243,static_context,True,,OMOP_CONCEPT,4300243,385486001,Postoperative complication,AMSTEL,itemid_valueid,high
MEASUREMENT_CATEGORICAL//18671//252,v10_medication_atc,OMOP//OMOP_CONCEPT//3654996,static_context,True,,OMOP_CONCEPT,3654996,840580004,Peripheral arterial disease,AMSTEL,itemid_valueid,high
MEASUREMENT_CATEGORICAL//18673//472,v10_medication_atc,OMOP//OMOP_CONCEPT//437312,static_context,True,,OMOP_CONCEPT,437312,131148009,Bleeding,AMSTEL,itemid_valueid,high
MEASUREMENT_CATEGORICAL//18673//492,v10_medication_atc,OMOP//OMOP_CONCEPT//132797,static_context,True,,OMOP_CONCEPT,132797,91302008,Sepsis,AMSTEL,itemid_valueid,high
MEASUREMENT_CATEGORICAL//12109//17,v10_medication_atc,LOINC//36203284,metadata_only,False,,LOINC,36203284,85432-3,36203284,AMSTEL,source_code,high
MEASUREMENT_CATEGORICAL//12132//4,v10_medication_atc,SNOMED//4152283,dynamic_event,True,,SNOMED,4152283,370157003,4152283,AMSTEL,source_code,high
MEASUREMENT_CATEGORICAL//12514//4,v10_medication_atc,SNOMED//4122997,dynamic_event,True,,SNOMED,4122997,258118009,4122997,AMSTEL,source_code,high
MEASUREMENT_CATEGORICAL//12515//6,v10_medication_atc,SNOMED//4122997,dynamic_event,True,,SNOMED,4122997,258118009,4122997,AMSTEL,source_code,high
MEASUREMENT_CATEGORICAL//12833//4,v10_medication_atc,OMOP//OMOP_CONCEPT//37156241,dynamic_event,True,,OMOP_CONCEPT,37156241,1163221006,Pressure injury stage III,AMSTEL,itemid_valueid,high
MEASUREMENT_CATEGORICAL//13117//10,v10_medication_atc,OMOP//OMOP_CONCEPT//4051935,dynamic_event,True,,OMOP_CONCEPT,4051935,233167002,Maze procedure,AMSTEL,itemid_valueid,high
MEASUREMENT_CATEGORICAL//14161//2,v10_medication_atc,SNOMED//4134745,dynamic_event,True,,SNOMED,4134745,397930006,4134745,AMSTEL,source_code,high
MEASUREMENT_CATEGORICAL//16056//10,v10_medication_atc,OMOP//OMOP_CONCEPT//4081767,dynamic_event,True,,OMOP_CONCEPT,4081767,18368008,Chyle,AMSTEL,itemid_valueid,high
MEASUREMENT_CATEGORICAL//16646//5,v10_medication_atc,OMOP//OMOP_CONCEPT//4010109,dynamic_event,True,,OMOP_CONCEPT,4010109,112698002,Operation on joint,AMSTEL,itemid_valueid,high
MEASUREMENT_CATEGORICAL//16649//10,v10_medication_atc,OMOP//OMOP_CONCEPT//4129747,dynamic_event,True,,OMOP_CONCEPT,4129747,12658000,Operation on female genital organs,AMSTEL,itemid_valueid,high
MEASUREMENT_CATEGORICAL//16658//22,v10_medication_atc,OMOP//OMOP_CONCEPT//320136,dynamic_event,True,,OMOP_CONCEPT,320136,50043002,Disorder of respiratory system,AMSTEL,itemid_valueid,high
MEASUREMENT_CATEGORICAL//16998//1,v10_medication_atc,OMOP//OMOP_CONCEPT//441202,static_context,True,,OMOP_CONCEPT,441202,39579001,Anaphylaxis,AMSTEL,itemid_valueid,high
MEASUREMENT_CATEGORICAL//17001//13,v10_medication_atc,OMOP//OMOP_CONCEPT//432881,static_context,True,,OMOP_CONCEPT,432881,127034005,Pancytopenia,AMSTEL,itemid_valueid,high
MEASUREMENT_CATEGORICAL//17010//4,v10_medication_atc,OMOP//OMOP_CONCEPT//4029571,static_context,True,,OMOP_CONCEPT,4029571,108034003,Bladder excision,AMSTEL,itemid_valueid,high
MEASUREMENT_CATEGORICAL//17017//29,v10_medication_atc,OMOP//OMOP_CONCEPT//193666,static_context,True,,OMOP_CONCEPT,193666,125600009,Injury of hip region,AMSTEL,itemid_valueid,high
MEASUREMENT_CATEGORICAL//17017//32,v10_medication_atc,OMOP//OMOP_CONCEPT//4301351,static_context,True,,OMOP_CONCEPT,4301351,387713003,Surgical procedure,AMSTEL,itemid_valueid,high
MEASUREMENT_CATEGORICAL//17017//8,v10_medication_atc,OMOP//OMOP_CONCEPT//133468,static_context,True,,OMOP_CONCEPT,133468,128605003,Disorder of limb,AMSTEL,itemid_valueid,high
MEASUREMENT_CATEGORICAL//17019//66,v10_medication_atc,OMOP//OMOP_CONCEPT//437312,static_context,True,,OMOP_CONCEPT,437312,131148009,Bleeding,AMSTEL,itemid_valueid,high
MEASUREMENT_CATEGORICAL//17020//44,v10_medication_atc,OMOP//OMOP_CONCEPT//4026032,static_context,True,,OMOP_CONCEPT,4026032,197270009,Acute hepatic failure,AMSTEL,itemid_valueid,high
MEASUREMENT_CATEGORICAL//17026//30,v10_medication_atc,OMOP//OMOP_CONCEPT//317109,static_context,True,,OMOP_CONCEPT,317109,87317003,Respiratory arrest,AMSTEL,itemid_valueid,high
MEASUREMENT_CATEGORICAL//17026//36,v10_medication_atc,OMOP//OMOP_CONCEPT//254061,static_context,True,,OMOP_CONCEPT,254061,60046008,Pleural effusion,AMSTEL,itemid_valueid,high
MEASUREMENT_CATEGORICAL//17029//68,v10_medication_atc,OMOP//OMOP_CONCEPT//195559,static_context,True,,OMOP_CONCEPT,195559,14336007,Ruptured abdominal aortic aneurysm,AMSTEL,itemid_valueid,high
MEASUREMENT_CATEGORICAL//17030//39,v10_medication_atc,OMOP//OMOP_CONCEPT//3654354,static_context,True,,OMOP_CONCEPT,3654354,830155008,Administration of hyperthermic antineoplastic agent into peritoneal cavity,AMSTEL,itemid_valueid,high
MEASUREMENT_CATEGORICAL//18607//4,v10_medication_atc,OMOP//OMOP_CONCEPT//443727,static_context,True,,OMOP_CONCEPT,443727,420422005,Diabetic ketoacidosis,AMSTEL,itemid_valueid,high
MEASUREMENT_CATEGORICAL//18617//7,v10_medication_atc,OMOP//OMOP_CONCEPT//318459,static_context,True,,OMOP_CONCEPT,318459,409623005,Respiratory insufficiency,AMSTEL,itemid_valueid,high
MEASUREMENT_CATEGORICAL//18670//82,v10_medication_atc,OMOP//OMOP_CONCEPT//318459,static_context,True,,OMOP_CONCEPT,318459,409623005,Respiratory insufficiency,AMSTEL,itemid_valueid,high
MEASUREMENT_CATEGORICAL//18671//201,v10_medication_atc,OMOP//OMOP_CONCEPT//440921,static_context,True,,OMOP_CONCEPT,440921,417746004,Traumatic injury,AMSTEL,itemid_valueid,high
MEASUREMENT_CATEGORICAL//18671//283,v10_medication_atc,OMOP//OMOP_CONCEPT//4199899,static_context,True,,OMOP_CONCEPT,4199899,52930005,Closure of ventricular septal defect,AMSTEL,itemid_valueid,high
MEASUREMENT_CATEGORICAL//18671//389,v10_medication_atc,OMOP//OMOP_CONCEPT//4050961,static_context,True,,OMOP_CONCEPT,4050961,16003001,Giant bullous emphysema,AMSTEL,itemid_valueid,high
MEASUREMENT_CATEGORICAL//18671//445,v10_medication_atc,OMOP//OMOP_CONCEPT//193666,static_context,True,,OMOP_CONCEPT,193666,125600009,Injury of hip region,AMSTEL,itemid_valueid,high
MEASUREMENT_CATEGORICAL//18673//604,v10_medication_atc,OMOP//OMOP_CONCEPT//40493428,static_context,True,,OMOP_CONCEPT,40493428,449096009,Malignant neoplasm of respiratory system,AMSTEL,itemid_valueid,high
MEASUREMENT_CATEGORICAL//18673//677,v10_medication_atc,OMOP//OMOP_CONCEPT//195559,static_context,True,,OMOP_CONCEPT,195559,14336007,Ruptured abdominal aortic aneurysm,AMSTEL,itemid_valueid,high
MEASUREMENT_CATEGORICAL//18673//732,v10_medication_atc,OMOP//OMOP_CONCEPT//134057,static_context,True,,OMOP_CONCEPT,134057,49601007,Disorder of cardiovascular system,AMSTEL,itemid_valueid,high
MEASUREMENT_CATEGORICAL//18673//748,v10_medication_atc,OMOP//OMOP_CONCEPT//4178810,static_context,True,,OMOP_CONCEPT,4178810,363132006,Gastrointestinal complication of procedure,AMSTEL,itemid_valueid,high
MEASUREMENT_CATEGORICAL//10468//13,v10_medication_atc,SNOMED//4087925,dynamic_event,True,,SNOMED,4087925,186034007,4087925,AMSTEL,source_code,high
MEASUREMENT_CATEGORICAL//10468//18,v10_medication_atc,SNOMED//4087925,dynamic_event,True,,SNOMED,4087925,186034007,4087925,AMSTEL,source_code,high
MEASUREMENT_CATEGORICAL//10470//7,v10_medication_atc,SNOMED//763892,outcome_metadata,False,,SNOMED,763892,448271000124107,763892,AMSTEL,source_code,high
MEASUREMENT_CATEGORICAL//10472//51,v10_medication_atc,OMOP//OMOP_CONCEPT//8971,outcome_metadata,False,,OMOP_CONCEPT,8971,51,Inpatient Psychiatric Facility,AMSTEL,itemid_valueid,high
MEASUREMENT_CATEGORICAL//12109//27,v10_medication_atc,LOINC//36203284,metadata_only,False,,LOINC,36203284,85432-3,36203284,AMSTEL,source_code,high
MEASUREMENT_CATEGORICAL//12129//3,v10_medication_atc,LOINC//3046359,metadata_only,False,,LOINC,3046359,44767-2,3046359,AMSTEL,source_code,high
MEASUREMENT_CATEGORICAL//12129//9,v10_medication_atc,LOINC//3046359,metadata_only,False,,LOINC,3046359,44767-2,3046359,AMSTEL,source_code,high
MEASUREMENT_CATEGORICAL//12513//7,v10_medication_atc,SNOMED//4122997,dynamic_event,True,,SNOMED,4122997,258118009,4122997,AMSTEL,source_code,high
MEASUREMENT_CATEGORICAL//13117//2,v10_medication_atc,OMOP//OMOP_CONCEPT//4199899,dynamic_event,True,,OMOP_CONCEPT,4199899,52930005,Closure of ventricular septal defect,AMSTEL,itemid_valueid,high
MEASUREMENT_CATEGORICAL//14426//39,v10_medication_atc,OMOP_CONCEPT//LOINC//3021707,dynamic_event,True,,LOINC,3021707,9205-6,3021707,AMSTEL,source_code,high
MEASUREMENT_CATEGORICAL//16057//14,v10_medication_atc,OMOP//OMOP_CONCEPT//4081767,dynamic_event,True,,OMOP_CONCEPT,4081767,18368008,Chyle,AMSTEL,itemid_valueid,high
MEASUREMENT_CATEGORICAL//16102//2,v10_medication_atc,SNOMED//321042,dynamic_event,True,,SNOMED,321042,410429000,321042,AMSTEL,source_code,high
MEASUREMENT_CATEGORICAL//16656//6,v10_medication_atc,OMOP//OMOP_CONCEPT//602985,dynamic_event,True,,OMOP_CONCEPT,602985,1149322001,Intoxication,AMSTEL,itemid_valueid,high
MEASUREMENT_CATEGORICAL//16998//5,v10_medication_atc,OMOP//OMOP_CONCEPT//315296,static_context,True,,OMOP_CONCEPT,315296,4557003,Preinfarction syndrome,AMSTEL,itemid_valueid,high
MEASUREMENT_CATEGORICAL//17000//9,v10_medication_atc,OMOP//OMOP_CONCEPT//194406,static_context,True,,OMOP_CONCEPT,194406,7163005,Urinary tract obstruction,AMSTEL,itemid_valueid,high
MEASUREMENT_CATEGORICAL//17001//11,v10_medication_atc,OMOP//OMOP_CONCEPT//4038838,static_context,True,,OMOP_CONCEPT,4038838,118601006,Non-Hodgkin's lymphoma (clinical),AMSTEL,itemid_valueid,high
MEASUREMENT_CATEGORICAL//17002//10,v10_medication_atc,OMOP//OMOP_CONCEPT//435371,static_context,True,,OMOP_CONCEPT,435371,386689009,Hypothermia,AMSTEL,itemid_valueid,high
MEASUREMENT_CATEGORICAL//17004//7,v10_medication_atc,OMOP//OMOP_CONCEPT//372887,static_context,True,,OMOP_CONCEPT,372887,81308009,Disorder of brain,AMSTEL,itemid_valueid,high
MEASUREMENT_CATEGORICAL//17008//40,v10_medication_atc,OMOP//OMOP_CONCEPT//3654996,static_context,True,,OMOP_CONCEPT,3654996,840580004,Peripheral arterial disease,AMSTEL,itemid_valueid,high
MEASUREMENT_CATEGORICAL//17008//56,v10_medication_atc,OMOP//OMOP_CONCEPT//3654996,static_context,True,,OMOP_CONCEPT,3654996,840580004,Peripheral arterial disease,AMSTEL,itemid_valueid,high
MEASUREMENT_CATEGORICAL//17012//2,v10_medication_atc,OMOP//OMOP_CONCEPT//31821,static_context,True,,OMOP_CONCEPT,31821,362969004,Disorder of endocrine system,AMSTEL,itemid_valueid,high
MEASUREMENT_CATEGORICAL//17015//11,v10_medication_atc,OMOP//OMOP_CONCEPT//4119939,static_context,True,,OMOP_CONCEPT,4119939,233793003,Bronchopleural fistula,AMSTEL,itemid_valueid,high
MEASUREMENT_CATEGORICAL//17019//48,v10_medication_atc,OMOP//OMOP_CONCEPT//317585,static_context,True,,OMOP_CONCEPT,317585,67362008,Aortic aneurysm,AMSTEL,itemid_valueid,high
MEASUREMENT_CATEGORICAL//17025//41,v10_medication_atc,OMOP//OMOP_CONCEPT//435785,static_context,True,,OMOP_CONCEPT,435785,7180009,Meningitis,AMSTEL,itemid_valueid,high
MEASUREMENT_CATEGORICAL//17029//123,v10_medication_atc,OMOP//OMOP_CONCEPT//4148948,static_context,True,,OMOP_CONCEPT,4148948,30904006,Vascular surgery procedure,AMSTEL,itemid_valueid,high
MEASUREMENT_CATEGORICAL//17030//46,v10_medication_atc,OMOP//OMOP_CONCEPT//200447,static_context,True,,OMOP_CONCEPT,200447,24813008,Gastrointestinal complication,AMSTEL,itemid_valueid,high
MEASUREMENT_CATEGORICAL//17030//53,v10_medication_atc,OMOP//OMOP_CONCEPT//4202064,static_context,True,,OMOP_CONCEPT,4202064,51875005,Gastrointestinal perforation,AMSTEL,itemid_valueid,high
MEASUREMENT_CATEGORICAL//18598//1,v10_medication_atc,OMOP//OMOP_CONCEPT//4044013,static_context,True,,OMOP_CONCEPT,4044013,129154003,Hematologic neoplasm,AMSTEL,itemid_valueid,high
MEASUREMENT_CATEGORICAL//18604//13,v10_medication_atc,OMOP//OMOP_CONCEPT//4096313,static_context,True,,OMOP_CONCEPT,4096313,262519004,Multiple injuries,AMSTEL,itemid_valueid,high
MEASUREMENT_CATEGORICAL//18604//15,v10_medication_atc,OMOP//OMOP_CONCEPT//317585,static_context,True,,OMOP_CONCEPT,317585,67362008,Aortic aneurysm,AMSTEL,itemid_valueid,high
MEASUREMENT_CATEGORICAL//18670//111,v10_medication_atc,OMOP//OMOP_CONCEPT//317109,static_context,True,,OMOP_CONCEPT,317109,87317003,Respiratory arrest,AMSTEL,itemid_valueid,high
MEASUREMENT_CATEGORICAL//18670//85,v10_medication_atc,OMOP//OMOP_CONCEPT//4096313,static_context,True,,OMOP_CONCEPT,4096313,262519004,Multiple injuries,AMSTEL,itemid_valueid,high
MEASUREMENT_CATEGORICAL//18670//87,v10_medication_atc,OMOP//OMOP_CONCEPT//317585,static_context,True,,OMOP_CONCEPT,317585,67362008,Aortic aneurysm,AMSTEL,itemid_valueid,high
MEASUREMENT_CATEGORICAL//18671//134,v10_medication_atc,OMOP//OMOP_CONCEPT//44812002,static_context,True,,OMOP_CONCEPT,44812002,909621000000100,Neuromuscular disorder,AMSTEL,itemid_valueid,high
MEASUREMENT_CATEGORICAL//18671//202,v10_medication_atc,OMOP//OMOP_CONCEPT//4096313,static_context,True,,OMOP_CONCEPT,4096313,262519004,Multiple injuries,AMSTEL,itemid_valueid,high
MEASUREMENT_CATEGORICAL//18671//347,v10_medication_atc,OMOP//OMOP_CONCEPT//31821,static_context,True,,OMOP_CONCEPT,31821,362969004,Disorder of endocrine system,AMSTEL,itemid_valueid,high
MEASUREMENT_CATEGORICAL//18671//356,v10_medication_atc,OMOP//OMOP_CONCEPT//4177851,static_context,True,,OMOP_CONCEPT,4177851,428097001,Disorder of hip joint,AMSTEL,itemid_valueid,high
MEASUREMENT_CATEGORICAL//18671//437,v10_medication_atc,OMOP//OMOP_CONCEPT//375415,static_context,True,,OMOP_CONCEPT,375415,82271004,Injury of head,AMSTEL,itemid_valueid,high
MEASUREMENT_CATEGORICAL//18673//582,v10_medication_atc,OMOP//OMOP_CONCEPT//44784481,static_context,True,,OMOP_CONCEPT,44784481,698633001,Postoperative meningitis,AMSTEL,itemid_valueid,high
MEASUREMENT_CATEGORICAL//18673//606,v10_medication_atc,OMOP//OMOP_CONCEPT//254061,static_context,True,,OMOP_CONCEPT,254061,60046008,Pleural effusion,AMSTEL,itemid_valueid,high
MEASUREMENT_CATEGORICAL//18673//613,v10_medication_atc,OMOP//OMOP_CONCEPT//4286507,static_context,True,,OMOP_CONCEPT,4286507,68372009,Upper respiratory tract obstruction,AMSTEL,itemid_valueid,high
MEASUREMENT_CATEGORICAL//18673//754,v10_medication_atc,OMOP//OMOP_CONCEPT//4129389,static_context,True,,OMOP_CONCEPT,4129389,126765001,Gastrointestinal obstruction,AMSTEL,itemid_valueid,high
MEASUREMENT_CATEGORICAL//8896//9,v10_medication_atc,OMOP//OMOP_CONCEPT//4088601,dynamic_event,True,,OMOP_CONCEPT,4088601,248605009,Dirty sputum,AMSTEL,itemid_valueid,high
MEASUREMENT_CATEGORICAL//10472//10,v10_medication_atc,OMOP//OMOP_CONCEPT//32037,outcome_metadata,False,,OMOP_CONCEPT,32037,OMOP4822460,Intensive Care,AMSTEL,itemid_valueid,high
MEASUREMENT_CATEGORICAL//10472//5,v10_medication_atc,SNOMED//44810687,outcome_metadata,False,,SNOMED,44810687,888671000000103,44810687,AMSTEL,source_code,high
MEASUREMENT_CATEGORICAL//12108//2,v10_medication_atc,LOINC//36203284,metadata_only,False,,LOINC,36203284,85432-3,36203284,AMSTEL,source_code,high
MEASUREMENT_CATEGORICAL//12110//13,v10_medication_atc,LOINC//36203284,metadata_only,False,,LOINC,36203284,85432-3,36203284,AMSTEL,source_code,high
MEASUREMENT_CATEGORICAL//12111//11,v10_medication_atc,LOINC//36203284,metadata_only,False,,LOINC,36203284,85432-3,36203284,AMSTEL,source_code,high
MEASUREMENT_CATEGORICAL//12111//20,v10_medication_atc,LOINC//36203284,metadata_only,False,,LOINC,36203284,85432-3,36203284,AMSTEL,source_code,high
MEASUREMENT_CATEGORICAL//12129//8,v10_medication_atc,LOINC//3046359,metadata_only,False,,LOINC,3046359,44767-2,3046359,AMSTEL,source_code,high
MEASUREMENT_CATEGORICAL//13122//2,v10_medication_atc,OMOP//OMOP_CONCEPT//201254,dynamic_event,True,,OMOP_CONCEPT,201254,46635009,Type 1 diabetes mellitus,AMSTEL,itemid_valueid,high
MEASUREMENT_CATEGORICAL//16252//5,v10_medication_atc,OMOP_CONCEPT//LOINC//46235663,dynamic_event,True,,LOINC,46235663,76447-2,46235663,AMSTEL,source_code,high
MEASUREMENT_CATEGORICAL//16685//3,v10_medication_atc,OMOP_CONCEPT//LOINC//46237002,outcome_metadata,False,,LOINC,46237002,77160-0,46237002,AMSTEL,source_code,high
MEASUREMENT_CATEGORICAL//16999//11,v10_medication_atc,OMOP//OMOP_CONCEPT//195856,static_context,True,,OMOP_CONCEPT,195856,82403002,Cholangitis,AMSTEL,itemid_valueid,high
MEASUREMENT_CATEGORICAL//17015//5,v10_medication_atc,OMOP//OMOP_CONCEPT//4298484,static_context,True,,OMOP_CONCEPT,4298484,384685001,Operation on oral cavity,AMSTEL,itemid_valueid,high
MEASUREMENT_CATEGORICAL//17017//13,v10_medication_atc,OMOP//OMOP_CONCEPT//4094683,static_context,True,,OMOP_CONCEPT,4094683,262525000,Chest injury,AMSTEL,itemid_valueid,high
MEASUREMENT_CATEGORICAL//17017//17,v10_medication_atc,OMOP//OMOP_CONCEPT//4301351,static_context,True,,OMOP_CONCEPT,4301351,387713003,Surgical procedure,AMSTEL,itemid_valueid,high
MEASUREMENT_CATEGORICAL//17017//2,v10_medication_atc,OMOP//OMOP_CONCEPT//133468,static_context,True,,OMOP_CONCEPT,133468,128605003,Disorder of limb,AMSTEL,itemid_valueid,high
MEASUREMENT_CATEGORICAL//17020//41,v10_medication_atc,OMOP//OMOP_CONCEPT//4202064,static_context,True,,OMOP_CONCEPT,4202064,51875005,Gastrointestinal perforation,AMSTEL,itemid_valueid,high
MEASUREMENT_CATEGORICAL//17023//18,v10_medication_atc,OMOP//OMOP_CONCEPT//443727,static_context,True,,OMOP_CONCEPT,443727,420422005,Diabetic ketoacidosis,AMSTEL,itemid_valueid,high
MEASUREMENT_CATEGORICAL//17026//29,v10_medication_atc,OMOP//OMOP_CONCEPT//4195694,static_context,True,,OMOP_CONCEPT,4195694,67782005,Acute respiratory distress syndrome,AMSTEL,itemid_valueid,high
MEASUREMENT_CATEGORICAL//17026//34,v10_medication_atc,OMOP//OMOP_CONCEPT//258369,static_context,True,,OMOP_CONCEPT,258369,93880001,Primary malignant neoplasm of lung,AMSTEL,itemid_valueid,high
MEASUREMENT_CATEGORICAL//17026//43,v10_medication_atc,OMOP//OMOP_CONCEPT//4089218,static_context,True,,OMOP_CONCEPT,4089218,248554005,Partially obstructed airway,AMSTEL,itemid_valueid,high
MEASUREMENT_CATEGORICAL//18670//100,v10_medication_atc,OMOP//OMOP_CONCEPT//443727,static_context,True,,OMOP_CONCEPT,443727,420422005,Diabetic ketoacidosis,AMSTEL,itemid_valueid,high
MEASUREMENT_CATEGORICAL//18670//59,v10_medication_atc,OMOP//OMOP_CONCEPT//4096313,static_context,True,,OMOP_CONCEPT,4096313,262519004,Multiple injuries,AMSTEL,itemid_valueid,high
MEASUREMENT_CATEGORICAL//18671//113,v10_medication_atc,OMOP//OMOP_CONCEPT//4244662,static_context,True,,OMOP_CONCEPT,4244662,928000,Disorder of musculoskeletal system,AMSTEL,itemid_valueid,high
MEASUREMENT_CATEGORICAL//18671//144,v10_medication_atc,OMOP//OMOP_CONCEPT//4046364,static_context,True,,OMOP_CONCEPT,4046364,230718007,Subarachnoid hemorrhage due to ruptured arteriovenous malformation,AMSTEL,itemid_valueid,high
MEASUREMENT_CATEGORICAL//18671//200,v10_medication_atc,OMOP//OMOP_CONCEPT//133468,static_context,True,,OMOP_CONCEPT,133468,128605003,Disorder of limb,AMSTEL,itemid_valueid,high
MEASUREMENT_CATEGORICAL//18671//270,v10_medication_atc,OMOP//OMOP_CONCEPT//132797,static_context,True,,OMOP_CONCEPT,132797,91302008,Sepsis,AMSTEL,itemid_valueid,high
MEASUREMENT_CATEGORICAL//18671//306,v10_medication_atc,OMOP//OMOP_CONCEPT//4224004,static_context,True,,OMOP_CONCEPT,4224004,84089009,Hiatal hernia,AMSTEL,itemid_valueid,high
MEASUREMENT_CATEGORICAL//18673//454,v10_medication_atc,OMOP//OMOP_CONCEPT//320739,static_context,True,,OMOP_CONCEPT,320739,308546005,Dissection of aorta,AMSTEL,itemid_valueid,high
MEASUREMENT_CATEGORICAL//18673//515,v10_medication_atc,OMOP//OMOP_CONCEPT//4202064,static_context,True,,OMOP_CONCEPT,4202064,51875005,Gastrointestinal perforation,AMSTEL,itemid_valueid,high
MEASUREMENT_CATEGORICAL//18673//544,v10_medication_atc,OMOP//OMOP_CONCEPT//432881,static_context,True,,OMOP_CONCEPT,432881,127034005,Pancytopenia,AMSTEL,itemid_valueid,high
MEASUREMENT_CATEGORICAL//18673//550,v10_medication_atc,OMOP//OMOP_CONCEPT//443727,static_context,True,,OMOP_CONCEPT,443727,420422005,Diabetic ketoacidosis,AMSTEL,itemid_valueid,high
MEASUREMENT_CATEGORICAL//18673//599,v10_medication_atc,OMOP//OMOP_CONCEPT//4195694,static_context,True,,OMOP_CONCEPT,4195694,67782005,Acute respiratory distress syndrome,AMSTEL,itemid_valueid,high
MEASUREMENT_CATEGORICAL//18673//649,v10_medication_atc,OMOP//OMOP_CONCEPT//4094683,static_context,True,,OMOP_CONCEPT,4094683,262525000,Chest injury,AMSTEL,itemid_valueid,high
MEASUREMENT_CATEGORICAL//18673//755,v10_medication_atc,OMOP//OMOP_CONCEPT//4202064,static_context,True,,OMOP_CONCEPT,4202064,51875005,Gastrointestinal perforation,AMSTEL,itemid_valueid,high
MEASUREMENT_CATEGORICAL//18673//825,v10_medication_atc,OMOP//OMOP_CONCEPT//4019540,static_context,True,,OMOP_CONCEPT,4019540,10458001,Evacuation of intracerebral hematoma,AMSTEL,itemid_valueid,high
MEASUREMENT_CATEGORICAL//19913//1,v10_medication_atc,SNOMED//4076975,metadata_only,False,,SNOMED,4076975,246106000,4076975,AMSTEL,source_code,high
MEASUREMENT_CATEGORICAL//8730//14,v10_medication_atc,OMOP//OMOP_CONCEPT//4261981,dynamic_event,True,,OMOP_CONCEPT,4261981,35764002,Brain ventricle structure,AMSTEL,itemid_valueid,high
MEASUREMENT_CATEGORICAL//10468//14,v10_medication_atc,SNOMED//4087925,dynamic_event,True,,SNOMED,4087925,186034007,4087925,AMSTEL,source_code,high
MEASUREMENT_CATEGORICAL//10472//8,v10_medication_atc,OMOP//OMOP_CONCEPT//32037,outcome_metadata,False,,OMOP_CONCEPT,32037,OMOP4822460,Intensive Care,AMSTEL,itemid_valueid,high
MEASUREMENT_CATEGORICAL//12501//2,v10_medication_atc,OMOP_CONCEPT//LOINC//3004779,dynamic_event,True,,LOINC,3004779,8931-8,3004779,AMSTEL,source_code,high
MEASUREMENT_CATEGORICAL//12512//2,v10_medication_atc,OMOP//OMOP_CONCEPT//45884084,dynamic_event,True,,OMOP_CONCEPT,45884084,LA6576-8,Positive,AMSTEL,itemid_valueid,high
MEASUREMENT_CATEGORICAL//14169//4,v10_medication_atc,SNOMED//4090784,dynamic_event,True,,SNOMED,4090784,280361007,4090784,AMSTEL,source_code,high
MEASUREMENT_CATEGORICAL//16058//19,v10_medication_atc,OMOP//OMOP_CONCEPT//4116701,dynamic_event,True,,OMOP_CONCEPT,4116701,255345002,Hemorrhagic,AMSTEL,itemid_valueid,high
MEASUREMENT_CATEGORICAL//16252//2,v10_medication_atc,OMOP_CONCEPT//LOINC//46235663,dynamic_event,True,,LOINC,46235663,76447-2,46235663,AMSTEL,source_code,high
MEASUREMENT_CATEGORICAL//16661//19,v10_medication_atc,OMOP//OMOP_CONCEPT//4120104,dynamic_event,True,,OMOP_CONCEPT,4120104,233983001,Ruptured cerebral aneurysm,AMSTEL,itemid_valueid,high
MEASUREMENT_CATEGORICAL//16663//12,v10_medication_atc,OMOP//OMOP_CONCEPT//4197485,dynamic_event,True,,OMOP_CONCEPT,4197485,313307000,Epileptic seizure,AMSTEL,itemid_valueid,high
MEASUREMENT_CATEGORICAL//17004//17,v10_medication_atc,OMOP//OMOP_CONCEPT//44812002,static_context,True,,OMOP_CONCEPT,44812002,909621000000100,Neuromuscular disorder,AMSTEL,itemid_valueid,high
MEASUREMENT_CATEGORICAL//17004//28,v10_medication_atc,OMOP//OMOP_CONCEPT//4046365,static_context,True,,OMOP_CONCEPT,4046365,230719004,Subarachnoid hemorrhage due to ruptured aneurysm,AMSTEL,itemid_valueid,high
MEASUREMENT_CATEGORICAL//17004//5,v10_medication_atc,OMOP//OMOP_CONCEPT//37165425,static_context,True,,OMOP_CONCEPT,37165425,1254795002,Substance withdrawal,AMSTEL,itemid_valueid,high
MEASUREMENT_CATEGORICAL//17007//18,v10_medication_atc,OMOP//OMOP_CONCEPT//4096313,static_context,True,,OMOP_CONCEPT,4096313,262519004,Multiple injuries,AMSTEL,itemid_valueid,high
MEASUREMENT_CATEGORICAL//17008//50,v10_medication_atc,OMOP//OMOP_CONCEPT//132797,static_context,True,,OMOP_CONCEPT,132797,91302008,Sepsis,AMSTEL,itemid_valueid,high
MEASUREMENT_CATEGORICAL//17009//2,v10_medication_atc,OMOP//OMOP_CONCEPT//4314251,static_context,True,,OMOP_CONCEPT,4314251,86481000,Laparotomy,AMSTEL,itemid_valueid,high
MEASUREMENT_CATEGORICAL//17013//6,v10_medication_atc,OMOP//OMOP_CONCEPT//4042501,static_context,True,,OMOP_CONCEPT,4042501,118935006,Disorder of hip,AMSTEL,itemid_valueid,high
MEASUREMENT_CATEGORICAL//17014//11,v10_medication_atc,OMOP//OMOP_CONCEPT//4300064,static_context,True,,OMOP_CONCEPT,4300064,78217005,Dorsolumbar spinal fusion with Harrington rod,AMSTEL,itemid_valueid,high
MEASUREMENT_CATEGORICAL//17019//70,v10_medication_atc,OMOP//OMOP_CONCEPT//438447,static_context,True,,OMOP_CONCEPT,438447,65547006,Acute myocardial infarction of inferolateral wall,AMSTEL,itemid_valueid,high
MEASUREMENT_CATEGORICAL//17019//85,v10_medication_atc,OMOP//OMOP_CONCEPT//132797,static_context,True,,OMOP_CONCEPT,132797,91302008,Sepsis,AMSTEL,itemid_valueid,high
MEASUREMENT_CATEGORICAL//17022//27,v10_medication_atc,OMOP//OMOP_CONCEPT//432881,static_context,True,,OMOP_CONCEPT,432881,127034005,Pancytopenia,AMSTEL,itemid_valueid,high
MEASUREMENT_CATEGORICAL//17025//50,v10_medication_atc,OMOP//OMOP_CONCEPT//602985,static_context,True,,OMOP_CONCEPT,602985,1149322001,Intoxication,AMSTEL,itemid_valueid,high
MEASUREMENT_CATEGORICAL//17035//40,v10_medication_atc,OMOP//OMOP_CONCEPT//4019540,static_context,True,,OMOP_CONCEPT,4019540,10458001,Evacuation of intracerebral hematoma,AMSTEL,itemid_valueid,high
MEASUREMENT_CATEGORICAL//17036//28,v10_medication_atc,OMOP//OMOP_CONCEPT//320136,static_context,True,,OMOP_CONCEPT,320136,50043002,Disorder of respiratory system,AMSTEL,itemid_valueid,high
MEASUREMENT_CATEGORICAL//18610//14,v10_medication_atc,OMOP//OMOP_CONCEPT//4317285,static_context,True,,OMOP_CONCEPT,4317285,95437004,Non-cardiogenic pulmonary edema,AMSTEL,itemid_valueid,high
MEASUREMENT_CATEGORICAL//18611//7,v10_medication_atc,OMOP//OMOP_CONCEPT//192671,static_context,True,,OMOP_CONCEPT,192671,74474003,Gastrointestinal hemorrhage,AMSTEL,itemid_valueid,high
MEASUREMENT_CATEGORICAL//18612//10,v10_medication_atc,OMOP//OMOP_CONCEPT//4012185,static_context,True,,OMOP_CONCEPT,4012185,112802009,Cardiovascular surgical procedure,AMSTEL,itemid_valueid,high
MEASUREMENT_CATEGORICAL//18616//5,v10_medication_atc,OMOP//OMOP_CONCEPT//4022014,static_context,True,,OMOP_CONCEPT,4022014,116033007,Radical nephrectomy,AMSTEL,itemid_valueid,high
MEASUREMENT_CATEGORICAL//18670//108,v10_medication_atc,OMOP//OMOP_CONCEPT//252280,static_context,True,,OMOP_CONCEPT,252280,126667002,Neoplasm of respiratory tract,AMSTEL,itemid_valueid,high
MEASUREMENT_CATEGORICAL//18670//110,v10_medication_atc,OMOP//OMOP_CONCEPT//4317285,static_context,True,,OMOP_CONCEPT,4317285,95437004,Non-cardiogenic pulmonary edema,AMSTEL,itemid_valueid,high
MEASUREMENT_CATEGORICAL//18670//68,v10_medication_atc,OMOP//OMOP_CONCEPT//192671,static_context,True,,OMOP_CONCEPT,192671,74474003,Gastrointestinal hemorrhage,AMSTEL,itemid_valueid,high
MEASUREMENT_CATEGORICAL//18670//72,v10_medication_atc,OMOP//OMOP_CONCEPT//198985,static_context,True,,OMOP_CONCEPT,198985,93849006,Primary malignant neoplasm of kidney,AMSTEL,itemid_valueid,high
MEASUREMENT_CATEGORICAL//18671//122,v10_medication_atc,OMOP//OMOP_CONCEPT//37165425,static_context,True,,OMOP_CONCEPT,37165425,1254795002,Substance withdrawal,AMSTEL,itemid_valueid,high
MEASUREMENT_CATEGORICAL//18671//19,v10_medication_atc,OMOP//OMOP_CONCEPT//4299449,static_context,True,,OMOP_CONCEPT,4299449,385494008,Hematoma,AMSTEL,itemid_valueid,high
MEASUREMENT_CATEGORICAL//18671//244,v10_medication_atc,OMOP//OMOP_CONCEPT//4012185,static_context,True,,OMOP_CONCEPT,4012185,112802009,Cardiovascular surgical procedure,AMSTEL,itemid_valueid,high
MEASUREMENT_CATEGORICAL//18671//366,v10_medication_atc,OMOP//OMOP_CONCEPT//376337,static_context,True,,OMOP_CONCEPT,376337,118940003,Disorder of nervous system,AMSTEL,itemid_valueid,high
MEASUREMENT_CATEGORICAL//18671//370,v10_medication_atc,OMOP//OMOP_CONCEPT//4134171,static_context,True,,OMOP_CONCEPT,4134171,263013004,Dislocation of joint of spine,AMSTEL,itemid_valueid,high
MEASUREMENT_CATEGORICAL//18671//87,v10_medication_atc,OMOP//OMOP_CONCEPT//134603,static_context,True,,OMOP_CONCEPT,134603,92818009,Chronic myeloid leukemia,AMSTEL,itemid_valueid,high
MEASUREMENT_CATEGORICAL//18673//459,v10_medication_atc,OMOP//OMOP_CONCEPT//321319,static_context,True,,OMOP_CONCEPT,321319,85898001,Cardiomyopathy,AMSTEL,itemid_valueid,high
MEASUREMENT_CATEGORICAL//18673//476,v10_medication_atc,OMOP//OMOP_CONCEPT//438447,static_context,True,,OMOP_CONCEPT,438447,65547006,Acute myocardial infarction of inferolateral wall,AMSTEL,itemid_valueid,high
MEASUREMENT_CATEGORICAL//18673//491,v10_medication_atc,OMOP//OMOP_CONCEPT//132797,static_context,True,,OMOP_CONCEPT,132797,91302008,Sepsis,AMSTEL,itemid_valueid,high
MEASUREMENT_CATEGORICAL//18673//513,v10_medication_atc,OMOP//OMOP_CONCEPT//4000610,static_context,True,,OMOP_CONCEPT,4000610,119292006,Disorder of gastrointestinal tract,AMSTEL,itemid_valueid,high
MEASUREMENT_CATEGORICAL//18673//619,v10_medication_atc,OMOP//OMOP_CONCEPT//261326,static_context,True,,OMOP_CONCEPT,261326,75570004,Viral pneumonia,AMSTEL,itemid_valueid,high
MEASUREMENT_CATEGORICAL//18673//682,v10_medication_atc,OMOP//OMOP_CONCEPT//314054,static_context,True,,OMOP_CONCEPT,314054,8722008,Aortic valve disorder,AMSTEL,itemid_valueid,high
MEASUREMENT_CATEGORICAL//18673//691,v10_medication_atc,OMOP//OMOP_CONCEPT//317576,static_context,True,,OMOP_CONCEPT,317576,53741008,Coronary arteriosclerosis,AMSTEL,itemid_valueid,high
MEASUREMENT_CATEGORICAL//18673//757,v10_medication_atc,OMOP//OMOP_CONCEPT//192673,static_context,True,,OMOP_CONCEPT,192673,82196007,Vascular insufficiency of intestine,AMSTEL,itemid_valueid,high
MEASUREMENT_CATEGORICAL//18673//846,v10_medication_atc,OMOP//OMOP_CONCEPT//320136,static_context,True,,OMOP_CONCEPT,320136,50043002,Disorder of respiratory system,AMSTEL,itemid_valueid,high
MEASUREMENT_CATEGORICAL//8732//13,v10_medication_atc,SNOMED//4085985,metadata_only,False,,SNOMED,4085985,246287001,4085985,AMSTEL,source_code,high
MEASUREMENT_CATEGORICAL//8733//5,v10_medication_atc,SNOMED//4085985,metadata_only,False,,SNOMED,4085985,246287001,4085985,AMSTEL,source_code,high
MEASUREMENT_CATEGORICAL//12110//21,v10_medication_atc,LOINC//36203284,metadata_only,False,,LOINC,36203284,85432-3,36203284,AMSTEL,source_code,high
MEASUREMENT_CATEGORICAL//12111//19,v10_medication_atc,LOINC//36203284,metadata_only,False,,LOINC,36203284,85432-3,36203284,AMSTEL,source_code,high
MEASUREMENT_CATEGORICAL//12627//7,v10_medication_atc,OMOP_CONCEPT//LOINC//36305611,dynamic_event,True,,LOINC,36305611,89086-3,36305611,AMSTEL,source_code,high
MEASUREMENT_CATEGORICAL//14426//30,v10_medication_atc,OMOP_CONCEPT//LOINC//3021707,dynamic_event,True,,LOINC,3021707,9205-6,3021707,AMSTEL,source_code,high
MEASUREMENT_CATEGORICAL//16102//9,v10_medication_atc,SNOMED//321042,dynamic_event,True,,SNOMED,321042,410429000,321042,AMSTEL,source_code,high
MEASUREMENT_CATEGORICAL//16200//1,v10_medication_atc,OMOP_CONCEPT//LOINC//46235663,dynamic_event,True,,LOINC,46235663,76447-2,46235663,AMSTEL,source_code,high
MEASUREMENT_CATEGORICAL//16642//12,v10_medication_atc,OMOP//OMOP_CONCEPT//4301351,dynamic_event,True,,OMOP_CONCEPT,4301351,387713003,Surgical procedure,AMSTEL,itemid_valueid,high
MEASUREMENT_CATEGORICAL//16643//16,v10_medication_atc,OMOP//OMOP_CONCEPT//4241033,dynamic_event,True,,OMOP_CONCEPT,4241033,9209005,Acute abdomen,AMSTEL,itemid_valueid,high
MEASUREMENT_CATEGORICAL//16646//8,v10_medication_atc,OMOP//OMOP_CONCEPT//4010109,dynamic_event,True,,OMOP_CONCEPT,4010109,112698002,Operation on joint,AMSTEL,itemid_valueid,high
MEASUREMENT_CATEGORICAL//16648//23,v10_medication_atc,OMOP//OMOP_CONCEPT//4095850,dynamic_event,True,,OMOP_CONCEPT,4095850,262521009,Spinal injury,AMSTEL,itemid_valueid,high
MEASUREMENT_CATEGORICAL//16656//8,v10_medication_atc,OMOP//OMOP_CONCEPT//4132090,dynamic_event,True,,OMOP_CONCEPT,4132090,127339009,Acute metabolic disorder,AMSTEL,itemid_valueid,high
MEASUREMENT_CATEGORICAL//16685//4,v10_medication_atc,OMOP_CONCEPT//LOINC//46237002,outcome_metadata,False,,LOINC,46237002,77160-0,46237002,AMSTEL,source_code,high
MEASUREMENT_CATEGORICAL//16998//15,v10_medication_atc,OMOP//OMOP_CONCEPT//4300243,static_context,True,,OMOP_CONCEPT,4300243,385486001,Postoperative complication,AMSTEL,itemid_valueid,high
MEASUREMENT_CATEGORICAL//17003//7,v10_medication_atc,OMOP//OMOP_CONCEPT//4244662,static_context,True,,OMOP_CONCEPT,4244662,928000,Disorder of musculoskeletal system,AMSTEL,itemid_valueid,high
MEASUREMENT_CATEGORICAL//17005//27,v10_medication_atc,OMOP//OMOP_CONCEPT//4031380,static_context,True,,OMOP_CONCEPT,4031380,129897006,Dysfunctional ventilatory weaning response,AMSTEL,itemid_valueid,high
MEASUREMENT_CATEGORICAL//17008//63,v10_medication_atc,OMOP//OMOP_CONCEPT//4199899,static_context,True,,OMOP_CONCEPT,4199899,52930005,Closure of ventricular septal defect,AMSTEL,itemid_valueid,high
MEASUREMENT_CATEGORICAL//17009//12,v10_medication_atc,OMOP//OMOP_CONCEPT//195856,static_context,True,,OMOP_CONCEPT,195856,82403002,Cholangitis,AMSTEL,itemid_valueid,high
MEASUREMENT_CATEGORICAL//17010//2,v10_medication_atc,OMOP//OMOP_CONCEPT//37167887,static_context,True,,OMOP_CONCEPT,37167887,1269101009,Maternal disorder during pregnancy,AMSTEL,itemid_valueid,high
MEASUREMENT_CATEGORICAL//17012//4,v10_medication_atc,OMOP//OMOP_CONCEPT//141253,static_context,True,,OMOP_CONCEPT,141253,14304000,Disorder of thyroid gland,AMSTEL,itemid_valueid,high
MEASUREMENT_CATEGORICAL//17015//4,v10_medication_atc,OMOP//OMOP_CONCEPT//4050961,static_context,True,,OMOP_CONCEPT,4050961,16003001,Giant bullous emphysema,AMSTEL,itemid_valueid,high
MEASUREMENT_CATEGORICAL//17017//21,v10_medication_atc,OMOP//OMOP_CONCEPT//375415,static_context,True,,OMOP_CONCEPT,375415,82271004,Injury of head,AMSTEL,itemid_valueid,high
MEASUREMENT_CATEGORICAL//17017//35,v10_medication_atc,OMOP//OMOP_CONCEPT//4095850,static_context,True,,OMOP_CONCEPT,4095850,262521009,Spinal injury,AMSTEL,itemid_valueid,high
MEASUREMENT_CATEGORICAL//17019//53,v10_medication_atc,OMOP//OMOP_CONCEPT//321319,static_context,True,,OMOP_CONCEPT,321319,85898001,Cardiomyopathy,AMSTEL,itemid_valueid,high
MEASUREMENT_CATEGORICAL//17020//39,v10_medication_atc,OMOP//OMOP_CONCEPT//4000610,static_context,True,,OMOP_CONCEPT,4000610,119292006,Disorder of gastrointestinal tract,AMSTEL,itemid_valueid,high
MEASUREMENT_CATEGORICAL//17022//20,v10_medication_atc,OMOP//OMOP_CONCEPT//140352,static_context,True,,OMOP_CONCEPT,140352,91861009,"Acute myeloid leukemia, disease",AMSTEL,itemid_valueid,high
MEASUREMENT_CATEGORICAL//17026//49,v10_medication_atc,OMOP//OMOP_CONCEPT//261326,static_context,True,,OMOP_CONCEPT,261326,75570004,Viral pneumonia,AMSTEL,itemid_valueid,high
MEASUREMENT_CATEGORICAL//17028//49,v10_medication_atc,OMOP//OMOP_CONCEPT//4094683,static_context,True,,OMOP_CONCEPT,4094683,262525000,Chest injury,AMSTEL,itemid_valueid,high
MEASUREMENT_CATEGORICAL//17029//82,v10_medication_atc,OMOP//OMOP_CONCEPT//317576,static_context,True,,OMOP_CONCEPT,317576,53741008,Coronary arteriosclerosis,AMSTEL,itemid_valueid,high
MEASUREMENT_CATEGORICAL//17030//52,v10_medication_atc,OMOP//OMOP_CONCEPT//4129389,static_context,True,,OMOP_CONCEPT,4129389,126765001,Gastrointestinal obstruction,AMSTEL,itemid_valueid,high
MEASUREMENT_CATEGORICAL//17030//55,v10_medication_atc,OMOP//OMOP_CONCEPT//201894,static_context,True,,OMOP_CONCEPT,201894,91489000,Acute vascular insufficiency of intestine,AMSTEL,itemid_valueid,high
MEASUREMENT_CATEGORICAL//18610//12,v10_medication_atc,OMOP//OMOP_CONCEPT//252280,static_context,True,,OMOP_CONCEPT,252280,126667002,Neoplasm of respiratory tract,AMSTEL,itemid_valueid,high
MEASUREMENT_CATEGORICAL//18670//74,v10_medication_atc,OMOP//OMOP_CONCEPT//4194964,static_context,True,,OMOP_CONCEPT,4194964,79537002,Operation on endocrine system,AMSTEL,itemid_valueid,high
MEASUREMENT_CATEGORICAL//18671//209,v10_medication_atc,OMOP//OMOP_CONCEPT//375415,static_context,True,,OMOP_CONCEPT,375415,82271004,Injury of head,AMSTEL,itemid_valueid,high
MEASUREMENT_CATEGORICAL//18671//259,v10_medication_atc,OMOP//OMOP_CONCEPT//3654996,static_context,True,,OMOP_CONCEPT,3654996,840580004,Peripheral arterial disease,AMSTEL,itemid_valueid,high
MEASUREMENT_CATEGORICAL//18671//286,v10_medication_atc,OMOP//OMOP_CONCEPT//192671,static_context,True,,OMOP_CONCEPT,192671,74474003,Gastrointestinal hemorrhage,AMSTEL,itemid_valueid,high
MEASUREMENT_CATEGORICAL//18671//318,v10_medication_atc,OMOP//OMOP_CONCEPT//37167887,static_context,True,,OMOP_CONCEPT,37167887,1269101009,Maternal disorder during pregnancy,AMSTEL,itemid_valueid,high
MEASUREMENT_CATEGORICAL//18671//349,v10_medication_atc,OMOP//OMOP_CONCEPT//141253,static_context,True,,OMOP_CONCEPT,141253,14304000,Disorder of thyroid gland,AMSTEL,itemid_valueid,high
MEASUREMENT_CATEGORICAL//18671//364,v10_medication_atc,OMOP//OMOP_CONCEPT//4176148,static_context,True,,OMOP_CONCEPT,4176148,428268007,Extradural intracranial hematoma,AMSTEL,itemid_valueid,high
MEASUREMENT_CATEGORICAL//18673//537,v10_medication_atc,OMOP//OMOP_CONCEPT//140352,static_context,True,,OMOP_CONCEPT,140352,91861009,"Acute myeloid leukemia, disease",AMSTEL,itemid_valueid,high
MEASUREMENT_CATEGORICAL//18673//542,v10_medication_atc,OMOP//OMOP_CONCEPT//4038838,static_context,True,,OMOP_CONCEPT,4038838,118601006,Non-Hodgkin's lymphoma (clinical),AMSTEL,itemid_valueid,high
MEASUREMENT_CATEGORICAL//18673//591,v10_medication_atc,OMOP//OMOP_CONCEPT//602985,static_context,True,,OMOP_CONCEPT,602985,1149322001,Intoxication,AMSTEL,itemid_valueid,high
MEASUREMENT_CATEGORICAL//6671//30,v10_medication_atc,OMOP//OMOP_CONCEPT//4095285,dynamic_event,True,,OMOP_CONCEPT,4095285,26141007,ST segment depression,AMSTEL,itemid_valueid,high
MEASUREMENT_CATEGORICAL//7432//4,v10_medication_atc,OMOP_CONCEPT//LOINC//3053213,dynamic_event,True,,LOINC,3053213,47938-6,3053213,AMSTEL,source_code,high
MEASUREMENT_CATEGORICAL//8647//3,v10_medication_atc,SNOMED//4044874,dynamic_event,True,,SNOMED,4044874,129113006,4044874,AMSTEL,source_code,high
MEASUREMENT_CATEGORICAL//8731//12,v10_medication_atc,OMOP//OMOP_CONCEPT//4283512,dynamic_event,True,,OMOP_CONCEPT,4283512,66480008,Structure of left forearm,AMSTEL,itemid_valueid,high
MEASUREMENT_CATEGORICAL//8732//12,v10_medication_atc,SNOMED//4085985,metadata_only,False,,SNOMED,4085985,246287001,4085985,AMSTEL,source_code,high
MEASUREMENT_CATEGORICAL//10466//4,v10_medication_atc,OMOP//OMOP_CONCEPT//44792789,metadata_only,False,,OMOP_CONCEPT,44792789,368271000000101,"Reformed Protestant, follower of religion",AMSTEL,itemid_valueid,low
MEASUREMENT_CATEGORICAL//10466//9,v10_medication_atc,OMOP//OMOP_CONCEPT//4213200,metadata_only,False,,OMOP_CONCEPT,4213200,80587008,"Jehovah's Witness, follower of religion",AMSTEL,itemid_valueid,low
MEASUREMENT_CATEGORICAL//10472//23,v10_medication_atc,SNOMED//44810687,outcome_metadata,False,,SNOMED,44810687,888671000000103,44810687,AMSTEL,source_code,high
MEASUREMENT_CATEGORICAL//12111//17,v10_medication_atc,LOINC//36203284,metadata_only,False,,LOINC,36203284,85432-3,36203284,AMSTEL,source_code,high
MEASUREMENT_CATEGORICAL//12111//3,v10_medication_atc,LOINC//36203284,metadata_only,False,,LOINC,36203284,85432-3,36203284,AMSTEL,source_code,high
MEASUREMENT_CATEGORICAL//12129//19,v10_medication_atc,LOINC//3046359,metadata_only,False,,LOINC,3046359,44767-2,3046359,AMSTEL,source_code,high
MEASUREMENT_CATEGORICAL//12290//11,v10_medication_atc,OMOP_CONCEPT//OMOP//3004921,dynamic_event,True,,OMOP,3004921,20124-4,ventilator_mode,BlendedICU,label_exact,high
MEASUREMENT_CATEGORICAL//12833//5,v10_medication_atc,OMOP//OMOP_CONCEPT//37156242,dynamic_event,True,,OMOP_CONCEPT,37156242,1163223009,Pressure injury stage IV,AMSTEL,itemid_valueid,high
MEASUREMENT_CATEGORICAL//13118//4,v10_medication_atc,OMOP//OMOP_CONCEPT//4000088,dynamic_event,True,,OMOP_CONCEPT,4000088,19262003,Repair of thoracic aortic aneurysm,AMSTEL,itemid_valueid,high
MEASUREMENT_CATEGORICAL//13138//2,v10_medication_atc,OMOP//OMOP_CONCEPT//4177206,dynamic_event,True,,OMOP_CONCEPT,4177206,428255004,Tubulointerstitial nephritis,AMSTEL,itemid_valueid,high
MEASUREMENT_CATEGORICAL//13145//5,v10_medication_atc,OMOP//OMOP_CONCEPT//4044013,dynamic_event,True,,OMOP_CONCEPT,4044013,129154003,Hematologic neoplasm,AMSTEL,itemid_valueid,high
MEASUREMENT_CATEGORICAL//16058//17,v10_medication_atc,OMOP//OMOP_CONCEPT//4105064,dynamic_event,True,,OMOP_CONCEPT,4105064,256913008,Serous,AMSTEL,itemid_valueid,high
MEASUREMENT_CATEGORICAL//16101//4,v10_medication_atc,OMOP//OMOP_CONCEPT//4006318,dynamic_event,True,,OMOP_CONCEPT,4006318,11140008,"Respiratory assist, manual",AMSTEL,itemid_valueid,high
MEASUREMENT_CATEGORICAL//16628//6,v10_medication_atc,OMOP_CONCEPT//LOINC//3026019,dynamic_event,True,,LOINC,3026019,11324-1,3026019,AMSTEL,source_code,high
MEASUREMENT_CATEGORICAL//16645//9,v10_medication_atc,OMOP//OMOP_CONCEPT//201965,dynamic_event,True,,OMOP_CONCEPT,201965,27942005,Shock,AMSTEL,itemid_valueid,high
MEASUREMENT_CATEGORICAL//16648//20,v10_medication_atc,OMOP//OMOP_CONCEPT//200588,dynamic_event,True,,OMOP_CONCEPT,200588,128069005,Injury of abdomen,AMSTEL,itemid_valueid,high
MEASUREMENT_CATEGORICAL//16663//10,v10_medication_atc,OMOP//OMOP_CONCEPT//376337,dynamic_event,True,,OMOP_CONCEPT,376337,118940003,Disorder of nervous system,AMSTEL,itemid_valueid,high
MEASUREMENT_CATEGORICAL//16673//12,v10_medication_atc,OMOP//OMOP_CONCEPT//258369,dynamic_event,True,,OMOP_CONCEPT,258369,93880001,Primary malignant neoplasm of lung,AMSTEL,itemid_valueid,high
MEASUREMENT_CATEGORICAL//16999//19,v10_medication_atc,OMOP//OMOP_CONCEPT//40483641,static_context,True,,OMOP_CONCEPT,40483641,443826006,Hemorrhage into peritoneal cavity,AMSTEL,itemid_valueid,high
MEASUREMENT_CATEGORICAL//17000//2,v10_medication_atc,OMOP//OMOP_CONCEPT//443929,static_context,True,,OMOP_CONCEPT,443929,47821001,Postpartum hemorrhage,AMSTEL,itemid_valueid,high
MEASUREMENT_CATEGORICAL//17008//24,v10_medication_atc,OMOP//OMOP_CONCEPT//4012185,static_context,True,,OMOP_CONCEPT,4012185,112802009,Cardiovascular surgical procedure,AMSTEL,itemid_valueid,high
MEASUREMENT_CATEGORICAL//17008//59,v10_medication_atc,OMOP//OMOP_CONCEPT//37395826,static_context,True,,OMOP_CONCEPT,37395826,715403006,Adult heart tumor,AMSTEL,itemid_valueid,high
MEASUREMENT_CATEGORICAL//17009//14,v10_medication_atc,OMOP//OMOP_CONCEPT//4042907,static_context,True,,OMOP_CONCEPT,4042907,16564004,"Hartmann operation, rectal resection",AMSTEL,itemid_valueid,high
MEASUREMENT_CATEGORICAL//17009//9,v10_medication_atc,OMOP//OMOP_CONCEPT//4030148,static_context,True,,OMOP_CONCEPT,4030148,107938000,Small intestine excision,AMSTEL,itemid_valueid,high
MEASUREMENT_CATEGORICAL//17013//1,v10_medication_atc,OMOP//OMOP_CONCEPT//4124836,static_context,True,,OMOP_CONCEPT,4124836,233958001,Peripheral ischemia,AMSTEL,itemid_valueid,high
MEASUREMENT_CATEGORICAL//17014//7,v10_medication_atc,OMOP//OMOP_CONCEPT//4041193,static_context,True,,OMOP_CONCEPT,4041193,16545005,Operation on nervous system,AMSTEL,itemid_valueid,high
MEASUREMENT_CATEGORICAL//17019//64,v10_medication_atc,OMOP//OMOP_CONCEPT//441589,static_context,True,,OMOP_CONCEPT,441589,56819008,Endocarditis,AMSTEL,itemid_valueid,high
MEASUREMENT_CATEGORICAL//17020//46,v10_medication_atc,OMOP//OMOP_CONCEPT//4192640,static_context,True,,OMOP_CONCEPT,4192640,75694006,Pancreatitis,AMSTEL,itemid_valueid,high
MEASUREMENT_CATEGORICAL//17022//25,v10_medication_atc,OMOP//OMOP_CONCEPT//4038838,static_context,True,,OMOP_CONCEPT,4038838,118601006,Non-Hodgkin's lymphoma (clinical),AMSTEL,itemid_valueid,high
MEASUREMENT_CATEGORICAL//17029//73,v10_medication_atc,OMOP//OMOP_CONCEPT//4095407,static_context,True,,OMOP_CONCEPT,4095407,26212005,Replacement of aortic valve,AMSTEL,itemid_valueid,high
MEASUREMENT_CATEGORICAL//17034//17,v10_medication_atc,OMOP//OMOP_CONCEPT//4010109,static_context,True,,OMOP_CONCEPT,4010109,112698002,Operation on joint,AMSTEL,itemid_valueid,high
MEASUREMENT_CATEGORICAL//18614//2,v10_medication_atc,OMOP//OMOP_CONCEPT//31821,static_context,True,,OMOP_CONCEPT,31821,362969004,Disorder of endocrine system,AMSTEL,itemid_valueid,high
MEASUREMENT_CATEGORICAL//18671//166,v10_medication_atc,OMOP//OMOP_CONCEPT//4190647,static_context,True,,OMOP_CONCEPT,4190647,415125002,Pneumocystosis pneumonia,AMSTEL,itemid_valueid,high
MEASUREMENT_CATEGORICAL//18671//43,v10_medication_atc,OMOP//OMOP_CONCEPT//4133004,static_context,True,,OMOP_CONCEPT,4133004,128053003,Deep venous thrombosis,AMSTEL,itemid_valueid,high
MEASUREMENT_CATEGORICAL//18671//65,v10_medication_atc,OMOP//OMOP_CONCEPT//40483641,static_context,True,,OMOP_CONCEPT,40483641,443826006,Hemorrhage into peritoneal cavity,AMSTEL,itemid_valueid,high
MEASUREMENT_CATEGORICAL//18671//72,v10_medication_atc,OMOP//OMOP_CONCEPT//443929,static_context,True,,OMOP_CONCEPT,443929,47821001,Postpartum hemorrhage,AMSTEL,itemid_valueid,high
MEASUREMENT_CATEGORICAL//18671//88,v10_medication_atc,OMOP//OMOP_CONCEPT//317510,static_context,True,,OMOP_CONCEPT,317510,93143009,Leukemia,AMSTEL,itemid_valueid,high
MEASUREMENT_CATEGORICAL//18673//470,v10_medication_atc,OMOP//OMOP_CONCEPT//441589,static_context,True,,OMOP_CONCEPT,441589,56819008,Endocarditis,AMSTEL,itemid_valueid,high
MEASUREMENT_CATEGORICAL//18673//575,v10_medication_atc,OMOP//OMOP_CONCEPT//378143,static_context,True,,OMOP_CONCEPT,378143,45170000,Encephalitis,AMSTEL,itemid_valueid,high
MEASUREMENT_CATEGORICAL//18673//810,v10_medication_atc,OMOP//OMOP_CONCEPT//4010109,static_context,True,,OMOP_CONCEPT,4010109,112698002,Operation on joint,AMSTEL,itemid_valueid,high
MEASUREMENT_CATEGORICAL//18673//882,v10_medication_atc,OMOP//OMOP_CONCEPT//133468,static_context,True,,OMOP_CONCEPT,133468,128605003,Disorder of limb,AMSTEL,itemid_valueid,high
MEASUREMENT_CATEGORICAL//6685//12,v10_medication_atc,OMOP_CONCEPT//LOINC//3004921,dynamic_event,True,,LOINC,3004921,20124-4,3004921,AMSTEL,source_code,high
MEASUREMENT_CATEGORICAL//8733//13,v10_medication_atc,SNOMED//4085985,metadata_only,False,,SNOMED,4085985,246287001,4085985,AMSTEL,source_code,high
MEASUREMENT_CATEGORICAL//10470//10,v10_medication_atc,SNOMED//763892,outcome_metadata,False,,SNOMED,763892,448271000124107,763892,AMSTEL,source_code,high
MEASUREMENT_CATEGORICAL//10472//32,v10_medication_atc,SNOMED//44810687,outcome_metadata,False,,SNOMED,44810687,888671000000103,44810687,AMSTEL,source_code,high
MEASUREMENT_CATEGORICAL//12111//4,v10_medication_atc,LOINC//36203284,metadata_only,False,,LOINC,36203284,85432-3,36203284,AMSTEL,source_code,high
MEASUREMENT_CATEGORICAL//12111//5,v10_medication_atc,LOINC//36203284,metadata_only,False,,LOINC,36203284,85432-3,36203284,AMSTEL,source_code,high
MEASUREMENT_CATEGORICAL//12498//1,v10_medication_atc,OMOP//OMOP_CONCEPT//9191,dynamic_event,True,,OMOP_CONCEPT,9191,10828004,Positive,AMSTEL,itemid_valueid,high
MEASUREMENT_CATEGORICAL//13119//5,v10_medication_atc,OMOP//OMOP_CONCEPT//40486150,dynamic_event,True,,OMOP_CONCEPT,40486150,449201002,Video assisted thoracoscopy,AMSTEL,itemid_valueid,high
MEASUREMENT_CATEGORICAL//14469//4,v10_medication_atc,SNOMED//37154585,dynamic_event,True,,SNOMED,37154585,1269557005,37154585,AMSTEL,source_code,high
MEASUREMENT_CATEGORICAL//16102//3,v10_medication_atc,SNOMED//321042,dynamic_event,True,,SNOMED,321042,410429000,321042,AMSTEL,source_code,high
MEASUREMENT_CATEGORICAL//16448//25,v10_medication_atc,SNOMED//4052413,dynamic_event/device_support,True,,SNOMED,4052413,233527006,4052413,AMSTEL,source_code,high
MEASUREMENT_CATEGORICAL//16645//10,v10_medication_atc,OMOP//OMOP_CONCEPT//320136,dynamic_event,True,,OMOP_CONCEPT,320136,50043002,Disorder of respiratory system,AMSTEL,itemid_valueid,high
MEASUREMENT_CATEGORICAL//16661//24,v10_medication_atc,OMOP//OMOP_CONCEPT//376713,dynamic_event,True,,OMOP_CONCEPT,376713,274100004,Cerebral hemorrhage,AMSTEL,itemid_valueid,high
MEASUREMENT_CATEGORICAL//16673//18,v10_medication_atc,OMOP//OMOP_CONCEPT//320136,dynamic_event,True,,OMOP_CONCEPT,320136,50043002,Disorder of respiratory system,AMSTEL,itemid_valueid,high
MEASUREMENT_CATEGORICAL//16993//1,v10_medication_atc,OMOP//OMOP_CONCEPT//8717,metadata_only,False,,OMOP_CONCEPT,8717,21,Inpatient Hospital,AMSTEL,itemid_valueid,high
MEASUREMENT_CATEGORICAL//17001//3,v10_medication_atc,OMOP//OMOP_CONCEPT//432585,static_context,True,,OMOP_CONCEPT,432585,64779008,Blood coagulation disorder,AMSTEL,itemid_valueid,high
MEASUREMENT_CATEGORICAL//17005//6,v10_medication_atc,OMOP//OMOP_CONCEPT//4178968,static_context,True,,OMOP_CONCEPT,4178968,363429002,Malignant tumor of larynx,AMSTEL,itemid_valueid,high
MEASUREMENT_CATEGORICAL//17007//17,v10_medication_atc,OMOP//OMOP_CONCEPT//440921,static_context,True,,OMOP_CONCEPT,440921,417746004,Traumatic injury,AMSTEL,itemid_valueid,high
MEASUREMENT_CATEGORICAL//17008//39,v10_medication_atc,OMOP//OMOP_CONCEPT//3654996,static_context,True,,OMOP_CONCEPT,3654996,840580004,Peripheral arterial disease,AMSTEL,itemid_valueid,high
MEASUREMENT_CATEGORICAL//17014//5,v10_medication_atc,OMOP//OMOP_CONCEPT//4176148,static_context,True,,OMOP_CONCEPT,4176148,428268007,Extradural intracranial hematoma,AMSTEL,itemid_valueid,high
MEASUREMENT_CATEGORICAL//17019//80,v10_medication_atc,OMOP//OMOP_CONCEPT//132797,static_context,True,,OMOP_CONCEPT,132797,91302008,Sepsis,AMSTEL,itemid_valueid,high
MEASUREMENT_CATEGORICAL//17023//22,v10_medication_atc,OMOP//OMOP_CONCEPT//24609,static_context,True,,OMOP_CONCEPT,24609,302866003,Hypoglycemia,AMSTEL,itemid_valueid,high
MEASUREMENT_CATEGORICAL//17025//34,v10_medication_atc,OMOP//OMOP_CONCEPT//378143,static_context,True,,OMOP_CONCEPT,378143,45170000,Encephalitis,AMSTEL,itemid_valueid,high
MEASUREMENT_CATEGORICAL//17026//40,v10_medication_atc,OMOP//OMOP_CONCEPT//4135466,static_context,True,,OMOP_CONCEPT,4135466,31892009,Hemothorax,AMSTEL,itemid_valueid,high
MEASUREMENT_CATEGORICAL//17026//50,v10_medication_atc,OMOP//OMOP_CONCEPT//253796,static_context,True,,OMOP_CONCEPT,253796,36118008,Pneumothorax,AMSTEL,itemid_valueid,high
MEASUREMENT_CATEGORICAL//17029//108,v10_medication_atc,OMOP//OMOP_CONCEPT//319843,static_context,True,,OMOP_CONCEPT,319843,11851006,Mitral valve disorder,AMSTEL,itemid_valueid,high
MEASUREMENT_CATEGORICAL//17029//77,v10_medication_atc,OMOP//OMOP_CONCEPT//317576,static_context,True,,OMOP_CONCEPT,317576,53741008,Coronary arteriosclerosis,AMSTEL,itemid_valueid,high
MEASUREMENT_CATEGORICAL//17037//16,v10_medication_atc,OMOP//OMOP_CONCEPT//37018761,static_context,True,,OMOP_CONCEPT,37018761,714153000,Chronic kidney disease stage 5 with transplant,AMSTEL,itemid_valueid,high
MEASUREMENT_CATEGORICAL//17038//50,v10_medication_atc,OMOP//OMOP_CONCEPT//133468,static_context,True,,OMOP_CONCEPT,133468,128605003,Disorder of limb,AMSTEL,itemid_valueid,high
MEASUREMENT_CATEGORICAL//18671//222,v10_medication_atc,OMOP//OMOP_CONCEPT//4138895,static_context,True,,OMOP_CONCEPT,4138895,426080002,Repair of left ventricular aneurysm,AMSTEL,itemid_valueid,high
MEASUREMENT_CATEGORICAL//18671//27,v10_medication_atc,OMOP//OMOP_CONCEPT//4124686,static_context,True,,OMOP_CONCEPT,4124686,233843008,Silent myocardial infarction,AMSTEL,itemid_valueid,high
MEASUREMENT_CATEGORICAL//18671//28,v10_medication_atc,OMOP//OMOP_CONCEPT//201965,static_context,True,,OMOP_CONCEPT,201965,27942005,Shock,AMSTEL,itemid_valueid,high
MEASUREMENT_CATEGORICAL//18671//333,v10_medication_atc,OMOP//OMOP_CONCEPT//194406,static_context,True,,OMOP_CONCEPT,194406,7163005,Urinary tract obstruction,AMSTEL,itemid_valueid,high
MEASUREMENT_CATEGORICAL//18671//340,v10_medication_atc,OMOP//OMOP_CONCEPT//4116087,static_context,True,,OMOP_CONCEPT,4116087,254900004,Carcinoma of prostate,AMSTEL,itemid_valueid,high
MEASUREMENT_CATEGORICAL//18671//354,v10_medication_atc,OMOP//OMOP_CONCEPT//4346395,static_context,True,,OMOP_CONCEPT,4346395,239278008,Operation on fracture,AMSTEL,itemid_valueid,high
MEASUREMENT_CATEGORICAL//18671//392,v10_medication_atc,OMOP//OMOP_CONCEPT//4134127,static_context,True,,OMOP_CONCEPT,4134127,128225009,Disorder of facial bone,AMSTEL,itemid_valueid,high
MEASUREMENT_CATEGORICAL//18671//42,v10_medication_atc,OMOP//OMOP_CONCEPT//318450,static_context,True,,OMOP_CONCEPT,318450,35304003,Cardiac tamponade,AMSTEL,itemid_valueid,high
MEASUREMENT_CATEGORICAL//18671//59,v10_medication_atc,OMOP//OMOP_CONCEPT//4029488,static_context,True,,OMOP_CONCEPT,4029488,13920009,Hepatic encephalopathy,AMSTEL,itemid_valueid,high
MEASUREMENT_CATEGORICAL//18671//97,v10_medication_atc,OMOP//OMOP_CONCEPT//4147719,static_context,True,,OMOP_CONCEPT,4147719,310505005,Hyperosmolar non-ketotic state due to diabetes mellitus,AMSTEL,itemid_valueid,high
MEASUREMENT_CATEGORICAL//18673//486,v10_medication_atc,OMOP//OMOP_CONCEPT//132797,static_context,True,,OMOP_CONCEPT,132797,91302008,Sepsis,AMSTEL,itemid_valueid,high
MEASUREMENT_CATEGORICAL//18673//520,v10_medication_atc,OMOP//OMOP_CONCEPT//4192640,static_context,True,,OMOP_CONCEPT,4192640,75694006,Pancreatitis,AMSTEL,itemid_valueid,high
MEASUREMENT_CATEGORICAL//18673//554,v10_medication_atc,OMOP//OMOP_CONCEPT//24609,static_context,True,,OMOP_CONCEPT,24609,302866003,Hypoglycemia,AMSTEL,itemid_valueid,high
MEASUREMENT_CATEGORICAL//18673//610,v10_medication_atc,OMOP//OMOP_CONCEPT//4135466,static_context,True,,OMOP_CONCEPT,4135466,31892009,Hemothorax,AMSTEL,itemid_valueid,high
MEASUREMENT_CATEGORICAL//18673//620,v10_medication_atc,OMOP//OMOP_CONCEPT//253796,static_context,True,,OMOP_CONCEPT,253796,36118008,Pneumothorax,AMSTEL,itemid_valueid,high
MEASUREMENT_CATEGORICAL//18673//686,v10_medication_atc,OMOP//OMOP_CONCEPT//317576,static_context,True,,OMOP_CONCEPT,317576,53741008,Coronary arteriosclerosis,AMSTEL,itemid_valueid,high
MEASUREMENT_CATEGORICAL//18673//717,v10_medication_atc,OMOP//OMOP_CONCEPT//319843,static_context,True,,OMOP_CONCEPT,319843,11851006,Mitral valve disorder,AMSTEL,itemid_valueid,high
MEASUREMENT_CATEGORICAL//18673//820,v10_medication_atc,OMOP//OMOP_CONCEPT//4138816,static_context,True,,OMOP_CONCEPT,4138816,32495000,Cranioplasty,AMSTEL,itemid_valueid,high
MEASUREMENT_CATEGORICAL//18673//860,v10_medication_atc,OMOP//OMOP_CONCEPT//37018761,static_context,True,,OMOP_CONCEPT,37018761,714153000,Chronic kidney disease stage 5 with transplant,AMSTEL,itemid_valueid,high
MEASUREMENT_CATEGORICAL//6658//4,v10_medication_atc,SNOMED//4044874,dynamic_event,True,,SNOMED,4044874,129113006,4044874,AMSTEL,source_code,high
MEASUREMENT_CATEGORICAL//7432//5,v10_medication_atc,OMOP_CONCEPT//LOINC//3053213,dynamic_event,True,,LOINC,3053213,47938-6,3053213,AMSTEL,source_code,high
MEASUREMENT_CATEGORICAL//9534//11,v10_medication_atc,OMOP_CONCEPT//LOINC//3004921,dynamic_event,True,,LOINC,3004921,20124-4,3004921,AMSTEL,source_code,high
MEASUREMENT_CATEGORICAL//10466//2,v10_medication_atc,OMOP//OMOP_CONCEPT//4203579,metadata_only,False,,OMOP_CONCEPT,4203579,309687009,"Buddhist, follower of religion",AMSTEL,itemid_valueid,low
MEASUREMENT_CATEGORICAL//12109//13,v10_medication_atc,LOINC//36203284,metadata_only,False,,LOINC,36203284,85432-3,36203284,AMSTEL,source_code,high
MEASUREMENT_CATEGORICAL//12109//26,v10_medication_atc,LOINC//36203284,metadata_only,False,,LOINC,36203284,85432-3,36203284,AMSTEL,source_code,high
MEASUREMENT_CATEGORICAL//12111//1,v10_medication_atc,LOINC//36203284,metadata_only,False,,LOINC,36203284,85432-3,36203284,AMSTEL,source_code,high
MEASUREMENT_CATEGORICAL//12132//6,v10_medication_atc,SNOMED//4152283,dynamic_event,True,,SNOMED,4152283,370157003,4152283,AMSTEL,source_code,high
MEASUREMENT_CATEGORICAL//12826//5,v10_medication_atc,OMOP//OMOP_CONCEPT//37156242,dynamic_event,True,,OMOP_CONCEPT,37156242,1163223009,Pressure injury stage IV,AMSTEL,itemid_valueid,high
MEASUREMENT_CATEGORICAL//13134//2,v10_medication_atc,OMOP//OMOP_CONCEPT//4195694,dynamic_event,True,,OMOP_CONCEPT,4195694,67782005,Acute respiratory distress syndrome,AMSTEL,itemid_valueid,high
MEASUREMENT_CATEGORICAL//16649//7,v10_medication_atc,OMOP//OMOP_CONCEPT//196653,dynamic_event,True,,OMOP_CONCEPT,196653,363518003,Malignant tumor of kidney,AMSTEL,itemid_valueid,high
MEASUREMENT_CATEGORICAL//16653//15,v10_medication_atc,OMOP//OMOP_CONCEPT//4023479,dynamic_event,True,,OMOP_CONCEPT,4023479,10633002,Acute congestive heart failure,AMSTEL,itemid_valueid,high
MEASUREMENT_CATEGORICAL//16659//8,v10_medication_atc,OMOP//OMOP_CONCEPT//198124,dynamic_event,True,,OMOP_CONCEPT,198124,90708001,Kidney disease,AMSTEL,itemid_valueid,high
MEASUREMENT_CATEGORICAL//16998//25,v10_medication_atc,OMOP//OMOP_CONCEPT//4145721,static_context,True,,OMOP_CONCEPT,4145721,307140009,Acute non-Q wave infarction,AMSTEL,itemid_valueid,high
MEASUREMENT_CATEGORICAL//17002//4,v10_medication_atc,OMOP//OMOP_CONCEPT//4147719,static_context,True,,OMOP_CONCEPT,4147719,310505005,Hyperosmolar non-ketotic state due to diabetes mellitus,AMSTEL,itemid_valueid,high
MEASUREMENT_CATEGORICAL//17007//16,v10_medication_atc,OMOP//OMOP_CONCEPT//133468,static_context,True,,OMOP_CONCEPT,133468,128605003,Disorder of limb,AMSTEL,itemid_valueid,high
MEASUREMENT_CATEGORICAL//17007//33,v10_medication_atc,OMOP//OMOP_CONCEPT//133468,static_context,True,,OMOP_CONCEPT,133468,128605003,Disorder of limb,AMSTEL,itemid_valueid,high
MEASUREMENT_CATEGORICAL//17007//34,v10_medication_atc,OMOP//OMOP_CONCEPT//4095850,static_context,True,,OMOP_CONCEPT,4095850,262521009,Spinal injury,AMSTEL,itemid_valueid,high
MEASUREMENT_CATEGORICAL//17009//18,v10_medication_atc,OMOP//OMOP_CONCEPT//4314251,static_context,True,,OMOP_CONCEPT,4314251,86481000,Laparotomy,AMSTEL,itemid_valueid,high
MEASUREMENT_CATEGORICAL//17010//19,v10_medication_atc,OMOP//OMOP_CONCEPT//194406,static_context,True,,OMOP_CONCEPT,194406,7163005,Urinary tract obstruction,AMSTEL,itemid_valueid,high
MEASUREMENT_CATEGORICAL//17013//4,v10_medication_atc,OMOP//OMOP_CONCEPT//4346395,static_context,True,,OMOP_CONCEPT,4346395,239278008,Operation on fracture,AMSTEL,itemid_valueid,high
MEASUREMENT_CATEGORICAL//17015//10,v10_medication_atc,OMOP//OMOP_CONCEPT//4073393,static_context,True,,OMOP_CONCEPT,4073393,177765008,Opening of chest,AMSTEL,itemid_valueid,high
MEASUREMENT_CATEGORICAL//17015//7,v10_medication_atc,OMOP//OMOP_CONCEPT//321483,static_context,True,,OMOP_CONCEPT,321483,62907002,Respiratory complication,AMSTEL,itemid_valueid,high
MEASUREMENT_CATEGORICAL//17017//26,v10_medication_atc,OMOP//OMOP_CONCEPT//375415,static_context,True,,OMOP_CONCEPT,375415,82271004,Injury of head,AMSTEL,itemid_valueid,high
MEASUREMENT_CATEGORICAL//17019//51,v10_medication_atc,OMOP//OMOP_CONCEPT//315296,static_context,True,,OMOP_CONCEPT,315296,4557003,Preinfarction syndrome,AMSTEL,itemid_valueid,high
MEASUREMENT_CATEGORICAL//17019//72,v10_medication_atc,OMOP//OMOP_CONCEPT//312327,static_context,True,,OMOP_CONCEPT,312327,57054005,Acute myocardial infarction,AMSTEL,itemid_valueid,high
MEASUREMENT_CATEGORICAL//17019//92,v10_medication_atc,OMOP//OMOP_CONCEPT//443784,static_context,True,,OMOP_CONCEPT,443784,27550009,Vascular disorder,AMSTEL,itemid_valueid,high
MEASUREMENT_CATEGORICAL//17021//16,v10_medication_atc,OMOP//OMOP_CONCEPT//4142194,static_context,True,,OMOP_CONCEPT,4142194,3321001,Renal abscess,AMSTEL,itemid_valueid,high
MEASUREMENT_CATEGORICAL//17023//23,v10_medication_atc,OMOP//OMOP_CONCEPT//435371,static_context,True,,OMOP_CONCEPT,435371,386689009,Hypothermia,AMSTEL,itemid_valueid,high
MEASUREMENT_CATEGORICAL//17025//51,v10_medication_atc,OMOP//OMOP_CONCEPT//4174619,static_context,True,,OMOP_CONCEPT,4174619,296015009,Sedative overdose,AMSTEL,itemid_valueid,high
MEASUREMENT_CATEGORICAL//17026//39,v10_medication_atc,OMOP//OMOP_CONCEPT//4301606,static_context,True,,OMOP_CONCEPT,4301606,78144005,Pulmonary hemorrhage,AMSTEL,itemid_valueid,high
MEASUREMENT_CATEGORICAL//17034//18,v10_medication_atc,OMOP//OMOP_CONCEPT//201093,static_context,True,,OMOP_CONCEPT,201093,19824006,Infection of skin and/or subcutaneous tissue,AMSTEL,itemid_valueid,high
MEASUREMENT_CATEGORICAL//18604//21,v10_medication_atc,OMOP//OMOP_CONCEPT//4148882,static_context,True,,OMOP_CONCEPT,4148882,355001,Hemorrhagic shock,AMSTEL,itemid_valueid,high
MEASUREMENT_CATEGORICAL//18612//16,v10_medication_atc,OMOP//OMOP_CONCEPT//4012185,static_context,True,,OMOP_CONCEPT,4012185,112802009,Cardiovascular surgical procedure,AMSTEL,itemid_valueid,high
MEASUREMENT_CATEGORICAL//18616//6,v10_medication_atc,OMOP//OMOP_CONCEPT//37018761,static_context,True,,OMOP_CONCEPT,37018761,714153000,Chronic kidney disease stage 5 with transplant,AMSTEL,itemid_valueid,high
MEASUREMENT_CATEGORICAL//18670//65,v10_medication_atc,OMOP//OMOP_CONCEPT//4012185,static_context,True,,OMOP_CONCEPT,4012185,112802009,Cardiovascular surgical procedure,AMSTEL,itemid_valueid,high
MEASUREMENT_CATEGORICAL//18670//73,v10_medication_atc,OMOP//OMOP_CONCEPT//37018761,static_context,True,,OMOP_CONCEPT,37018761,714153000,Chronic kidney disease stage 5 with transplant,AMSTEL,itemid_valueid,high
MEASUREMENT_CATEGORICAL//18670//93,v10_medication_atc,OMOP//OMOP_CONCEPT//4148882,static_context,True,,OMOP_CONCEPT,4148882,355001,Hemorrhagic shock,AMSTEL,itemid_valueid,high
MEASUREMENT_CATEGORICAL//18671//284,v10_medication_atc,OMOP//OMOP_CONCEPT//4198190,static_context,True,,OMOP_CONCEPT,4198190,80146002,Appendectomy,AMSTEL,itemid_valueid,high
MEASUREMENT_CATEGORICAL//18671//395,v10_medication_atc,OMOP//OMOP_CONCEPT//4073393,static_context,True,,OMOP_CONCEPT,4073393,177765008,Opening of chest,AMSTEL,itemid_valueid,high
MEASUREMENT_CATEGORICAL//18671//442,v10_medication_atc,OMOP//OMOP_CONCEPT//375415,static_context,True,,OMOP_CONCEPT,375415,82271004,Injury of head,AMSTEL,itemid_valueid,high
MEASUREMENT_CATEGORICAL//18671//62,v10_medication_atc,OMOP//OMOP_CONCEPT//4129389,static_context,True,,OMOP_CONCEPT,4129389,126765001,Gastrointestinal obstruction,AMSTEL,itemid_valueid,high
MEASUREMENT_CATEGORICAL//18671//89,v10_medication_atc,OMOP//OMOP_CONCEPT//4038835,static_context,True,,OMOP_CONCEPT,4038835,118599009,Hodgkin's disease (clinical),AMSTEL,itemid_valueid,high
MEASUREMENT_CATEGORICAL//18673//457,v10_medication_atc,OMOP//OMOP_CONCEPT//315296,static_context,True,,OMOP_CONCEPT,315296,4557003,Preinfarction syndrome,AMSTEL,itemid_valueid,high
MEASUREMENT_CATEGORICAL//18673//478,v10_medication_atc,OMOP//OMOP_CONCEPT//312327,static_context,True,,OMOP_CONCEPT,312327,57054005,Acute myocardial infarction,AMSTEL,itemid_valueid,high
MEASUREMENT_CATEGORICAL//18673//498,v10_medication_atc,OMOP//OMOP_CONCEPT//134057,static_context,True,,OMOP_CONCEPT,134057,49601007,Disorder of cardiovascular system,AMSTEL,itemid_valueid,high
MEASUREMENT_CATEGORICAL//18673//529,v10_medication_atc,OMOP//OMOP_CONCEPT//192964,static_context,True,,OMOP_CONCEPT,192964,129128006,Infectious disorder of kidney,AMSTEL,itemid_valueid,high
MEASUREMENT_CATEGORICAL//18673//555,v10_medication_atc,OMOP//OMOP_CONCEPT//435371,static_context,True,,OMOP_CONCEPT,435371,386689009,Hypothermia,AMSTEL,itemid_valueid,high
MEASUREMENT_CATEGORICAL//18673//609,v10_medication_atc,OMOP//OMOP_CONCEPT//4301606,static_context,True,,OMOP_CONCEPT,4301606,78144005,Pulmonary hemorrhage,AMSTEL,itemid_valueid,high
MEASUREMENT_CATEGORICAL//18673//693,v10_medication_atc,OMOP//OMOP_CONCEPT//317576,static_context,True,,OMOP_CONCEPT,317576,53741008,Coronary arteriosclerosis,AMSTEL,itemid_valueid,high
MEASUREMENT_CATEGORICAL//18673//811,v10_medication_atc,OMOP//OMOP_CONCEPT//4301351,static_context,True,,OMOP_CONCEPT,4301351,387713003,Surgical procedure,AMSTEL,itemid_valueid,high
MEASUREMENT_CATEGORICAL//10468//17,v10_medication_atc,SNOMED//4087925,dynamic_event,True,,SNOMED,4087925,186034007,4087925,AMSTEL,source_code,high
MEASUREMENT_CATEGORICAL//10470//9,v10_medication_atc,SNOMED//763892,outcome_metadata,False,,SNOMED,763892,448271000124107,763892,AMSTEL,source_code,high
MEASUREMENT_CATEGORICAL//12102//1,v10_medication_atc,OMOP_CONCEPT//LOINC//3003680,dynamic_event,True,,LOINC,3003680,8658-7,3003680,AMSTEL,source_code,high
MEASUREMENT_CATEGORICAL//12110//27,v10_medication_atc,LOINC//36203284,metadata_only,False,,LOINC,36203284,85432-3,36203284,AMSTEL,source_code,high
MEASUREMENT_CATEGORICAL//12111//16,v10_medication_atc,LOINC//36203284,metadata_only,False,,LOINC,36203284,85432-3,36203284,AMSTEL,source_code,high
MEASUREMENT_CATEGORICAL//12290//14,v10_medication_atc,OMOP_CONCEPT//OMOP//3004921,dynamic_event,True,,OMOP,3004921,20124-4,ventilator_mode,BlendedICU,label_exact,high
MEASUREMENT_CATEGORICAL//12499//1,v10_medication_atc,OMOP//OMOP_CONCEPT//9191,dynamic_event,True,,OMOP_CONCEPT,9191,10828004,Positive,AMSTEL,itemid_valueid,high
MEASUREMENT_CATEGORICAL//12622//1,v10_medication_atc,SNOMED//4302472,dynamic_event/device_support,True,,SNOMED,4302472,78763000,4302472,AMSTEL,source_code,high
MEASUREMENT_CATEGORICAL//13117//7,v10_medication_atc,OMOP//OMOP_CONCEPT//4108245,dynamic_event,True,,OMOP_CONCEPT,4108245,195114002,Acute left ventricular failure,AMSTEL,itemid_valueid,high
MEASUREMENT_CATEGORICAL//13123//2,v10_medication_atc,OMOP//OMOP_CONCEPT//31821,dynamic_event,True,,OMOP_CONCEPT,31821,362969004,Disorder of endocrine system,AMSTEL,itemid_valueid,high
MEASUREMENT_CATEGORICAL//13139//2,v10_medication_atc,OMOP//OMOP_CONCEPT//436093,dynamic_event,True,,OMOP_CONCEPT,436093,67406007,Disseminated intravascular coagulation,AMSTEL,itemid_valueid,high
MEASUREMENT_CATEGORICAL//14426//41,v10_medication_atc,OMOP_CONCEPT//LOINC//3021707,dynamic_event,True,,LOINC,3021707,9205-6,3021707,AMSTEL,source_code,high
MEASUREMENT_CATEGORICAL//16084//4,v10_medication_atc,OMOP//OMOP_CONCEPT//4103295,dynamic_event,True,,OMOP_CONCEPT,4103295,25569003,Ventricular tachycardia,AMSTEL,itemid_valueid,high
MEASUREMENT_CATEGORICAL//16602//2,v10_medication_atc,OMOP_CONCEPT//LOINC//40769732,dynamic_event,True,,LOINC,40769732,67098-4,40769732,AMSTEL,source_code,high
MEASUREMENT_CATEGORICAL//16649//8,v10_medication_atc,OMOP//OMOP_CONCEPT//198124,dynamic_event,True,,OMOP_CONCEPT,198124,90708001,Kidney disease,AMSTEL,itemid_valueid,high
MEASUREMENT_CATEGORICAL//16650//14,v10_medication_atc,OMOP//OMOP_CONCEPT//4332246,dynamic_event,True,,OMOP_CONCEPT,4332246,432119003,Aneurysm,AMSTEL,itemid_valueid,high
MEASUREMENT_CATEGORICAL//16653//14,v10_medication_atc,OMOP//OMOP_CONCEPT//132797,dynamic_event,True,,OMOP_CONCEPT,132797,91302008,Sepsis,AMSTEL,itemid_valueid,high
MEASUREMENT_CATEGORICAL//16653//17,v10_medication_atc,OMOP//OMOP_CONCEPT//44784217,dynamic_event,True,,OMOP_CONCEPT,44784217,698247007,Cardiac arrhythmia,AMSTEL,itemid_valueid,high
MEASUREMENT_CATEGORICAL//16661//17,v10_medication_atc,OMOP//OMOP_CONCEPT//4045469,dynamic_event,True,,OMOP_CONCEPT,4045469,230898002,Clipping of intracranial aneurysm,AMSTEL,itemid_valueid,high
MEASUREMENT_CATEGORICAL//16673//14,v10_medication_atc,OMOP//OMOP_CONCEPT//40486150,dynamic_event,True,,OMOP_CONCEPT,40486150,449201002,Video assisted thoracoscopy,AMSTEL,itemid_valueid,high
MEASUREMENT_CATEGORICAL//16998//42,v10_medication_atc,OMOP//OMOP_CONCEPT//318450,static_context,True,,OMOP_CONCEPT,318450,35304003,Cardiac tamponade,AMSTEL,itemid_valueid,high
MEASUREMENT_CATEGORICAL//16999//23,v10_medication_atc,OMOP//OMOP_CONCEPT//196152,static_context,True,,OMOP_CONCEPT,196152,48661000,Peritonitis,AMSTEL,itemid_valueid,high
MEASUREMENT_CATEGORICAL//17001//1,v10_medication_atc,OMOP//OMOP_CONCEPT//439777,static_context,True,,OMOP_CONCEPT,439777,271737000,Anemia,AMSTEL,itemid_valueid,high
MEASUREMENT_CATEGORICAL//17004//18,v10_medication_atc,OMOP//OMOP_CONCEPT//4048806,static_context,True,,OMOP_CONCEPT,4048806,230797001,Post-anoxic coma,AMSTEL,itemid_valueid,high
MEASUREMENT_CATEGORICAL//17005//15,v10_medication_atc,OMOP//OMOP_CONCEPT//439973,static_context,True,,OMOP_CONCEPT,439973,87970004,Nonfatal submersion,AMSTEL,itemid_valueid,high
MEASUREMENT_CATEGORICAL//17009//3,v10_medication_atc,OMOP//OMOP_CONCEPT//192671,static_context,True,,OMOP_CONCEPT,192671,74474003,Gastrointestinal hemorrhage,AMSTEL,itemid_valueid,high
MEASUREMENT_CATEGORICAL//17015//17,v10_medication_atc,OMOP//OMOP_CONCEPT//4073393,static_context,True,,OMOP_CONCEPT,4073393,177765008,Opening of chest,AMSTEL,itemid_valueid,high
MEASUREMENT_CATEGORICAL//17025//37,v10_medication_atc,OMOP//OMOP_CONCEPT//4176148,static_context,True,,OMOP_CONCEPT,4176148,428268007,Extradural intracranial hematoma,AMSTEL,itemid_valueid,high
MEASUREMENT_CATEGORICAL//17025//52,v10_medication_atc,OMOP//OMOP_CONCEPT//45769428,static_context,True,,OMOP_CONCEPT,45769428,708079007,Illicit drug overdose,AMSTEL,itemid_valueid,high
MEASUREMENT_CATEGORICAL//17029//84,v10_medication_atc,OMOP//OMOP_CONCEPT//317576,static_context,True,,OMOP_CONCEPT,317576,53741008,Coronary arteriosclerosis,AMSTEL,itemid_valueid,high
MEASUREMENT_CATEGORICAL//17029//95,v10_medication_atc,OMOP//OMOP_CONCEPT//321052,static_context,True,,OMOP_CONCEPT,321052,400047006,Peripheral vascular disease,AMSTEL,itemid_valueid,high
MEASUREMENT_CATEGORICAL//17029//97,v10_medication_atc,OMOP//OMOP_CONCEPT//3654996,static_context,True,,OMOP_CONCEPT,3654996,840580004,Peripheral arterial disease,AMSTEL,itemid_valueid,high
MEASUREMENT_CATEGORICAL//17030//36,v10_medication_atc,OMOP//OMOP_CONCEPT//192671,static_context,True,,OMOP_CONCEPT,192671,74474003,Gastrointestinal hemorrhage,AMSTEL,itemid_valueid,high
MEASUREMENT_CATEGORICAL//17035//35,v10_medication_atc,OMOP//OMOP_CONCEPT//4138816,static_context,True,,OMOP_CONCEPT,4138816,32495000,Cranioplasty,AMSTEL,itemid_valueid,high
MEASUREMENT_CATEGORICAL//17036//34,v10_medication_atc,OMOP//OMOP_CONCEPT//35610164,static_context,True,,OMOP_CONCEPT,35610164,1090231000000103,Malignant neoplasm of respiratory tract,AMSTEL,itemid_valueid,high
MEASUREMENT_CATEGORICAL//17038//44,v10_medication_atc,OMOP//OMOP_CONCEPT//133468,static_context,True,,OMOP_CONCEPT,133468,128605003,Disorder of limb,AMSTEL,itemid_valueid,high
MEASUREMENT_CATEGORICAL//18669//26,v10_medication_atc,OMOP//OMOP_CONCEPT//317109,static_context,True,,OMOP_CONCEPT,317109,87317003,Respiratory arrest,AMSTEL,itemid_valueid,high
MEASUREMENT_CATEGORICAL//18670//71,v10_medication_atc,OMOP//OMOP_CONCEPT//198124,static_context,True,,OMOP_CONCEPT,198124,90708001,Kidney disease,AMSTEL,itemid_valueid,high
MEASUREMENT_CATEGORICAL//18671//135,v10_medication_atc,OMOP//OMOP_CONCEPT//4048806,static_context,True,,OMOP_CONCEPT,4048806,230797001,Post-anoxic coma,AMSTEL,itemid_valueid,high
MEASUREMENT_CATEGORICAL//18671//160,v10_medication_atc,OMOP//OMOP_CONCEPT//439973,static_context,True,,OMOP_CONCEPT,439973,87970004,Nonfatal submersion,AMSTEL,itemid_valueid,high
MEASUREMENT_CATEGORICAL//18671//188,v10_medication_atc,OMOP//OMOP_CONCEPT//200588,static_context,True,,OMOP_CONCEPT,200588,128069005,Injury of abdomen,AMSTEL,itemid_valueid,high
MEASUREMENT_CATEGORICAL//18671//217,v10_medication_atc,OMOP//OMOP_CONCEPT//133468,static_context,True,,OMOP_CONCEPT,133468,128605003,Disorder of limb,AMSTEL,itemid_valueid,high
MEASUREMENT_CATEGORICAL//18671//232,v10_medication_atc,OMOP//OMOP_CONCEPT//4012932,static_context,True,,OMOP_CONCEPT,4012932,112811009,Atrioseptoplasty,AMSTEL,itemid_valueid,high
MEASUREMENT_CATEGORICAL//18671//387,v10_medication_atc,OMOP//OMOP_CONCEPT//317109,static_context,True,,OMOP_CONCEPT,317109,87317003,Respiratory arrest,AMSTEL,itemid_valueid,high
MEASUREMENT_CATEGORICAL//18671//80,v10_medication_atc,OMOP//OMOP_CONCEPT//439777,static_context,True,,OMOP_CONCEPT,439777,271737000,Anemia,AMSTEL,itemid_valueid,high
MEASUREMENT_CATEGORICAL//18673//578,v10_medication_atc,OMOP//OMOP_CONCEPT//4176148,static_context,True,,OMOP_CONCEPT,4176148,428268007,Extradural intracranial hematoma,AMSTEL,itemid_valueid,high
MEASUREMENT_CATEGORICAL//18673//587,v10_medication_atc,OMOP//OMOP_CONCEPT//4048806,static_context,True,,OMOP_CONCEPT,4048806,230797001,Post-anoxic coma,AMSTEL,itemid_valueid,high
MEASUREMENT_CATEGORICAL//18673//592,v10_medication_atc,OMOP//OMOP_CONCEPT//4174619,static_context,True,,OMOP_CONCEPT,4174619,296015009,Sedative overdose,AMSTEL,itemid_valueid,high
MEASUREMENT_CATEGORICAL//18673//593,v10_medication_atc,OMOP//OMOP_CONCEPT//45769428,static_context,True,,OMOP_CONCEPT,45769428,708079007,Illicit drug overdose,AMSTEL,itemid_valueid,high
MEASUREMENT_CATEGORICAL//18673//704,v10_medication_atc,OMOP//OMOP_CONCEPT//3654996,static_context,True,,OMOP_CONCEPT,3654996,840580004,Peripheral arterial disease,AMSTEL,itemid_valueid,high
MEASUREMENT_CATEGORICAL//18673//706,v10_medication_atc,OMOP//OMOP_CONCEPT//321887,static_context,True,,OMOP_CONCEPT,321887,359557001,Disorder of artery,AMSTEL,itemid_valueid,high
MEASUREMENT_CATEGORICAL//18673//736,v10_medication_atc,OMOP//OMOP_CONCEPT//4198190,static_context,True,,OMOP_CONCEPT,4198190,80146002,Appendectomy,AMSTEL,itemid_valueid,high
MEASUREMENT_CATEGORICAL//18673//738,v10_medication_atc,OMOP//OMOP_CONCEPT//192671,static_context,True,,OMOP_CONCEPT,192671,74474003,Gastrointestinal hemorrhage,AMSTEL,itemid_valueid,high
MEASUREMENT_CATEGORICAL//18673//852,v10_medication_atc,OMOP//OMOP_CONCEPT//4073393,static_context,True,,OMOP_CONCEPT,4073393,177765008,Opening of chest,AMSTEL,itemid_valueid,high
MEASUREMENT_CATEGORICAL//18673//876,v10_medication_atc,OMOP//OMOP_CONCEPT//133468,static_context,True,,OMOP_CONCEPT,133468,128605003,Disorder of limb,AMSTEL,itemid_valueid,high
MEASUREMENT_CATEGORICAL//20148//14,v10_medication_atc,OMOP//OMOP_CONCEPT//45881739,dynamic_event,True,,OMOP_CONCEPT,45881739,LA16474-1,Restless,AMSTEL,itemid_valueid,high
MEASUREMENT_CATEGORICAL//8200//6,v10_medication_atc,OMOP_CONCEPT//LOINC//1989388,dynamic_event,True,,LOINC,1989388,99684-3,1989388,AMSTEL,source_code,high
MEASUREMENT_CATEGORICAL//8663//3,v10_medication_atc,OMOP_CONCEPT//LOINC//3024265,dynamic_event,True,,LOINC,3024265,8327-9,3024265,AMSTEL,source_code,high
MEASUREMENT_CATEGORICAL//12110//24,v10_medication_atc,LOINC//36203284,metadata_only,False,,LOINC,36203284,85432-3,36203284,AMSTEL,source_code,high
MEASUREMENT_CATEGORICAL//12111//10,v10_medication_atc,LOINC//36203284,metadata_only,False,,LOINC,36203284,85432-3,36203284,AMSTEL,source_code,high
MEASUREMENT_CATEGORICAL//12512//1,v10_medication_atc,OMOP//OMOP_CONCEPT//45878583,dynamic_event,True,,OMOP_CONCEPT,45878583,LA6577-6,Negative,AMSTEL,itemid_valueid,high
MEASUREMENT_CATEGORICAL//12627//8,v10_medication_atc,OMOP_CONCEPT//LOINC//36305611,dynamic_event,True,,LOINC,36305611,89086-3,36305611,AMSTEL,source_code,high
MEASUREMENT_CATEGORICAL//13116//13,v10_medication_atc,OMOP//OMOP_CONCEPT//317576,dynamic_event,True,,OMOP_CONCEPT,317576,53741008,Coronary arteriosclerosis,AMSTEL,itemid_valueid,high
MEASUREMENT_CATEGORICAL//14427//23,v10_medication_atc,OMOP_CONCEPT//LOINC//3021707,dynamic_event,True,,LOINC,3021707,9205-6,3021707,AMSTEL,source_code,high
MEASUREMENT_CATEGORICAL//14427//25,v10_medication_atc,OMOP_CONCEPT//LOINC//3021707,dynamic_event,True,,LOINC,3021707,9205-6,3021707,AMSTEL,source_code,high
MEASUREMENT_CATEGORICAL//16059//21,v10_medication_atc,OMOP//OMOP_CONCEPT//4105064,dynamic_event,True,,OMOP_CONCEPT,4105064,256913008,Serous,AMSTEL,itemid_valueid,high
MEASUREMENT_CATEGORICAL//16448//10,v10_medication_atc,SNOMED//4052413,dynamic_event/device_support,True,,SNOMED,4052413,233527006,4052413,AMSTEL,source_code,high
MEASUREMENT_CATEGORICAL//16643//17,v10_medication_atc,OMOP//OMOP_CONCEPT//192671,dynamic_event,True,,OMOP_CONCEPT,192671,74474003,Gastrointestinal hemorrhage,AMSTEL,itemid_valueid,high
MEASUREMENT_CATEGORICAL//16656//7,v10_medication_atc,OMOP//OMOP_CONCEPT//443727,dynamic_event,True,,OMOP_CONCEPT,443727,420422005,Diabetic ketoacidosis,AMSTEL,itemid_valueid,high
MEASUREMENT_CATEGORICAL//16664//12,v10_medication_atc,OMOP//OMOP_CONCEPT//376337,dynamic_event,True,,OMOP_CONCEPT,376337,118940003,Disorder of nervous system,AMSTEL,itemid_valueid,high
MEASUREMENT_CATEGORICAL//16671//14,v10_medication_atc,OMOP//OMOP_CONCEPT//317576,dynamic_event,True,,OMOP_CONCEPT,317576,53741008,Coronary arteriosclerosis,AMSTEL,itemid_valueid,high
MEASUREMENT_CATEGORICAL//16999//16,v10_medication_atc,OMOP//OMOP_CONCEPT//4129389,static_context,True,,OMOP_CONCEPT,4129389,126765001,Gastrointestinal obstruction,AMSTEL,itemid_valueid,high
MEASUREMENT_CATEGORICAL//16999//18,v10_medication_atc,OMOP//OMOP_CONCEPT//4195665,static_context,True,,OMOP_CONCEPT,4195665,312607004,Gastrointestinal tract vascular insufficiency,AMSTEL,itemid_valueid,high
MEASUREMENT_CATEGORICAL//17001//7,v10_medication_atc,OMOP//OMOP_CONCEPT//138379,static_context,True,,OMOP_CONCEPT,138379,92814006,"Chronic lymphoid leukemia, disease",AMSTEL,itemid_valueid,high
MEASUREMENT_CATEGORICAL//17004//20,v10_medication_atc,OMOP//OMOP_CONCEPT//4166498,static_context,True,,OMOP_CONCEPT,4166498,295122008,Overdose of analgesic drug,AMSTEL,itemid_valueid,high
MEASUREMENT_CATEGORICAL//17008//47,v10_medication_atc,OMOP//OMOP_CONCEPT//4142628,static_context,True,,OMOP_CONCEPT,4142628,34646007,Pericardiectomy,AMSTEL,itemid_valueid,high
MEASUREMENT_CATEGORICAL//17009//1,v10_medication_atc,OMOP//OMOP_CONCEPT//4198190,static_context,True,,OMOP_CONCEPT,4198190,80146002,Appendectomy,AMSTEL,itemid_valueid,high
MEASUREMENT_CATEGORICAL//17013//7,v10_medication_atc,OMOP//OMOP_CONCEPT//4324765,static_context,True,,OMOP_CONCEPT,4324765,428724006,Arthropathy of knee joint,AMSTEL,itemid_valueid,high
MEASUREMENT_CATEGORICAL//17014//8,v10_medication_atc,OMOP//OMOP_CONCEPT//4311112,static_context,True,,OMOP_CONCEPT,4311112,85947008,Decompression of cranial nerve,AMSTEL,itemid_valueid,high
MEASUREMENT_CATEGORICAL//17017//12,v10_medication_atc,OMOP//OMOP_CONCEPT//4094683,static_context,True,,OMOP_CONCEPT,4094683,262525000,Chest injury,AMSTEL,itemid_valueid,high
MEASUREMENT_CATEGORICAL//17019//54,v10_medication_atc,OMOP//OMOP_CONCEPT//134057,static_context,True,,OMOP_CONCEPT,134057,49601007,Disorder of cardiovascular system,AMSTEL,itemid_valueid,high
MEASUREMENT_CATEGORICAL//17020//28,v10_medication_atc,OMOP//OMOP_CONCEPT//4338544,static_context,True,,OMOP_CONCEPT,4338544,87763006,Lower gastrointestinal hemorrhage,AMSTEL,itemid_valueid,high
MEASUREMENT_CATEGORICAL//17020//45,v10_medication_atc,OMOP//OMOP_CONCEPT//4074815,static_context,True,,OMOP_CONCEPT,4074815,24526004,Inflammatory bowel disease,AMSTEL,itemid_valueid,high
MEASUREMENT_CATEGORICAL//17021//18,v10_medication_atc,OMOP//OMOP_CONCEPT//194406,static_context,True,,OMOP_CONCEPT,194406,7163005,Urinary tract obstruction,AMSTEL,itemid_valueid,high
MEASUREMENT_CATEGORICAL//17022//19,v10_medication_atc,OMOP//OMOP_CONCEPT//134305,static_context,True,,OMOP_CONCEPT,134305,91857003,Acute lymphoid leukemia,AMSTEL,itemid_valueid,high
MEASUREMENT_CATEGORICAL//17025//47,v10_medication_atc,OMOP//OMOP_CONCEPT//607208,static_context,True,,OMOP_CONCEPT,607208,1149333003,Acute alcohol intoxication,AMSTEL,itemid_valueid,high
MEASUREMENT_CATEGORICAL//17026//33,v10_medication_atc,OMOP//OMOP_CONCEPT//4178968,static_context,True,,OMOP_CONCEPT,4178968,363429002,Malignant tumor of larynx,AMSTEL,itemid_valueid,high
MEASUREMENT_CATEGORICAL//17028//43,v10_medication_atc,OMOP//OMOP_CONCEPT//200588,static_context,True,,OMOP_CONCEPT,200588,128069005,Injury of abdomen,AMSTEL,itemid_valueid,high
MEASUREMENT_CATEGORICAL//17029//83,v10_medication_atc,OMOP//OMOP_CONCEPT//317576,static_context,True,,OMOP_CONCEPT,317576,53741008,Coronary arteriosclerosis,AMSTEL,itemid_valueid,high
MEASUREMENT_CATEGORICAL//17030//34,v10_medication_atc,OMOP//OMOP_CONCEPT//4198190,static_context,True,,OMOP_CONCEPT,4198190,80146002,Appendectomy,AMSTEL,itemid_valueid,high
MEASUREMENT_CATEGORICAL//17031//31,v10_medication_atc,OMOP//OMOP_CONCEPT//4029571,static_context,True,,OMOP_CONCEPT,4029571,108034003,Bladder excision,AMSTEL,itemid_valueid,high
MEASUREMENT_CATEGORICAL//17031//35,v10_medication_atc,OMOP//OMOP_CONCEPT//4040392,static_context,True,,OMOP_CONCEPT,4040392,118674002,Procedure on genitourinary system,AMSTEL,itemid_valueid,high
MEASUREMENT_CATEGORICAL//17034//11,v10_medication_atc,OMOP//OMOP_CONCEPT//40484119,static_context,True,,OMOP_CONCEPT,40484119,443928008,Necrotizing soft tissue infection,AMSTEL,itemid_valueid,high
MEASUREMENT_CATEGORICAL//17035//41,v10_medication_atc,OMOP//OMOP_CONCEPT//4108768,static_context,True,,OMOP_CONCEPT,4108768,283165009,Decompression laminectomy,AMSTEL,itemid_valueid,high
MEASUREMENT_CATEGORICAL//18616//4,v10_medication_atc,OMOP//OMOP_CONCEPT//198124,static_context,True,,OMOP_CONCEPT,198124,90708001,Kidney disease,AMSTEL,itemid_valueid,high
MEASUREMENT_CATEGORICAL//18671//137,v10_medication_atc,OMOP//OMOP_CONCEPT//4166498,static_context,True,,OMOP_CONCEPT,4166498,295122008,Overdose of analgesic drug,AMSTEL,itemid_valueid,high
MEASUREMENT_CATEGORICAL//18671//198,v10_medication_atc,OMOP//OMOP_CONCEPT//133468,static_context,True,,OMOP_CONCEPT,133468,128605003,Disorder of limb,AMSTEL,itemid_valueid,high
MEASUREMENT_CATEGORICAL//18671//267,v10_medication_atc,OMOP//OMOP_CONCEPT//4142628,static_context,True,,OMOP_CONCEPT,4142628,34646007,Pericardiectomy,AMSTEL,itemid_valueid,high
MEASUREMENT_CATEGORICAL//18671//300,v10_medication_atc,OMOP//OMOP_CONCEPT//4090739,static_context,True,,OMOP_CONCEPT,4090739,2492009,Nutritional disorder,AMSTEL,itemid_valueid,high
MEASUREMENT_CATEGORICAL//18671//326,v10_medication_atc,OMOP//OMOP_CONCEPT//197230,static_context,True,,OMOP_CONCEPT,197230,371973000,Malignant neoplasm of uterus,AMSTEL,itemid_valueid,high
MEASUREMENT_CATEGORICAL//18671//357,v10_medication_atc,OMOP//OMOP_CONCEPT//4324765,static_context,True,,OMOP_CONCEPT,4324765,428724006,Arthropathy of knee joint,AMSTEL,itemid_valueid,high
MEASUREMENT_CATEGORICAL//18671//367,v10_medication_atc,OMOP//OMOP_CONCEPT//4311112,static_context,True,,OMOP_CONCEPT,4311112,85947008,Decompression of cranial nerve,AMSTEL,itemid_valueid,high
MEASUREMENT_CATEGORICAL//18671//4,v10_medication_atc,OMOP//OMOP_CONCEPT//4119942,static_context,True,,OMOP_CONCEPT,4119942,233819005,Stable angina,AMSTEL,itemid_valueid,high
MEASUREMENT_CATEGORICAL//18671//56,v10_medication_atc,OMOP//OMOP_CONCEPT//443387,static_context,True,,OMOP_CONCEPT,443387,363349007,Malignant tumor of stomach,AMSTEL,itemid_valueid,high
MEASUREMENT_CATEGORICAL//18673//460,v10_medication_atc,OMOP//OMOP_CONCEPT//134057,static_context,True,,OMOP_CONCEPT,134057,49601007,Disorder of cardiovascular system,AMSTEL,itemid_valueid,high
MEASUREMENT_CATEGORICAL//18673//502,v10_medication_atc,OMOP//OMOP_CONCEPT//4338544,static_context,True,,OMOP_CONCEPT,4338544,87763006,Lower gastrointestinal hemorrhage,AMSTEL,itemid_valueid,high
MEASUREMENT_CATEGORICAL//18673//519,v10_medication_atc,OMOP//OMOP_CONCEPT//4074815,static_context,True,,OMOP_CONCEPT,4074815,24526004,Inflammatory bowel disease,AMSTEL,itemid_valueid,high
MEASUREMENT_CATEGORICAL//18673//531,v10_medication_atc,OMOP//OMOP_CONCEPT//4313582,static_context,True,,OMOP_CONCEPT,4313582,86249007,Obstructive nephropathy,AMSTEL,itemid_valueid,high
MEASUREMENT_CATEGORICAL//18673//597,v10_medication_atc,OMOP//OMOP_CONCEPT//4046365,static_context,True,,OMOP_CONCEPT,4046365,230719004,Subarachnoid hemorrhage due to ruptured aneurysm,AMSTEL,itemid_valueid,high
MEASUREMENT_CATEGORICAL//18673//603,v10_medication_atc,OMOP//OMOP_CONCEPT//4178968,static_context,True,,OMOP_CONCEPT,4178968,363429002,Malignant tumor of larynx,AMSTEL,itemid_valueid,high
MEASUREMENT_CATEGORICAL//18673//643,v10_medication_atc,OMOP//OMOP_CONCEPT//200588,static_context,True,,OMOP_CONCEPT,200588,128069005,Injury of abdomen,AMSTEL,itemid_valueid,high
MEASUREMENT_CATEGORICAL//18673//644,v10_medication_atc,OMOP//OMOP_CONCEPT//133468,static_context,True,,OMOP_CONCEPT,133468,128605003,Disorder of limb,AMSTEL,itemid_valueid,high
MEASUREMENT_CATEGORICAL//18673//692,v10_medication_atc,OMOP//OMOP_CONCEPT//317576,static_context,True,,OMOP_CONCEPT,317576,53741008,Coronary arteriosclerosis,AMSTEL,itemid_valueid,high
MEASUREMENT_CATEGORICAL//18673//745,v10_medication_atc,OMOP//OMOP_CONCEPT//4040299,static_context,True,,OMOP_CONCEPT,4040299,16453004,Operation on stomach,AMSTEL,itemid_valueid,high
MEASUREMENT_CATEGORICAL//18673//770,v10_medication_atc,OMOP//OMOP_CONCEPT//37167887,static_context,True,,OMOP_CONCEPT,37167887,1269101009,Maternal disorder during pregnancy,AMSTEL,itemid_valueid,high
MEASUREMENT_CATEGORICAL//18673//773,v10_medication_atc,OMOP//OMOP_CONCEPT//197508,static_context,True,,OMOP_CONCEPT,197508,399326009,Malignant tumor of urinary bladder,AMSTEL,itemid_valueid,high
MEASUREMENT_CATEGORICAL//18673//777,v10_medication_atc,OMOP//OMOP_CONCEPT//4040392,static_context,True,,OMOP_CONCEPT,4040392,118674002,Procedure on genitourinary system,AMSTEL,itemid_valueid,high
MEASUREMENT_CATEGORICAL//18673//792,v10_medication_atc,OMOP//OMOP_CONCEPT//4116087,static_context,True,,OMOP_CONCEPT,4116087,254900004,Carcinoma of prostate,AMSTEL,itemid_valueid,high
MEASUREMENT_CATEGORICAL//18673//804,v10_medication_atc,OMOP//OMOP_CONCEPT//4159949,static_context,True,,OMOP_CONCEPT,4159949,373351007,Surgical procedure on soft tissue,AMSTEL,itemid_valueid,high
MEASUREMENT_CATEGORICAL//18673//826,v10_medication_atc,OMOP//OMOP_CONCEPT//4108768,static_context,True,,OMOP_CONCEPT,4108768,283165009,Decompression laminectomy,AMSTEL,itemid_valueid,high
MEASUREMENT_CATEGORICAL//18673//887,v10_medication_atc,OMOP//OMOP_CONCEPT//375415,static_context,True,,OMOP_CONCEPT,375415,82271004,Injury of head,AMSTEL,itemid_valueid,high
MEASUREMENT_CATEGORICAL//8733//16,v10_medication_atc,SNOMED//4085985,metadata_only,False,,SNOMED,4085985,246287001,4085985,AMSTEL,source_code,high
MEASUREMENT_CATEGORICAL//10468//16,v10_medication_atc,SNOMED//4087925,dynamic_event,True,,SNOMED,4087925,186034007,4087925,AMSTEL,source_code,high
MEASUREMENT_CATEGORICAL//12101//3,v10_medication_atc,OMOP_CONCEPT//LOINC//3003680,dynamic_event,True,,LOINC,3003680,8658-7,3003680,AMSTEL,source_code,high
MEASUREMENT_CATEGORICAL//12109//24,v10_medication_atc,LOINC//36203284,metadata_only,False,,LOINC,36203284,85432-3,36203284,AMSTEL,source_code,high
MEASUREMENT_CATEGORICAL//12622//4,v10_medication_atc,SNOMED//4302472,dynamic_event/device_support,True,,SNOMED,4302472,78763000,4302472,AMSTEL,source_code,high
MEASUREMENT_CATEGORICAL//13122//5,v10_medication_atc,OMOP//OMOP_CONCEPT//4127554,dynamic_event,True,,OMOP_CONCEPT,4127554,236583003,Failed renal transplant,AMSTEL,itemid_valueid,high
MEASUREMENT_CATEGORICAL//13131//4,v10_medication_atc,OMOP//OMOP_CONCEPT//4063759,dynamic_event,True,,OMOP_CONCEPT,4063759,171713001,Evacuation of intracranial extradural hematoma,AMSTEL,itemid_valueid,high
MEASUREMENT_CATEGORICAL//13141//5,v10_medication_atc,OMOP//OMOP_CONCEPT//4301351,dynamic_event,True,,OMOP_CONCEPT,4301351,387713003,Surgical procedure,AMSTEL,itemid_valueid,high
MEASUREMENT_CATEGORICAL//14482//6,v10_medication_atc,OMOP_CONCEPT//LOINC//3026549,dynamic_event,True,,LOINC,3026549,11325-8,3026549,AMSTEL,source_code,high
MEASUREMENT_CATEGORICAL//16059//23,v10_medication_atc,OMOP//OMOP_CONCEPT//4116701,dynamic_event,True,,OMOP_CONCEPT,4116701,255345002,Hemorrhagic,AMSTEL,itemid_valueid,high
MEASUREMENT_CATEGORICAL//16102//5,v10_medication_atc,SNOMED//321042,dynamic_event,True,,SNOMED,321042,410429000,321042,AMSTEL,source_code,high
MEASUREMENT_CATEGORICAL//16448//21,v10_medication_atc,SNOMED//4052413,dynamic_event/device_support,True,,SNOMED,4052413,233527006,4052413,AMSTEL,source_code,high
MEASUREMENT_CATEGORICAL//16645//12,v10_medication_atc,OMOP//OMOP_CONCEPT//4298484,dynamic_event,True,,OMOP_CONCEPT,4298484,384685001,Operation on oral cavity,AMSTEL,itemid_valueid,high
MEASUREMENT_CATEGORICAL//16646//6,v10_medication_atc,OMOP//OMOP_CONCEPT//320136,dynamic_event,True,,OMOP_CONCEPT,320136,50043002,Disorder of respiratory system,AMSTEL,itemid_valueid,high
MEASUREMENT_CATEGORICAL//16648//21,v10_medication_atc,OMOP//OMOP_CONCEPT//200588,dynamic_event,True,,OMOP_CONCEPT,200588,128069005,Injury of abdomen,AMSTEL,itemid_valueid,high
MEASUREMENT_CATEGORICAL//16650//16,v10_medication_atc,OMOP//OMOP_CONCEPT//3654996,dynamic_event,True,,OMOP_CONCEPT,3654996,840580004,Peripheral arterial disease,AMSTEL,itemid_valueid,high
MEASUREMENT_CATEGORICAL//16653//19,v10_medication_atc,OMOP//OMOP_CONCEPT//316866,dynamic_event,True,,OMOP_CONCEPT,316866,38341003,Hypertensive disorder,AMSTEL,itemid_valueid,high
MEASUREMENT_CATEGORICAL//16655//9,v10_medication_atc,OMOP//OMOP_CONCEPT//132797,dynamic_event,True,,OMOP_CONCEPT,132797,91302008,Sepsis,AMSTEL,itemid_valueid,high
MEASUREMENT_CATEGORICAL//16658//14,v10_medication_atc,OMOP//OMOP_CONCEPT//4286507,dynamic_event,True,,OMOP_CONCEPT,4286507,68372009,Upper respiratory tract obstruction,AMSTEL,itemid_valueid,high
MEASUREMENT_CATEGORICAL//16660//10,v10_medication_atc,OMOP//OMOP_CONCEPT//40492356,dynamic_event,True,,OMOP_CONCEPT,40492356,447362004,Excision of meningioma by infratentorial approach,AMSTEL,itemid_valueid,high
MEASUREMENT_CATEGORICAL//16664//7,v10_medication_atc,OMOP//OMOP_CONCEPT//432923,dynamic_event,True,,OMOP_CONCEPT,432923,21454007,Subarachnoid hemorrhage,AMSTEL,itemid_valueid,high
MEASUREMENT_CATEGORICAL//16998//28,v10_medication_atc,OMOP//OMOP_CONCEPT//201965,static_context,True,,OMOP_CONCEPT,201965,27942005,Shock,AMSTEL,itemid_valueid,high
MEASUREMENT_CATEGORICAL//16998//4,v10_medication_atc,OMOP//OMOP_CONCEPT//321318,static_context,True,,OMOP_CONCEPT,321318,194828000,Angina pectoris,AMSTEL,itemid_valueid,high
MEASUREMENT_CATEGORICAL//16998//43,v10_medication_atc,OMOP//OMOP_CONCEPT//4133004,static_context,True,,OMOP_CONCEPT,4133004,128053003,Deep venous thrombosis,AMSTEL,itemid_valueid,high
MEASUREMENT_CATEGORICAL//16999//13,v10_medication_atc,OMOP//OMOP_CONCEPT//4029488,static_context,True,,OMOP_CONCEPT,4029488,13920009,Hepatic encephalopathy,AMSTEL,itemid_valueid,high
MEASUREMENT_CATEGORICAL//16999//21,v10_medication_atc,OMOP//OMOP_CONCEPT//4074815,static_context,True,,OMOP_CONCEPT,4074815,24526004,Inflammatory bowel disease,AMSTEL,itemid_valueid,high
MEASUREMENT_CATEGORICAL//17001//5,v10_medication_atc,OMOP//OMOP_CONCEPT//134305,static_context,True,,OMOP_CONCEPT,134305,91857003,Acute lymphoid leukemia,AMSTEL,itemid_valueid,high
MEASUREMENT_CATEGORICAL//17003//2,v10_medication_atc,OMOP//OMOP_CONCEPT//4167984,static_context,True,,OMOP_CONCEPT,4167984,48245008,Bacterial arthritis,AMSTEL,itemid_valueid,high
MEASUREMENT_CATEGORICAL//17007//25,v10_medication_atc,OMOP//OMOP_CONCEPT//375415,static_context,True,,OMOP_CONCEPT,375415,82271004,Injury of head,AMSTEL,itemid_valueid,high
MEASUREMENT_CATEGORICAL//17007//4,v10_medication_atc,OMOP//OMOP_CONCEPT//200588,static_context,True,,OMOP_CONCEPT,200588,128069005,Injury of abdomen,AMSTEL,itemid_valueid,high
MEASUREMENT_CATEGORICAL//17010//11,v10_medication_atc,OMOP//OMOP_CONCEPT//195500,static_context,True,,OMOP_CONCEPT,195500,92470003,Benign neoplasm of uterus,AMSTEL,itemid_valueid,high
MEASUREMENT_CATEGORICAL//17010//15,v10_medication_atc,OMOP//OMOP_CONCEPT//198124,static_context,True,,OMOP_CONCEPT,198124,90708001,Kidney disease,AMSTEL,itemid_valueid,high
MEASUREMENT_CATEGORICAL//17010//24,v10_medication_atc,OMOP//OMOP_CONCEPT//4116087,static_context,True,,OMOP_CONCEPT,4116087,254900004,Carcinoma of prostate,AMSTEL,itemid_valueid,high
MEASUREMENT_CATEGORICAL//17017//33,v10_medication_atc,OMOP//OMOP_CONCEPT//133468,static_context,True,,OMOP_CONCEPT,133468,128605003,Disorder of limb,AMSTEL,itemid_valueid,high
MEASUREMENT_CATEGORICAL//17017//5,v10_medication_atc,OMOP//OMOP_CONCEPT//200588,static_context,True,,OMOP_CONCEPT,200588,128069005,Injury of abdomen,AMSTEL,itemid_valueid,high
MEASUREMENT_CATEGORICAL//17019//67,v10_medication_atc,OMOP//OMOP_CONCEPT//45768449,static_context,True,,OMOP_CONCEPT,45768449,706882009,Hypertensive crisis,AMSTEL,itemid_valueid,high
MEASUREMENT_CATEGORICAL//17025//35,v10_medication_atc,OMOP//OMOP_CONCEPT//372887,static_context,True,,OMOP_CONCEPT,372887,81308009,Disorder of brain,AMSTEL,itemid_valueid,high
MEASUREMENT_CATEGORICAL//17025//46,v10_medication_atc,OMOP//OMOP_CONCEPT//4048806,static_context,True,,OMOP_CONCEPT,4048806,230797001,Post-anoxic coma,AMSTEL,itemid_valueid,high
MEASUREMENT_CATEGORICAL//17025//56,v10_medication_atc,OMOP//OMOP_CONCEPT//4046365,static_context,True,,OMOP_CONCEPT,4046365,230719004,Subarachnoid hemorrhage due to ruptured aneurysm,AMSTEL,itemid_valueid,high
MEASUREMENT_CATEGORICAL//17028//44,v10_medication_atc,OMOP//OMOP_CONCEPT//133468,static_context,True,,OMOP_CONCEPT,133468,128605003,Disorder of limb,AMSTEL,itemid_valueid,high
MEASUREMENT_CATEGORICAL//17028//57,v10_medication_atc,OMOP//OMOP_CONCEPT//375415,static_context,True,,OMOP_CONCEPT,375415,82271004,Injury of head,AMSTEL,itemid_valueid,high
MEASUREMENT_CATEGORICAL//17028//71,v10_medication_atc,OMOP//OMOP_CONCEPT//4095850,static_context,True,,OMOP_CONCEPT,4095850,262521009,Spinal injury,AMSTEL,itemid_valueid,high
MEASUREMENT_CATEGORICAL//17029//113,v10_medication_atc,OMOP//OMOP_CONCEPT//132797,static_context,True,,OMOP_CONCEPT,132797,91302008,Sepsis,AMSTEL,itemid_valueid,high
MEASUREMENT_CATEGORICAL//17029//72,v10_medication_atc,OMOP//OMOP_CONCEPT//4327488,static_context,True,,OMOP_CONCEPT,4327488,75087007,Repair of aneurysm,AMSTEL,itemid_valueid,high
MEASUREMENT_CATEGORICAL//17030//37,v10_medication_atc,OMOP//OMOP_CONCEPT//40485318,static_context,True,,OMOP_CONCEPT,40485318,442805003,Incision of stomach and suture of bleeding gastric ulcer,AMSTEL,itemid_valueid,high
MEASUREMENT_CATEGORICAL//17030//43,v10_medication_atc,OMOP//OMOP_CONCEPT//4040299,static_context,True,,OMOP_CONCEPT,4040299,16453004,Operation on stomach,AMSTEL,itemid_valueid,high
MEASUREMENT_CATEGORICAL//17031//28,v10_medication_atc,OMOP//OMOP_CONCEPT//37167887,static_context,True,,OMOP_CONCEPT,37167887,1269101009,Maternal disorder during pregnancy,AMSTEL,itemid_valueid,high
MEASUREMENT_CATEGORICAL//17031//50,v10_medication_atc,OMOP//OMOP_CONCEPT//4116087,static_context,True,,OMOP_CONCEPT,4116087,254900004,Carcinoma of prostate,AMSTEL,itemid_valueid,high
MEASUREMENT_CATEGORICAL//17035//27,v10_medication_atc,OMOP//OMOP_CONCEPT//4247297,static_context,True,,OMOP_CONCEPT,4247297,60404007,Cerebral abscess,AMSTEL,itemid_valueid,high
MEASUREMENT_CATEGORICAL//17038//55,v10_medication_atc,OMOP//OMOP_CONCEPT//375415,static_context,True,,OMOP_CONCEPT,375415,82271004,Injury of head,AMSTEL,itemid_valueid,high
MEASUREMENT_CATEGORICAL//18671//108,v10_medication_atc,OMOP//OMOP_CONCEPT//4167984,static_context,True,,OMOP_CONCEPT,4167984,48245008,Bacterial arthritis,AMSTEL,itemid_valueid,high
MEASUREMENT_CATEGORICAL//18671//250,v10_medication_atc,OMOP//OMOP_CONCEPT//3654996,static_context,True,,OMOP_CONCEPT,3654996,840580004,Peripheral arterial disease,AMSTEL,itemid_valueid,high
MEASUREMENT_CATEGORICAL//18671//327,v10_medication_atc,OMOP//OMOP_CONCEPT//195500,static_context,True,,OMOP_CONCEPT,195500,92470003,Benign neoplasm of uterus,AMSTEL,itemid_valueid,high
MEASUREMENT_CATEGORICAL//18671//365,v10_medication_atc,OMOP//OMOP_CONCEPT//4046448,static_context,True,,OMOP_CONCEPT,4046448,230744007,Cerebrospinal fluid leak,AMSTEL,itemid_valueid,high
MEASUREMENT_CATEGORICAL//18671//419,v10_medication_atc,OMOP//OMOP_CONCEPT//200588,static_context,True,,OMOP_CONCEPT,200588,128069005,Injury of abdomen,AMSTEL,itemid_valueid,high
MEASUREMENT_CATEGORICAL//18671//446,v10_medication_atc,OMOP//OMOP_CONCEPT//4096313,static_context,True,,OMOP_CONCEPT,4096313,262519004,Multiple injuries,AMSTEL,itemid_valueid,high
MEASUREMENT_CATEGORICAL//18671//64,v10_medication_atc,OMOP//OMOP_CONCEPT//4195665,static_context,True,,OMOP_CONCEPT,4195665,312607004,Gastrointestinal tract vascular insufficiency,AMSTEL,itemid_valueid,high
MEASUREMENT_CATEGORICAL//18671//67,v10_medication_atc,OMOP//OMOP_CONCEPT//4074815,static_context,True,,OMOP_CONCEPT,4074815,24526004,Inflammatory bowel disease,AMSTEL,itemid_valueid,high
MEASUREMENT_CATEGORICAL//18673//468,v10_medication_atc,OMOP//OMOP_CONCEPT//321710,static_context,True,,OMOP_CONCEPT,321710,17414004,Contusion to heart,AMSTEL,itemid_valueid,high
MEASUREMENT_CATEGORICAL//18673//473,v10_medication_atc,OMOP//OMOP_CONCEPT//45768449,static_context,True,,OMOP_CONCEPT,45768449,706882009,Hypertensive crisis,AMSTEL,itemid_valueid,high
MEASUREMENT_CATEGORICAL//18673//536,v10_medication_atc,OMOP//OMOP_CONCEPT//134305,static_context,True,,OMOP_CONCEPT,134305,91857003,Acute lymphoid leukemia,AMSTEL,itemid_valueid,high
MEASUREMENT_CATEGORICAL//18673//570,v10_medication_atc,OMOP//OMOP_CONCEPT//374335,static_context,True,,OMOP_CONCEPT,374335,192737006,Intracranial and intraspinal abscesses,AMSTEL,itemid_valueid,high
MEASUREMENT_CATEGORICAL//18673//576,v10_medication_atc,OMOP//OMOP_CONCEPT//372887,static_context,True,,OMOP_CONCEPT,372887,81308009,Disorder of brain,AMSTEL,itemid_valueid,high
MEASUREMENT_CATEGORICAL//18673//588,v10_medication_atc,OMOP//OMOP_CONCEPT//607208,static_context,True,,OMOP_CONCEPT,607208,1149333003,Acute alcohol intoxication,AMSTEL,itemid_valueid,high
MEASUREMENT_CATEGORICAL//18673//648,v10_medication_atc,OMOP//OMOP_CONCEPT//4094683,static_context,True,,OMOP_CONCEPT,4094683,262525000,Chest injury,AMSTEL,itemid_valueid,high
MEASUREMENT_CATEGORICAL//18673//657,v10_medication_atc,OMOP//OMOP_CONCEPT//375415,static_context,True,,OMOP_CONCEPT,375415,82271004,Injury of head,AMSTEL,itemid_valueid,high
MEASUREMENT_CATEGORICAL//18673//671,v10_medication_atc,OMOP//OMOP_CONCEPT//4095850,static_context,True,,OMOP_CONCEPT,4095850,262521009,Spinal injury,AMSTEL,itemid_valueid,high
MEASUREMENT_CATEGORICAL//18673//681,v10_medication_atc,OMOP//OMOP_CONCEPT//317585,static_context,True,,OMOP_CONCEPT,317585,67362008,Aortic aneurysm,AMSTEL,itemid_valueid,high
MEASUREMENT_CATEGORICAL//18673//722,v10_medication_atc,OMOP//OMOP_CONCEPT//132797,static_context,True,,OMOP_CONCEPT,132797,91302008,Sepsis,AMSTEL,itemid_valueid,high
MEASUREMENT_CATEGORICAL//18673//739,v10_medication_atc,OMOP//OMOP_CONCEPT//40485318,static_context,True,,OMOP_CONCEPT,40485318,442805003,Incision of stomach and suture of bleeding gastric ulcer,AMSTEL,itemid_valueid,high
MEASUREMENT_CATEGORICAL//18673//812,v10_medication_atc,OMOP//OMOP_CONCEPT//4257898,static_context,True,,OMOP_CONCEPT,4257898,440062005,Craniectomy with excision of brain abscess,AMSTEL,itemid_valueid,high
MEASUREMENT_CATEGORICAL//18673//845,v10_medication_atc,OMOP//OMOP_CONCEPT//4073393,static_context,True,,OMOP_CONCEPT,4073393,177765008,Opening of chest,AMSTEL,itemid_valueid,high
MEASUREMENT_CATEGORICAL//18673//853,v10_medication_atc,OMOP//OMOP_CONCEPT//320136,static_context,True,,OMOP_CONCEPT,320136,50043002,Disorder of respiratory system,AMSTEL,itemid_valueid,high
MEASUREMENT_CATEGORICAL//18673//875,v10_medication_atc,OMOP//OMOP_CONCEPT//200588,static_context,True,,OMOP_CONCEPT,200588,128069005,Injury of abdomen,AMSTEL,itemid_valueid,high
MEASUREMENT_CATEGORICAL//18673//884,v10_medication_atc,OMOP//OMOP_CONCEPT//133468,static_context,True,,OMOP_CONCEPT,133468,128605003,Disorder of limb,AMSTEL,itemid_valueid,high
MEASUREMENT_CATEGORICAL//18673//886,v10_medication_atc,OMOP//OMOP_CONCEPT//4096313,static_context,True,,OMOP_CONCEPT,4096313,262519004,Multiple injuries,AMSTEL,itemid_valueid,high
MEASUREMENT_CATEGORICAL//19288//3,v10_medication_atc,OMOP//OMOP_CONCEPT//45884091,dynamic_event,True,,OMOP_CONCEPT,45884091,LA11884-6,Indeterminate,AMSTEL,itemid_valueid,high
MEASUREMENT_CATEGORICAL//19291//12,v10_medication_atc,OMOP//OMOP_CONCEPT//45884091,dynamic_event,True,,OMOP_CONCEPT,45884091,LA11884-6,Indeterminate,AMSTEL,itemid_valueid,high
MEASUREMENT_CATEGORICAL//8733//19,v10_medication_atc,SNOMED//4085985,metadata_only,False,,SNOMED,4085985,246287001,4085985,AMSTEL,source_code,high
MEASUREMENT_CATEGORICAL//12101//2,v10_medication_atc,OMOP_CONCEPT//LOINC//3003680,dynamic_event,True,,LOINC,3003680,8658-7,3003680,AMSTEL,source_code,high
MEASUREMENT_CATEGORICAL//12108//1,v10_medication_atc,LOINC//36203284,metadata_only,False,,LOINC,36203284,85432-3,36203284,AMSTEL,source_code,high
MEASUREMENT_CATEGORICAL//12108//6,v10_medication_atc,LOINC//36203284,metadata_only,False,,LOINC,36203284,85432-3,36203284,AMSTEL,source_code,high
MEASUREMENT_CATEGORICAL//12109//22,v10_medication_atc,LOINC//36203284,metadata_only,False,,LOINC,36203284,85432-3,36203284,AMSTEL,source_code,high
MEASUREMENT_CATEGORICAL//12109//23,v10_medication_atc,LOINC//36203284,metadata_only,False,,LOINC,36203284,85432-3,36203284,AMSTEL,source_code,high
MEASUREMENT_CATEGORICAL//12110//12,v10_medication_atc,LOINC//36203284,metadata_only,False,,LOINC,36203284,85432-3,36203284,AMSTEL,source_code,high
MEASUREMENT_CATEGORICAL//12110//26,v10_medication_atc,LOINC//36203284,metadata_only,False,,LOINC,36203284,85432-3,36203284,AMSTEL,source_code,high
MEASUREMENT_CATEGORICAL//12111//18,v10_medication_atc,LOINC//36203284,metadata_only,False,,LOINC,36203284,85432-3,36203284,AMSTEL,source_code,high
MEASUREMENT_CATEGORICAL//12111//22,v10_medication_atc,LOINC//36203284,metadata_only,False,,LOINC,36203284,85432-3,36203284,AMSTEL,source_code,high
MEASUREMENT_CATEGORICAL//12111//26,v10_medication_atc,LOINC//36203284,metadata_only,False,,LOINC,36203284,85432-3,36203284,AMSTEL,source_code,high
MEASUREMENT_CATEGORICAL//12290//4,v10_medication_atc,OMOP_CONCEPT//OMOP//3004921,dynamic_event,True,,OMOP,3004921,20124-4,ventilator_mode,BlendedICU,label_exact,high
MEASUREMENT_CATEGORICAL//12515//2,v10_medication_atc,OMOP//OMOP_CONCEPT//4035566,dynamic_event,True,,OMOP_CONCEPT,4035566,117444000,Text value,AMSTEL,itemid_valueid,high
MEASUREMENT_CATEGORICAL//13119//7,v10_medication_atc,OMOP//OMOP_CONCEPT//40480201,dynamic_event,True,,OMOP_CONCEPT,40480201,444592004,Drainage of mediastinum,AMSTEL,itemid_valueid,high
MEASUREMENT_CATEGORICAL//13129//5,v10_medication_atc,OMOP//OMOP_CONCEPT//4103961,dynamic_event,True,,OMOP_CONCEPT,4103961,300009002,Removal of acoustic neuroma,AMSTEL,itemid_valueid,high
MEASUREMENT_CATEGORICAL//13141//2,v10_medication_atc,OMOP//OMOP_CONCEPT//317109,dynamic_event,True,,OMOP_CONCEPT,317109,87317003,Respiratory arrest,AMSTEL,itemid_valueid,high
MEASUREMENT_CATEGORICAL//14426//23,v10_medication_atc,OMOP_CONCEPT//LOINC//3021707,dynamic_event,True,,LOINC,3021707,9205-6,3021707,AMSTEL,source_code,high
MEASUREMENT_CATEGORICAL//14426//42,v10_medication_atc,OMOP_CONCEPT//LOINC//3021707,dynamic_event,True,,LOINC,3021707,9205-6,3021707,AMSTEL,source_code,high
MEASUREMENT_CATEGORICAL//14469//5,v10_medication_atc,SNOMED//37154585,dynamic_event,True,,SNOMED,37154585,1269557005,37154585,AMSTEL,source_code,high
MEASUREMENT_CATEGORICAL//14470//5,v10_medication_atc,OMOP_CONCEPT//LOINC//3026019,dynamic_event,True,,LOINC,3026019,11324-1,3026019,AMSTEL,source_code,high
MEASUREMENT_CATEGORICAL//14476//7,v10_medication_atc,OMOP_CONCEPT//LOINC//3026549,dynamic_event,True,,LOINC,3026549,11325-8,3026549,AMSTEL,source_code,high
MEASUREMENT_CATEGORICAL//14482//9,v10_medication_atc,OMOP_CONCEPT//LOINC//3026549,dynamic_event,True,,LOINC,3026549,11325-8,3026549,AMSTEL,source_code,high
MEASUREMENT_CATEGORICAL//16102//4,v10_medication_atc,SNOMED//321042,dynamic_event,True,,SNOMED,321042,410429000,321042,AMSTEL,source_code,high
MEASUREMENT_CATEGORICAL//16179//3,v10_medication_atc,SNOMED//604177,dynamic_event,True,,SNOMED,604177,69621000052107,604177,AMSTEL,source_code,high
MEASUREMENT_CATEGORICAL//16448//22,v10_medication_atc,SNOMED//4052413,dynamic_event/device_support,True,,SNOMED,4052413,233527006,4052413,AMSTEL,source_code,high
MEASUREMENT_CATEGORICAL//16604//8,v10_medication_atc,SNOMED//4206625,dynamic_event,True,,SNOMED,4206625,56027003,4206625,AMSTEL,source_code,high
MEASUREMENT_CATEGORICAL//16648//22,v10_medication_atc,OMOP//OMOP_CONCEPT//4095850,dynamic_event,True,,OMOP_CONCEPT,4095850,262521009,Spinal injury,AMSTEL,itemid_valueid,high
MEASUREMENT_CATEGORICAL//16653//21,v10_medication_atc,OMOP//OMOP_CONCEPT//134057,dynamic_event,True,,OMOP_CONCEPT,134057,49601007,Disorder of cardiovascular system,AMSTEL,itemid_valueid,high
MEASUREMENT_CATEGORICAL//16655//12,v10_medication_atc,OMOP//OMOP_CONCEPT//432250,dynamic_event,True,,OMOP_CONCEPT,432250,40733004,Infectious disease,AMSTEL,itemid_valueid,high
MEASUREMENT_CATEGORICAL//16658//20,v10_medication_atc,OMOP//OMOP_CONCEPT//257004,dynamic_event,True,,OMOP_CONCEPT,257004,195951007,Acute exacerbation of chronic obstructive airways disease,AMSTEL,itemid_valueid,high
MEASUREMENT_CATEGORICAL//16662//6,v10_medication_atc,OMOP//OMOP_CONCEPT//4138816,dynamic_event,True,,OMOP_CONCEPT,4138816,32495000,Cranioplasty,AMSTEL,itemid_valueid,high
MEASUREMENT_CATEGORICAL//16998//27,v10_medication_atc,OMOP//OMOP_CONCEPT//4124686,static_context,True,,OMOP_CONCEPT,4124686,233843008,Silent myocardial infarction,AMSTEL,itemid_valueid,high
MEASUREMENT_CATEGORICAL//16998//29,v10_medication_atc,OMOP//OMOP_CONCEPT//4141491,static_context,True,,OMOP_CONCEPT,4141491,266250003,Mitral papillary muscle rupture,AMSTEL,itemid_valueid,high
MEASUREMENT_CATEGORICAL//16999//10,v10_medication_atc,OMOP//OMOP_CONCEPT//443387,static_context,True,,OMOP_CONCEPT,443387,363349007,Malignant tumor of stomach,AMSTEL,itemid_valueid,high
MEASUREMENT_CATEGORICAL//17000//5,v10_medication_atc,OMOP//OMOP_CONCEPT//42538557,static_context,True,,OMOP_CONCEPT,42538557,762288006,Neonatal hemorrhage of kidney,AMSTEL,itemid_valueid,high
MEASUREMENT_CATEGORICAL//17001//12,v10_medication_atc,OMOP//OMOP_CONCEPT//320073,static_context,True,,OMOP_CONCEPT,320073,165517008,Neutropenia,AMSTEL,itemid_valueid,high
MEASUREMENT_CATEGORICAL//17001//9,v10_medication_atc,OMOP//OMOP_CONCEPT//317510,static_context,True,,OMOP_CONCEPT,317510,93143009,Leukemia,AMSTEL,itemid_valueid,high
MEASUREMENT_CATEGORICAL//17007//14,v10_medication_atc,OMOP//OMOP_CONCEPT//133468,static_context,True,,OMOP_CONCEPT,133468,128605003,Disorder of limb,AMSTEL,itemid_valueid,high
MEASUREMENT_CATEGORICAL//17008//12,v10_medication_atc,OMOP//OMOP_CONCEPT//4012932,static_context,True,,OMOP_CONCEPT,4012932,112811009,Atrioseptoplasty,AMSTEL,itemid_valueid,high
MEASUREMENT_CATEGORICAL//17008//15,v10_medication_atc,OMOP//OMOP_CONCEPT//317576,static_context,True,,OMOP_CONCEPT,317576,53741008,Coronary arteriosclerosis,AMSTEL,itemid_valueid,high
MEASUREMENT_CATEGORICAL//17008//2,v10_medication_atc,OMOP//OMOP_CONCEPT//4138895,static_context,True,,OMOP_CONCEPT,4138895,426080002,Repair of left ventricular aneurysm,AMSTEL,itemid_valueid,high
MEASUREMENT_CATEGORICAL//17008//38,v10_medication_atc,OMOP//OMOP_CONCEPT//3654996,static_context,True,,OMOP_CONCEPT,3654996,840580004,Peripheral arterial disease,AMSTEL,itemid_valueid,high
MEASUREMENT_CATEGORICAL//17010//10,v10_medication_atc,OMOP//OMOP_CONCEPT//197230,static_context,True,,OMOP_CONCEPT,197230,371973000,Malignant neoplasm of uterus,AMSTEL,itemid_valueid,high
MEASUREMENT_CATEGORICAL//17013//3,v10_medication_atc,OMOP//OMOP_CONCEPT//37110585,static_context,True,,OMOP_CONCEPT,37110585,724867005,Complication due to and following cosmetic surgery,AMSTEL,itemid_valueid,high
MEASUREMENT_CATEGORICAL//17014//6,v10_medication_atc,OMOP//OMOP_CONCEPT//4046448,static_context,True,,OMOP_CONCEPT,4046448,230744007,Cerebrospinal fluid leak,AMSTEL,itemid_valueid,high
MEASUREMENT_CATEGORICAL//17015//1,v10_medication_atc,OMOP//OMOP_CONCEPT//4307240,static_context,True,,OMOP_CONCEPT,4307240,8335001,Uvulopalatopharyngoplasty,AMSTEL,itemid_valueid,high
MEASUREMENT_CATEGORICAL//17015//2,v10_medication_atc,OMOP//OMOP_CONCEPT//317109,static_context,True,,OMOP_CONCEPT,317109,87317003,Respiratory arrest,AMSTEL,itemid_valueid,high
MEASUREMENT_CATEGORICAL//17017//20,v10_medication_atc,OMOP//OMOP_CONCEPT//200588,static_context,True,,OMOP_CONCEPT,200588,128069005,Injury of abdomen,AMSTEL,itemid_valueid,high
MEASUREMENT_CATEGORICAL//17017//30,v10_medication_atc,OMOP//OMOP_CONCEPT//4096313,static_context,True,,OMOP_CONCEPT,4096313,262519004,Multiple injuries,AMSTEL,itemid_valueid,high
MEASUREMENT_CATEGORICAL//17019//62,v10_medication_atc,OMOP//OMOP_CONCEPT//321710,static_context,True,,OMOP_CONCEPT,321710,17414004,Contusion to heart,AMSTEL,itemid_valueid,high
MEASUREMENT_CATEGORICAL//17019//68,v10_medication_atc,OMOP//OMOP_CONCEPT//37311319,static_context,True,,OMOP_CONCEPT,37311319,816082000,Hypovolemia,AMSTEL,itemid_valueid,high
MEASUREMENT_CATEGORICAL//17019//90,v10_medication_atc,OMOP//OMOP_CONCEPT//4278217,static_context,True,,OMOP_CONCEPT,4278217,65198009,Arterial thrombosis,AMSTEL,itemid_valueid,high
MEASUREMENT_CATEGORICAL//17020//27,v10_medication_atc,OMOP//OMOP_CONCEPT//192671,static_context,True,,OMOP_CONCEPT,192671,74474003,Gastrointestinal hemorrhage,AMSTEL,itemid_valueid,high
MEASUREMENT_CATEGORICAL//17020//31,v10_medication_atc,OMOP//OMOP_CONCEPT//4181343,static_context,True,,OMOP_CONCEPT,4181343,363402007,Malignant tumor of esophagus,AMSTEL,itemid_valueid,high
MEASUREMENT_CATEGORICAL//17020//42,v10_medication_atc,OMOP//OMOP_CONCEPT//4195665,static_context,True,,OMOP_CONCEPT,4195665,312607004,Gastrointestinal tract vascular insufficiency,AMSTEL,itemid_valueid,high
MEASUREMENT_CATEGORICAL//17023//24,v10_medication_atc,OMOP//OMOP_CONCEPT//4182596,static_context,True,,OMOP_CONCEPT,4182596,43153006,Myxedema,AMSTEL,itemid_valueid,high
MEASUREMENT_CATEGORICAL//17024//18,v10_medication_atc,OMOP//OMOP_CONCEPT//4244662,static_context,True,,OMOP_CONCEPT,4244662,928000,Disorder of musculoskeletal system,AMSTEL,itemid_valueid,high
MEASUREMENT_CATEGORICAL//17025//29,v10_medication_atc,OMOP//OMOP_CONCEPT//4247297,static_context,True,,OMOP_CONCEPT,4247297,60404007,Cerebral abscess,AMSTEL,itemid_valueid,high
MEASUREMENT_CATEGORICAL//17025//36,v10_medication_atc,OMOP//OMOP_CONCEPT//4164770,static_context,True,,OMOP_CONCEPT,4164770,40956001,Guillain-Barré syndrome,AMSTEL,itemid_valueid,high
MEASUREMENT_CATEGORICAL//17025//45,v10_medication_atc,OMOP//OMOP_CONCEPT//44812002,static_context,True,,OMOP_CONCEPT,44812002,909621000000100,Neuromuscular disorder,AMSTEL,itemid_valueid,high
MEASUREMENT_CATEGORICAL//17028//48,v10_medication_atc,OMOP//OMOP_CONCEPT//4094683,static_context,True,,OMOP_CONCEPT,4094683,262525000,Chest injury,AMSTEL,itemid_valueid,high
MEASUREMENT_CATEGORICAL//17029//87,v10_medication_atc,OMOP//OMOP_CONCEPT//4012185,static_context,True,,OMOP_CONCEPT,4012185,112802009,Cardiovascular surgical procedure,AMSTEL,itemid_valueid,high
MEASUREMENT_CATEGORICAL//17029//89,v10_medication_atc,OMOP//OMOP_CONCEPT//4148948,static_context,True,,OMOP_CONCEPT,4148948,30904006,Vascular surgery procedure,AMSTEL,itemid_valueid,high
MEASUREMENT_CATEGORICAL//17033//9,v10_medication_atc,OMOP//OMOP_CONCEPT//141253,static_context,True,,OMOP_CONCEPT,141253,14304000,Disorder of thyroid gland,AMSTEL,itemid_valueid,high
MEASUREMENT_CATEGORICAL//17035//31,v10_medication_atc,OMOP//OMOP_CONCEPT//4176148,static_context,True,,OMOP_CONCEPT,4176148,428268007,Extradural intracranial hematoma,AMSTEL,itemid_valueid,high
MEASUREMENT_CATEGORICAL//17035//43,v10_medication_atc,OMOP//OMOP_CONCEPT//4130040,static_context,True,,OMOP_CONCEPT,4130040,126962006,Neoplasm of spinal cord,AMSTEL,itemid_valueid,high
MEASUREMENT_CATEGORICAL//17035//52,v10_medication_atc,OMOP//OMOP_CONCEPT//4122291,static_context,True,,OMOP_CONCEPT,4122291,287218009,Cranial ventriculostomy,AMSTEL,itemid_valueid,high
MEASUREMENT_CATEGORICAL//17036//27,v10_medication_atc,OMOP//OMOP_CONCEPT//257010,static_context,True,,OMOP_CONCEPT,257010,73452002,Abscess of lung,AMSTEL,itemid_valueid,high
MEASUREMENT_CATEGORICAL//17038//43,v10_medication_atc,OMOP//OMOP_CONCEPT//200588,static_context,True,,OMOP_CONCEPT,200588,128069005,Injury of abdomen,AMSTEL,itemid_valueid,high
MEASUREMENT_CATEGORICAL//17038//52,v10_medication_atc,OMOP//OMOP_CONCEPT//133468,static_context,True,,OMOP_CONCEPT,133468,128605003,Disorder of limb,AMSTEL,itemid_valueid,high
MEASUREMENT_CATEGORICAL//18602//4,v10_medication_atc,OMOP//OMOP_CONCEPT//317109,static_context,True,,OMOP_CONCEPT,317109,87317003,Respiratory arrest,AMSTEL,itemid_valueid,high
MEASUREMENT_CATEGORICAL//18610//16,v10_medication_atc,OMOP//OMOP_CONCEPT//317009,static_context,True,,OMOP_CONCEPT,317009,195967001,Asthma,AMSTEL,itemid_valueid,high
MEASUREMENT_CATEGORICAL//18670//112,v10_medication_atc,OMOP//OMOP_CONCEPT//257581,static_context,True,,OMOP_CONCEPT,257581,281239006,Acute asthma,AMSTEL,itemid_valueid,high
MEASUREMENT_CATEGORICAL//18670//70,v10_medication_atc,OMOP//OMOP_CONCEPT//4044013,static_context,True,,OMOP_CONCEPT,4044013,129154003,Hematologic neoplasm,AMSTEL,itemid_valueid,high
MEASUREMENT_CATEGORICAL//18671//258,v10_medication_atc,OMOP//OMOP_CONCEPT//3654996,static_context,True,,OMOP_CONCEPT,3654996,840580004,Peripheral arterial disease,AMSTEL,itemid_valueid,high
MEASUREMENT_CATEGORICAL//18671//29,v10_medication_atc,OMOP//OMOP_CONCEPT//4141491,static_context,True,,OMOP_CONCEPT,4141491,266250003,Mitral papillary muscle rupture,AMSTEL,itemid_valueid,high
MEASUREMENT_CATEGORICAL//18671//353,v10_medication_atc,OMOP//OMOP_CONCEPT//4207050,static_context,True,,OMOP_CONCEPT,4207050,56306000,Cosmetic surgery,AMSTEL,itemid_valueid,high
MEASUREMENT_CATEGORICAL//18671//386,v10_medication_atc,OMOP//OMOP_CONCEPT//4307240,static_context,True,,OMOP_CONCEPT,4307240,8335001,Uvulopalatopharyngoplasty,AMSTEL,itemid_valueid,high
MEASUREMENT_CATEGORICAL//18671//54,v10_medication_atc,OMOP//OMOP_CONCEPT//4130373,static_context,True,,OMOP_CONCEPT,4130373,126768004,Neoplasm of gastrointestinal tract,AMSTEL,itemid_valueid,high
MEASUREMENT_CATEGORICAL//18671//75,v10_medication_atc,OMOP//OMOP_CONCEPT//4316366,static_context,True,,OMOP_CONCEPT,4316366,95571006,Hemorrhage of kidney,AMSTEL,itemid_valueid,high
MEASUREMENT_CATEGORICAL//18673//456,v10_medication_atc,OMOP//OMOP_CONCEPT//4119942,static_context,True,,OMOP_CONCEPT,4119942,233819005,Stable angina,AMSTEL,itemid_valueid,high
MEASUREMENT_CATEGORICAL//18673//474,v10_medication_atc,OMOP//OMOP_CONCEPT//37311319,static_context,True,,OMOP_CONCEPT,37311319,816082000,Hypovolemia,AMSTEL,itemid_valueid,high
MEASUREMENT_CATEGORICAL//18673//496,v10_medication_atc,OMOP//OMOP_CONCEPT//4278217,static_context,True,,OMOP_CONCEPT,4278217,65198009,Arterial thrombosis,AMSTEL,itemid_valueid,high
MEASUREMENT_CATEGORICAL//18673//501,v10_medication_atc,OMOP//OMOP_CONCEPT//192671,static_context,True,,OMOP_CONCEPT,192671,74474003,Gastrointestinal hemorrhage,AMSTEL,itemid_valueid,high
MEASUREMENT_CATEGORICAL//18673//504,v10_medication_atc,OMOP//OMOP_CONCEPT//37168850,static_context,True,,OMOP_CONCEPT,37168850,1286877004,Colorectal cancer,AMSTEL,itemid_valueid,high
MEASUREMENT_CATEGORICAL//18673//505,v10_medication_atc,OMOP//OMOP_CONCEPT//4181343,static_context,True,,OMOP_CONCEPT,4181343,363402007,Malignant tumor of esophagus,AMSTEL,itemid_valueid,high
MEASUREMENT_CATEGORICAL//18673//511,v10_medication_atc,OMOP//OMOP_CONCEPT//4029488,static_context,True,,OMOP_CONCEPT,4029488,13920009,Hepatic encephalopathy,AMSTEL,itemid_valueid,high
MEASUREMENT_CATEGORICAL//18673//516,v10_medication_atc,OMOP//OMOP_CONCEPT//4195665,static_context,True,,OMOP_CONCEPT,4195665,312607004,Gastrointestinal tract vascular insufficiency,AMSTEL,itemid_valueid,high
MEASUREMENT_CATEGORICAL//18673//556,v10_medication_atc,OMOP//OMOP_CONCEPT//4182596,static_context,True,,OMOP_CONCEPT,4182596,43153006,Myxedema,AMSTEL,itemid_valueid,high
MEASUREMENT_CATEGORICAL//18673//562,v10_medication_atc,OMOP//OMOP_CONCEPT//4320030,static_context,True,,OMOP_CONCEPT,4320030,95880003,Soft tissue infection,AMSTEL,itemid_valueid,high
MEASUREMENT_CATEGORICAL//18673//565,v10_medication_atc,OMOP//OMOP_CONCEPT//4244662,static_context,True,,OMOP_CONCEPT,4244662,928000,Disorder of musculoskeletal system,AMSTEL,itemid_valueid,high
MEASUREMENT_CATEGORICAL//18673//577,v10_medication_atc,OMOP//OMOP_CONCEPT//4164770,static_context,True,,OMOP_CONCEPT,4164770,40956001,Guillain-Barré syndrome,AMSTEL,itemid_valueid,high
MEASUREMENT_CATEGORICAL//18673//586,v10_medication_atc,OMOP//OMOP_CONCEPT//44812002,static_context,True,,OMOP_CONCEPT,44812002,909621000000100,Neuromuscular disorder,AMSTEL,itemid_valueid,high
MEASUREMENT_CATEGORICAL//18673//602,v10_medication_atc,OMOP//OMOP_CONCEPT//261880,static_context,True,,OMOP_CONCEPT,261880,46621007,Atelectasis,AMSTEL,itemid_valueid,high
MEASUREMENT_CATEGORICAL//18673//652,v10_medication_atc,OMOP//OMOP_CONCEPT//133468,static_context,True,,OMOP_CONCEPT,133468,128605003,Disorder of limb,AMSTEL,itemid_valueid,high
MEASUREMENT_CATEGORICAL//18673//696,v10_medication_atc,OMOP//OMOP_CONCEPT//4012185,static_context,True,,OMOP_CONCEPT,4012185,112802009,Cardiovascular surgical procedure,AMSTEL,itemid_valueid,high
MEASUREMENT_CATEGORICAL//18673//816,v10_medication_atc,OMOP//OMOP_CONCEPT//4176148,static_context,True,,OMOP_CONCEPT,4176148,428268007,Extradural intracranial hematoma,AMSTEL,itemid_valueid,high
MEASUREMENT_CATEGORICAL//18673//828,v10_medication_atc,OMOP//OMOP_CONCEPT//4130040,static_context,True,,OMOP_CONCEPT,4130040,126962006,Neoplasm of spinal cord,AMSTEL,itemid_valueid,high
MEASUREMENT_CATEGORICAL//18673//837,v10_medication_atc,OMOP//OMOP_CONCEPT//4122291,static_context,True,,OMOP_CONCEPT,4122291,287218009,Cranial ventriculostomy,AMSTEL,itemid_valueid,high
MEASUREMENT_CATEGORICAL//8733//21,v10_medication_atc,SNOMED//4085985,metadata_only,False,,SNOMED,4085985,246287001,4085985,AMSTEL,source_code,high
MEASUREMENT_CATEGORICAL//8897//7,v10_medication_atc,OMOP//OMOP_CONCEPT//4035566,dynamic_event,True,,OMOP_CONCEPT,4035566,117444000,Text value,AMSTEL,itemid_valueid,high
MEASUREMENT_CATEGORICAL//10468//11,v10_medication_atc,SNOMED//4087925,dynamic_event,True,,SNOMED,4087925,186034007,4087925,AMSTEL,source_code,high
MEASUREMENT_CATEGORICAL//10472//22,v10_medication_atc,SNOMED//44810687,outcome_metadata,False,,SNOMED,44810687,888671000000103,44810687,AMSTEL,source_code,high
MEASUREMENT_CATEGORICAL//10472//48,v10_medication_atc,SNOMED//44810687,outcome_metadata,False,,SNOMED,44810687,888671000000103,44810687,AMSTEL,source_code,high
MEASUREMENT_CATEGORICAL//12108//20,v10_medication_atc,LOINC//36203284,metadata_only,False,,LOINC,36203284,85432-3,36203284,AMSTEL,source_code,high
MEASUREMENT_CATEGORICAL//12108//5,v10_medication_atc,LOINC//36203284,metadata_only,False,,LOINC,36203284,85432-3,36203284,AMSTEL,source_code,high
MEASUREMENT_CATEGORICAL//12108//8,v10_medication_atc,LOINC//36203284,metadata_only,False,,LOINC,36203284,85432-3,36203284,AMSTEL,source_code,high
MEASUREMENT_CATEGORICAL//12111//14,v10_medication_atc,LOINC//36203284,metadata_only,False,,LOINC,36203284,85432-3,36203284,AMSTEL,source_code,high
MEASUREMENT_CATEGORICAL//12129//4,v10_medication_atc,LOINC//3046359,metadata_only,False,,LOINC,3046359,44767-2,3046359,AMSTEL,source_code,high
MEASUREMENT_CATEGORICAL//12615//4,v10_medication_atc,OMOP_CONCEPT//LOINC//3016384,dynamic_event/device_support,True,,LOINC,3016384,9037-3,3016384,AMSTEL,source_code,high
MEASUREMENT_CATEGORICAL//12624//9,v10_medication_atc,OMOP_CONCEPT//LOINC//21491186,dynamic_event/device_support,True,,LOINC,21491186,79562-5,21491186,AMSTEL,source_code,high
MEASUREMENT_CATEGORICAL//12817//5,v10_medication_atc,OMOP//OMOP_CONCEPT//37156242,dynamic_event,True,,OMOP_CONCEPT,37156242,1163223009,Pressure injury stage IV,AMSTEL,itemid_valueid,high
MEASUREMENT_CATEGORICAL//12823//5,v10_medication_atc,OMOP//OMOP_CONCEPT//37156242,dynamic_event,True,,OMOP_CONCEPT,37156242,1163223009,Pressure injury stage IV,AMSTEL,itemid_valueid,high
MEASUREMENT_CATEGORICAL//13117//1,v10_medication_atc,OMOP//OMOP_CONCEPT//4012932,dynamic_event,True,,OMOP_CONCEPT,4012932,112811009,Atrioseptoplasty,AMSTEL,itemid_valueid,high
MEASUREMENT_CATEGORICAL//13117//5,v10_medication_atc,OMOP//OMOP_CONCEPT//4236169,dynamic_event,True,,OMOP_CONCEPT,4236169,90539001,Ventricular aneurysm,AMSTEL,itemid_valueid,high
MEASUREMENT_CATEGORICAL//13128//9,v10_medication_atc,OMOP//OMOP_CONCEPT//4029497,dynamic_event,True,,OMOP_CONCEPT,4029497,128608001,Cerebral arterial aneurysm,AMSTEL,itemid_valueid,high
MEASUREMENT_CATEGORICAL//14426//31,v10_medication_atc,OMOP_CONCEPT//LOINC//3021707,dynamic_event,True,,LOINC,3021707,9205-6,3021707,AMSTEL,source_code,high
MEASUREMENT_CATEGORICAL//14426//32,v10_medication_atc,OMOP_CONCEPT//LOINC//3021707,dynamic_event,True,,LOINC,3021707,9205-6,3021707,AMSTEL,source_code,high
MEASUREMENT_CATEGORICAL//14427//32,v10_medication_atc,OMOP_CONCEPT//LOINC//3021707,dynamic_event,True,,LOINC,3021707,9205-6,3021707,AMSTEL,source_code,high
MEASUREMENT_CATEGORICAL//16102//7,v10_medication_atc,SNOMED//321042,dynamic_event,True,,SNOMED,321042,410429000,321042,AMSTEL,source_code,high
MEASUREMENT_CATEGORICAL//16179//5,v10_medication_atc,SNOMED//604177,dynamic_event,True,,SNOMED,604177,69621000052107,604177,AMSTEL,source_code,high
MEASUREMENT_CATEGORICAL//16448//15,v10_medication_atc,SNOMED//4052413,dynamic_event/device_support,True,,SNOMED,4052413,233527006,4052413,AMSTEL,source_code,high
MEASUREMENT_CATEGORICAL//16448//16,v10_medication_atc,SNOMED//4052413,dynamic_event/device_support,True,,SNOMED,4052413,233527006,4052413,AMSTEL,source_code,high
MEASUREMENT_CATEGORICAL//16642//7,v10_medication_atc,OMOP//OMOP_CONCEPT//318459,dynamic_event,True,,OMOP_CONCEPT,318459,409623005,Respiratory insufficiency,AMSTEL,itemid_valueid,high
MEASUREMENT_CATEGORICAL//16644//4,v10_medication_atc,OMOP//OMOP_CONCEPT//31821,dynamic_event,True,,OMOP_CONCEPT,31821,362969004,Disorder of endocrine system,AMSTEL,itemid_valueid,high
MEASUREMENT_CATEGORICAL//16646//7,v10_medication_atc,OMOP//OMOP_CONCEPT//4208113,dynamic_event,True,,OMOP_CONCEPT,4208113,55705006,Spinal arthrodesis,AMSTEL,itemid_valueid,high
MEASUREMENT_CATEGORICAL//16648//18,v10_medication_atc,OMOP//OMOP_CONCEPT//4094683,dynamic_event,True,,OMOP_CONCEPT,4094683,262525000,Chest injury,AMSTEL,itemid_valueid,high
MEASUREMENT_CATEGORICAL//16649//12,v10_medication_atc,OMOP//OMOP_CONCEPT//4038335,dynamic_event,True,,OMOP_CONCEPT,4038335,11810009,Operation on male genital system,AMSTEL,itemid_valueid,high
MEASUREMENT_CATEGORICAL//16653//16,v10_medication_atc,OMOP//OMOP_CONCEPT//4329847,dynamic_event,True,,OMOP_CONCEPT,4329847,22298006,Myocardial infarction,AMSTEL,itemid_valueid,high
MEASUREMENT_CATEGORICAL//16661//23,v10_medication_atc,OMOP//OMOP_CONCEPT//4063759,dynamic_event,True,,OMOP_CONCEPT,4063759,171713001,Evacuation of intracranial extradural hematoma,AMSTEL,itemid_valueid,high
MEASUREMENT_CATEGORICAL//16663//11,v10_medication_atc,OMOP//OMOP_CONCEPT//4028070,dynamic_event,True,,OMOP_CONCEPT,4028070,128117002,Infectious disease of central nervous system,AMSTEL,itemid_valueid,high
MEASUREMENT_CATEGORICAL//16663//14,v10_medication_atc,OMOP//OMOP_CONCEPT//376337,dynamic_event,True,,OMOP_CONCEPT,376337,118940003,Disorder of nervous system,AMSTEL,itemid_valueid,high
MEASUREMENT_CATEGORICAL//16673//10,v10_medication_atc,OMOP//OMOP_CONCEPT//258369,dynamic_event,True,,OMOP_CONCEPT,258369,93880001,Primary malignant neoplasm of lung,AMSTEL,itemid_valueid,high
MEASUREMENT_CATEGORICAL//16685//1,v10_medication_atc,OMOP_CONCEPT//LOINC//46237002,outcome_metadata,False,,LOINC,46237002,77160-0,46237002,AMSTEL,source_code,high
MEASUREMENT_CATEGORICAL//16999//7,v10_medication_atc,OMOP//OMOP_CONCEPT//4181343,static_context,True,,OMOP_CONCEPT,4181343,363402007,Malignant tumor of esophagus,AMSTEL,itemid_valueid,high
MEASUREMENT_CATEGORICAL//17000//4,v10_medication_atc,OMOP//OMOP_CONCEPT//439393,static_context,True,,OMOP_CONCEPT,439393,398254007,Pre-eclampsia,AMSTEL,itemid_valueid,high
MEASUREMENT_CATEGORICAL//17004//1,v10_medication_atc,OMOP//OMOP_CONCEPT//4247297,static_context,True,,OMOP_CONCEPT,4247297,60404007,Cerebral abscess,AMSTEL,itemid_valueid,high
MEASUREMENT_CATEGORICAL//17004//27,v10_medication_atc,OMOP//OMOP_CONCEPT//4046364,static_context,True,,OMOP_CONCEPT,4046364,230718007,Subarachnoid hemorrhage due to ruptured arteriovenous malformation,AMSTEL,itemid_valueid,high
MEASUREMENT_CATEGORICAL//17006//4,v10_medication_atc,OMOP//OMOP_CONCEPT//37018761,static_context,True,,OMOP_CONCEPT,37018761,714153000,Chronic kidney disease stage 5 with transplant,AMSTEL,itemid_valueid,high
MEASUREMENT_CATEGORICAL//17008//33,v10_medication_atc,OMOP//OMOP_CONCEPT//321052,static_context,True,,OMOP_CONCEPT,321052,400047006,Peripheral vascular disease,AMSTEL,itemid_valueid,high
MEASUREMENT_CATEGORICAL//17009//17,v10_medication_atc,OMOP//OMOP_CONCEPT//4090739,static_context,True,,OMOP_CONCEPT,4090739,2492009,Nutritional disorder,AMSTEL,itemid_valueid,high
MEASUREMENT_CATEGORICAL//17009//23,v10_medication_atc,OMOP//OMOP_CONCEPT//4224004,static_context,True,,OMOP_CONCEPT,4224004,84089009,Hiatal hernia,AMSTEL,itemid_valueid,high
MEASUREMENT_CATEGORICAL//17009//24,v10_medication_atc,OMOP//OMOP_CONCEPT//4244809,static_context,True,,OMOP_CONCEPT,4244809,9292007,Esophageal hiatus hernia repair,AMSTEL,itemid_valueid,high
MEASUREMENT_CATEGORICAL//17009//27,v10_medication_atc,OMOP//OMOP_CONCEPT//40488822,static_context,True,,OMOP_CONCEPT,40488822,446652009,Laparotomy and decompression of intestine,AMSTEL,itemid_valueid,high
MEASUREMENT_CATEGORICAL//17009//32,v10_medication_atc,OMOP//OMOP_CONCEPT//201265,static_context,True,,OMOP_CONCEPT,201265,51244008,Disorder of spleen,AMSTEL,itemid_valueid,high
MEASUREMENT_CATEGORICAL//17010//1,v10_medication_atc,OMOP//OMOP_CONCEPT//4023287,static_context,True,,OMOP_CONCEPT,4023287,176132003,Repair of rupture of bladder,AMSTEL,itemid_valueid,high
MEASUREMENT_CATEGORICAL//17010//13,v10_medication_atc,OMOP//OMOP_CONCEPT//318096,metadata_only,False,,OMOP_CONCEPT,318096,94392001,Metastatic malignant neoplasm to lymph node,AMSTEL,itemid_valueid,high
MEASUREMENT_CATEGORICAL//17010//23,v10_medication_atc,OMOP//OMOP_CONCEPT//198803,static_context,True,,OMOP_CONCEPT,198803,266569009,Benign prostatic hyperplasia,AMSTEL,itemid_valueid,high
MEASUREMENT_CATEGORICAL//17017//18,v10_medication_atc,OMOP//OMOP_CONCEPT//4096313,static_context,True,,OMOP_CONCEPT,4096313,262519004,Multiple injuries,AMSTEL,itemid_valueid,high
MEASUREMENT_CATEGORICAL//17019//50,v10_medication_atc,OMOP//OMOP_CONCEPT//321318,static_context,True,,OMOP_CONCEPT,321318,194828000,Angina pectoris,AMSTEL,itemid_valueid,high
MEASUREMENT_CATEGORICAL//17019//71,v10_medication_atc,OMOP//OMOP_CONCEPT//4145721,static_context,True,,OMOP_CONCEPT,4145721,307140009,Acute non-Q wave infarction,AMSTEL,itemid_valueid,high
MEASUREMENT_CATEGORICAL//17019//74,v10_medication_atc,OMOP//OMOP_CONCEPT//201965,static_context,True,,OMOP_CONCEPT,201965,27942005,Shock,AMSTEL,itemid_valueid,high
MEASUREMENT_CATEGORICAL//17020//30,v10_medication_atc,OMOP//OMOP_CONCEPT//37168850,static_context,True,,OMOP_CONCEPT,37168850,1286877004,Colorectal cancer,AMSTEL,itemid_valueid,high
MEASUREMENT_CATEGORICAL//17020//37,v10_medication_atc,OMOP//OMOP_CONCEPT//4029488,static_context,True,,OMOP_CONCEPT,4029488,13920009,Hepatic encephalopathy,AMSTEL,itemid_valueid,high
MEASUREMENT_CATEGORICAL//17020//43,v10_medication_atc,OMOP//OMOP_CONCEPT//40483641,static_context,True,,OMOP_CONCEPT,40483641,443826006,Hemorrhage into peritoneal cavity,AMSTEL,itemid_valueid,high
MEASUREMENT_CATEGORICAL//17022//21,v10_medication_atc,OMOP//OMOP_CONCEPT//138379,static_context,True,,OMOP_CONCEPT,138379,92814006,"Chronic lymphoid leukemia, disease",AMSTEL,itemid_valueid,high
MEASUREMENT_CATEGORICAL//17024//15,v10_medication_atc,OMOP//OMOP_CONCEPT//4320030,static_context,True,,OMOP_CONCEPT,4320030,95880003,Soft tissue infection,AMSTEL,itemid_valueid,high
MEASUREMENT_CATEGORICAL//17025//33,v10_medication_atc,OMOP//OMOP_CONCEPT//37165425,static_context,True,,OMOP_CONCEPT,37165425,1254795002,Substance withdrawal,AMSTEL,itemid_valueid,high
MEASUREMENT_CATEGORICAL//17025//49,v10_medication_atc,OMOP//OMOP_CONCEPT//4176983,static_context,True,,OMOP_CONCEPT,4176983,295830007,Overdose of antidepressant drug,AMSTEL,itemid_valueid,high
MEASUREMENT_CATEGORICAL//17026//31,v10_medication_atc,OMOP//OMOP_CONCEPT//45769438,static_context,True,,OMOP_CONCEPT,45769438,708090002,Acute severe exacerbation of asthma,AMSTEL,itemid_valueid,high
MEASUREMENT_CATEGORICAL//17026//32,v10_medication_atc,OMOP//OMOP_CONCEPT//261880,static_context,True,,OMOP_CONCEPT,261880,46621007,Atelectasis,AMSTEL,itemid_valueid,high
MEASUREMENT_CATEGORICAL//17028//52,v10_medication_atc,OMOP//OMOP_CONCEPT//133468,static_context,True,,OMOP_CONCEPT,133468,128605003,Disorder of limb,AMSTEL,itemid_valueid,high
MEASUREMENT_CATEGORICAL//17028//58,v10_medication_atc,OMOP//OMOP_CONCEPT//133468,static_context,True,,OMOP_CONCEPT,133468,128605003,Disorder of limb,AMSTEL,itemid_valueid,high
MEASUREMENT_CATEGORICAL//17028//59,v10_medication_atc,OMOP//OMOP_CONCEPT//375415,static_context,True,,OMOP_CONCEPT,375415,82271004,Injury of head,AMSTEL,itemid_valueid,high
MEASUREMENT_CATEGORICAL//17029//104,v10_medication_atc,OMOP//OMOP_CONCEPT//3654996,static_context,True,,OMOP_CONCEPT,3654996,840580004,Peripheral arterial disease,AMSTEL,itemid_valueid,high
MEASUREMENT_CATEGORICAL//17035//36,v10_medication_atc,OMOP//OMOP_CONCEPT//4174520,static_context,True,,OMOP_CONCEPT,4174520,50448004,Fracture of vertebral column,AMSTEL,itemid_valueid,high
MEASUREMENT_CATEGORICAL//17035//38,v10_medication_atc,OMOP//OMOP_CONCEPT//4063759,static_context,True,,OMOP_CONCEPT,4063759,171713001,Evacuation of intracranial extradural hematoma,AMSTEL,itemid_valueid,high
MEASUREMENT_CATEGORICAL//17035//44,v10_medication_atc,OMOP//OMOP_CONCEPT//376337,static_context,True,,OMOP_CONCEPT,376337,118940003,Disorder of nervous system,AMSTEL,itemid_valueid,high
MEASUREMENT_CATEGORICAL//17036//30,v10_medication_atc,OMOP//OMOP_CONCEPT//4119939,static_context,True,,OMOP_CONCEPT,4119939,233793003,Bronchopleural fistula,AMSTEL,itemid_valueid,high
MEASUREMENT_CATEGORICAL//17036//31,v10_medication_atc,OMOP//OMOP_CONCEPT//4073393,static_context,True,,OMOP_CONCEPT,4073393,177765008,Opening of chest,AMSTEL,itemid_valueid,high
MEASUREMENT_CATEGORICAL//17036//35,v10_medication_atc,OMOP//OMOP_CONCEPT//320136,static_context,True,,OMOP_CONCEPT,320136,50043002,Disorder of respiratory system,AMSTEL,itemid_valueid,high
MEASUREMENT_CATEGORICAL//17038//40,v10_medication_atc,OMOP//OMOP_CONCEPT//200588,static_context,True,,OMOP_CONCEPT,200588,128069005,Injury of abdomen,AMSTEL,itemid_valueid,high
MEASUREMENT_CATEGORICAL//17038//46,v10_medication_atc,OMOP//OMOP_CONCEPT//4094683,static_context,True,,OMOP_CONCEPT,4094683,262525000,Chest injury,AMSTEL,itemid_valueid,high
MEASUREMENT_CATEGORICAL//17038//54,v10_medication_atc,OMOP//OMOP_CONCEPT//4096313,static_context,True,,OMOP_CONCEPT,4096313,262519004,Multiple injuries,AMSTEL,itemid_valueid,high
MEASUREMENT_CATEGORICAL//18671//118,v10_medication_atc,OMOP//OMOP_CONCEPT//374335,static_context,True,,OMOP_CONCEPT,374335,192737006,Intracranial and intraspinal abscesses,AMSTEL,itemid_valueid,high
MEASUREMENT_CATEGORICAL//18671//13,v10_medication_atc,OMOP//OMOP_CONCEPT//4164649,static_context,True,,OMOP_CONCEPT,4164649,274668005,Non-cardiac chest pain,AMSTEL,itemid_valueid,high
MEASUREMENT_CATEGORICAL//18671//176,v10_medication_atc,OMOP//OMOP_CONCEPT//37018761,static_context,True,,OMOP_CONCEPT,37018761,714153000,Chronic kidney disease stage 5 with transplant,AMSTEL,itemid_valueid,high
MEASUREMENT_CATEGORICAL//18671//199,v10_medication_atc,OMOP//OMOP_CONCEPT//133468,static_context,True,,OMOP_CONCEPT,133468,128605003,Disorder of limb,AMSTEL,itemid_valueid,high
MEASUREMENT_CATEGORICAL//18671//248,v10_medication_atc,OMOP//OMOP_CONCEPT//42538522,static_context,True,,OMOP_CONCEPT,42538522,762228008,Congenital cardiovascular disorder,AMSTEL,itemid_valueid,high
MEASUREMENT_CATEGORICAL//18671//253,v10_medication_atc,OMOP//OMOP_CONCEPT//3654996,static_context,True,,OMOP_CONCEPT,3654996,840580004,Peripheral arterial disease,AMSTEL,itemid_valueid,high
MEASUREMENT_CATEGORICAL//18671//307,v10_medication_atc,OMOP//OMOP_CONCEPT//4244809,static_context,True,,OMOP_CONCEPT,4244809,9292007,Esophageal hiatus hernia repair,AMSTEL,itemid_valueid,high
MEASUREMENT_CATEGORICAL//18671//310,v10_medication_atc,OMOP//OMOP_CONCEPT//40488822,static_context,True,,OMOP_CONCEPT,40488822,446652009,Laparotomy and decompression of intestine,AMSTEL,itemid_valueid,high
MEASUREMENT_CATEGORICAL//18671//329,v10_medication_atc,OMOP//OMOP_CONCEPT//3662206,static_context,True,,OMOP_CONCEPT,3662206,11971000224104,Dissection of lymph node,AMSTEL,itemid_valueid,high
MEASUREMENT_CATEGORICAL//18671//330,v10_medication_atc,OMOP//OMOP_CONCEPT//37164749,static_context,True,,OMOP_CONCEPT,37164749,1231734007,Excision of breast,AMSTEL,itemid_valueid,high
MEASUREMENT_CATEGORICAL//18671//337,v10_medication_atc,OMOP//OMOP_CONCEPT//4129900,static_context,True,,OMOP_CONCEPT,4129900,126900000,Neoplasm of testis,AMSTEL,itemid_valueid,high
MEASUREMENT_CATEGORICAL//18671//339,v10_medication_atc,OMOP//OMOP_CONCEPT//198803,static_context,True,,OMOP_CONCEPT,198803,266569009,Benign prostatic hyperplasia,AMSTEL,itemid_valueid,high
MEASUREMENT_CATEGORICAL//18671//397,v10_medication_atc,OMOP//OMOP_CONCEPT//4073393,static_context,True,,OMOP_CONCEPT,4073393,177765008,Opening of chest,AMSTEL,itemid_valueid,high
MEASUREMENT_CATEGORICAL//18671//399,v10_medication_atc,OMOP//OMOP_CONCEPT//4050961,static_context,True,,OMOP_CONCEPT,4050961,16003001,Giant bullous emphysema,AMSTEL,itemid_valueid,high
MEASUREMENT_CATEGORICAL//18671//434,v10_medication_atc,OMOP//OMOP_CONCEPT//4096313,static_context,True,,OMOP_CONCEPT,4096313,262519004,Multiple injuries,AMSTEL,itemid_valueid,high
MEASUREMENT_CATEGORICAL//18671//53,v10_medication_atc,OMOP//OMOP_CONCEPT//4181343,static_context,True,,OMOP_CONCEPT,4181343,363402007,Malignant tumor of esophagus,AMSTEL,itemid_valueid,high
MEASUREMENT_CATEGORICAL//18671//74,v10_medication_atc,OMOP//OMOP_CONCEPT//443700,static_context,True,,OMOP_CONCEPT,443700,15938005,Eclampsia,AMSTEL,itemid_valueid,high
MEASUREMENT_CATEGORICAL//18673//477,v10_medication_atc,OMOP//OMOP_CONCEPT//4145721,static_context,True,,OMOP_CONCEPT,4145721,307140009,Acute non-Q wave infarction,AMSTEL,itemid_valueid,high
MEASUREMENT_CATEGORICAL//18673//480,v10_medication_atc,OMOP//OMOP_CONCEPT//201965,static_context,True,,OMOP_CONCEPT,201965,27942005,Shock,AMSTEL,itemid_valueid,high
MEASUREMENT_CATEGORICAL//18673//517,v10_medication_atc,OMOP//OMOP_CONCEPT//40483641,static_context,True,,OMOP_CONCEPT,40483641,443826006,Hemorrhage into peritoneal cavity,AMSTEL,itemid_valueid,high
MEASUREMENT_CATEGORICAL//18673//538,v10_medication_atc,OMOP//OMOP_CONCEPT//138379,static_context,True,,OMOP_CONCEPT,138379,92814006,"Chronic lymphoid leukemia, disease",AMSTEL,itemid_valueid,high
MEASUREMENT_CATEGORICAL//18673//574,v10_medication_atc,OMOP//OMOP_CONCEPT//37165425,static_context,True,,OMOP_CONCEPT,37165425,1254795002,Substance withdrawal,AMSTEL,itemid_valueid,high
MEASUREMENT_CATEGORICAL//18673//590,v10_medication_atc,OMOP//OMOP_CONCEPT//4176983,static_context,True,,OMOP_CONCEPT,4176983,295830007,Overdose of antidepressant drug,AMSTEL,itemid_valueid,high
MEASUREMENT_CATEGORICAL//18673//596,v10_medication_atc,OMOP//OMOP_CONCEPT//4046364,static_context,True,,OMOP_CONCEPT,4046364,230718007,Subarachnoid hemorrhage due to ruptured arteriovenous malformation,AMSTEL,itemid_valueid,high
MEASUREMENT_CATEGORICAL//18673//601,v10_medication_atc,OMOP//OMOP_CONCEPT//45769438,static_context,True,,OMOP_CONCEPT,45769438,708090002,Acute severe exacerbation of asthma,AMSTEL,itemid_valueid,high
MEASUREMENT_CATEGORICAL//18673//659,v10_medication_atc,OMOP//OMOP_CONCEPT//375415,static_context,True,,OMOP_CONCEPT,375415,82271004,Injury of head,AMSTEL,itemid_valueid,high
MEASUREMENT_CATEGORICAL//18673//698,v10_medication_atc,OMOP//OMOP_CONCEPT//4148948,static_context,True,,OMOP_CONCEPT,4148948,30904006,Vascular surgery procedure,AMSTEL,itemid_valueid,high
MEASUREMENT_CATEGORICAL//18673//713,v10_medication_atc,OMOP//OMOP_CONCEPT//3654996,static_context,True,,OMOP_CONCEPT,3654996,840580004,Peripheral arterial disease,AMSTEL,itemid_valueid,high
MEASUREMENT_CATEGORICAL//18673//751,v10_medication_atc,OMOP//OMOP_CONCEPT//4295370,static_context,True,,OMOP_CONCEPT,4295370,37831005,Gastrointestinal fistula,AMSTEL,itemid_valueid,high
MEASUREMENT_CATEGORICAL//18673//801,v10_medication_atc,OMOP//OMOP_CONCEPT//141253,static_context,True,,OMOP_CONCEPT,141253,14304000,Disorder of thyroid gland,AMSTEL,itemid_valueid,high
MEASUREMENT_CATEGORICAL//18673//821,v10_medication_atc,OMOP//OMOP_CONCEPT//4174520,static_context,True,,OMOP_CONCEPT,4174520,50448004,Fracture of vertebral column,AMSTEL,itemid_valueid,high
MEASUREMENT_CATEGORICAL//18673//823,v10_medication_atc,OMOP//OMOP_CONCEPT//4063759,static_context,True,,OMOP_CONCEPT,4063759,171713001,Evacuation of intracranial extradural hematoma,AMSTEL,itemid_valueid,high
MEASUREMENT_CATEGORICAL//18673//829,v10_medication_atc,OMOP//OMOP_CONCEPT//376337,static_context,True,,OMOP_CONCEPT,376337,118940003,Disorder of nervous system,AMSTEL,itemid_valueid,high
MEASUREMENT_CATEGORICAL//18673//848,v10_medication_atc,OMOP//OMOP_CONCEPT//4119939,static_context,True,,OMOP_CONCEPT,4119939,233793003,Bronchopleural fistula,AMSTEL,itemid_valueid,high
MEASUREMENT_CATEGORICAL//18673//849,v10_medication_atc,OMOP//OMOP_CONCEPT//4073393,static_context,True,,OMOP_CONCEPT,4073393,177765008,Opening of chest,AMSTEL,itemid_valueid,high
MEASUREMENT_CATEGORICAL//18673//872,v10_medication_atc,OMOP//OMOP_CONCEPT//200588,static_context,True,,OMOP_CONCEPT,200588,128069005,Injury of abdomen,AMSTEL,itemid_valueid,high
MEASUREMENT_CATEGORICAL//18673//878,v10_medication_atc,OMOP//OMOP_CONCEPT//4094683,static_context,True,,OMOP_CONCEPT,4094683,262525000,Chest injury,AMSTEL,itemid_valueid,high
MEASUREMENT_CATEGORICAL//19289//5,v10_medication_atc,OMOP//OMOP_CONCEPT//45878583,dynamic_event,True,,OMOP_CONCEPT,45878583,LA6577-6,Negative,AMSTEL,itemid_valueid,high
MEASUREMENT_CATEGORICAL//19289//6,v10_medication_atc,OMOP//OMOP_CONCEPT//45884091,dynamic_event,True,,OMOP_CONCEPT,45884091,LA11884-6,Indeterminate,AMSTEL,itemid_valueid,high
MEASUREMENT_CATEGORICAL//19290//9,v10_medication_atc,OMOP//OMOP_CONCEPT//45884091,dynamic_event,True,,OMOP_CONCEPT,45884091,LA11884-6,Indeterminate,AMSTEL,itemid_valueid,high
MEASUREMENT_CATEGORICAL//19644//2,v10_medication_atc,OMOP_CONCEPT//LOINC//43054909,dynamic_event,True,,LOINC,43054909,72166-2,43054909,AMSTEL,source_code,high
MEASUREMENT_CATEGORICAL//9534//5,v10_medication_atc,OMOP_CONCEPT//LOINC//3004921,dynamic_event,True,,LOINC,3004921,20124-4,3004921,AMSTEL,source_code,high
MEASUREMENT_CATEGORICAL//10468//12,v10_medication_atc,SNOMED//4087925,dynamic_event,True,,SNOMED,4087925,186034007,4087925,AMSTEL,source_code,high
MEASUREMENT_CATEGORICAL//10470//8,v10_medication_atc,SNOMED//763892,outcome_metadata,False,,SNOMED,763892,448271000124107,763892,AMSTEL,source_code,high
MEASUREMENT_CATEGORICAL//12108//3,v10_medication_atc,LOINC//36203284,metadata_only,False,,LOINC,36203284,85432-3,36203284,AMSTEL,source_code,high
MEASUREMENT_CATEGORICAL//12108//9,v10_medication_atc,LOINC//36203284,metadata_only,False,,LOINC,36203284,85432-3,36203284,AMSTEL,source_code,high
MEASUREMENT_CATEGORICAL//12109//25,v10_medication_atc,LOINC//36203284,metadata_only,False,,LOINC,36203284,85432-3,36203284,AMSTEL,source_code,high
MEASUREMENT_CATEGORICAL//12129//10,v10_medication_atc,LOINC//3046359,metadata_only,False,,LOINC,3046359,44767-2,3046359,AMSTEL,source_code,high
MEASUREMENT_CATEGORICAL//12347//8,v10_medication_atc,OMOP_CONCEPT//LOINC//3004921,dynamic_event,True,,LOINC,3004921,20124-4,3004921,AMSTEL,source_code,high
MEASUREMENT_CATEGORICAL//12625//4,v10_medication_atc,OMOP//OMOP_CONCEPT//4109447,dynamic_event/device_support,True,,OMOP_CONCEPT,4109447,180640008,Approach via tracheostomy,AMSTEL,itemid_valueid,high
MEASUREMENT_CATEGORICAL//12827//5,v10_medication_atc,OMOP//OMOP_CONCEPT//37156242,dynamic_event,True,,OMOP_CONCEPT,37156242,1163223009,Pressure injury stage IV,AMSTEL,itemid_valueid,high
MEASUREMENT_CATEGORICAL//13120//7,v10_medication_atc,OMOP//OMOP_CONCEPT//3654996,dynamic_event,True,,OMOP_CONCEPT,3654996,840580004,Peripheral arterial disease,AMSTEL,itemid_valueid,high
MEASUREMENT_CATEGORICAL//13131//2,v10_medication_atc,OMOP//OMOP_CONCEPT//432923,dynamic_event,True,,OMOP_CONCEPT,432923,21454007,Subarachnoid hemorrhage,AMSTEL,itemid_valueid,high
MEASUREMENT_CATEGORICAL//13138//3,v10_medication_atc,OMOP//OMOP_CONCEPT//196455,dynamic_event,True,,OMOP_CONCEPT,196455,51292008,Hepatorenal syndrome,AMSTEL,itemid_valueid,high
MEASUREMENT_CATEGORICAL//14426//25,v10_medication_atc,OMOP_CONCEPT//LOINC//3021707,dynamic_event,True,,LOINC,3021707,9205-6,3021707,AMSTEL,source_code,high
MEASUREMENT_CATEGORICAL//14427//27,v10_medication_atc,OMOP_CONCEPT//LOINC//3021707,dynamic_event,True,,LOINC,3021707,9205-6,3021707,AMSTEL,source_code,high
MEASUREMENT_CATEGORICAL//14469//6,v10_medication_atc,SNOMED//37154585,dynamic_event,True,,SNOMED,37154585,1269557005,37154585,AMSTEL,source_code,high
MEASUREMENT_CATEGORICAL//14470//7,v10_medication_atc,OMOP_CONCEPT//LOINC//3026019,dynamic_event,True,,LOINC,3026019,11324-1,3026019,AMSTEL,source_code,high
MEASUREMENT_CATEGORICAL//16101//3,v10_medication_atc,OMOP//OMOP_CONCEPT//4026048,dynamic_event,True,,OMOP_CONCEPT,4026048,225708008,Precordial thump,AMSTEL,itemid_valueid,high
MEASUREMENT_CATEGORICAL//16102//6,v10_medication_atc,SNOMED//321042,dynamic_event,True,,SNOMED,321042,410429000,321042,AMSTEL,source_code,high
MEASUREMENT_CATEGORICAL//16448//19,v10_medication_atc,SNOMED//4052413,dynamic_event/device_support,True,,SNOMED,4052413,233527006,4052413,AMSTEL,source_code,high
MEASUREMENT_CATEGORICAL//16448//20,v10_medication_atc,SNOMED//4052413,dynamic_event/device_support,True,,SNOMED,4052413,233527006,4052413,AMSTEL,source_code,high
MEASUREMENT_CATEGORICAL//16634//8,v10_medication_atc,OMOP_CONCEPT//LOINC//3026549,dynamic_event,True,,LOINC,3026549,11325-8,3026549,AMSTEL,source_code,high
MEASUREMENT_CATEGORICAL//16634//9,v10_medication_atc,OMOP_CONCEPT//LOINC//3026549,dynamic_event,True,,LOINC,3026549,11325-8,3026549,AMSTEL,source_code,high
MEASUREMENT_CATEGORICAL//16647//9,v10_medication_atc,OMOP//OMOP_CONCEPT//201254,dynamic_event,True,,OMOP_CONCEPT,201254,46635009,Type 1 diabetes mellitus,AMSTEL,itemid_valueid,high
MEASUREMENT_CATEGORICAL//16648//26,v10_medication_atc,OMOP//OMOP_CONCEPT//4301351,dynamic_event,True,,OMOP_CONCEPT,4301351,387713003,Surgical procedure,AMSTEL,itemid_valueid,high
MEASUREMENT_CATEGORICAL//16652//14,v10_medication_atc,OMOP//OMOP_CONCEPT//4000610,dynamic_event,True,,OMOP_CONCEPT,4000610,119292006,Disorder of gastrointestinal tract,AMSTEL,itemid_valueid,high
MEASUREMENT_CATEGORICAL//16652//9,v10_medication_atc,OMOP//OMOP_CONCEPT//195856,dynamic_event,True,,OMOP_CONCEPT,195856,82403002,Cholangitis,AMSTEL,itemid_valueid,high
MEASUREMENT_CATEGORICAL//16653//13,v10_medication_atc,OMOP//OMOP_CONCEPT//198571,dynamic_event,True,,OMOP_CONCEPT,198571,89138009,Cardiogenic shock,AMSTEL,itemid_valueid,high
MEASUREMENT_CATEGORICAL//16658//19,v10_medication_atc,OMOP//OMOP_CONCEPT//317009,dynamic_event,True,,OMOP_CONCEPT,317009,195967001,Asthma,AMSTEL,itemid_valueid,high
MEASUREMENT_CATEGORICAL//16660//11,v10_medication_atc,OMOP//OMOP_CONCEPT//4103961,dynamic_event,True,,OMOP_CONCEPT,4103961,300009002,Removal of acoustic neuroma,AMSTEL,itemid_valueid,high
MEASUREMENT_CATEGORICAL//16661//25,v10_medication_atc,OMOP//OMOP_CONCEPT//381591,dynamic_event,True,,OMOP_CONCEPT,381591,62914000,Cerebrovascular disease,AMSTEL,itemid_valueid,high
MEASUREMENT_CATEGORICAL//16670//16,v10_medication_atc,OMOP//OMOP_CONCEPT//443622,dynamic_event,True,,OMOP_CONCEPT,443622,433068007,Aneurysm of thoracic aorta,AMSTEL,itemid_valueid,high
MEASUREMENT_CATEGORICAL//16670//18,v10_medication_atc,OMOP//OMOP_CONCEPT//4139931,dynamic_event,True,,OMOP_CONCEPT,4139931,32907006,Operation on aorta,AMSTEL,itemid_valueid,high
MEASUREMENT_CATEGORICAL//16671//25,v10_medication_atc,OMOP//OMOP_CONCEPT//317576,dynamic_event,True,,OMOP_CONCEPT,317576,53741008,Coronary arteriosclerosis,AMSTEL,itemid_valueid,high
MEASUREMENT_CATEGORICAL//16998//13,v10_medication_atc,OMOP//OMOP_CONCEPT//77670,static_context,True,,OMOP_CONCEPT,77670,29857009,Chest pain,AMSTEL,itemid_valueid,high
MEASUREMENT_CATEGORICAL//16998//16,v10_medication_atc,OMOP//OMOP_CONCEPT//321710,static_context,True,,OMOP_CONCEPT,321710,17414004,Contusion to heart,AMSTEL,itemid_valueid,high
MEASUREMENT_CATEGORICAL//16998//19,v10_medication_atc,OMOP//OMOP_CONCEPT//4299449,static_context,True,,OMOP_CONCEPT,4299449,385494008,Hematoma,AMSTEL,itemid_valueid,high
MEASUREMENT_CATEGORICAL//16999//8,v10_medication_atc,OMOP//OMOP_CONCEPT//443568,static_context,True,,OMOP_CONCEPT,443568,428905002,Malignant neoplasm of gastrointestinal tract,AMSTEL,itemid_valueid,high
MEASUREMENT_CATEGORICAL//17001//10,v10_medication_atc,OMOP//OMOP_CONCEPT//4038835,static_context,True,,OMOP_CONCEPT,4038835,118599009,Hodgkin's disease (clinical),AMSTEL,itemid_valueid,high
MEASUREMENT_CATEGORICAL//17001//8,v10_medication_atc,OMOP//OMOP_CONCEPT//134603,static_context,True,,OMOP_CONCEPT,134603,92818009,Chronic myeloid leukemia,AMSTEL,itemid_valueid,high
MEASUREMENT_CATEGORICAL//17002//7,v10_medication_atc,OMOP//OMOP_CONCEPT//4178904,static_context,True,,OMOP_CONCEPT,4178904,50177009,Body temperature above reference range,AMSTEL,itemid_valueid,high
MEASUREMENT_CATEGORICAL//17005//21,v10_medication_atc,OMOP//OMOP_CONCEPT//4190647,static_context,True,,OMOP_CONCEPT,4190647,415125002,Pneumocystosis pneumonia,AMSTEL,itemid_valueid,high
MEASUREMENT_CATEGORICAL//17005//8,v10_medication_atc,OMOP//OMOP_CONCEPT//439404,static_context,True,,OMOP_CONCEPT,439404,372001002,Primary malignant neoplasm of oral cavity,AMSTEL,itemid_valueid,high
MEASUREMENT_CATEGORICAL//17006//1,v10_medication_atc,OMOP//OMOP_CONCEPT//4323781,static_context,True,,OMOP_CONCEPT,4323781,429450002,Disorder related to bone marrow transplantation,AMSTEL,itemid_valueid,high
MEASUREMENT_CATEGORICAL//17007//11,v10_medication_atc,OMOP//OMOP_CONCEPT//4094683,static_context,True,,OMOP_CONCEPT,4094683,262525000,Chest injury,AMSTEL,itemid_valueid,high
MEASUREMENT_CATEGORICAL//17007//20,v10_medication_atc,OMOP//OMOP_CONCEPT//200588,static_context,True,,OMOP_CONCEPT,200588,128069005,Injury of abdomen,AMSTEL,itemid_valueid,high
MEASUREMENT_CATEGORICAL//17007//6,v10_medication_atc,OMOP//OMOP_CONCEPT//200588,static_context,True,,OMOP_CONCEPT,200588,128069005,Injury of abdomen,AMSTEL,itemid_valueid,high
MEASUREMENT_CATEGORICAL//17010//6,v10_medication_atc,OMOP//OMOP_CONCEPT//4220384,static_context,True,,OMOP_CONCEPT,4220384,82688001,Removal of ectopic fetus,AMSTEL,itemid_valueid,high
MEASUREMENT_CATEGORICAL//17015//12,v10_medication_atc,OMOP//OMOP_CONCEPT//4073393,static_context,True,,OMOP_CONCEPT,4073393,177765008,Opening of chest,AMSTEL,itemid_valueid,high
MEASUREMENT_CATEGORICAL//17015//3,v10_medication_atc,OMOP//OMOP_CONCEPT//4203096,static_context,True,,OMOP_CONCEPT,4203096,309529002,Lung mass,AMSTEL,itemid_valueid,high
MEASUREMENT_CATEGORICAL//17017//15,v10_medication_atc,OMOP//OMOP_CONCEPT//133468,static_context,True,,OMOP_CONCEPT,133468,128605003,Disorder of limb,AMSTEL,itemid_valueid,high
MEASUREMENT_CATEGORICAL//17017//3,v10_medication_atc,OMOP//OMOP_CONCEPT//200588,static_context,True,,OMOP_CONCEPT,200588,128069005,Injury of abdomen,AMSTEL,itemid_valueid,high
MEASUREMENT_CATEGORICAL//17019//88,v10_medication_atc,OMOP//OMOP_CONCEPT//318450,static_context,True,,OMOP_CONCEPT,318450,35304003,Cardiac tamponade,AMSTEL,itemid_valueid,high
MEASUREMENT_CATEGORICAL//17020//32,v10_medication_atc,OMOP//OMOP_CONCEPT//443568,static_context,True,,OMOP_CONCEPT,443568,428905002,Malignant neoplasm of gastrointestinal tract,AMSTEL,itemid_valueid,high
MEASUREMENT_CATEGORICAL//17022//24,v10_medication_atc,OMOP//OMOP_CONCEPT//4038835,static_context,True,,OMOP_CONCEPT,4038835,118599009,Hodgkin's disease (clinical),AMSTEL,itemid_valueid,high
MEASUREMENT_CATEGORICAL//17023//19,v10_medication_atc,OMOP//OMOP_CONCEPT//437744,static_context,True,,OMOP_CONCEPT,437744,95868006,Heat exhaustion,AMSTEL,itemid_valueid,high
MEASUREMENT_CATEGORICAL//17026//28,v10_medication_atc,OMOP//OMOP_CONCEPT//442588,static_context,True,,OMOP_CONCEPT,442588,78275009,Obstructive sleep apnea syndrome,AMSTEL,itemid_valueid,high
MEASUREMENT_CATEGORICAL//17027//16,v10_medication_atc,OMOP//OMOP_CONCEPT//37018761,static_context,True,,OMOP_CONCEPT,37018761,714153000,Chronic kidney disease stage 5 with transplant,AMSTEL,itemid_valueid,high
MEASUREMENT_CATEGORICAL//17028//37,v10_medication_atc,OMOP//OMOP_CONCEPT//200588,static_context,True,,OMOP_CONCEPT,200588,128069005,Injury of abdomen,AMSTEL,itemid_valueid,high
MEASUREMENT_CATEGORICAL//17028//50,v10_medication_atc,OMOP//OMOP_CONCEPT//133468,static_context,True,,OMOP_CONCEPT,133468,128605003,Disorder of limb,AMSTEL,itemid_valueid,high
MEASUREMENT_CATEGORICAL//17028//60,v10_medication_atc,OMOP//OMOP_CONCEPT//375415,static_context,True,,OMOP_CONCEPT,375415,82271004,Injury of head,AMSTEL,itemid_valueid,high
MEASUREMENT_CATEGORICAL//17028//61,v10_medication_atc,OMOP//OMOP_CONCEPT//375415,static_context,True,,OMOP_CONCEPT,375415,82271004,Injury of head,AMSTEL,itemid_valueid,high
MEASUREMENT_CATEGORICAL//17028//62,v10_medication_atc,OMOP//OMOP_CONCEPT//375415,static_context,True,,OMOP_CONCEPT,375415,82271004,Injury of head,AMSTEL,itemid_valueid,high
MEASUREMENT_CATEGORICAL//17029//100,v10_medication_atc,OMOP//OMOP_CONCEPT//3654996,static_context,True,,OMOP_CONCEPT,3654996,840580004,Peripheral arterial disease,AMSTEL,itemid_valueid,high
MEASUREMENT_CATEGORICAL//17029//112,v10_medication_atc,OMOP//OMOP_CONCEPT//132797,static_context,True,,OMOP_CONCEPT,132797,91302008,Sepsis,AMSTEL,itemid_valueid,high
MEASUREMENT_CATEGORICAL//17029//64,v10_medication_atc,OMOP//OMOP_CONCEPT//4266600,static_context,True,,OMOP_CONCEPT,4266600,36358004,Abnormal cardiac conduction,AMSTEL,itemid_valueid,high
MEASUREMENT_CATEGORICAL//17029//67,v10_medication_atc,OMOP//OMOP_CONCEPT//37110863,static_context,True,,OMOP_CONCEPT,37110863,725368002,Repair of dissection of abdominal aorta,AMSTEL,itemid_valueid,high
MEASUREMENT_CATEGORICAL//17029//78,v10_medication_atc,OMOP//OMOP_CONCEPT//317576,static_context,True,,OMOP_CONCEPT,317576,53741008,Coronary arteriosclerosis,AMSTEL,itemid_valueid,high
MEASUREMENT_CATEGORICAL//17030//42,v10_medication_atc,OMOP//OMOP_CONCEPT//4030148,static_context,True,,OMOP_CONCEPT,4030148,107938000,Small intestine excision,AMSTEL,itemid_valueid,high
MEASUREMENT_CATEGORICAL//17030//49,v10_medication_atc,OMOP//OMOP_CONCEPT//197328,static_context,True,,OMOP_CONCEPT,197328,24557004,Abscess of intestine,AMSTEL,itemid_valueid,high
MEASUREMENT_CATEGORICAL//17030//57,v10_medication_atc,OMOP//OMOP_CONCEPT//4244809,static_context,True,,OMOP_CONCEPT,4244809,9292007,Esophageal hiatus hernia repair,AMSTEL,itemid_valueid,high
MEASUREMENT_CATEGORICAL//17031//30,v10_medication_atc,OMOP//OMOP_CONCEPT//4029571,static_context,True,,OMOP_CONCEPT,4029571,108034003,Bladder excision,AMSTEL,itemid_valueid,high
MEASUREMENT_CATEGORICAL//17031//42,v10_medication_atc,OMOP//OMOP_CONCEPT//196653,static_context,True,,OMOP_CONCEPT,196653,363518003,Malignant tumor of kidney,AMSTEL,itemid_valueid,high
MEASUREMENT_CATEGORICAL//17031//45,v10_medication_atc,OMOP//OMOP_CONCEPT//194406,static_context,True,,OMOP_CONCEPT,194406,7163005,Urinary tract obstruction,AMSTEL,itemid_valueid,high
MEASUREMENT_CATEGORICAL//17034//10,v10_medication_atc,OMOP//OMOP_CONCEPT//4124836,static_context,True,,OMOP_CONCEPT,4124836,233958001,Peripheral ischemia,AMSTEL,itemid_valueid,high
MEASUREMENT_CATEGORICAL//17034//14,v10_medication_atc,OMOP//OMOP_CONCEPT//4118634,static_context,True,,OMOP_CONCEPT,4118634,304040003,Grafting to skin,AMSTEL,itemid_valueid,high
MEASUREMENT_CATEGORICAL//17034//16,v10_medication_atc,OMOP//OMOP_CONCEPT//4324765,static_context,True,,OMOP_CONCEPT,4324765,428724006,Arthropathy of knee joint,AMSTEL,itemid_valueid,high
MEASUREMENT_CATEGORICAL//17035//30,v10_medication_atc,OMOP//OMOP_CONCEPT//4116092,static_context,True,,OMOP_CONCEPT,4116092,254935002,Intracranial tumor,AMSTEL,itemid_valueid,high
MEASUREMENT_CATEGORICAL//17038//49,v10_medication_atc,OMOP//OMOP_CONCEPT//4094683,static_context,True,,OMOP_CONCEPT,4094683,262525000,Chest injury,AMSTEL,itemid_valueid,high
MEASUREMENT_CATEGORICAL//17038//57,v10_medication_atc,OMOP//OMOP_CONCEPT//375415,static_context,True,,OMOP_CONCEPT,375415,82271004,Injury of head,AMSTEL,itemid_valueid,high
MEASUREMENT_CATEGORICAL//18613//2,v10_medication_atc,OMOP//OMOP_CONCEPT//4044013,static_context,True,,OMOP_CONCEPT,4044013,129154003,Hematologic neoplasm,AMSTEL,itemid_valueid,high
MEASUREMENT_CATEGORICAL//18671//100,v10_medication_atc,OMOP//OMOP_CONCEPT//4178904,static_context,True,,OMOP_CONCEPT,4178904,50177009,Body temperature above reference range,AMSTEL,itemid_valueid,high
MEASUREMENT_CATEGORICAL//18671//153,v10_medication_atc,OMOP//OMOP_CONCEPT//25189,static_context,True,,OMOP_CONCEPT,25189,363505006,Malignant tumor of oral cavity,AMSTEL,itemid_valueid,high
MEASUREMENT_CATEGORICAL//18671//16,v10_medication_atc,OMOP//OMOP_CONCEPT//321710,static_context,True,,OMOP_CONCEPT,321710,17414004,Contusion to heart,AMSTEL,itemid_valueid,high
MEASUREMENT_CATEGORICAL//18671//190,v10_medication_atc,OMOP//OMOP_CONCEPT//200588,static_context,True,,OMOP_CONCEPT,200588,128069005,Injury of abdomen,AMSTEL,itemid_valueid,high
MEASUREMENT_CATEGORICAL//18671//195,v10_medication_atc,OMOP//OMOP_CONCEPT//4094683,static_context,True,,OMOP_CONCEPT,4094683,262525000,Chest injury,AMSTEL,itemid_valueid,high
MEASUREMENT_CATEGORICAL//18671//204,v10_medication_atc,OMOP//OMOP_CONCEPT//200588,static_context,True,,OMOP_CONCEPT,200588,128069005,Injury of abdomen,AMSTEL,itemid_valueid,high
MEASUREMENT_CATEGORICAL//18671//213,v10_medication_atc,OMOP//OMOP_CONCEPT//193666,static_context,True,,OMOP_CONCEPT,193666,125600009,Injury of hip region,AMSTEL,itemid_valueid,high
MEASUREMENT_CATEGORICAL//18671//242,v10_medication_atc,OMOP//OMOP_CONCEPT//317576,static_context,True,,OMOP_CONCEPT,317576,53741008,Coronary arteriosclerosis,AMSTEL,itemid_valueid,high
MEASUREMENT_CATEGORICAL//18671//278,v10_medication_atc,OMOP//OMOP_CONCEPT//316993,static_context,True,,OMOP_CONCEPT,316993,20721001,Tricuspid valve disorder,AMSTEL,itemid_valueid,high
MEASUREMENT_CATEGORICAL//18671//322,v10_medication_atc,OMOP//OMOP_CONCEPT//4220384,static_context,True,,OMOP_CONCEPT,4220384,82688001,Removal of ectopic fetus,AMSTEL,itemid_valueid,high
MEASUREMENT_CATEGORICAL//18671//388,v10_medication_atc,OMOP//OMOP_CONCEPT//320136,static_context,True,,OMOP_CONCEPT,320136,50043002,Disorder of respiratory system,AMSTEL,itemid_valueid,high
MEASUREMENT_CATEGORICAL//18671//431,v10_medication_atc,OMOP//OMOP_CONCEPT//133468,static_context,True,,OMOP_CONCEPT,133468,128605003,Disorder of limb,AMSTEL,itemid_valueid,high
MEASUREMENT_CATEGORICAL//18673//494,v10_medication_atc,OMOP//OMOP_CONCEPT//318450,static_context,True,,OMOP_CONCEPT,318450,35304003,Cardiac tamponade,AMSTEL,itemid_valueid,high
MEASUREMENT_CATEGORICAL//18673//506,v10_medication_atc,OMOP//OMOP_CONCEPT//4130373,static_context,True,,OMOP_CONCEPT,4130373,126768004,Neoplasm of gastrointestinal tract,AMSTEL,itemid_valueid,high
MEASUREMENT_CATEGORICAL//18673//524,v10_medication_atc,OMOP//OMOP_CONCEPT//443929,static_context,True,,OMOP_CONCEPT,443929,47821001,Postpartum hemorrhage,AMSTEL,itemid_valueid,high
MEASUREMENT_CATEGORICAL//18673//541,v10_medication_atc,OMOP//OMOP_CONCEPT//4038835,static_context,True,,OMOP_CONCEPT,4038835,118599009,Hodgkin's disease (clinical),AMSTEL,itemid_valueid,high
MEASUREMENT_CATEGORICAL//18673//551,v10_medication_atc,OMOP//OMOP_CONCEPT//437744,static_context,True,,OMOP_CONCEPT,437744,95868006,Heat exhaustion,AMSTEL,itemid_valueid,high
MEASUREMENT_CATEGORICAL//18673//598,v10_medication_atc,OMOP//OMOP_CONCEPT//313459,static_context,True,,OMOP_CONCEPT,313459,73430006,Sleep apnea,AMSTEL,itemid_valueid,high
MEASUREMENT_CATEGORICAL//18673//628,v10_medication_atc,OMOP//OMOP_CONCEPT//37018761,static_context,True,,OMOP_CONCEPT,37018761,714153000,Chronic kidney disease stage 5 with transplant,AMSTEL,itemid_valueid,high
MEASUREMENT_CATEGORICAL//18673//637,v10_medication_atc,OMOP//OMOP_CONCEPT//200588,static_context,True,,OMOP_CONCEPT,200588,128069005,Injury of abdomen,AMSTEL,itemid_valueid,high
MEASUREMENT_CATEGORICAL//18673//650,v10_medication_atc,OMOP//OMOP_CONCEPT//133468,static_context,True,,OMOP_CONCEPT,133468,128605003,Disorder of limb,AMSTEL,itemid_valueid,high
MEASUREMENT_CATEGORICAL//18673//658,v10_medication_atc,OMOP//OMOP_CONCEPT//133468,static_context,True,,OMOP_CONCEPT,133468,128605003,Disorder of limb,AMSTEL,itemid_valueid,high
MEASUREMENT_CATEGORICAL//18673//660,v10_medication_atc,OMOP//OMOP_CONCEPT//375415,static_context,True,,OMOP_CONCEPT,375415,82271004,Injury of head,AMSTEL,itemid_valueid,high
MEASUREMENT_CATEGORICAL//18673//661,v10_medication_atc,OMOP//OMOP_CONCEPT//375415,static_context,True,,OMOP_CONCEPT,375415,82271004,Injury of head,AMSTEL,itemid_valueid,high
MEASUREMENT_CATEGORICAL//18673//662,v10_medication_atc,OMOP//OMOP_CONCEPT//375415,static_context,True,,OMOP_CONCEPT,375415,82271004,Injury of head,AMSTEL,itemid_valueid,high
MEASUREMENT_CATEGORICAL//18673//673,v10_medication_atc,OMOP//OMOP_CONCEPT//4335811,static_context,True,,OMOP_CONCEPT,4335811,433172009,Cardiac ablation using fluoroscopy guidance,AMSTEL,itemid_valueid,high
MEASUREMENT_CATEGORICAL//18673//676,v10_medication_atc,OMOP//OMOP_CONCEPT//37110863,static_context,True,,OMOP_CONCEPT,37110863,725368002,Repair of dissection of abdominal aorta,AMSTEL,itemid_valueid,high
MEASUREMENT_CATEGORICAL//18673//684,v10_medication_atc,OMOP//OMOP_CONCEPT//4012932,static_context,True,,OMOP_CONCEPT,4012932,112811009,Atrioseptoplasty,AMSTEL,itemid_valueid,high
MEASUREMENT_CATEGORICAL//18673//687,v10_medication_atc,OMOP//OMOP_CONCEPT//317576,static_context,True,,OMOP_CONCEPT,317576,53741008,Coronary arteriosclerosis,AMSTEL,itemid_valueid,high
MEASUREMENT_CATEGORICAL//18673//709,v10_medication_atc,OMOP//OMOP_CONCEPT//3654996,static_context,True,,OMOP_CONCEPT,3654996,840580004,Peripheral arterial disease,AMSTEL,itemid_valueid,high
MEASUREMENT_CATEGORICAL//18673//721,v10_medication_atc,OMOP//OMOP_CONCEPT//132797,static_context,True,,OMOP_CONCEPT,132797,91302008,Sepsis,AMSTEL,itemid_valueid,high
MEASUREMENT_CATEGORICAL//18673//744,v10_medication_atc,OMOP//OMOP_CONCEPT//4030148,static_context,True,,OMOP_CONCEPT,4030148,107938000,Small intestine excision,AMSTEL,itemid_valueid,high
MEASUREMENT_CATEGORICAL//18673//747,v10_medication_atc,OMOP//OMOP_CONCEPT//195856,static_context,True,,OMOP_CONCEPT,195856,82403002,Cholangitis,AMSTEL,itemid_valueid,high
MEASUREMENT_CATEGORICAL//18673//759,v10_medication_atc,OMOP//OMOP_CONCEPT//4244809,static_context,True,,OMOP_CONCEPT,4244809,9292007,Esophageal hiatus hernia repair,AMSTEL,itemid_valueid,high
MEASUREMENT_CATEGORICAL//18673//772,v10_medication_atc,OMOP//OMOP_CONCEPT//201337,static_context,True,,OMOP_CONCEPT,201337,42643001,Disorder of bladder,AMSTEL,itemid_valueid,high
MEASUREMENT_CATEGORICAL//18673//784,v10_medication_atc,OMOP//OMOP_CONCEPT//196653,static_context,True,,OMOP_CONCEPT,196653,363518003,Malignant tumor of kidney,AMSTEL,itemid_valueid,high
MEASUREMENT_CATEGORICAL//18673//787,v10_medication_atc,OMOP//OMOP_CONCEPT//194406,static_context,True,,OMOP_CONCEPT,194406,7163005,Urinary tract obstruction,AMSTEL,itemid_valueid,high
MEASUREMENT_CATEGORICAL//18673//807,v10_medication_atc,OMOP//OMOP_CONCEPT//4118634,static_context,True,,OMOP_CONCEPT,4118634,304040003,Grafting to skin,AMSTEL,itemid_valueid,high
MEASUREMENT_CATEGORICAL//18673//809,v10_medication_atc,OMOP//OMOP_CONCEPT//4324765,static_context,True,,OMOP_CONCEPT,4324765,428724006,Arthropathy of knee joint,AMSTEL,itemid_valueid,high
MEASUREMENT_CATEGORICAL//18673//815,v10_medication_atc,OMOP//OMOP_CONCEPT//376337,static_context,True,,OMOP_CONCEPT,376337,118940003,Disorder of nervous system,AMSTEL,itemid_valueid,high
MEASUREMENT_CATEGORICAL//18673//881,v10_medication_atc,OMOP//OMOP_CONCEPT//4094683,static_context,True,,OMOP_CONCEPT,4094683,262525000,Chest injury,AMSTEL,itemid_valueid,high
MEASUREMENT_CATEGORICAL//18673//889,v10_medication_atc,OMOP//OMOP_CONCEPT//375415,static_context,True,,OMOP_CONCEPT,375415,82271004,Injury of head,AMSTEL,itemid_valueid,high
MEASUREMENT_CATEGORICAL//19291//11,v10_medication_atc,OMOP//OMOP_CONCEPT//45878583,dynamic_event,True,,OMOP_CONCEPT,45878583,LA6577-6,Negative,AMSTEL,itemid_valueid,high
MEASUREMENT_CATEGORICAL//6685//6,v10_medication_atc,OMOP_CONCEPT//LOINC//3004921,dynamic_event,True,,LOINC,3004921,20124-4,3004921,AMSTEL,source_code,high
MEASUREMENT_CATEGORICAL//10466//11,v10_medication_atc,OMOP//OMOP_CONCEPT//4051379,metadata_only,False,,OMOP_CONCEPT,4051379,160543007,"Jewish, follower of religion",AMSTEL,itemid_valueid,low
MEASUREMENT_CATEGORICAL//10468//15,v10_medication_atc,SNOMED//4087925,dynamic_event,True,,SNOMED,4087925,186034007,4087925,AMSTEL,source_code,high
MEASUREMENT_CATEGORICAL//10468//7,v10_medication_atc,SNOMED//4087925,dynamic_event,True,,SNOMED,4087925,186034007,4087925,AMSTEL,source_code,high
MEASUREMENT_CATEGORICAL//10472//26,v10_medication_atc,SNOMED//44810687,outcome_metadata,False,,SNOMED,44810687,888671000000103,44810687,AMSTEL,source_code,high
MEASUREMENT_CATEGORICAL//12111//25,v10_medication_atc,LOINC//36203284,metadata_only,False,,LOINC,36203284,85432-3,36203284,AMSTEL,source_code,high
MEASUREMENT_CATEGORICAL//12129//23,v10_medication_atc,LOINC//3046359,metadata_only,False,,LOINC,3046359,44767-2,3046359,AMSTEL,source_code,high
MEASUREMENT_CATEGORICAL//12132//7,v10_medication_atc,SNOMED//4152283,dynamic_event,True,,SNOMED,4152283,370157003,4152283,AMSTEL,source_code,high
MEASUREMENT_CATEGORICAL//12290//5,v10_medication_atc,OMOP_CONCEPT//OMOP//3004921,dynamic_event,True,,OMOP,3004921,20124-4,ventilator_mode,BlendedICU,label_exact,high
MEASUREMENT_CATEGORICAL//12347//6,v10_medication_atc,OMOP_CONCEPT//LOINC//3004921,dynamic_event,True,,LOINC,3004921,20124-4,3004921,AMSTEL,source_code,high
MEASUREMENT_CATEGORICAL//12347//7,v10_medication_atc,OMOP_CONCEPT//LOINC//3004921,dynamic_event,True,,LOINC,3004921,20124-4,3004921,AMSTEL,source_code,high
MEASUREMENT_CATEGORICAL//12815//6,v10_medication_atc,OMOP//OMOP_CONCEPT//37156242,dynamic_event,True,,OMOP_CONCEPT,37156242,1163223009,Pressure injury stage IV,AMSTEL,itemid_valueid,high
MEASUREMENT_CATEGORICAL//13128//5,v10_medication_atc,OMOP//OMOP_CONCEPT//4242877,dynamic_event,True,,OMOP_CONCEPT,4242877,59712006,Evacuation of subdural hematoma,AMSTEL,itemid_valueid,high
MEASUREMENT_CATEGORICAL//13135//4,v10_medication_atc,OMOP//OMOP_CONCEPT//192680,dynamic_event,True,,OMOP_CONCEPT,192680,34742003,Portal hypertension,AMSTEL,itemid_valueid,high
MEASUREMENT_CATEGORICAL//14426//28,v10_medication_atc,OMOP_CONCEPT//LOINC//3021707,dynamic_event,True,,LOINC,3021707,9205-6,3021707,AMSTEL,source_code,high
MEASUREMENT_CATEGORICAL//14476//11,v10_medication_atc,OMOP_CONCEPT//LOINC//3026549,dynamic_event,True,,LOINC,3026549,11325-8,3026549,AMSTEL,source_code,high
MEASUREMENT_CATEGORICAL//16101//7,v10_medication_atc,OMOP//OMOP_CONCEPT//4240305,dynamic_event,True,,OMOP_CONCEPT,4240305,91602002,Thoracentesis,AMSTEL,itemid_valueid,high
MEASUREMENT_CATEGORICAL//16252//1,v10_medication_atc,OMOP_CONCEPT//LOINC//46235663,dynamic_event,True,,LOINC,46235663,76447-2,46235663,AMSTEL,source_code,high
MEASUREMENT_CATEGORICAL//16448//17,v10_medication_atc,SNOMED//4052413,dynamic_event/device_support,True,,SNOMED,4052413,233527006,4052413,AMSTEL,source_code,high
MEASUREMENT_CATEGORICAL//16448//23,v10_medication_atc,SNOMED//4052413,dynamic_event/device_support,True,,SNOMED,4052413,233527006,4052413,AMSTEL,source_code,high
MEASUREMENT_CATEGORICAL//16602//4,v10_medication_atc,OMOP_CONCEPT//LOINC//40769732,dynamic_event,True,,LOINC,40769732,67098-4,40769732,AMSTEL,source_code,high
MEASUREMENT_CATEGORICAL//16602//5,v10_medication_atc,OMOP_CONCEPT//LOINC//40769732,dynamic_event,True,,LOINC,40769732,67098-4,40769732,AMSTEL,source_code,high
MEASUREMENT_CATEGORICAL//16602//7,v10_medication_atc,OMOP_CONCEPT//LOINC//40769732,dynamic_event,True,,LOINC,40769732,67098-4,40769732,AMSTEL,source_code,high
MEASUREMENT_CATEGORICAL//16604//5,v10_medication_atc,OMOP//OMOP_CONCEPT//4230380,dynamic_event,True,,OMOP_CONCEPT,4230380,359727008,Fibrinogen deficiency,AMSTEL,itemid_valueid,high
MEASUREMENT_CATEGORICAL//16606//10,v10_medication_atc,OMOP_CONCEPT//LOINC//21491193,dynamic_event,True,,LOINC,21491193,79569-0,21491193,AMSTEL,source_code,high
MEASUREMENT_CATEGORICAL//16606//3,v10_medication_atc,OMOP_CONCEPT//LOINC//21491193,dynamic_event,True,,LOINC,21491193,79569-0,21491193,AMSTEL,source_code,high
MEASUREMENT_CATEGORICAL//16642//10,v10_medication_atc,OMOP//OMOP_CONCEPT//132797,dynamic_event,True,,OMOP_CONCEPT,132797,91302008,Sepsis,AMSTEL,itemid_valueid,high
MEASUREMENT_CATEGORICAL//16642//9,v10_medication_atc,OMOP//OMOP_CONCEPT//4148882,dynamic_event,True,,OMOP_CONCEPT,4148882,355001,Hemorrhagic shock,AMSTEL,itemid_valueid,high
MEASUREMENT_CATEGORICAL//16645//7,v10_medication_atc,OMOP//OMOP_CONCEPT//201965,dynamic_event,True,,OMOP_CONCEPT,201965,27942005,Shock,AMSTEL,itemid_valueid,high
MEASUREMENT_CATEGORICAL//16648//17,v10_medication_atc,OMOP//OMOP_CONCEPT//375415,dynamic_event,True,,OMOP_CONCEPT,375415,82271004,Injury of head,AMSTEL,itemid_valueid,high
MEASUREMENT_CATEGORICAL//16648//25,v10_medication_atc,OMOP//OMOP_CONCEPT//133468,dynamic_event,True,,OMOP_CONCEPT,133468,128605003,Disorder of limb,AMSTEL,itemid_valueid,high
MEASUREMENT_CATEGORICAL//16649//11,v10_medication_atc,OMOP//OMOP_CONCEPT//4129747,dynamic_event,True,,OMOP_CONCEPT,4129747,12658000,Operation on female genital organs,AMSTEL,itemid_valueid,high
MEASUREMENT_CATEGORICAL//16653//20,v10_medication_atc,OMOP//OMOP_CONCEPT//317585,dynamic_event,True,,OMOP_CONCEPT,317585,67362008,Aortic aneurysm,AMSTEL,itemid_valueid,high
MEASUREMENT_CATEGORICAL//16654//9,v10_medication_atc,OMOP//OMOP_CONCEPT//4147164,dynamic_event,True,,OMOP_CONCEPT,4147164,269475001,Malignant tumor of lymphoid hemopoietic and related tissue,AMSTEL,itemid_valueid,high
MEASUREMENT_CATEGORICAL//16658//16,v10_medication_atc,OMOP//OMOP_CONCEPT//440417,dynamic_event,True,,OMOP_CONCEPT,440417,59282003,Pulmonary embolism,AMSTEL,itemid_valueid,high
MEASUREMENT_CATEGORICAL//16658//17,v10_medication_atc,OMOP//OMOP_CONCEPT//252280,dynamic_event,True,,OMOP_CONCEPT,252280,126667002,Neoplasm of respiratory tract,AMSTEL,itemid_valueid,high
MEASUREMENT_CATEGORICAL//16658//21,v10_medication_atc,OMOP//OMOP_CONCEPT//602985,dynamic_event,True,,OMOP_CONCEPT,602985,1149322001,Intoxication,AMSTEL,itemid_valueid,high
MEASUREMENT_CATEGORICAL//16659//5,v10_medication_atc,OMOP//OMOP_CONCEPT//444044,dynamic_event,True,,OMOP_CONCEPT,444044,35455006,Acute tubular necrosis,AMSTEL,itemid_valueid,high
MEASUREMENT_CATEGORICAL//16661//21,v10_medication_atc,OMOP//OMOP_CONCEPT//4045952,dynamic_event,True,,OMOP_CONCEPT,4045952,230905005,Excision of intracranial arteriovenous malformation,AMSTEL,itemid_valueid,high
MEASUREMENT_CATEGORICAL//16663//15,v10_medication_atc,OMOP//OMOP_CONCEPT//376337,dynamic_event,True,,OMOP_CONCEPT,376337,118940003,Disorder of nervous system,AMSTEL,itemid_valueid,high
MEASUREMENT_CATEGORICAL//16663//9,v10_medication_atc,OMOP//OMOP_CONCEPT//380834,dynamic_event,True,,OMOP_CONCEPT,380834,371632003,Coma,AMSTEL,itemid_valueid,high
MEASUREMENT_CATEGORICAL//16664//11,v10_medication_atc,OMOP//OMOP_CONCEPT//376713,dynamic_event,True,,OMOP_CONCEPT,376713,274100004,Cerebral hemorrhage,AMSTEL,itemid_valueid,high
MEASUREMENT_CATEGORICAL//16670//12,v10_medication_atc,OMOP//OMOP_CONCEPT//44783222,dynamic_event,True,,OMOP_CONCEPT,44783222,699279007,Aortic arch replacement,AMSTEL,itemid_valueid,high
MEASUREMENT_CATEGORICAL//16670//15,v10_medication_atc,OMOP//OMOP_CONCEPT//4199966,dynamic_event,True,,OMOP_CONCEPT,4199966,315362007,Repair of thoracoabdominal aortic aneurysm,AMSTEL,itemid_valueid,high
MEASUREMENT_CATEGORICAL//16670//17,v10_medication_atc,OMOP//OMOP_CONCEPT//436136,dynamic_event,True,,OMOP_CONCEPT,436136,233994002,Dissection of thoracic aorta,AMSTEL,itemid_valueid,high
MEASUREMENT_CATEGORICAL//16672//18,v10_medication_atc,OMOP//OMOP_CONCEPT//4107225,dynamic_event,True,,OMOP_CONCEPT,4107225,29889000,Rupture of heart,AMSTEL,itemid_valueid,high
MEASUREMENT_CATEGORICAL//16673//13,v10_medication_atc,OMOP//OMOP_CONCEPT//4079730,dynamic_event,True,,OMOP_CONCEPT,4079730,23979009,Pleurectomy,AMSTEL,itemid_valueid,high
MEASUREMENT_CATEGORICAL//16685//5,v10_medication_atc,OMOP_CONCEPT//LOINC//46237002,outcome_metadata,False,,LOINC,46237002,77160-0,46237002,AMSTEL,source_code,high
MEASUREMENT_CATEGORICAL//16993//2,v10_medication_atc,OMOP//OMOP_CONCEPT//8870,metadata_only,False,,OMOP_CONCEPT,8870,23,Emergency Room - Hospital,AMSTEL,itemid_valueid,high
MEASUREMENT_CATEGORICAL//16995//4,v10_medication_atc,SNOMED//37154585,outcome_metadata,False,,SNOMED,37154585,1269557005,37154585,AMSTEL,source_code,high
MEASUREMENT_CATEGORICAL//16998//17,v10_medication_atc,OMOP//OMOP_CONCEPT//4161701,static_context,True,,OMOP_CONCEPT,4161701,373945007,Pericardial effusion,AMSTEL,itemid_valueid,high
MEASUREMENT_CATEGORICAL//17002//8,v10_medication_atc,OMOP//OMOP_CONCEPT//133436,static_context,True,,OMOP_CONCEPT,133436,29028009,Thyrotoxic crisis,AMSTEL,itemid_valueid,high
MEASUREMENT_CATEGORICAL//17004//12,v10_medication_atc,OMOP//OMOP_CONCEPT//440385,static_context,True,,OMOP_CONCEPT,440385,230746009,Obstructive hydrocephalus,AMSTEL,itemid_valueid,high
MEASUREMENT_CATEGORICAL//17007//15,v10_medication_atc,OMOP//OMOP_CONCEPT//133468,static_context,True,,OMOP_CONCEPT,133468,128605003,Disorder of limb,AMSTEL,itemid_valueid,high
MEASUREMENT_CATEGORICAL//17007//29,v10_medication_atc,OMOP//OMOP_CONCEPT//193666,static_context,True,,OMOP_CONCEPT,193666,125600009,Injury of hip region,AMSTEL,itemid_valueid,high
MEASUREMENT_CATEGORICAL//17007//3,v10_medication_atc,OMOP//OMOP_CONCEPT//200588,static_context,True,,OMOP_CONCEPT,200588,128069005,Injury of abdomen,AMSTEL,itemid_valueid,high
MEASUREMENT_CATEGORICAL//17007//30,v10_medication_atc,OMOP//OMOP_CONCEPT//4096313,static_context,True,,OMOP_CONCEPT,4096313,262519004,Multiple injuries,AMSTEL,itemid_valueid,high
MEASUREMENT_CATEGORICAL//17007//5,v10_medication_atc,OMOP//OMOP_CONCEPT//200588,static_context,True,,OMOP_CONCEPT,200588,128069005,Injury of abdomen,AMSTEL,itemid_valueid,high
MEASUREMENT_CATEGORICAL//17008//28,v10_medication_atc,OMOP//OMOP_CONCEPT//312723,static_context,True,,OMOP_CONCEPT,312723,13213009,Congenital heart disease,AMSTEL,itemid_valueid,high
MEASUREMENT_CATEGORICAL//17008//30,v10_medication_atc,OMOP//OMOP_CONCEPT//3654996,static_context,True,,OMOP_CONCEPT,3654996,840580004,Peripheral arterial disease,AMSTEL,itemid_valueid,high
MEASUREMENT_CATEGORICAL//17008//36,v10_medication_atc,OMOP//OMOP_CONCEPT//193782,static_context,True,,OMOP_CONCEPT,193782,46177005,End-stage renal disease,AMSTEL,itemid_valueid,high
MEASUREMENT_CATEGORICAL//17008//58,v10_medication_atc,OMOP//OMOP_CONCEPT//316993,static_context,True,,OMOP_CONCEPT,316993,20721001,Tricuspid valve disorder,AMSTEL,itemid_valueid,high
MEASUREMENT_CATEGORICAL//17009//29,v10_medication_atc,OMOP//OMOP_CONCEPT//196152,static_context,True,,OMOP_CONCEPT,196152,48661000,Peritonitis,AMSTEL,itemid_valueid,high
MEASUREMENT_CATEGORICAL//17010//17,v10_medication_atc,OMOP//OMOP_CONCEPT//194406,static_context,True,,OMOP_CONCEPT,194406,7163005,Urinary tract obstruction,AMSTEL,itemid_valueid,high
MEASUREMENT_CATEGORICAL//17010//21,v10_medication_atc,OMOP//OMOP_CONCEPT//4129900,static_context,True,,OMOP_CONCEPT,4129900,126900000,Neoplasm of testis,AMSTEL,itemid_valueid,high
MEASUREMENT_CATEGORICAL//17013//5,v10_medication_atc,OMOP//OMOP_CONCEPT//4118634,static_context,True,,OMOP_CONCEPT,4118634,304040003,Grafting to skin,AMSTEL,itemid_valueid,high
MEASUREMENT_CATEGORICAL//17015//14,v10_medication_atc,OMOP//OMOP_CONCEPT//4110048,static_context,True,,OMOP_CONCEPT,4110048,195957006,Chronic bullous emphysema,AMSTEL,itemid_valueid,high
MEASUREMENT_CATEGORICAL//17017//6,v10_medication_atc,OMOP//OMOP_CONCEPT//200588,static_context,True,,OMOP_CONCEPT,200588,128069005,Injury of abdomen,AMSTEL,itemid_valueid,high
MEASUREMENT_CATEGORICAL//17019//47,v10_medication_atc,OMOP//OMOP_CONCEPT//441202,static_context,True,,OMOP_CONCEPT,441202,39579001,Anaphylaxis,AMSTEL,itemid_valueid,high
MEASUREMENT_CATEGORICAL//17019//49,v10_medication_atc,OMOP//OMOP_CONCEPT//40479758,static_context,True,,OMOP_CONCEPT,40479758,443089001,Pseudoaneurysm,AMSTEL,itemid_valueid,high
MEASUREMENT_CATEGORICAL//17019//61,v10_medication_atc,OMOP//OMOP_CONCEPT//4300243,static_context,True,,OMOP_CONCEPT,4300243,385486001,Postoperative complication,AMSTEL,itemid_valueid,high
MEASUREMENT_CATEGORICAL//17019//63,v10_medication_atc,OMOP//OMOP_CONCEPT//4161701,static_context,True,,OMOP_CONCEPT,4161701,373945007,Pericardial effusion,AMSTEL,itemid_valueid,high
MEASUREMENT_CATEGORICAL//17019//73,v10_medication_atc,OMOP//OMOP_CONCEPT//4124686,static_context,True,,OMOP_CONCEPT,4124686,233843008,Silent myocardial infarction,AMSTEL,itemid_valueid,high
MEASUREMENT_CATEGORICAL//17019//75,v10_medication_atc,OMOP//OMOP_CONCEPT//4141491,static_context,True,,OMOP_CONCEPT,4141491,266250003,Mitral papillary muscle rupture,AMSTEL,itemid_valueid,high
MEASUREMENT_CATEGORICAL//17020//36,v10_medication_atc,OMOP//OMOP_CONCEPT//4266809,static_context,True,,OMOP_CONCEPT,4266809,397881000,Diverticular disease,AMSTEL,itemid_valueid,high
MEASUREMENT_CATEGORICAL//17020//40,v10_medication_atc,OMOP//OMOP_CONCEPT//4129389,static_context,True,,OMOP_CONCEPT,4129389,126765001,Gastrointestinal obstruction,AMSTEL,itemid_valueid,high
MEASUREMENT_CATEGORICAL//17021//11,v10_medication_atc,OMOP//OMOP_CONCEPT//443929,static_context,True,,OMOP_CONCEPT,443929,47821001,Postpartum hemorrhage,AMSTEL,itemid_valueid,high
MEASUREMENT_CATEGORICAL//17022//23,v10_medication_atc,OMOP//OMOP_CONCEPT//317510,static_context,True,,OMOP_CONCEPT,317510,93143009,Leukemia,AMSTEL,itemid_valueid,high
MEASUREMENT_CATEGORICAL//17022//26,v10_medication_atc,OMOP//OMOP_CONCEPT//320073,static_context,True,,OMOP_CONCEPT,320073,165517008,Neutropenia,AMSTEL,itemid_valueid,high
MEASUREMENT_CATEGORICAL//17024//12,v10_medication_atc,OMOP//OMOP_CONCEPT//80809,static_context,True,,OMOP_CONCEPT,80809,69896004,Rheumatoid arthritis,AMSTEL,itemid_valueid,high
MEASUREMENT_CATEGORICAL//17024//20,v10_medication_atc,OMOP//OMOP_CONCEPT//4345578,static_context,True,,OMOP_CONCEPT,4345578,240131006,Rhabdomyolysis,AMSTEL,itemid_valueid,high
MEASUREMENT_CATEGORICAL//17025//40,v10_medication_atc,OMOP//OMOP_CONCEPT//440385,static_context,True,,OMOP_CONCEPT,440385,230746009,Obstructive hydrocephalus,AMSTEL,itemid_valueid,high
MEASUREMENT_CATEGORICAL//17025//55,v10_medication_atc,OMOP//OMOP_CONCEPT//4046364,static_context,True,,OMOP_CONCEPT,4046364,230718007,Subarachnoid hemorrhage due to ruptured arteriovenous malformation,AMSTEL,itemid_valueid,high
MEASUREMENT_CATEGORICAL//17026//42,v10_medication_atc,OMOP//OMOP_CONCEPT//439973,static_context,True,,OMOP_CONCEPT,439973,87970004,Nonfatal submersion,AMSTEL,itemid_valueid,high
MEASUREMENT_CATEGORICAL//17026//46,v10_medication_atc,OMOP//OMOP_CONCEPT//4049965,static_context,True,,OMOP_CONCEPT,4049965,233613009,Fungal pneumonia,AMSTEL,itemid_valueid,high
MEASUREMENT_CATEGORICAL//17026//52,v10_medication_atc,OMOP//OMOP_CONCEPT//4266931,static_context,True,,OMOP_CONCEPT,4266931,36485005,Restrictive lung disease,AMSTEL,itemid_valueid,high
MEASUREMENT_CATEGORICAL//17026//54,v10_medication_atc,OMOP//OMOP_CONCEPT//4031380,static_context,True,,OMOP_CONCEPT,4031380,129897006,Dysfunctional ventilatory weaning response,AMSTEL,itemid_valueid,high
MEASUREMENT_CATEGORICAL//17028//40,v10_medication_atc,OMOP//OMOP_CONCEPT//200588,static_context,True,,OMOP_CONCEPT,200588,128069005,Injury of abdomen,AMSTEL,itemid_valueid,high
MEASUREMENT_CATEGORICAL//17028//42,v10_medication_atc,OMOP//OMOP_CONCEPT//200588,static_context,True,,OMOP_CONCEPT,200588,128069005,Injury of abdomen,AMSTEL,itemid_valueid,high
MEASUREMENT_CATEGORICAL//17028//45,v10_medication_atc,OMOP//OMOP_CONCEPT//4094683,static_context,True,,OMOP_CONCEPT,4094683,262525000,Chest injury,AMSTEL,itemid_valueid,high
MEASUREMENT_CATEGORICAL//17028//54,v10_medication_atc,OMOP//OMOP_CONCEPT//4096313,static_context,True,,OMOP_CONCEPT,4096313,262519004,Multiple injuries,AMSTEL,itemid_valueid,high
MEASUREMENT_CATEGORICAL//17029//109,v10_medication_atc,OMOP//OMOP_CONCEPT//4018853,static_context,True,,OMOP_CONCEPT,4018853,175180005,Decompression of cardiac tamponade,AMSTEL,itemid_valueid,high
MEASUREMENT_CATEGORICAL//17029//115,v10_medication_atc,OMOP//OMOP_CONCEPT//132797,static_context,True,,OMOP_CONCEPT,132797,91302008,Sepsis,AMSTEL,itemid_valueid,high
MEASUREMENT_CATEGORICAL//17029//116,v10_medication_atc,OMOP//OMOP_CONCEPT//132797,static_context,True,,OMOP_CONCEPT,132797,91302008,Sepsis,AMSTEL,itemid_valueid,high
MEASUREMENT_CATEGORICAL//17029//75,v10_medication_atc,OMOP//OMOP_CONCEPT//4012932,static_context,True,,OMOP_CONCEPT,4012932,112811009,Atrioseptoplasty,AMSTEL,itemid_valueid,high
MEASUREMENT_CATEGORICAL//17029//81,v10_medication_atc,OMOP//OMOP_CONCEPT//317576,static_context,True,,OMOP_CONCEPT,317576,53741008,Coronary arteriosclerosis,AMSTEL,itemid_valueid,high
MEASUREMENT_CATEGORICAL//17029//91,v10_medication_atc,OMOP//OMOP_CONCEPT//312723,static_context,True,,OMOP_CONCEPT,312723,13213009,Congenital heart disease,AMSTEL,itemid_valueid,high
MEASUREMENT_CATEGORICAL//17029//98,v10_medication_atc,OMOP//OMOP_CONCEPT//4153380,static_context,True,,OMOP_CONCEPT,4153380,371160000,Disorder of carotid artery,AMSTEL,itemid_valueid,high
MEASUREMENT_CATEGORICAL//17030//45,v10_medication_atc,OMOP//OMOP_CONCEPT//195856,static_context,True,,OMOP_CONCEPT,195856,82403002,Cholangitis,AMSTEL,itemid_valueid,high
MEASUREMENT_CATEGORICAL//17030//66,v10_medication_atc,OMOP//OMOP_CONCEPT//4020329,static_context,True,,OMOP_CONCEPT,4020329,116241004,Pancreaticoduodenectomy,AMSTEL,itemid_valueid,high
MEASUREMENT_CATEGORICAL//17031//36,v10_medication_atc,OMOP//OMOP_CONCEPT//197230,static_context,True,,OMOP_CONCEPT,197230,371973000,Malignant neoplasm of uterus,AMSTEL,itemid_valueid,high
MEASUREMENT_CATEGORICAL//17034//12,v10_medication_atc,OMOP//OMOP_CONCEPT//37110585,static_context,True,,OMOP_CONCEPT,37110585,724867005,Complication due to and following cosmetic surgery,AMSTEL,itemid_valueid,high
MEASUREMENT_CATEGORICAL//17034//13,v10_medication_atc,OMOP//OMOP_CONCEPT//4346395,static_context,True,,OMOP_CONCEPT,4346395,239278008,Operation on fracture,AMSTEL,itemid_valueid,high
MEASUREMENT_CATEGORICAL//17035//46,v10_medication_atc,OMOP//OMOP_CONCEPT//4003037,static_context,True,,OMOP_CONCEPT,4003037,119566000,Creation of cerebrospinal fluid shunt,AMSTEL,itemid_valueid,high
MEASUREMENT_CATEGORICAL//17036//21,v10_medication_atc,OMOP//OMOP_CONCEPT//317109,static_context,True,,OMOP_CONCEPT,317109,87317003,Respiratory arrest,AMSTEL,itemid_valueid,high
MEASUREMENT_CATEGORICAL//17036//24,v10_medication_atc,OMOP//OMOP_CONCEPT//4301351,static_context,True,,OMOP_CONCEPT,4301351,387713003,Surgical procedure,AMSTEL,itemid_valueid,high
MEASUREMENT_CATEGORICAL//17036//37,v10_medication_atc,OMOP//OMOP_CONCEPT//4073393,static_context,True,,OMOP_CONCEPT,4073393,177765008,Opening of chest,AMSTEL,itemid_valueid,high
MEASUREMENT_CATEGORICAL//17038//51,v10_medication_atc,OMOP//OMOP_CONCEPT//133468,static_context,True,,OMOP_CONCEPT,133468,128605003,Disorder of limb,AMSTEL,itemid_valueid,high
MEASUREMENT_CATEGORICAL//17038//59,v10_medication_atc,OMOP//OMOP_CONCEPT//375415,static_context,True,,OMOP_CONCEPT,375415,82271004,Injury of head,AMSTEL,itemid_valueid,high
MEASUREMENT_CATEGORICAL//17038//60,v10_medication_atc,OMOP//OMOP_CONCEPT//375415,static_context,True,,OMOP_CONCEPT,375415,82271004,Injury of head,AMSTEL,itemid_valueid,high
MEASUREMENT_CATEGORICAL//17038//62,v10_medication_atc,OMOP//OMOP_CONCEPT//375415,static_context,True,,OMOP_CONCEPT,375415,82271004,Injury of head,AMSTEL,itemid_valueid,high
MEASUREMENT_CATEGORICAL//18671//129,v10_medication_atc,OMOP//OMOP_CONCEPT//440385,static_context,True,,OMOP_CONCEPT,440385,230746009,Obstructive hydrocephalus,AMSTEL,itemid_valueid,high
MEASUREMENT_CATEGORICAL//18671//17,v10_medication_atc,OMOP//OMOP_CONCEPT//4161701,static_context,True,,OMOP_CONCEPT,4161701,373945007,Pericardial effusion,AMSTEL,itemid_valueid,high
MEASUREMENT_CATEGORICAL//18671//173,v10_medication_atc,OMOP//OMOP_CONCEPT//4323781,static_context,True,,OMOP_CONCEPT,4323781,429450002,Disorder related to bone marrow transplantation,AMSTEL,itemid_valueid,high
MEASUREMENT_CATEGORICAL//18671//187,v10_medication_atc,OMOP//OMOP_CONCEPT//200588,static_context,True,,OMOP_CONCEPT,200588,128069005,Injury of abdomen,AMSTEL,itemid_valueid,high
MEASUREMENT_CATEGORICAL//18671//189,v10_medication_atc,OMOP//OMOP_CONCEPT//200588,static_context,True,,OMOP_CONCEPT,200588,128069005,Injury of abdomen,AMSTEL,itemid_valueid,high
MEASUREMENT_CATEGORICAL//18671//214,v10_medication_atc,OMOP//OMOP_CONCEPT//4096313,static_context,True,,OMOP_CONCEPT,4096313,262519004,Multiple injuries,AMSTEL,itemid_valueid,high
MEASUREMENT_CATEGORICAL//18671//256,v10_medication_atc,OMOP//OMOP_CONCEPT//193782,static_context,True,,OMOP_CONCEPT,193782,46177005,End-stage renal disease,AMSTEL,itemid_valueid,high
MEASUREMENT_CATEGORICAL//18671//312,v10_medication_atc,OMOP//OMOP_CONCEPT//196152,static_context,True,,OMOP_CONCEPT,196152,48661000,Peritonitis,AMSTEL,itemid_valueid,high
MEASUREMENT_CATEGORICAL//18671//355,v10_medication_atc,OMOP//OMOP_CONCEPT//4118634,static_context,True,,OMOP_CONCEPT,4118634,304040003,Grafting to skin,AMSTEL,itemid_valueid,high
MEASUREMENT_CATEGORICAL//18671//36,v10_medication_atc,OMOP//OMOP_CONCEPT//132797,static_context,True,,OMOP_CONCEPT,132797,91302008,Sepsis,AMSTEL,itemid_valueid,high
MEASUREMENT_CATEGORICAL//18671//410,v10_medication_atc,OMOP//OMOP_CONCEPT//4076862,static_context,True,,OMOP_CONCEPT,4076862,18027006,Transplantation of liver,AMSTEL,itemid_valueid,high
MEASUREMENT_CATEGORICAL//18671//422,v10_medication_atc,OMOP//OMOP_CONCEPT//200588,static_context,True,,OMOP_CONCEPT,200588,128069005,Injury of abdomen,AMSTEL,itemid_valueid,high
MEASUREMENT_CATEGORICAL//18673//453,v10_medication_atc,OMOP//OMOP_CONCEPT//441202,static_context,True,,OMOP_CONCEPT,441202,39579001,Anaphylaxis,AMSTEL,itemid_valueid,high
MEASUREMENT_CATEGORICAL//18673//455,v10_medication_atc,OMOP//OMOP_CONCEPT//40479758,static_context,True,,OMOP_CONCEPT,40479758,443089001,Pseudoaneurysm,AMSTEL,itemid_valueid,high
MEASUREMENT_CATEGORICAL//18673//467,v10_medication_atc,OMOP//OMOP_CONCEPT//4300243,static_context,True,,OMOP_CONCEPT,4300243,385486001,Postoperative complication,AMSTEL,itemid_valueid,high
MEASUREMENT_CATEGORICAL//18673//469,v10_medication_atc,OMOP//OMOP_CONCEPT//4161701,static_context,True,,OMOP_CONCEPT,4161701,373945007,Pericardial effusion,AMSTEL,itemid_valueid,high
MEASUREMENT_CATEGORICAL//18673//479,v10_medication_atc,OMOP//OMOP_CONCEPT//4124686,static_context,True,,OMOP_CONCEPT,4124686,233843008,Silent myocardial infarction,AMSTEL,itemid_valueid,high
MEASUREMENT_CATEGORICAL//18673//481,v10_medication_atc,OMOP//OMOP_CONCEPT//4141491,static_context,True,,OMOP_CONCEPT,4141491,266250003,Mitral papillary muscle rupture,AMSTEL,itemid_valueid,high
MEASUREMENT_CATEGORICAL//18673//510,v10_medication_atc,OMOP//OMOP_CONCEPT//4266809,static_context,True,,OMOP_CONCEPT,4266809,397881000,Diverticular disease,AMSTEL,itemid_valueid,high
MEASUREMENT_CATEGORICAL//18673//514,v10_medication_atc,OMOP//OMOP_CONCEPT//4129389,static_context,True,,OMOP_CONCEPT,4129389,126765001,Gastrointestinal obstruction,AMSTEL,itemid_valueid,high
MEASUREMENT_CATEGORICAL//18673//540,v10_medication_atc,OMOP//OMOP_CONCEPT//317510,static_context,True,,OMOP_CONCEPT,317510,93143009,Leukemia,AMSTEL,itemid_valueid,high
MEASUREMENT_CATEGORICAL//18673//543,v10_medication_atc,OMOP//OMOP_CONCEPT//320073,static_context,True,,OMOP_CONCEPT,320073,165517008,Neutropenia,AMSTEL,itemid_valueid,high
MEASUREMENT_CATEGORICAL//18673//559,v10_medication_atc,OMOP//OMOP_CONCEPT//80809,static_context,True,,OMOP_CONCEPT,80809,69896004,Rheumatoid arthritis,AMSTEL,itemid_valueid,high
MEASUREMENT_CATEGORICAL//18673//567,v10_medication_atc,OMOP//OMOP_CONCEPT//4345578,static_context,True,,OMOP_CONCEPT,4345578,240131006,Rhabdomyolysis,AMSTEL,itemid_valueid,high
MEASUREMENT_CATEGORICAL//18673//581,v10_medication_atc,OMOP//OMOP_CONCEPT//440385,static_context,True,,OMOP_CONCEPT,440385,230746009,Obstructive hydrocephalus,AMSTEL,itemid_valueid,high
MEASUREMENT_CATEGORICAL//18673//612,v10_medication_atc,OMOP//OMOP_CONCEPT//439973,static_context,True,,OMOP_CONCEPT,439973,87970004,Nonfatal submersion,AMSTEL,itemid_valueid,high
MEASUREMENT_CATEGORICAL//18673//616,v10_medication_atc,OMOP//OMOP_CONCEPT//4049965,static_context,True,,OMOP_CONCEPT,4049965,233613009,Fungal pneumonia,AMSTEL,itemid_valueid,high
MEASUREMENT_CATEGORICAL//18673//622,v10_medication_atc,OMOP//OMOP_CONCEPT//4266931,static_context,True,,OMOP_CONCEPT,4266931,36485005,Restrictive lung disease,AMSTEL,itemid_valueid,high
MEASUREMENT_CATEGORICAL//18673//624,v10_medication_atc,OMOP//OMOP_CONCEPT//4031380,static_context,True,,OMOP_CONCEPT,4031380,129897006,Dysfunctional ventilatory weaning response,AMSTEL,itemid_valueid,high
MEASUREMENT_CATEGORICAL//18673//640,v10_medication_atc,OMOP//OMOP_CONCEPT//200588,static_context,True,,OMOP_CONCEPT,200588,128069005,Injury of abdomen,AMSTEL,itemid_valueid,high
MEASUREMENT_CATEGORICAL//18673//642,v10_medication_atc,OMOP//OMOP_CONCEPT//200588,static_context,True,,OMOP_CONCEPT,200588,128069005,Injury of abdomen,AMSTEL,itemid_valueid,high
MEASUREMENT_CATEGORICAL//18673//645,v10_medication_atc,OMOP//OMOP_CONCEPT//4094683,static_context,True,,OMOP_CONCEPT,4094683,262525000,Chest injury,AMSTEL,itemid_valueid,high
MEASUREMENT_CATEGORICAL//18673//654,v10_medication_atc,OMOP//OMOP_CONCEPT//4096313,static_context,True,,OMOP_CONCEPT,4096313,262519004,Multiple injuries,AMSTEL,itemid_valueid,high
MEASUREMENT_CATEGORICAL//18673//690,v10_medication_atc,OMOP//OMOP_CONCEPT//314054,static_context,True,,OMOP_CONCEPT,314054,8722008,Aortic valve disorder,AMSTEL,itemid_valueid,high
MEASUREMENT_CATEGORICAL//18673//700,v10_medication_atc,OMOP//OMOP_CONCEPT//42538522,static_context,True,,OMOP_CONCEPT,42538522,762228008,Congenital cardiovascular disorder,AMSTEL,itemid_valueid,high
MEASUREMENT_CATEGORICAL//18673//707,v10_medication_atc,OMOP//OMOP_CONCEPT//4153380,static_context,True,,OMOP_CONCEPT,4153380,371160000,Disorder of carotid artery,AMSTEL,itemid_valueid,high
MEASUREMENT_CATEGORICAL//18673//718,v10_medication_atc,OMOP//OMOP_CONCEPT//4018853,static_context,True,,OMOP_CONCEPT,4018853,175180005,Decompression of cardiac tamponade,AMSTEL,itemid_valueid,high
MEASUREMENT_CATEGORICAL//18673//724,v10_medication_atc,OMOP//OMOP_CONCEPT//132797,static_context,True,,OMOP_CONCEPT,132797,91302008,Sepsis,AMSTEL,itemid_valueid,high
MEASUREMENT_CATEGORICAL//18673//725,v10_medication_atc,OMOP//OMOP_CONCEPT//132797,static_context,True,,OMOP_CONCEPT,132797,91302008,Sepsis,AMSTEL,itemid_valueid,high
MEASUREMENT_CATEGORICAL//18673//768,v10_medication_atc,OMOP//OMOP_CONCEPT//4020329,static_context,True,,OMOP_CONCEPT,4020329,116241004,Pancreaticoduodenectomy,AMSTEL,itemid_valueid,high
MEASUREMENT_CATEGORICAL//18673//778,v10_medication_atc,OMOP//OMOP_CONCEPT//197230,static_context,True,,OMOP_CONCEPT,197230,371973000,Malignant neoplasm of uterus,AMSTEL,itemid_valueid,high
MEASUREMENT_CATEGORICAL//18673//803,v10_medication_atc,OMOP//OMOP_CONCEPT//3654996,static_context,True,,OMOP_CONCEPT,3654996,840580004,Peripheral arterial disease,AMSTEL,itemid_valueid,high
MEASUREMENT_CATEGORICAL//18673//805,v10_medication_atc,OMOP//OMOP_CONCEPT//4207050,static_context,True,,OMOP_CONCEPT,4207050,56306000,Cosmetic surgery,AMSTEL,itemid_valueid,high
MEASUREMENT_CATEGORICAL//18673//806,v10_medication_atc,OMOP//OMOP_CONCEPT//4346395,static_context,True,,OMOP_CONCEPT,4346395,239278008,Operation on fracture,AMSTEL,itemid_valueid,high
MEASUREMENT_CATEGORICAL//18673//831,v10_medication_atc,OMOP//OMOP_CONCEPT//4003037,static_context,True,,OMOP_CONCEPT,4003037,119566000,Creation of cerebrospinal fluid shunt,AMSTEL,itemid_valueid,high
MEASUREMENT_CATEGORICAL//18673//839,v10_medication_atc,OMOP//OMOP_CONCEPT//317109,static_context,True,,OMOP_CONCEPT,317109,87317003,Respiratory arrest,AMSTEL,itemid_valueid,high
MEASUREMENT_CATEGORICAL//18673//842,v10_medication_atc,OMOP//OMOP_CONCEPT//25189,static_context,True,,OMOP_CONCEPT,25189,363505006,Malignant tumor of oral cavity,AMSTEL,itemid_valueid,high
MEASUREMENT_CATEGORICAL//18673//855,v10_medication_atc,OMOP//OMOP_CONCEPT//257010,static_context,True,,OMOP_CONCEPT,257010,73452002,Abscess of lung,AMSTEL,itemid_valueid,high
MEASUREMENT_CATEGORICAL//18673//883,v10_medication_atc,OMOP//OMOP_CONCEPT//133468,static_context,True,,OMOP_CONCEPT,133468,128605003,Disorder of limb,AMSTEL,itemid_valueid,high
MEASUREMENT_CATEGORICAL//18673//891,v10_medication_atc,OMOP//OMOP_CONCEPT//375415,static_context,True,,OMOP_CONCEPT,375415,82271004,Injury of head,AMSTEL,itemid_valueid,high
MEASUREMENT_CATEGORICAL//18673//892,v10_medication_atc,OMOP//OMOP_CONCEPT//375415,static_context,True,,OMOP_CONCEPT,375415,82271004,Injury of head,AMSTEL,itemid_valueid,high
MEASUREMENT_CATEGORICAL//18673//894,v10_medication_atc,OMOP//OMOP_CONCEPT//375415,static_context,True,,OMOP_CONCEPT,375415,82271004,Injury of head,AMSTEL,itemid_valueid,high
MEASUREMENT_CATEGORICAL//8733//11,v10_medication_atc,SNOMED//4085985,metadata_only,False,,SNOMED,4085985,246287001,4085985,AMSTEL,source_code,high
MEASUREMENT_CATEGORICAL//10104//2,v10_medication_atc,OMOP_CONCEPT//LOINC//40763161,dynamic_event,True,,LOINC,40763161,60102-1,40763161,AMSTEL,source_code,high
MEASUREMENT_CATEGORICAL//10466//1,v10_medication_atc,OMOP//OMOP_CONCEPT//4051382,metadata_only,False,,OMOP_CONCEPT,4051382,160557009,"Baptist, follower of religion",AMSTEL,itemid_valueid,low
MEASUREMENT_CATEGORICAL//10468//20,v10_medication_atc,SNOMED//4087925,dynamic_event,True,,SNOMED,4087925,186034007,4087925,AMSTEL,source_code,high
MEASUREMENT_CATEGORICAL//10468//21,v10_medication_atc,OMOP//OMOP_CONCEPT//38003584,dynamic_event,True,,OMOP_CONCEPT,38003584,2.11,Japanese,AMSTEL,itemid_valueid,high
MEASUREMENT_CATEGORICAL//10468//4,v10_medication_atc,SNOMED//4087925,dynamic_event,True,,SNOMED,4087925,186034007,4087925,AMSTEL,source_code,high
MEASUREMENT_CATEGORICAL//10468//6,v10_medication_atc,SNOMED//4087925,dynamic_event,True,,SNOMED,4087925,186034007,4087925,AMSTEL,source_code,high
MEASUREMENT_CATEGORICAL//10472//1,v10_medication_atc,SNOMED//44810687,outcome_metadata,False,,SNOMED,44810687,888671000000103,44810687,AMSTEL,source_code,high
MEASUREMENT_CATEGORICAL//10472//36,v10_medication_atc,SNOMED//44810687,outcome_metadata,False,,SNOMED,44810687,888671000000103,44810687,AMSTEL,source_code,high
MEASUREMENT_CATEGORICAL//10472//37,v10_medication_atc,SNOMED//44810687,outcome_metadata,False,,SNOMED,44810687,888671000000103,44810687,AMSTEL,source_code,high
MEASUREMENT_CATEGORICAL//10472//42,v10_medication_atc,SNOMED//44810687,outcome_metadata,False,,SNOMED,44810687,888671000000103,44810687,AMSTEL,source_code,high
MEASUREMENT_CATEGORICAL//10472//50,v10_medication_atc,SNOMED//44810687,outcome_metadata,False,,SNOMED,44810687,888671000000103,44810687,AMSTEL,source_code,high
MEASUREMENT_CATEGORICAL//12102//2,v10_medication_atc,OMOP_CONCEPT//LOINC//3003680,dynamic_event,True,,LOINC,3003680,8658-7,3003680,AMSTEL,source_code,high
MEASUREMENT_CATEGORICAL//12108//11,v10_medication_atc,LOINC//36203284,metadata_only,False,,LOINC,36203284,85432-3,36203284,AMSTEL,source_code,high
MEASUREMENT_CATEGORICAL//12108//18,v10_medication_atc,LOINC//36203284,metadata_only,False,,LOINC,36203284,85432-3,36203284,AMSTEL,source_code,high
MEASUREMENT_CATEGORICAL//12108//7,v10_medication_atc,LOINC//36203284,metadata_only,False,,LOINC,36203284,85432-3,36203284,AMSTEL,source_code,high
MEASUREMENT_CATEGORICAL//12109//12,v10_medication_atc,LOINC//36203284,metadata_only,False,,LOINC,36203284,85432-3,36203284,AMSTEL,source_code,high
MEASUREMENT_CATEGORICAL//12110//25,v10_medication_atc,LOINC//36203284,metadata_only,False,,LOINC,36203284,85432-3,36203284,AMSTEL,source_code,high
MEASUREMENT_CATEGORICAL//12111//12,v10_medication_atc,LOINC//36203284,metadata_only,False,,LOINC,36203284,85432-3,36203284,AMSTEL,source_code,high
MEASUREMENT_CATEGORICAL//12111//13,v10_medication_atc,LOINC//36203284,metadata_only,False,,LOINC,36203284,85432-3,36203284,AMSTEL,source_code,high
MEASUREMENT_CATEGORICAL//12111//21,v10_medication_atc,LOINC//36203284,metadata_only,False,,LOINC,36203284,85432-3,36203284,AMSTEL,source_code,high
MEASUREMENT_CATEGORICAL//12111//24,v10_medication_atc,LOINC//36203284,metadata_only,False,,LOINC,36203284,85432-3,36203284,AMSTEL,source_code,high
MEASUREMENT_CATEGORICAL//12129//16,v10_medication_atc,LOINC//3046359,metadata_only,False,,LOINC,3046359,44767-2,3046359,AMSTEL,source_code,high
MEASUREMENT_CATEGORICAL//12129//18,v10_medication_atc,LOINC//3046359,metadata_only,False,,LOINC,3046359,44767-2,3046359,AMSTEL,source_code,high
MEASUREMENT_CATEGORICAL//12290//15,v10_medication_atc,OMOP_CONCEPT//OMOP//3004921,dynamic_event,True,,OMOP,3004921,20124-4,ventilator_mode,BlendedICU,label_exact,high
MEASUREMENT_CATEGORICAL//12347//1,v10_medication_atc,OMOP_CONCEPT//LOINC//3004921,dynamic_event,True,,LOINC,3004921,20124-4,3004921,AMSTEL,source_code,high
MEASUREMENT_CATEGORICAL//12347//3,v10_medication_atc,OMOP_CONCEPT//LOINC//3004921,dynamic_event,True,,LOINC,3004921,20124-4,3004921,AMSTEL,source_code,high
MEASUREMENT_CATEGORICAL//12502//1,v10_medication_atc,OMOP_CONCEPT//LOINC//3004779,dynamic_event,True,,LOINC,3004779,8931-8,3004779,AMSTEL,source_code,high
MEASUREMENT_CATEGORICAL//12513//1,v10_medication_atc,SNOMED//4122997,dynamic_event,True,,SNOMED,4122997,258118009,4122997,AMSTEL,source_code,high
MEASUREMENT_CATEGORICAL//12514//2,v10_medication_atc,OMOP//OMOP_CONCEPT//4035566,dynamic_event,True,,OMOP_CONCEPT,4035566,117444000,Text value,AMSTEL,itemid_valueid,high
MEASUREMENT_CATEGORICAL//12820//5,v10_medication_atc,OMOP//OMOP_CONCEPT//37156242,dynamic_event,True,,OMOP_CONCEPT,37156242,1163223009,Pressure injury stage IV,AMSTEL,itemid_valueid,high
MEASUREMENT_CATEGORICAL//12834//5,v10_medication_atc,OMOP//OMOP_CONCEPT//37156242,dynamic_event,True,,OMOP_CONCEPT,37156242,1163223009,Pressure injury stage IV,AMSTEL,itemid_valueid,high
MEASUREMENT_CATEGORICAL//13122//4,v10_medication_atc,OMOP//OMOP_CONCEPT//201254,dynamic_event,True,,OMOP_CONCEPT,201254,46635009,Type 1 diabetes mellitus,AMSTEL,itemid_valueid,high
MEASUREMENT_CATEGORICAL//13128//1,v10_medication_atc,OMOP//OMOP_CONCEPT//4045469,dynamic_event,True,,OMOP_CONCEPT,4045469,230898002,Clipping of intracranial aneurysm,AMSTEL,itemid_valueid,high
MEASUREMENT_CATEGORICAL//14426//22,v10_medication_atc,OMOP_CONCEPT//LOINC//3021707,dynamic_event,True,,LOINC,3021707,9205-6,3021707,AMSTEL,source_code,high
MEASUREMENT_CATEGORICAL//14427//28,v10_medication_atc,OMOP_CONCEPT//LOINC//3021707,dynamic_event,True,,LOINC,3021707,9205-6,3021707,AMSTEL,source_code,high
MEASUREMENT_CATEGORICAL//14476//10,v10_medication_atc,OMOP_CONCEPT//LOINC//3026549,dynamic_event,True,,LOINC,3026549,11325-8,3026549,AMSTEL,source_code,high
MEASUREMENT_CATEGORICAL//16101//5,v10_medication_atc,OMOP//OMOP_CONCEPT//4039415,dynamic_event,True,,OMOP_CONCEPT,4039415,229372001,Puncture of pericardium,AMSTEL,itemid_valueid,high
MEASUREMENT_CATEGORICAL//16448//13,v10_medication_atc,SNOMED//4052413,dynamic_event/device_support,True,,SNOMED,4052413,233527006,4052413,AMSTEL,source_code,high
MEASUREMENT_CATEGORICAL//16604//2,v10_medication_atc,SNOMED//4206625,dynamic_event,True,,SNOMED,4206625,56027003,4206625,AMSTEL,source_code,high
MEASUREMENT_CATEGORICAL//16606//2,v10_medication_atc,OMOP_CONCEPT//LOINC//21491193,dynamic_event,True,,LOINC,21491193,79569-0,21491193,AMSTEL,source_code,high
MEASUREMENT_CATEGORICAL//16606//4,v10_medication_atc,OMOP_CONCEPT//LOINC//21491193,dynamic_event,True,,LOINC,21491193,79569-0,21491193,AMSTEL,source_code,high
MEASUREMENT_CATEGORICAL//16652//10,v10_medication_atc,OMOP//OMOP_CONCEPT//4245975,dynamic_event,True,,OMOP_CONCEPT,4245975,59927004,Hepatic failure,AMSTEL,itemid_valueid,high
MEASUREMENT_CATEGORICAL//16654//10,v10_medication_atc,OMOP//OMOP_CONCEPT//4044013,dynamic_event,True,,OMOP_CONCEPT,4044013,129154003,Hematologic neoplasm,AMSTEL,itemid_valueid,high
MEASUREMENT_CATEGORICAL//16654//8,v10_medication_atc,OMOP//OMOP_CONCEPT//4198102,dynamic_event,True,,OMOP_CONCEPT,4198102,51071000,Microangiopathic hemolytic anemia,AMSTEL,itemid_valueid,high
MEASUREMENT_CATEGORICAL//16655//7,v10_medication_atc,OMOP//OMOP_CONCEPT//441589,dynamic_event,True,,OMOP_CONCEPT,441589,56819008,Endocarditis,AMSTEL,itemid_valueid,high
MEASUREMENT_CATEGORICAL//16657//5,v10_medication_atc,OMOP//OMOP_CONCEPT//4316372,dynamic_event,True,,OMOP_CONCEPT,4316372,95605009,HELLP syndrome,AMSTEL,itemid_valueid,high
MEASUREMENT_CATEGORICAL//16658//18,v10_medication_atc,OMOP//OMOP_CONCEPT//317109,dynamic_event,True,,OMOP_CONCEPT,317109,87317003,Respiratory arrest,AMSTEL,itemid_valueid,high
MEASUREMENT_CATEGORICAL//16663//13,v10_medication_atc,OMOP//OMOP_CONCEPT//44812002,dynamic_event,True,,OMOP_CONCEPT,44812002,909621000000100,Neuromuscular disorder,AMSTEL,itemid_valueid,high
MEASUREMENT_CATEGORICAL//16664//8,v10_medication_atc,OMOP//OMOP_CONCEPT//432923,dynamic_event,True,,OMOP_CONCEPT,432923,21454007,Subarachnoid hemorrhage,AMSTEL,itemid_valueid,high
MEASUREMENT_CATEGORICAL//16670//11,v10_medication_atc,OMOP//OMOP_CONCEPT//4138183,dynamic_event,True,,OMOP_CONCEPT,4138183,425963007,Aneurysm of ascending aorta,AMSTEL,itemid_valueid,high
MEASUREMENT_CATEGORICAL//16670//14,v10_medication_atc,OMOP//OMOP_CONCEPT//4138183,dynamic_event,True,,OMOP_CONCEPT,4138183,425963007,Aneurysm of ascending aorta,AMSTEL,itemid_valueid,high
MEASUREMENT_CATEGORICAL//16671//18,v10_medication_atc,OMOP//OMOP_CONCEPT//314054,dynamic_event,True,,OMOP_CONCEPT,314054,8722008,Aortic valve disorder,AMSTEL,itemid_valueid,high
MEASUREMENT_CATEGORICAL//16672//20,v10_medication_atc,OMOP//OMOP_CONCEPT//4018853,dynamic_event,True,,OMOP_CONCEPT,4018853,175180005,Decompression of cardiac tamponade,AMSTEL,itemid_valueid,high
MEASUREMENT_CATEGORICAL//16998//36,v10_medication_atc,OMOP//OMOP_CONCEPT//132797,static_context,True,,OMOP_CONCEPT,132797,91302008,Sepsis,AMSTEL,itemid_valueid,high
MEASUREMENT_CATEGORICAL//16998//9,v10_medication_atc,OMOP//OMOP_CONCEPT//4164649,static_context,True,,OMOP_CONCEPT,4164649,274668005,Non-cardiac chest pain,AMSTEL,itemid_valueid,high
MEASUREMENT_CATEGORICAL//16999//1,v10_medication_atc,OMOP//OMOP_CONCEPT//375519,static_context,True,,OMOP_CONCEPT,375519,191480000,Alcohol withdrawal,AMSTEL,itemid_valueid,high
MEASUREMENT_CATEGORICAL//16999//24,v10_medication_atc,OMOP//OMOP_CONCEPT//4027663,static_context,True,,OMOP_CONCEPT,4027663,13200003,Peptic ulcer,AMSTEL,itemid_valueid,high
MEASUREMENT_CATEGORICAL//17000//8,v10_medication_atc,OMOP//OMOP_CONCEPT//196653,static_context,True,,OMOP_CONCEPT,196653,363518003,Malignant tumor of kidney,AMSTEL,itemid_valueid,high
MEASUREMENT_CATEGORICAL//17001//14,v10_medication_atc,OMOP//OMOP_CONCEPT//26942,static_context,True,,OMOP_CONCEPT,26942,417425009,Hemoglobin SS disease with crisis,AMSTEL,itemid_valueid,high
MEASUREMENT_CATEGORICAL//17004//25,v10_medication_atc,OMOP//OMOP_CONCEPT//442562,static_context,True,,OMOP_CONCEPT,442562,75478009,Poisoning,AMSTEL,itemid_valueid,high
MEASUREMENT_CATEGORICAL//17007//2,v10_medication_atc,OMOP//OMOP_CONCEPT//133468,static_context,True,,OMOP_CONCEPT,133468,128605003,Disorder of limb,AMSTEL,itemid_valueid,high
MEASUREMENT_CATEGORICAL//17007//27,v10_medication_atc,OMOP//OMOP_CONCEPT//133468,static_context,True,,OMOP_CONCEPT,133468,128605003,Disorder of limb,AMSTEL,itemid_valueid,high
MEASUREMENT_CATEGORICAL//17007//28,v10_medication_atc,OMOP//OMOP_CONCEPT//4154168,static_context,True,,OMOP_CONCEPT,4154168,282771003,Pelvic injury,AMSTEL,itemid_valueid,high
MEASUREMENT_CATEGORICAL//17008//22,v10_medication_atc,OMOP//OMOP_CONCEPT//317576,static_context,True,,OMOP_CONCEPT,317576,53741008,Coronary arteriosclerosis,AMSTEL,itemid_valueid,high
MEASUREMENT_CATEGORICAL//17008//43,v10_medication_atc,OMOP//OMOP_CONCEPT//40484137,static_context,True,,OMOP_CONCEPT,40484137,443944004,Excision of infected vascular graft,AMSTEL,itemid_valueid,high
MEASUREMENT_CATEGORICAL//17008//54,v10_medication_atc,OMOP//OMOP_CONCEPT//132797,static_context,True,,OMOP_CONCEPT,132797,91302008,Sepsis,AMSTEL,itemid_valueid,high
MEASUREMENT_CATEGORICAL//17009//25,v10_medication_atc,OMOP//OMOP_CONCEPT//4074815,static_context,True,,OMOP_CONCEPT,4074815,24526004,Inflammatory bowel disease,AMSTEL,itemid_valueid,high
MEASUREMENT_CATEGORICAL//17009//28,v10_medication_atc,OMOP//OMOP_CONCEPT//196152,static_context,True,,OMOP_CONCEPT,196152,48661000,Peritonitis,AMSTEL,itemid_valueid,high
MEASUREMENT_CATEGORICAL//17009//5,v10_medication_atc,OMOP//OMOP_CONCEPT//28779,static_context,True,,OMOP_CONCEPT,28779,17709002,Bleeding esophageal varices,AMSTEL,itemid_valueid,high
MEASUREMENT_CATEGORICAL//17010//14,v10_medication_atc,OMOP//OMOP_CONCEPT//37164749,static_context,True,,OMOP_CONCEPT,37164749,1231734007,Excision of breast,AMSTEL,itemid_valueid,high
MEASUREMENT_CATEGORICAL//17010//7,v10_medication_atc,SNOMED//52224004,static_context,True,,SNOMED,4178736,52224004,Pelvic exenteration,AMSTEL,itemid_valueid,high
MEASUREMENT_CATEGORICAL//17010//8,v10_medication_atc,OMOP//OMOP_CONCEPT//4274975,static_context,True,,OMOP_CONCEPT,4274975,65111004,"Pelvic exenteration, male",AMSTEL,itemid_valueid,high
MEASUREMENT_CATEGORICAL//17011//1,v10_medication_atc,OMOP//OMOP_CONCEPT//4044013,static_context,True,,OMOP_CONCEPT,4044013,129154003,Hematologic neoplasm,AMSTEL,itemid_valueid,high
MEASUREMENT_CATEGORICAL//17016//12,v10_medication_atc,OMOP//OMOP_CONCEPT//37156007,static_context,True,,OMOP_CONCEPT,37156007,153611000112104,End stage organ failure,AMSTEL,itemid_valueid,high
MEASUREMENT_CATEGORICAL//17016//6,v10_medication_atc,OMOP//OMOP_CONCEPT//4076862,static_context,True,,OMOP_CONCEPT,4076862,18027006,Transplantation of liver,AMSTEL,itemid_valueid,high
MEASUREMENT_CATEGORICAL//17017//31,v10_medication_atc,OMOP//OMOP_CONCEPT//4095850,static_context,True,,OMOP_CONCEPT,4095850,262521009,Spinal injury,AMSTEL,itemid_valueid,high
MEASUREMENT_CATEGORICAL//17017//9,v10_medication_atc,OMOP//OMOP_CONCEPT//4094683,static_context,True,,OMOP_CONCEPT,4094683,262525000,Chest injury,AMSTEL,itemid_valueid,high
MEASUREMENT_CATEGORICAL//17019//65,v10_medication_atc,OMOP//OMOP_CONCEPT//4299449,static_context,True,,OMOP_CONCEPT,4299449,385494008,Hematoma,AMSTEL,itemid_valueid,high
MEASUREMENT_CATEGORICAL//17019//89,v10_medication_atc,OMOP//OMOP_CONCEPT//4133004,static_context,True,,OMOP_CONCEPT,4133004,128053003,Deep venous thrombosis,AMSTEL,itemid_valueid,high
MEASUREMENT_CATEGORICAL//17019//91,v10_medication_atc,OMOP//OMOP_CONCEPT//602985,static_context,True,,OMOP_CONCEPT,602985,1149322001,Intoxication,AMSTEL,itemid_valueid,high
MEASUREMENT_CATEGORICAL//17020//25,v10_medication_atc,OMOP//OMOP_CONCEPT//375519,static_context,True,,OMOP_CONCEPT,375519,191480000,Alcohol withdrawal,AMSTEL,itemid_valueid,high
MEASUREMENT_CATEGORICAL//17020//26,v10_medication_atc,OMOP//OMOP_CONCEPT//28779,static_context,True,,OMOP_CONCEPT,28779,17709002,Bleeding esophageal varices,AMSTEL,itemid_valueid,high
MEASUREMENT_CATEGORICAL//17020//38,v10_medication_atc,OMOP//OMOP_CONCEPT//4326255,static_context,True,,OMOP_CONCEPT,4326255,75100008,Abdominal abscess,AMSTEL,itemid_valueid,high
MEASUREMENT_CATEGORICAL//17020//47,v10_medication_atc,OMOP//OMOP_CONCEPT//196152,static_context,True,,OMOP_CONCEPT,196152,48661000,Peritonitis,AMSTEL,itemid_valueid,high
MEASUREMENT_CATEGORICAL//17021//12,v10_medication_atc,OMOP//OMOP_CONCEPT//196455,static_context,True,,OMOP_CONCEPT,196455,51292008,Hepatorenal syndrome,AMSTEL,itemid_valueid,high
MEASUREMENT_CATEGORICAL//17021//13,v10_medication_atc,OMOP//OMOP_CONCEPT//439393,static_context,True,,OMOP_CONCEPT,439393,398254007,Pre-eclampsia,AMSTEL,itemid_valueid,high
MEASUREMENT_CATEGORICAL//17021//17,v10_medication_atc,OMOP//OMOP_CONCEPT//196653,static_context,True,,OMOP_CONCEPT,196653,363518003,Malignant tumor of kidney,AMSTEL,itemid_valueid,high
MEASUREMENT_CATEGORICAL//17022//15,v10_medication_atc,OMOP//OMOP_CONCEPT//439777,static_context,True,,OMOP_CONCEPT,439777,271737000,Anemia,AMSTEL,itemid_valueid,high
MEASUREMENT_CATEGORICAL//17022//17,v10_medication_atc,OMOP//OMOP_CONCEPT//432585,static_context,True,,OMOP_CONCEPT,432585,64779008,Blood coagulation disorder,AMSTEL,itemid_valueid,high
MEASUREMENT_CATEGORICAL//17025//53,v10_medication_atc,OMOP//OMOP_CONCEPT//442562,static_context,True,,OMOP_CONCEPT,442562,75478009,Poisoning,AMSTEL,itemid_valueid,high
MEASUREMENT_CATEGORICAL//17028//38,v10_medication_atc,OMOP//OMOP_CONCEPT//133468,static_context,True,,OMOP_CONCEPT,133468,128605003,Disorder of limb,AMSTEL,itemid_valueid,high
MEASUREMENT_CATEGORICAL//17028//53,v10_medication_atc,OMOP//OMOP_CONCEPT//440921,static_context,True,,OMOP_CONCEPT,440921,417746004,Traumatic injury,AMSTEL,itemid_valueid,high
MEASUREMENT_CATEGORICAL//17028//64,v10_medication_atc,OMOP//OMOP_CONCEPT//4154168,static_context,True,,OMOP_CONCEPT,4154168,282771003,Pelvic injury,AMSTEL,itemid_valueid,high
MEASUREMENT_CATEGORICAL//17028//68,v10_medication_atc,OMOP//OMOP_CONCEPT//600861,static_context,True,,OMOP_CONCEPT,600861,146251000146109,Traumatic spinal cord injury,AMSTEL,itemid_valueid,high
MEASUREMENT_CATEGORICAL//17029//101,v10_medication_atc,OMOP//OMOP_CONCEPT//3654996,static_context,True,,OMOP_CONCEPT,3654996,840580004,Peripheral arterial disease,AMSTEL,itemid_valueid,high
MEASUREMENT_CATEGORICAL//17029//106,v10_medication_atc,OMOP//OMOP_CONCEPT//40484137,static_context,True,,OMOP_CONCEPT,40484137,443944004,Excision of infected vascular graft,AMSTEL,itemid_valueid,high
MEASUREMENT_CATEGORICAL//17029//119,v10_medication_atc,OMOP//OMOP_CONCEPT//3654996,static_context,True,,OMOP_CONCEPT,3654996,840580004,Peripheral arterial disease,AMSTEL,itemid_valueid,high
MEASUREMENT_CATEGORICAL//17029//71,v10_medication_atc,OMOP//OMOP_CONCEPT//4000088,static_context,True,,OMOP_CONCEPT,4000088,19262003,Repair of thoracic aortic aneurysm,AMSTEL,itemid_valueid,high
MEASUREMENT_CATEGORICAL//17029//90,v10_medication_atc,OMOP//OMOP_CONCEPT//4012185,static_context,True,,OMOP_CONCEPT,4012185,112802009,Cardiovascular surgical procedure,AMSTEL,itemid_valueid,high
MEASUREMENT_CATEGORICAL//17032//5,v10_medication_atc,OMOP//OMOP_CONCEPT//4038835,static_context,True,,OMOP_CONCEPT,4038835,118599009,Hodgkin's disease (clinical),AMSTEL,itemid_valueid,high
MEASUREMENT_CATEGORICAL//17035//32,v10_medication_atc,OMOP//OMOP_CONCEPT//4046448,static_context,True,,OMOP_CONCEPT,4046448,230744007,Cerebrospinal fluid leak,AMSTEL,itemid_valueid,high
MEASUREMENT_CATEGORICAL//17036//29,v10_medication_atc,OMOP//OMOP_CONCEPT//4073393,static_context,True,,OMOP_CONCEPT,4073393,177765008,Opening of chest,AMSTEL,itemid_valueid,high
MEASUREMENT_CATEGORICAL//17036//36,v10_medication_atc,OMOP//OMOP_CONCEPT//4073393,static_context,True,,OMOP_CONCEPT,4073393,177765008,Opening of chest,AMSTEL,itemid_valueid,high
MEASUREMENT_CATEGORICAL//17036//38,v10_medication_atc,OMOP//OMOP_CONCEPT//4201387,dynamic_event/device_support,True,,OMOP_CONCEPT,4201387,302108003,Tracheostomy present,AMSTEL,itemid_valueid,high
MEASUREMENT_CATEGORICAL//17038//37,v10_medication_atc,OMOP//OMOP_CONCEPT//200588,static_context,True,,OMOP_CONCEPT,200588,128069005,Injury of abdomen,AMSTEL,itemid_valueid,high
MEASUREMENT_CATEGORICAL//17038//53,v10_medication_atc,OMOP//OMOP_CONCEPT//4301351,static_context,True,,OMOP_CONCEPT,4301351,387713003,Surgical procedure,AMSTEL,itemid_valueid,high
MEASUREMENT_CATEGORICAL//17038//63,v10_medication_atc,OMOP//OMOP_CONCEPT//133468,static_context,True,,OMOP_CONCEPT,133468,128605003,Disorder of limb,AMSTEL,itemid_valueid,high
MEASUREMENT_CATEGORICAL//18671//142,v10_medication_atc,OMOP//OMOP_CONCEPT//442562,static_context,True,,OMOP_CONCEPT,442562,75478009,Poisoning,AMSTEL,itemid_valueid,high
MEASUREMENT_CATEGORICAL//18671//186,v10_medication_atc,OMOP//OMOP_CONCEPT//133468,static_context,True,,OMOP_CONCEPT,133468,128605003,Disorder of limb,AMSTEL,itemid_valueid,high
MEASUREMENT_CATEGORICAL//18671//211,v10_medication_atc,OMOP//OMOP_CONCEPT//133468,static_context,True,,OMOP_CONCEPT,133468,128605003,Disorder of limb,AMSTEL,itemid_valueid,high
MEASUREMENT_CATEGORICAL//18671//212,v10_medication_atc,OMOP//OMOP_CONCEPT//4154168,static_context,True,,OMOP_CONCEPT,4154168,282771003,Pelvic injury,AMSTEL,itemid_valueid,high
MEASUREMENT_CATEGORICAL//18671//263,v10_medication_atc,OMOP//OMOP_CONCEPT//40484137,static_context,True,,OMOP_CONCEPT,40484137,443944004,Excision of infected vascular graft,AMSTEL,itemid_valueid,high
MEASUREMENT_CATEGORICAL//18671//274,v10_medication_atc,OMOP//OMOP_CONCEPT//132797,static_context,True,,OMOP_CONCEPT,132797,91302008,Sepsis,AMSTEL,itemid_valueid,high
MEASUREMENT_CATEGORICAL//18671//288,v10_medication_atc,OMOP//OMOP_CONCEPT//28779,static_context,True,,OMOP_CONCEPT,28779,17709002,Bleeding esophageal varices,AMSTEL,itemid_valueid,high
MEASUREMENT_CATEGORICAL//18671//308,v10_medication_atc,OMOP//OMOP_CONCEPT//4074815,static_context,True,,OMOP_CONCEPT,4074815,24526004,Inflammatory bowel disease,AMSTEL,itemid_valueid,high
MEASUREMENT_CATEGORICAL//18671//311,v10_medication_atc,OMOP//OMOP_CONCEPT//196152,static_context,True,,OMOP_CONCEPT,196152,48661000,Peritonitis,AMSTEL,itemid_valueid,high
MEASUREMENT_CATEGORICAL//18671//323,v10_medication_atc,SNOMED//52224004,static_context,True,,SNOMED,4178736,52224004,Pelvic exenteration,AMSTEL,itemid_valueid,high
MEASUREMENT_CATEGORICAL//18671//324,v10_medication_atc,OMOP//OMOP_CONCEPT//4274975,static_context,True,,OMOP_CONCEPT,4274975,65111004,"Pelvic exenteration, male",AMSTEL,itemid_valueid,high
MEASUREMENT_CATEGORICAL//18671//416,v10_medication_atc,OMOP//OMOP_CONCEPT//37156007,static_context,True,,OMOP_CONCEPT,37156007,153611000112104,End stage organ failure,AMSTEL,itemid_valueid,high
MEASUREMENT_CATEGORICAL//18671//425,v10_medication_atc,OMOP//OMOP_CONCEPT//4094683,static_context,True,,OMOP_CONCEPT,4094683,262525000,Chest injury,AMSTEL,itemid_valueid,high
MEASUREMENT_CATEGORICAL//18671//447,v10_medication_atc,OMOP//OMOP_CONCEPT//4095850,static_context,True,,OMOP_CONCEPT,4095850,262521009,Spinal injury,AMSTEL,itemid_valueid,high
MEASUREMENT_CATEGORICAL//18671//47,v10_medication_atc,OMOP//OMOP_CONCEPT//375519,static_context,True,,OMOP_CONCEPT,375519,191480000,Alcohol withdrawal,AMSTEL,itemid_valueid,high
MEASUREMENT_CATEGORICAL//18671//70,v10_medication_atc,OMOP//OMOP_CONCEPT//4247120,static_context,True,,OMOP_CONCEPT,4247120,40845000,Gastrointestinal ulcer,AMSTEL,itemid_valueid,high
MEASUREMENT_CATEGORICAL//18671//78,v10_medication_atc,OMOP//OMOP_CONCEPT//196653,static_context,True,,OMOP_CONCEPT,196653,363518003,Malignant tumor of kidney,AMSTEL,itemid_valueid,high
MEASUREMENT_CATEGORICAL//18671//9,v10_medication_atc,OMOP//OMOP_CONCEPT//4164649,static_context,True,,OMOP_CONCEPT,4164649,274668005,Non-cardiac chest pain,AMSTEL,itemid_valueid,high
MEASUREMENT_CATEGORICAL//18671//93,v10_medication_atc,OMOP//OMOP_CONCEPT//26942,static_context,True,,OMOP_CONCEPT,26942,417425009,Hemoglobin SS disease with crisis,AMSTEL,itemid_valueid,high
MEASUREMENT_CATEGORICAL//18673//471,v10_medication_atc,OMOP//OMOP_CONCEPT//4299449,static_context,True,,OMOP_CONCEPT,4299449,385494008,Hematoma,AMSTEL,itemid_valueid,high
MEASUREMENT_CATEGORICAL//18673//495,v10_medication_atc,OMOP//OMOP_CONCEPT//4133004,static_context,True,,OMOP_CONCEPT,4133004,128053003,Deep venous thrombosis,AMSTEL,itemid_valueid,high
MEASUREMENT_CATEGORICAL//18673//497,v10_medication_atc,OMOP//OMOP_CONCEPT//602985,static_context,True,,OMOP_CONCEPT,602985,1149322001,Intoxication,AMSTEL,itemid_valueid,high
MEASUREMENT_CATEGORICAL//18673//499,v10_medication_atc,OMOP//OMOP_CONCEPT//375519,static_context,True,,OMOP_CONCEPT,375519,191480000,Alcohol withdrawal,AMSTEL,itemid_valueid,high
MEASUREMENT_CATEGORICAL//18673//500,v10_medication_atc,OMOP//OMOP_CONCEPT//28779,static_context,True,,OMOP_CONCEPT,28779,17709002,Bleeding esophageal varices,AMSTEL,itemid_valueid,high
MEASUREMENT_CATEGORICAL//18673//512,v10_medication_atc,OMOP//OMOP_CONCEPT//4326255,static_context,True,,OMOP_CONCEPT,4326255,75100008,Abdominal abscess,AMSTEL,itemid_valueid,high
MEASUREMENT_CATEGORICAL//18673//521,v10_medication_atc,OMOP//OMOP_CONCEPT//196152,static_context,True,,OMOP_CONCEPT,196152,48661000,Peritonitis,AMSTEL,itemid_valueid,high
MEASUREMENT_CATEGORICAL//18673//525,v10_medication_atc,OMOP//OMOP_CONCEPT//196455,static_context,True,,OMOP_CONCEPT,196455,51292008,Hepatorenal syndrome,AMSTEL,itemid_valueid,high
MEASUREMENT_CATEGORICAL//18673//526,v10_medication_atc,OMOP//OMOP_CONCEPT//443700,static_context,True,,OMOP_CONCEPT,443700,15938005,Eclampsia,AMSTEL,itemid_valueid,high
MEASUREMENT_CATEGORICAL//18673//530,v10_medication_atc,OMOP//OMOP_CONCEPT//196653,static_context,True,,OMOP_CONCEPT,196653,363518003,Malignant tumor of kidney,AMSTEL,itemid_valueid,high
MEASUREMENT_CATEGORICAL//18673//532,v10_medication_atc,OMOP//OMOP_CONCEPT//439777,static_context,True,,OMOP_CONCEPT,439777,271737000,Anemia,AMSTEL,itemid_valueid,high
MEASUREMENT_CATEGORICAL//18673//534,v10_medication_atc,OMOP//OMOP_CONCEPT//432585,static_context,True,,OMOP_CONCEPT,432585,64779008,Blood coagulation disorder,AMSTEL,itemid_valueid,high
MEASUREMENT_CATEGORICAL//18673//594,v10_medication_atc,OMOP//OMOP_CONCEPT//442562,static_context,True,,OMOP_CONCEPT,442562,75478009,Poisoning,AMSTEL,itemid_valueid,high
MEASUREMENT_CATEGORICAL//18673//638,v10_medication_atc,OMOP//OMOP_CONCEPT//133468,static_context,True,,OMOP_CONCEPT,133468,128605003,Disorder of limb,AMSTEL,itemid_valueid,high
MEASUREMENT_CATEGORICAL//18673//653,v10_medication_atc,OMOP//OMOP_CONCEPT//440921,static_context,True,,OMOP_CONCEPT,440921,417746004,Traumatic injury,AMSTEL,itemid_valueid,high
MEASUREMENT_CATEGORICAL//18673//664,v10_medication_atc,OMOP//OMOP_CONCEPT//4154168,static_context,True,,OMOP_CONCEPT,4154168,282771003,Pelvic injury,AMSTEL,itemid_valueid,high
MEASUREMENT_CATEGORICAL//18673//668,v10_medication_atc,OMOP//OMOP_CONCEPT//4235863,static_context,True,,OMOP_CONCEPT,4235863,90584004,Spinal cord injury,AMSTEL,itemid_valueid,high
MEASUREMENT_CATEGORICAL//18673//680,v10_medication_atc,OMOP//OMOP_CONCEPT//4000088,static_context,True,,OMOP_CONCEPT,4000088,19262003,Repair of thoracic aortic aneurysm,AMSTEL,itemid_valueid,high
MEASUREMENT_CATEGORICAL//18673//699,v10_medication_atc,OMOP//OMOP_CONCEPT//134057,static_context,True,,OMOP_CONCEPT,134057,49601007,Disorder of cardiovascular system,AMSTEL,itemid_valueid,high
MEASUREMENT_CATEGORICAL//18673//710,v10_medication_atc,OMOP//OMOP_CONCEPT//3654996,static_context,True,,OMOP_CONCEPT,3654996,840580004,Peripheral arterial disease,AMSTEL,itemid_valueid,high
MEASUREMENT_CATEGORICAL//18673//715,v10_medication_atc,OMOP//OMOP_CONCEPT//40484137,static_context,True,,OMOP_CONCEPT,40484137,443944004,Excision of infected vascular graft,AMSTEL,itemid_valueid,high
MEASUREMENT_CATEGORICAL//18673//728,v10_medication_atc,OMOP//OMOP_CONCEPT//3654996,static_context,True,,OMOP_CONCEPT,3654996,840580004,Peripheral arterial disease,AMSTEL,itemid_valueid,high
MEASUREMENT_CATEGORICAL//18673//796,v10_medication_atc,OMOP//OMOP_CONCEPT//4038835,static_context,True,,OMOP_CONCEPT,4038835,118599009,Hodgkin's disease (clinical),AMSTEL,itemid_valueid,high
MEASUREMENT_CATEGORICAL//18673//817,v10_medication_atc,OMOP//OMOP_CONCEPT//4046448,static_context,True,,OMOP_CONCEPT,4046448,230744007,Cerebrospinal fluid leak,AMSTEL,itemid_valueid,high
MEASUREMENT_CATEGORICAL//18673//847,v10_medication_atc,OMOP//OMOP_CONCEPT//4073393,static_context,True,,OMOP_CONCEPT,4073393,177765008,Opening of chest,AMSTEL,itemid_valueid,high
MEASUREMENT_CATEGORICAL//18673//854,v10_medication_atc,OMOP//OMOP_CONCEPT//4073393,static_context,True,,OMOP_CONCEPT,4073393,177765008,Opening of chest,AMSTEL,itemid_valueid,high
MEASUREMENT_CATEGORICAL//18673//856,v10_medication_atc,OMOP//OMOP_CONCEPT//4201387,dynamic_event/device_support,True,,OMOP_CONCEPT,4201387,302108003,Tracheostomy present,AMSTEL,itemid_valueid,high
MEASUREMENT_CATEGORICAL//18673//869,v10_medication_atc,OMOP//OMOP_CONCEPT//200588,static_context,True,,OMOP_CONCEPT,200588,128069005,Injury of abdomen,AMSTEL,itemid_valueid,high
MEASUREMENT_CATEGORICAL//18673//885,v10_medication_atc,OMOP//OMOP_CONCEPT//4301351,static_context,True,,OMOP_CONCEPT,4301351,387713003,Surgical procedure,AMSTEL,itemid_valueid,high
MEASUREMENT_CATEGORICAL//18673//895,v10_medication_atc,OMOP//OMOP_CONCEPT//133468,static_context,True,,OMOP_CONCEPT,133468,128605003,Disorder of limb,AMSTEL,itemid_valueid,high
MEASUREMENT_CATEGORICAL//19290//8,v10_medication_atc,OMOP//OMOP_CONCEPT//45878583,dynamic_event,True,,OMOP_CONCEPT,45878583,LA6577-6,Negative,AMSTEL,itemid_valueid,high
MEASUREMENT_CATEGORICAL//6685//20,v10_medication_atc,OMOP_CONCEPT//LOINC//3004921,dynamic_event,True,,LOINC,3004921,20124-4,3004921,AMSTEL,source_code,high
MEASUREMENT_CATEGORICAL//8189//15,v10_medication_atc,OMOP//OMOP_CONCEPT//4208623,dynamic_event/device_support,True,,OMOP_CONCEPT,4208623,440625007,Double lumen tracheobronchial tube,AMSTEL,itemid_valueid,high
MEASUREMENT_CATEGORICAL//8200//8,v10_medication_atc,OMOP_CONCEPT//LOINC//1989388,dynamic_event,True,,LOINC,1989388,99684-3,1989388,AMSTEL,source_code,high
MEASUREMENT_CATEGORICAL//8647//5,v10_medication_atc,SNOMED//4044874,dynamic_event,True,,SNOMED,4044874,129113006,4044874,AMSTEL,source_code,high
MEASUREMENT_CATEGORICAL//8693//5,v10_medication_atc,SNOMED//4122997,dynamic_event,True,,SNOMED,4122997,258118009,4122997,AMSTEL,source_code,high
MEASUREMENT_CATEGORICAL//8732//14,v10_medication_atc,SNOMED//4085985,metadata_only,False,,SNOMED,4085985,246287001,4085985,AMSTEL,source_code,high
MEASUREMENT_CATEGORICAL//8733//12,v10_medication_atc,SNOMED//4085985,metadata_only,False,,SNOMED,4085985,246287001,4085985,AMSTEL,source_code,high
MEASUREMENT_CATEGORICAL//9652//15,v10_medication_atc,OMOP_CONCEPT//LOINC//3004921,dynamic_event,True,,LOINC,3004921,20124-4,3004921,AMSTEL,source_code,high
MEASUREMENT_BEDSIDE//6640///min,v10_medication_atc,LOINC//8867-4,dynamic_event,True,,LOINC,3027018,8867-4,Heart rate,BlendedICU,label_exact,high
MEASUREMENT_BEDSIDE//6709//UNKNOWN,v10_medication_atc,OMOP_CONCEPT//OMOP//4196147,dynamic_event,True,,OMOP,4196147,431314004,O2_pulseoxymetry_saturation,BlendedICU,label_exact,high
MEASUREMENT_BEDSIDE//6642//mmHg,v10_medication_atc,OMOP_CONCEPT//OMOP//4108290,dynamic_event,True,,OMOP,4108290,251075007,invasive_mean_blood_pressure,BlendedICU,label_exact,high
MEASUREMENT_BEDSIDE//6641//mmHg,v10_medication_atc,OMOP_CONCEPT//OMOP//4353843,dynamic_event,True,,OMOP,4353843,251071003,invasive_systolic_blood_pressure,BlendedICU,label_exact,high
MEASUREMENT_BEDSIDE//6643//mmHg,v10_medication_atc,OMOP_CONCEPT//OMOP//4354253,dynamic_event,True,,OMOP,4354253,251073000,invasive_diastolic_blood_pressure,BlendedICU,label_exact,high
MEASUREMENT_BEDSIDE//6665//mm,v10_medication_atc,OMOP_CONCEPT//LOINC//21490799,dynamic_event,True,,LOINC,21490799,76054-6,21490799,AMSTEL,source_code,high
MEASUREMENT_BEDSIDE//6666//mm,v10_medication_atc,OMOP_CONCEPT//LOINC//21490800,dynamic_event,True,,LOINC,21490800,76055-3,21490800,AMSTEL,source_code,high
MEASUREMENT_BEDSIDE//6664//mm,v10_medication_atc,OMOP_CONCEPT//LOINC//21490798,dynamic_event,True,,LOINC,21490798,76053-8,21490798,AMSTEL,source_code,high
MEASUREMENT_BEDSIDE//8874//UNKNOWN,v10_medication_atc,OMOP_CONCEPT//LOINC//3024171,dynamic_event,True,,LOINC,3024171,9279-1,3024171,AMSTEL,source_code,high
MEASUREMENT_BEDSIDE//6667//mm,v10_medication_atc,OMOP_CONCEPT//LOINC//21490803,dynamic_event,True,,LOINC,21490803,76058-7,21490803,AMSTEL,source_code,high
MEASUREMENT_BEDSIDE//6668//mm,v10_medication_atc,OMOP_CONCEPT//LOINC//21490801,dynamic_event,True,,LOINC,21490801,76056-1,21490801,AMSTEL,source_code,high
MEASUREMENT_BEDSIDE//6669//mm,v10_medication_atc,OMOP_CONCEPT//LOINC//21490802,dynamic_event,True,,LOINC,21490802,76057-9,21490802,AMSTEL,source_code,high
MEASUREMENT_BEDSIDE//6670//mm,v10_medication_atc,OMOP_CONCEPT//LOINC//21490792,dynamic_event,True,,LOINC,21490792,76047-0,21490792,AMSTEL,source_code,high
MEASUREMENT_BEDSIDE//6673//mm,v10_medication_atc,OMOP_CONCEPT//LOINC//21490794,dynamic_event,True,,LOINC,21490794,76049-6,21490794,AMSTEL,source_code,high
MEASUREMENT_BEDSIDE//6672//mm,v10_medication_atc,OMOP_CONCEPT//LOINC//21490793,dynamic_event,True,,LOINC,21490793,76048-8,21490793,AMSTEL,source_code,high
MEASUREMENT_BEDSIDE//6674//mm,v10_medication_atc,OMOP_CONCEPT//LOINC//21490795,dynamic_event,True,,LOINC,21490795,76050-4,21490795,AMSTEL,source_code,high
MEASUREMENT_BEDSIDE//6675//mm,v10_medication_atc,OMOP_CONCEPT//LOINC//21490796,dynamic_event,True,,LOINC,21490796,76051-2,21490796,AMSTEL,source_code,high
MEASUREMENT_BEDSIDE//6676//mm,v10_medication_atc,OMOP_CONCEPT//LOINC//21490797,dynamic_event,True,,LOINC,21490797,76052-0,21490797,AMSTEL,source_code,high
MEASUREMENT_BEDSIDE//12284//cmH2O,v10_medication_atc,OMOP_CONCEPT//OMOP//4353713,dynamic_event,True,,OMOP,4353713,250854009,PEEP,BlendedICU,label_exact,high
MEASUREMENT_BEDSIDE//12282//Geen,v10_medication_atc,OMOP_CONCEPT//LOINC//3024882,dynamic_event,True,,LOINC,3024882,19994-3,3024882,AMSTEL,source_code,high
MEASUREMENT_BEDSIDE//12279//Geen,v10_medication_atc,OMOP_CONCEPT//LOINC//3025408,dynamic_event,True,,LOINC,3025408,19995-0,3025408,AMSTEL,source_code,high
MEASUREMENT_BEDSIDE//12305//cmH2O,v10_medication_atc,OMOP_CONCEPT//LOINC//3006802,dynamic_event,True,,LOINC,3006802,20054-3,3006802,AMSTEL,source_code,high
MEASUREMENT_BEDSIDE//6694//cmH2O,v10_medication_atc,OMOP_CONCEPT//LOINC//21490855,dynamic_event,True,,LOINC,21490855,76248-4,21490855,AMSTEL,source_code,high
MEASUREMENT_BEDSIDE//12273//l/min,v10_medication_atc,OMOP_CONCEPT//LOINC//42527120,dynamic_event,True,,LOINC,42527120,76008-2,42527120,AMSTEL,source_code,high
MEASUREMENT_BEDSIDE//12281//cmH2O,v10_medication_atc,OMOP_CONCEPT//LOINC//3016078,dynamic_event,True,,LOINC,3016078,19976-0,3016078,AMSTEL,source_code,high
MEASUREMENT_BEDSIDE//12278//cmH2O,v10_medication_atc,OMOP_CONCEPT//LOINC//42527086,dynamic_event,True,,LOINC,42527086,60949-5,42527086,AMSTEL,source_code,high
MEASUREMENT_BEDSIDE//12276//l/min,v10_medication_atc,OMOP_CONCEPT//LOINC//42527121,dynamic_event,True,,LOINC,42527121,76009-0,42527121,AMSTEL,source_code,high
MEASUREMENT_BEDSIDE//12275//ml,v10_medication_atc,OMOP_CONCEPT//OMOP//44782827,dynamic_event,True,,OMOP,44782827,698824001,expiratory_tidal_volume,BlendedICU,label_exact,high
MEASUREMENT_BEDSIDE//12277//ml,v10_medication_atc,OMOP_CONCEPT//LOINC//3016166,dynamic_event,True,,LOINC,3016166,20109-5,3016166,AMSTEL,source_code,high
MEASUREMENT_BEDSIDE//12266///min,v10_medication_atc,OMOP_CONCEPT//OMOP//4313591,dynamic_event,True,,OMOP,4313591,86290005,respiratory_rate,BlendedICU,label_exact,high
MEASUREMENT_BEDSIDE//12576//sec,v10_medication_atc,OMOP_CONCEPT//LOINC//40760770,dynamic_event,True,,LOINC,40760770,57658-7,40760770,AMSTEL,source_code,high
MEASUREMENT_BEDSIDE//12804//mbar,v10_medication_atc,OMOP_CONCEPT//LOINC//3007955,dynamic_event,True,,LOINC,3007955,20053-5,3007955,AMSTEL,source_code,high
MEASUREMENT_BEDSIDE//12561//ml/cmH2O,v10_medication_atc,OMOP_CONCEPT//LOINC//21490582,dynamic_event,True,,LOINC,21490582,60827-3,21490582,AMSTEL,source_code,high
MEASUREMENT_BEDSIDE//12805//Geen,v10_medication_atc,OMOP_CONCEPT//LOINC//3017485,dynamic_event,True,,LOINC,3017485,19889-5,3017485,AMSTEL,source_code,high
MEASUREMENT_BEDSIDE//12270//ml,v10_medication_atc,OMOP_CONCEPT//LOINC//21490580,dynamic_event,True,,LOINC,21490580,60825-7,21490580,AMSTEL,source_code,high
MEASUREMENT_BEDSIDE//8080//ml/min,v10_medication_atc,OMOP_CONCEPT//LOINC//21490580,dynamic_event,True,,LOINC,21490580,60825-7,21490580,AMSTEL,source_code,high
MEASUREMENT_BEDSIDE//12578//l/min,v10_medication_atc,SNOMED//4108000,dynamic_event,True,,SNOMED,4108000,250813001,4108000,AMSTEL,source_code,high
MEASUREMENT_BEDSIDE//12292//Geen,v10_medication_atc,OMOP_CONCEPT//LOINC//3009065,dynamic_event,True,,LOINC,3009065,19974-5,3009065,AMSTEL,source_code,high
MEASUREMENT_BEDSIDE//12286//cmH2O,v10_medication_atc,OMOP_CONCEPT//LOINC//3000461,dynamic_event,True,,LOINC,3000461,20079-0,3000461,AMSTEL,source_code,high
MEASUREMENT_BEDSIDE//6707//mmHg,v10_medication_atc,OMOP_CONCEPT//LOINC//3035357,dynamic_event,True,,LOINC,3035357,19891-1,3035357,AMSTEL,source_code,high
MEASUREMENT_BEDSIDE//12293//cmH2O,v10_medication_atc,OMOP_CONCEPT//LOINC//42527136,dynamic_event,True,,LOINC,42527136,76151-0,42527136,AMSTEL,source_code,high
MEASUREMENT_BEDSIDE//12684//Geen,v10_medication_atc,OMOP_CONCEPT//LOINC//40760770,dynamic_event,True,,LOINC,40760770,57658-7,40760770,AMSTEL,source_code,high
MEASUREMENT_BEDSIDE//12558///min,v10_medication_atc,OMOP_CONCEPT//LOINC//3018557,dynamic_event,True,,LOINC,3018557,19831-7,3018557,AMSTEL,source_code,high
MEASUREMENT_BEDSIDE//12559//sec,v10_medication_atc,OMOP_CONCEPT//LOINC//36304672,dynamic_event,True,,LOINC,36304672,76334-2,36304672,AMSTEL,source_code,high
MEASUREMENT_BEDSIDE//12573//sec,v10_medication_atc,OMOP_CONCEPT//LOINC//36304672,dynamic_event,True,,LOINC,36304672,76334-2,36304672,AMSTEL,source_code,high
MEASUREMENT_BEDSIDE//20926//mmHg,v10_medication_atc,OMOP_CONCEPT//LOINC//3000333,dynamic_event,True,,LOINC,3000333,8591-0,3000333,AMSTEL,source_code,high
MEASUREMENT_BEDSIDE//12683//sec,v10_medication_atc,SNOMED//4353947,dynamic_event,True,,SNOMED,4353947,250819002,4353947,AMSTEL,source_code,high
MEASUREMENT_BEDSIDE//12283///min,v10_medication_atc,OMOP_CONCEPT//OMOP//4108138,dynamic_event,True,,OMOP,4108138,250876000,respiratory_rate_setting,BlendedICU,label_exact,high
MEASUREMENT_BEDSIDE//12285//cmH2O,v10_medication_atc,OMOP_CONCEPT//LOINC//42527137,dynamic_event,True,,LOINC,42527137,76152-8,42527137,AMSTEL,source_code,high
MEASUREMENT_BEDSIDE//14838//mmHg,v10_medication_atc,OMOP_CONCEPT//LOINC//1989190,dynamic_event,True,,LOINC,1989190,99720-5,1989190,AMSTEL,source_code,high
MEASUREMENT_BEDSIDE//14835//mmHg,v10_medication_atc,OMOP_CONCEPT//LOINC//1989079,dynamic_event,True,,LOINC,1989079,99717-1,1989079,AMSTEL,source_code,high
MEASUREMENT_BEDSIDE//14837//mmHg,v10_medication_atc,OMOP_CONCEPT//LOINC//1988071,dynamic_event,True,,LOINC,1988071,99721-3,1988071,AMSTEL,source_code,high
MEASUREMENT_BEDSIDE//14836//mmHg,v10_medication_atc,OMOP_CONCEPT//LOINC//1988101,dynamic_event,True,,LOINC,1988101,99718-9,1988101,AMSTEL,source_code,high
MEASUREMENT_BEDSIDE//14839//mmHg,v10_medication_atc,OMOP_CONCEPT//LOINC//1989498,dynamic_event,True,,LOINC,1989498,99719-7,1989498,AMSTEL,source_code,high
MEASUREMENT_BEDSIDE//8658//°C,v10_medication_atc,OMOP_CONCEPT//OMOP//4174894,dynamic_event,True,,OMOP,4174894,276885007,temperature,BlendedICU,label_exact,high
MEASUREMENT_BEDSIDE//14850//ml/min,v10_medication_atc,OMOP_CONCEPT//LOINC//1988610,dynamic_event,True,,LOINC,1988610,99711-4,1988610,AMSTEL,source_code,high
MEASUREMENT_BEDSIDE//14849//ml/uur,v10_medication_atc,OMOP_CONCEPT//LOINC//1988683,dynamic_event,True,,LOINC,1988683,99709-8,1988683,AMSTEL,source_code,high
MEASUREMENT_BEDSIDE//13063//°C,v10_medication_atc,OMOP_CONCEPT//LOINC//3039856,dynamic_event,True,,LOINC,3039856,39106-0,3039856,AMSTEL,source_code,high
MEASUREMENT_BEDSIDE//12294//sec,v10_medication_atc,SNOMED//4108449,dynamic_event,True,,SNOMED,4108449,250818005,4108449,AMSTEL,source_code,high
MEASUREMENT_BEDSIDE//6645//mmHg,v10_medication_atc,OMOP_CONCEPT//LOINC//3028074,dynamic_event,True,,LOINC,3028074,8414-5,3028074,AMSTEL,source_code,high
MEASUREMENT_BEDSIDE//6644//mmHg,v10_medication_atc,OMOP_CONCEPT//LOINC//3005606,dynamic_event,True,,LOINC,3005606,8440-0,3005606,AMSTEL,source_code,high
MEASUREMENT_BEDSIDE//6646//mmHg,v10_medication_atc,OMOP_CONCEPT//LOINC//3017188,dynamic_event,True,,LOINC,3017188,8385-7,3017188,AMSTEL,source_code,high
MEASUREMENT_BEDSIDE//14852//°C,v10_medication_atc,SNOMED//44813196,dynamic_event,True,,SNOMED,44813196,517581000000102,44813196,AMSTEL,source_code,high
MEASUREMENT_BEDSIDE//20080//uur,v10_medication_atc,SNOMED//40493256,dynamic_event,True,,SNOMED,40493256,445940005,40493256,AMSTEL,source_code,high
MEASUREMENT_BEDSIDE//20079//l,v10_medication_atc,OMOP_CONCEPT//LOINC//1988590,dynamic_event,True,,LOINC,1988590,99741-1,1988590,AMSTEL,source_code,high
SUBJECT_FLUID_OUTPUT//8794//ml,v10_medication_atc,OMOP_CONCEPT//OMOP//4145209,dynamic_event,True,,OMOP,4145209,426543000,urine_output,BlendedICU,label_exact,high
MEASUREMENT_BEDSIDE//14848//ml/uur,v10_medication_atc,OMOP_CONCEPT//LOINC//1988543,dynamic_event,True,,LOINC,1988543,99714-8,1988543,AMSTEL,source_code,high
MEASUREMENT_BEDSIDE//13952//°C,v10_medication_atc,OMOP_CONCEPT//LOINC//21490870,dynamic_event,True,,LOINC,21490870,76278-1,21490870,AMSTEL,source_code,high
MEASUREMENT_BEDSIDE//20707//l,v10_medication_atc,SNOMED//45769788,dynamic_event,True,,SNOMED,45769788,708514004,45769788,AMSTEL,source_code,high
MEASUREMENT_BEDSIDE//20709//l,v10_medication_atc,SNOMED//45769788,dynamic_event,True,,SNOMED,45769788,708514004,45769788,AMSTEL,source_code,high
MEASUREMENT_BEDSIDE//8835//mmHg,v10_medication_atc,OMOP_CONCEPT//LOINC//21490653,dynamic_event,True,,LOINC,21490653,60956-0,21490653,AMSTEL,source_code,high
MEASUREMENT_BEDSIDE//16110//°C,v10_medication_atc,OMOP_CONCEPT//LOINC//21490588,dynamic_event,True,,LOINC,21490588,60836-4,21490588,AMSTEL,source_code,high
MEASUREMENT_BEDSIDE//20710//ml/uur,v10_medication_atc,OMOP_CONCEPT//LOINC//1988543,dynamic_event,True,,LOINC,1988543,99714-8,1988543,AMSTEL,source_code,high
LAB//9947//mmol/l,v10_medication_atc,OMOP_CONCEPT//OMOP//3020491,dynamic_event,True,,OMOP,3020491,15074-8,blood_glucose,BlendedICU,label_exact,high
MEASUREMENT_BEDSIDE//20716//ml/uur,v10_medication_atc,OMOP_CONCEPT//LOINC//1989384,dynamic_event,True,,LOINC,1989384,99713-0,1989384,AMSTEL,source_code,high
MEASUREMENT_BEDSIDE//20076//l,v10_medication_atc,SNOMED//45769788,dynamic_event,True,,SNOMED,45769788,708514004,45769788,AMSTEL,source_code,high
MEASUREMENT_BEDSIDE//20077//l,v10_medication_atc,SNOMED//45769788,dynamic_event,True,,SNOMED,45769788,708514004,45769788,AMSTEL,source_code,high
LAB//9990//mmHg,v10_medication_atc,OMOP_CONCEPT//OMOP//3027946,dynamic_event,True,,OMOP,3027946,2019-8,paCO2,BlendedICU,label_exact,high
LAB//12310//Geen,v10_medication_atc,OMOP_CONCEPT//OMOP//3019977,dynamic_event,True,,OMOP,3019977,2744-1,pH,BlendedICU,label_exact,high
LAB//9992//mmol/l,v10_medication_atc,OMOP_CONCEPT//OMOP//3008152,dynamic_event,True,,OMOP,3008152,1960-4,bicarbonate,BlendedICU,label_exact,high
MEASUREMENT_BEDSIDE//8845//l/min,v10_medication_atc,OMOP_CONCEPT//LOINC//3014080,dynamic_event,True,,LOINC,3014080,19941-4,3014080,AMSTEL,source_code,high
LAB//9994//mmol/l,v10_medication_atc,OMOP_CONCEPT//LOINC//3012501,dynamic_event,True,,LOINC,3012501,11555-0,3012501,AMSTEL,source_code,high
LAB//9996//mmHg,v10_medication_atc,OMOP_CONCEPT//OMOP//3027801,dynamic_event,True,,OMOP,3027801,2703-7,paO2,BlendedICU,label_exact,high
LAB//12311//Geen,v10_medication_atc,OMOP_CONCEPT//OMOP//40483579,dynamic_event,True,,OMOP,40483579,442476006,O2_arterial_saturation,BlendedICU,label_exact,high
LAB//10285//mmol/l,v10_medication_atc,OMOP_CONCEPT//OMOP//3005456,dynamic_event,True,,OMOP,3005456,6298-4,potassium,BlendedICU,label_exact,high
LAB//10284//mmol/l,v10_medication_atc,OMOP_CONCEPT//LOINC//3000285,dynamic_event,True,,LOINC,3000285,2947-0,3000285,AMSTEL,source_code,high
LAB//11545//Geen,v10_medication_atc,OMOP_CONCEPT//LOINC//42869588,dynamic_event,True,,LOINC,42869588,71833-8,42869588,AMSTEL,source_code,high
LAB//10286//mmol/l,v10_medication_atc,OMOP_CONCEPT//LOINC//40762351,dynamic_event,True,,LOINC,40762351,59260-0,40762351,AMSTEL,source_code,high
MEASUREMENT_BEDSIDE//6655//mmHg,v10_medication_atc,OMOP_CONCEPT//LOINC//21490675,dynamic_event,True,,LOINC,21490675,60985-9,21490675,AMSTEL,source_code,high
LAB//10267//mmol/l,v10_medication_atc,OMOP_CONCEPT//LOINC//3048816,dynamic_event,True,,LOINC,3048816,47598-8,3048816,AMSTEL,source_code,high
LAB//9559//mmol/l,v10_medication_atc,OMOP_CONCEPT//LOINC//3039000,dynamic_event,True,,LOINC,3039000,41276-7,3039000,AMSTEL,source_code,high
LAB//11541//Geen,v10_medication_atc,OMOP_CONCEPT//LOINC//3014646,dynamic_event,True,,LOINC,3014646,11559-2,3014646,AMSTEL,source_code,high
MEASUREMENT_BEDSIDE//13058//°C,v10_medication_atc,OMOP_CONCEPT//LOINC//3022060,dynamic_event,True,,LOINC,3022060,8332-9,3022060,AMSTEL,source_code,high
LAB//14413//mmol/l,v10_medication_atc,OMOP_CONCEPT//LOINC//3018572,dynamic_event,True,,LOINC,3018572,2069-3,3018572,AMSTEL,source_code,high
LAB//10282//ml/dl,v10_medication_atc,OMOP_CONCEPT//LOINC//3044904,dynamic_event,True,,LOINC,3044904,34163-6,3044904,AMSTEL,source_code,high
LAB//11690//Geen,v10_medication_atc,OMOP_CONCEPT//LOINC//3023081,dynamic_event,True,,LOINC,3023081,20563-3,3023081,AMSTEL,source_code,high
LAB//14412//Geen,v10_medication_atc,OMOP_CONCEPT//LOINC//3007930,dynamic_event,True,,LOINC,3007930,2614-6,3007930,AMSTEL,source_code,high
MEASUREMENT_BEDSIDE//12289//l/min,v10_medication_atc,OMOP_CONCEPT//LOINC//3045410,dynamic_event,True,,LOINC,3045410,33425-0,3045410,AMSTEL,source_code,high
MEASUREMENT_BEDSIDE//12291//ml,v10_medication_atc,OMOP_CONCEPT//LOINC//3012410,dynamic_event,True,,LOINC,3012410,20112-9,3012410,AMSTEL,source_code,high
MEASUREMENT_BEDSIDE//12574//sec,v10_medication_atc,OMOP_CONCEPT//LOINC//36303489,dynamic_event,True,,LOINC,36303489,76226-0,36303489,AMSTEL,source_code,high
MEASUREMENT_BEDSIDE//12280//cmH2O,v10_medication_atc,OMOP_CONCEPT//LOINC//21490737,dynamic_event,True,,LOINC,21490737,75943-1,21490737,AMSTEL,source_code,high
LAB//9924//mmol/l,v10_medication_atc,OMOP_CONCEPT//OMOP//3000285,dynamic_event,True,,OMOP,3000285,2947-0,sodium,BlendedICU,label_exact,high
LAB//9927//mmol/l,v10_medication_atc,OMOP_CONCEPT//LOINC//3023103,dynamic_event,True,,LOINC,3023103,2823-3,3023103,AMSTEL,source_code,high
LAB//9960//mmol/l,v10_medication_atc,OMOP_CONCEPT//OMOP//3000963,dynamic_event,True,,OMOP,3000963,718-7,hemoglobin,BlendedICU,label_exact,high
LAB//9964//10^9/l,v10_medication_atc,OMOP_CONCEPT//OMOP//3007461,dynamic_event,True,,OMOP,3007461,26515-7,platelets,BlendedICU,label_exact,high
MEASUREMENT_BEDSIDE//13060//°C,v10_medication_atc,OMOP_CONCEPT//LOINC//3025085,dynamic_event,True,,LOINC,3025085,8328-7,3025085,AMSTEL,source_code,high
LAB//11423//Geen,v10_medication_atc,OMOP_CONCEPT//LOINC//42869588,dynamic_event,True,,LOINC,42869588,71833-8,42869588,AMSTEL,source_code,high
LAB//9941//µmol/l,v10_medication_atc,OMOP_CONCEPT//OMOP//40762887,dynamic_event,True,,OMOP,40762887,59826-8,creatinine,BlendedICU,label_exact,high
MEASUREMENT_BEDSIDE//6678//mmHg,v10_medication_atc,OMOP_CONCEPT//OMOP//4152194,dynamic_event,True,,OMOP,4152194,271649006,noninvasive_systolic_blood_pressure,BlendedICU,label_exact,high
LAB//9965//10^9/l,v10_medication_atc,OMOP_CONCEPT//OMOP//3010813,dynamic_event,True,,OMOP,3010813,26464-8,white_blood_cells,BlendedICU,label_exact,high
MEASUREMENT_BEDSIDE//6679//mmHg,v10_medication_atc,OMOP_CONCEPT//OMOP//4239021,dynamic_event,True,,OMOP,4239021,6797001,noninvasive_mean_blood_pressure,BlendedICU,label_exact,high
MEASUREMENT_BEDSIDE//6680//mmHg,v10_medication_atc,OMOP_CONCEPT//OMOP//4154790,dynamic_event,True,,OMOP,4154790,271650006,noninvasive_diastolic_blood_pressure,BlendedICU,label_exact,high
MEASUREMENT_BEDSIDE//20955//l/min,v10_medication_atc,SNOMED//4221102,dynamic_event,True,,SNOMED,4221102,82799009,4221102,AMSTEL,source_code,high
MEASUREMENT_BEDSIDE//20956//l/min/m2,v10_medication_atc,SNOMED//4208254,dynamic_event,True,,SNOMED,4208254,54993008,4208254,AMSTEL,source_code,high
MEASUREMENT_BEDSIDE//20951//UNKNOWN,v10_medication_atc,SNOMED//37116693,dynamic_event,True,,SNOMED,37116693,733502006,37116693,AMSTEL,source_code,high
LAB//10053//mmol/l,v10_medication_atc,OMOP_CONCEPT//OMOP//40762125,dynamic_event,True,,OMOP,40762125,59032-3,lactate,BlendedICU,label_exact,high
LAB//9930//mmol/l,v10_medication_atc,OMOP_CONCEPT//OMOP//3018572,dynamic_event,True,,OMOP,3018572,2069-3,chloride,BlendedICU,label_exact,high
SUBJECT_FLUID_OUTPUT//8699//ml,v10_medication_atc,OMOP_CONCEPT//LOINC//3026556,dynamic_event,True,,LOINC,3026556,9129-8,3026556,AMSTEL,source_code,high
MEASUREMENT_BEDSIDE//8662//°C,v10_medication_atc,OMOP_CONCEPT//LOINC//21493955,dynamic_event,True,,LOINC,21493955,81673-6,21493955,AMSTEL,source_code,high
MEASUREMENT_BEDSIDE//12287//l/min,v10_medication_atc,OMOP_CONCEPT//LOINC//3006306,dynamic_event,True,,LOINC,3006306,19835-8,3006306,AMSTEL,source_code,high
LAB//9933//mmol/l,v10_medication_atc,OMOP_CONCEPT//OMOP//3005162,dynamic_event,True,,OMOP,3005162,1996-8,calcium,BlendedICU,label_exact,high
LAB//9935//mmol/l,v10_medication_atc,OMOP_CONCEPT//OMOP//3018913,dynamic_event,True,,OMOP,3018913,24519-1,phosphate,BlendedICU,label_exact,high
LAB//11944//sec,v10_medication_atc,OMOP_CONCEPT//OMOP//3013466,dynamic_event,True,,OMOP,3013466,3173-2,PTT,BlendedICU,label_exact,high
LAB//14442//ml/min/1.73m2,v10_medication_atc,OMOP_CONCEPT//LOINC//46236952,dynamic_event,True,,LOINC,46236952,77147-7,46236952,AMSTEL,source_code,high
LAB//9952//mmol/l,v10_medication_atc,OMOP_CONCEPT//OMOP//3033836,dynamic_event,True,,OMOP,3033836,2593-2,magnesium,BlendedICU,label_exact,high
LAB//11894//INR,v10_medication_atc,OMOP_CONCEPT//LOINC//3032080,dynamic_event,True,,LOINC,3032080,34714-6,3032080,AMSTEL,source_code,high
LAB//11998//E/l,v10_medication_atc,OMOP_CONCEPT//LOINC//3007220,dynamic_event,True,,LOINC,3007220,2157-6,3007220,AMSTEL,source_code,high
LAB//9943//mmol/l,v10_medication_atc,OMOP_CONCEPT//OMOP//43534100,dynamic_event,True,,OMOP,43534100,72926-9,blood_urea_nitrogen,BlendedICU,label_exact,high
LAB//9937//g/l,v10_medication_atc,OMOP_CONCEPT//OMOP//3024561,dynamic_event,True,,OMOP,3024561,1751-7,albumin,BlendedICU,label_exact,high
MEASUREMENT_BEDSIDE//12288//Geen,v10_medication_atc,OMOP_CONCEPT//LOINC//40760768,dynamic_event,True,,LOINC,40760768,57656-1,40760768,AMSTEL,source_code,high
SUBJECT_FLUID_OUTPUT//8789//ml,v10_medication_atc,OMOP_CONCEPT//LOINC//3011087,dynamic_event,True,,LOINC,3011087,9217-1,3011087,AMSTEL,source_code,high
SUBJECT_FLUID_OUTPUT//8805//ml,v10_medication_atc,OMOP_CONCEPT//LOINC//3020433,dynamic_event,True,,LOINC,3020433,9161-1,3020433,AMSTEL,source_code,high
MEASUREMENT_BEDSIDE//6699//Geen,v10_medication_atc,OMOP_CONCEPT//OMOP//4353936,dynamic_event,True,,OMOP,4353936,250774007,FiO2,BlendedICU,label_exact,high
MEASUREMENT_BEDSIDE//13059//°C,v10_medication_atc,SNOMED//4189949,dynamic_event,True,,SNOMED,4189949,415929009,4189949,AMSTEL,source_code,high
MEASUREMENT_BEDSIDE//8871//l,v10_medication_atc,OMOP_CONCEPT//LOINC//21490789,dynamic_event,True,,LOINC,21490789,76007-4,21490789,AMSTEL,source_code,high
MEASUREMENT_BEDSIDE//8862//mbar,v10_medication_atc,OMOP_CONCEPT//LOINC//3022875,dynamic_event,True,,LOINC,3022875,20077-4,3022875,AMSTEL,source_code,high
MEASUREMENT_BEDSIDE//8873//UNKNOWN,v10_medication_atc,OMOP_CONCEPT//LOINC//3007646,dynamic_event,True,,LOINC,3007646,19840-8,3007646,AMSTEL,source_code,high
MEASUREMENT_BEDSIDE//8869//UNKNOWN,v10_medication_atc,OMOP_CONCEPT//LOINC//3020716,dynamic_event,True,,LOINC,3020716,3150-0,3020716,AMSTEL,source_code,high
MEASUREMENT_BEDSIDE//8877//mbar,v10_medication_atc,OMOP_CONCEPT//LOINC//3016078,dynamic_event,True,,LOINC,3016078,19976-0,3016078,AMSTEL,source_code,high
MEASUREMENT_BEDSIDE//8870//l/min,v10_medication_atc,SNOMED//4144329,dynamic_event,True,,SNOMED,4144329,426168008,4144329,AMSTEL,source_code,high
MEASUREMENT_BEDSIDE//12091//ml,v10_medication_atc,SNOMED//4089846,dynamic_event,True,,SNOMED,4089846,251850009,4089846,AMSTEL,source_code,high
MEASUREMENT_BEDSIDE//8879//mbar,v10_medication_atc,OMOP_CONCEPT//LOINC//21490855,dynamic_event,True,,LOINC,21490855,76248-4,21490855,AMSTEL,source_code,high
MEASUREMENT_BEDSIDE//12440///min,v10_medication_atc,OMOP_CONCEPT//LOINC//3027018,dynamic_event,True,,LOINC,3027018,8867-4,3027018,AMSTEL,source_code,high
MEASUREMENT_BEDSIDE//12443//mmHG/lsb.,v10_medication_atc,OMOP_CONCEPT//LOINC//21490673,dynamic_event,True,,LOINC,21490673,60983-4,21490673,AMSTEL,source_code,high
MEASUREMENT_BEDSIDE//7666//mmHg,v10_medication_atc,OMOP_CONCEPT//LOINC//1989079,dynamic_event,True,,LOINC,1989079,99717-1,1989079,AMSTEL,source_code,high
MEASUREMENT_BEDSIDE//7668//mmHg,v10_medication_atc,OMOP_CONCEPT//LOINC//1988071,dynamic_event,True,,LOINC,1988071,99721-3,1988071,AMSTEL,source_code,high
MEASUREMENT_BEDSIDE//7667//mmHg,v10_medication_atc,OMOP_CONCEPT//LOINC//1989498,dynamic_event,True,,LOINC,1989498,99719-7,1989498,AMSTEL,source_code,high
MEASUREMENT_BEDSIDE//12441//mmHG/lsb.,v10_medication_atc,OMOP_CONCEPT//LOINC//21490674,dynamic_event,True,,LOINC,21490674,60984-2,21490674,AMSTEL,source_code,high
MEASUREMENT_BEDSIDE//12442//mmHG/lsb.,v10_medication_atc,OMOP_CONCEPT//LOINC//21490672,dynamic_event,True,,LOINC,21490672,60982-6,21490672,AMSTEL,source_code,high
MEASUREMENT_BEDSIDE//7671//mmHg,v10_medication_atc,OMOP_CONCEPT//LOINC//1988101,dynamic_event,True,,LOINC,1988101,99718-9,1988101,AMSTEL,source_code,high
LAB//10079//mg/l,v10_medication_atc,OMOP_CONCEPT//LOINC//3020460,dynamic_event,True,,LOINC,3020460,1988-5,3020460,AMSTEL,source_code,high
MEASUREMENT_BEDSIDE//8854//mbar,v10_medication_atc,OMOP_CONCEPT//LOINC//36305890,dynamic_event,True,,LOINC,36305890,76224-5,36305890,AMSTEL,source_code,high
MEASUREMENT_BEDSIDE//10736//ml/min,v10_medication_atc,OMOP_CONCEPT//LOINC//1988610,dynamic_event,True,,LOINC,1988610,99711-4,1988610,AMSTEL,source_code,high
MEASUREMENT_BEDSIDE//8779//ml,v10_medication_atc,SNOMED//35608035,dynamic_event,True,,SNOMED,35608035,764566006,35608035,AMSTEL,source_code,high
LAB//11978//E/l,v10_medication_atc,OMOP_CONCEPT//OMOP//3006923,dynamic_event,True,,OMOP,3006923,1742-6,alanine_aminotransferase,BlendedICU,label_exact,high
MEASUREMENT_BEDSIDE//19609//Geen,v10_medication_atc,SNOMED//4022240,dynamic_event,True,,SNOMED,4022240,225908003,4022240,AMSTEL,source_code,high
LAB//11990//E/l,v10_medication_atc,OMOP_CONCEPT//OMOP//3013721,dynamic_event,True,,OMOP,3013721,1920-8,aspartate_aminotransferase,BlendedICU,label_exact,high
MEASUREMENT_BEDSIDE//8865//mbar,v10_medication_atc,OMOP_CONCEPT//LOINC//3000461,dynamic_event,True,,LOINC,3000461,20079-0,3000461,AMSTEL,source_code,high
MEASUREMENT_BEDSIDE//12459//mmHg,v10_medication_atc,OMOP_CONCEPT//LOINC//1989190,dynamic_event,True,,LOINC,1989190,99720-5,1989190,AMSTEL,source_code,high
MEASUREMENT_BEDSIDE//12456//mmHg,v10_medication_atc,OMOP_CONCEPT//LOINC//1989498,dynamic_event,True,,LOINC,1989498,99719-7,1989498,AMSTEL,source_code,high
MEASUREMENT_BEDSIDE//12444//ml/min,v10_medication_atc,OMOP_CONCEPT//LOINC//1988610,dynamic_event,True,,LOINC,1988610,99711-4,1988610,AMSTEL,source_code,high
MEASUREMENT_BEDSIDE//12454//ml/uur,v10_medication_atc,SNOMED//44802820,dynamic_event,True,,SNOMED,44802820,517631000000100,44802820,AMSTEL,source_code,high
MEASUREMENT_BEDSIDE//12452//ml/uur,v10_medication_atc,OMOP_CONCEPT//LOINC//1988543,dynamic_event,True,,LOINC,1988543,99714-8,1988543,AMSTEL,source_code,high
MEASUREMENT_BEDSIDE//7905//°C,v10_medication_atc,SNOMED//602639,care_target_metadata,False,,SNOMED,602639,1055210001,602639,AMSTEL,source_code,high
LAB//17982//sec,v10_medication_atc,OMOP_CONCEPT//OMOP//3013466,dynamic_event,True,,OMOP,3013466,3173-2,PTT,BlendedICU,label_exact,high
MEASUREMENT_BEDSIDE//6684//ml,v10_medication_atc,SNOMED//44802821,dynamic_event,True,,SNOMED,44802821,517641000000109,44802821,AMSTEL,source_code,high
MEASUREMENT_BEDSIDE//12451//ml,v10_medication_atc,SNOMED//45769788,dynamic_event,True,,SNOMED,45769788,708514004,45769788,AMSTEL,source_code,high
LAB//11893//INR,v10_medication_atc,OMOP_CONCEPT//LOINC//3032080,dynamic_event,True,,LOINC,3032080,34714-6,3032080,AMSTEL,source_code,high
MEASUREMENT_BEDSIDE//12458//°C,v10_medication_atc,SNOMED//4353720,dynamic_event,True,,SNOMED,4353720,250885000,4353720,AMSTEL,source_code,high
LAB//12023//E/l,v10_medication_atc,OMOP_CONCEPT//LOINC//3016436,dynamic_event,True,,LOINC,3016436,2532-0,3016436,AMSTEL,source_code,high
LAB//12071//E/l,v10_medication_atc,OMOP_CONCEPT//LOINC//3026910,dynamic_event,True,,LOINC,3026910,2324-2,3026910,AMSTEL,source_code,high
LAB//11984//E/l,v10_medication_atc,OMOP_CONCEPT//OMOP//3001110,dynamic_event,True,,OMOP,3001110,1783-0,alkaline_phosphatase,BlendedICU,label_exact,high
LAB//10413//µg/l,v10_medication_atc,OMOP_CONCEPT//LOINC//3005785,dynamic_event,True,,LOINC,3005785,13969-1,3005785,AMSTEL,source_code,high
MEASUREMENT_BEDSIDE//8852//mbar,v10_medication_atc,OMOP_CONCEPT//LOINC//3016078,dynamic_event,True,,LOINC,3016078,19976-0,3016078,AMSTEL,source_code,high
LAB//9945//µmol/l,v10_medication_atc,OMOP_CONCEPT//OMOP//3006140,dynamic_event,True,,OMOP,3006140,14631-6,bilirubine,BlendedICU,label_exact,high
MEASUREMENT_BEDSIDE//8850//UNKNOWN,v10_medication_atc,OMOP_CONCEPT//LOINC//3007469,dynamic_event,True,,LOINC,3007469,19834-1,3007469,AMSTEL,source_code,high
SUBJECT_FLUID_OUTPUT//8770//ml,v10_medication_atc,OMOP_CONCEPT//LOINC//3018767,dynamic_event/device_support,True,,LOINC,3018767,9122-3,3018767,AMSTEL,source_code,high
MEASUREMENT_BEDSIDE//9532//UNKNOWN,v10_medication_atc,OMOP_CONCEPT//LOINC//3014454,dynamic_event,True,,LOINC,3014454,19973-7,3014454,AMSTEL,source_code,high
MEASUREMENT_BEDSIDE//9533//UNKNOWN,v10_medication_atc,OMOP_CONCEPT//LOINC//3006106,dynamic_event,True,,LOINC,3006106,19920-8,3006106,AMSTEL,source_code,high
MEASUREMENT_BEDSIDE//8843//mmHg,v10_medication_atc,OMOP_CONCEPT//LOINC//21490852,dynamic_event,True,,LOINC,21490852,76214-6,21490852,AMSTEL,source_code,high
MEASUREMENT_BEDSIDE//8841//mmHg,v10_medication_atc,OMOP_CONCEPT//LOINC//21490853,dynamic_event,True,,LOINC,21490853,76215-3,21490853,AMSTEL,source_code,high
MEASUREMENT_BEDSIDE//8842//mmHg,v10_medication_atc,OMOP_CONCEPT//LOINC//21490851,dynamic_event,True,,LOINC,21490851,76213-8,21490851,AMSTEL,source_code,high
MEASUREMENT_BEDSIDE//6710//UNKNOWN,v10_medication_atc,SNOMED//4090654,dynamic_event,True,,SNOMED,4090654,251885009,4090654,AMSTEL,source_code,high
MEASUREMENT_BEDSIDE//8880//cmH2O,v10_medication_atc,OMOP_CONCEPT//LOINC//21490740,dynamic_event,True,,LOINC,21490740,75946-4,21490740,AMSTEL,source_code,high
MEASUREMENT_BEDSIDE//6657//mmHg,v10_medication_atc,OMOP_CONCEPT//LOINC//21490776,dynamic_event,True,,LOINC,21490776,75994-4,21490776,AMSTEL,source_code,high
MEASUREMENT_BEDSIDE//6656//l/min,v10_medication_atc,SNOMED//4221102,dynamic_event,True,,SNOMED,4221102,82799009,4221102,AMSTEL,source_code,high
MEASUREMENT_BEDSIDE//13062//°C,v10_medication_atc,OMOP_CONCEPT//LOINC//3025163,dynamic_event,True,,LOINC,3025163,8333-7,3025163,AMSTEL,source_code,high
MEASUREMENT_BEDSIDE//10735//ml/uur,v10_medication_atc,OMOP_CONCEPT//LOINC//1988543,dynamic_event,True,,LOINC,1988543,99714-8,1988543,AMSTEL,source_code,high
MEASUREMENT_BEDSIDE//8856//l/min,v10_medication_atc,OMOP_CONCEPT//LOINC//40760768,dynamic_event,True,,LOINC,40760768,57656-1,40760768,AMSTEL,source_code,high
MEASUREMENT_BEDSIDE//7726//UNKNOWN,v10_medication_atc,OMOP_CONCEPT//LOINC//3026892,dynamic_event,True,,LOINC,3026892,19839-0,3026892,AMSTEL,source_code,high
MEASUREMENT_BEDSIDE//8851//ml,v10_medication_atc,OMOP_CONCEPT//OMOP//4220163,dynamic_event,True,,OMOP,4220163,416811008,tidal_volume_setting,BlendedICU,label_exact,high
MEASUREMENT_BEDSIDE//8849//l/min,v10_medication_atc,OMOP_CONCEPT//LOINC//3011557,dynamic_event,True,,LOINC,3011557,19931-5,3011557,AMSTEL,source_code,high
MEASUREMENT_BEDSIDE//8955//cmH2O,v10_medication_atc,OMOP_CONCEPT//LOINC//3028878,dynamic_event/device_support,True,,LOINC,3028878,33445-8,3028878,AMSTEL,source_code,high
MEASUREMENT_BEDSIDE//8857//mbar,v10_medication_atc,OMOP_CONCEPT//LOINC//3000461,dynamic_event,True,,LOINC,3000461,20079-0,3000461,AMSTEL,source_code,high
MEASUREMENT_BEDSIDE//8858//mbar,v10_medication_atc,OMOP_CONCEPT//LOINC//36305628,dynamic_event,True,,LOINC,36305628,76168-4,36305628,AMSTEL,source_code,high
MEASUREMENT_BEDSIDE//8853//UNKNOWN,v10_medication_atc,OMOP_CONCEPT//LOINC//3022352,dynamic_event,True,,LOINC,3022352,19836-6,3022352,AMSTEL,source_code,high
MEASUREMENT_BEDSIDE//9611//UNKNOWN,v10_medication_atc,OMOP_CONCEPT//LOINC//36306099,dynamic_event,True,,LOINC,36306099,76229-4,36306099,AMSTEL,source_code,high
MEASUREMENT_BEDSIDE//9609//UNKNOWN,v10_medication_atc,OMOP_CONCEPT//LOINC//36303705,dynamic_event,True,,LOINC,36303705,76190-8,36303705,AMSTEL,source_code,high
LAB//11986//E/l,v10_medication_atc,OMOP_CONCEPT//LOINC//3016771,dynamic_event,True,,LOINC,3016771,1798-8,3016771,AMSTEL,source_code,high
MEASUREMENT_BEDSIDE//8699//ml,v10_medication_atc,OMOP_CONCEPT//LOINC//3026556,dynamic_event,True,,LOINC,3026556,9129-8,3026556,AMSTEL,source_code,high
MEASUREMENT_BEDSIDE//8875//l/min,v10_medication_atc,SNOMED//4108000,dynamic_event,True,,SNOMED,4108000,250813001,4108000,AMSTEL,source_code,high
SUBJECT_FLUID_OUTPUT//8777//ml,v10_medication_atc,OMOP_CONCEPT//LOINC//3023454,dynamic_event,True,,LOINC,3023454,9149-6,3023454,AMSTEL,source_code,high
MEASUREMENT_BEDSIDE//8789//ml,v10_medication_atc,OMOP_CONCEPT//LOINC//3011087,dynamic_event,True,,LOINC,3011087,9217-1,3011087,AMSTEL,source_code,high
MEASUREMENT_BEDSIDE//8659//°C,v10_medication_atc,OMOP_CONCEPT//LOINC//21493955,dynamic_event,True,,LOINC,21493955,81673-6,21493955,AMSTEL,source_code,high
MEASUREMENT_BEDSIDE//8794//ml,v10_medication_atc,OMOP_CONCEPT//OMOP//4145209,dynamic_event,True,,OMOP,4145209,426543000,urine_output,BlendedICU,label_exact,high
LAB//7433//mmHg,v10_medication_atc,OMOP_CONCEPT//LOINC//3027315,dynamic_event,True,,LOINC,3027315,11556-8,3027315,AMSTEL,source_code,high
LAB//6848//UNKNOWN,v10_medication_atc,OMOP_CONCEPT//LOINC//3010421,dynamic_event,True,,LOINC,3010421,11558-4,3010421,AMSTEL,source_code,high
LAB//6846//mmHg,v10_medication_atc,OMOP_CONCEPT//LOINC//3013290,dynamic_event,True,,LOINC,3013290,11557-6,3013290,AMSTEL,source_code,high
LAB//6810//mmol/l,v10_medication_atc,OMOP_CONCEPT//LOINC//3006576,dynamic_event,True,,LOINC,3006576,1959-6,3006576,AMSTEL,source_code,high
LAB//6807//mmol/l,v10_medication_atc,OMOP_CONCEPT//LOINC//3012501,dynamic_event,True,,LOINC,3012501,11555-0,3012501,AMSTEL,source_code,high
MEASUREMENT_BEDSIDE//15292//ml,v10_medication_atc,SNOMED//602639,care_target_metadata,False,,SNOMED,602639,1055210001,602639,AMSTEL,source_code,high
LAB//8903//UNKNOWN,v10_medication_atc,OMOP_CONCEPT//LOINC//42869608,dynamic_event,True,,LOINC,42869608,71853-6,42869608,AMSTEL,source_code,high
SUBJECT_FLUID_OUTPUT//8700//ml,v10_medication_atc,OMOP_CONCEPT//LOINC//3026556,dynamic_event,True,,LOINC,3026556,9129-8,3026556,AMSTEL,source_code,high
LAB//10407//µg/l,v10_medication_atc,OMOP_CONCEPT//LOINC//3019800,dynamic_event,True,,LOINC,3019800,6598-7,3019800,AMSTEL,source_code,high
SUBJECT_FLUID_OUTPUT//8717//ml,v10_medication_atc,OMOP_CONCEPT//LOINC//3006376,dynamic_event,True,,LOINC,3006376,9203-1,3006376,AMSTEL,source_code,high
LAB//9553//mmol/l,v10_medication_atc,OMOP_CONCEPT//LOINC//40762351,dynamic_event,True,,LOINC,40762351,59260-0,40762351,AMSTEL,source_code,high
MEASUREMENT_BEDSIDE//8878//mbar,v10_medication_atc,OMOP_CONCEPT//OMOP//4139635,dynamic_event,True,,OMOP,4139635,264907004,plateau_pressure,BlendedICU,label_exact,high
LAB//18001//mmol/l,v10_medication_atc,OMOP_CONCEPT//LOINC//3020059,dynamic_event,True,,LOINC,3020059,29265-6,3020059,AMSTEL,source_code,high
LAB//9557//mmol/l,v10_medication_atc,OMOP_CONCEPT//LOINC//3020491,dynamic_event,True,,LOINC,3020491,15074-8,3020491,AMSTEL,source_code,high
LAB//9556//mmol/l,v10_medication_atc,OMOP_CONCEPT//LOINC//3005456,dynamic_event,True,,LOINC,3005456,6298-4,3005456,AMSTEL,source_code,high
LAB//9555//mmol/l,v10_medication_atc,OMOP_CONCEPT//LOINC//3000285,dynamic_event,True,,LOINC,3000285,2947-0,3000285,AMSTEL,source_code,high
LAB//11902//mm/uur,v10_medication_atc,OMOP_CONCEPT//LOINC//3015183,dynamic_event,True,,LOINC,3015183,30341-2,3015183,AMSTEL,source_code,high
MEASUREMENT_BEDSIDE//14736//mmHg,v10_medication_atc,SNOMED//602639,care_target_metadata,False,,SNOMED,602639,1055210001,602639,AMSTEL,source_code,high
MEASUREMENT_BEDSIDE//12106///dag,v10_medication_atc,OMOP_CONCEPT//LOINC//40766929,dynamic_event,True,,LOINC,40766929,64218-1,40766929,AMSTEL,source_code,high
LAB//9560//mmol/l,v10_medication_atc,OMOP_CONCEPT//LOINC//3021119,dynamic_event,True,,LOINC,3021119,1994-3,3021119,AMSTEL,source_code,high
SUBJECT_FLUID_OUTPUT//8796//ml,v10_medication_atc,OMOP_CONCEPT//LOINC//3014315,dynamic_event,True,,LOINC,3014315,9187-6,3014315,AMSTEL,source_code,high
MEASUREMENT_BEDSIDE//8717//ml,v10_medication_atc,OMOP_CONCEPT//LOINC//3006376,dynamic_event,True,,LOINC,3006376,9203-1,3006376,AMSTEL,source_code,high
MEASUREMENT_BEDSIDE//12304//cmH2O,v10_medication_atc,OMOP_CONCEPT//LOINC//36305590,dynamic_event,True,,LOINC,36305590,76223-7,36305590,AMSTEL,source_code,high
SUBJECT_FLUID_OUTPUT//8798//ml,v10_medication_atc,OMOP_CONCEPT//LOINC//3007123,dynamic_event,True,,LOINC,3007123,9197-5,3007123,AMSTEL,source_code,high
LAB//9561//mmol/l,v10_medication_atc,OMOP_CONCEPT//LOINC//3048816,dynamic_event,True,,LOINC,3048816,47598-8,3048816,AMSTEL,source_code,high
MEASUREMENT_BEDSIDE//9469//UNKNOWN,v10_medication_atc,OMOP_CONCEPT//LOINC//1989527,dynamic_event,True,,LOINC,1989527,99685-0,1989527,AMSTEL,source_code,high
MEASUREMENT_BEDSIDE//12107///jaar,v10_medication_atc,OMOP//OMOP_CONCEPT//903650,dynamic_event,True,,OMOP_CONCEPT,903650,OMOP5181844,Cigarettes pack-years smoked during life,AMSTEL,itemid,medium
LAB//9962//10^12/l,v10_medication_atc,OMOP_CONCEPT//LOINC//3026361,dynamic_event,True,,LOINC,3026361,26453-1,3026361,AMSTEL,source_code,high
LAB//11925//mE/l,v10_medication_atc,OMOP_CONCEPT//LOINC//3009201,dynamic_event,True,,LOINC,3009201,3016-3,3009201,AMSTEL,source_code,high
LAB//14258//10^9/l,v10_medication_atc,OMOP_CONCEPT//LOINC//3019198,dynamic_event,True,,LOINC,3019198,26474-7,3019198,AMSTEL,source_code,high
LAB//14256//10^9/l,v10_medication_atc,OMOP_CONCEPT//LOINC//3006315,dynamic_event,True,,LOINC,3006315,26444-0,3006315,AMSTEL,source_code,high
LAB//14260//10^9/l,v10_medication_atc,OMOP_CONCEPT//LOINC//3001604,dynamic_event,True,,LOINC,3001604,26484-6,3001604,AMSTEL,source_code,high
LAB//10187//pmol/l,v10_medication_atc,OMOP_CONCEPT//LOINC//3008486,dynamic_event,True,,LOINC,3008486,14920-3,3008486,AMSTEL,source_code,high
MEASUREMENT_BEDSIDE//9471//mV,v10_medication_atc,OMOP_CONCEPT//LOINC//1989569,dynamic_event,True,,LOINC,1989569,99691-8,1989569,AMSTEL,source_code,high
MEASUREMENT_BEDSIDE//9470//UNKNOWN,v10_medication_atc,OMOP_CONCEPT//LOINC//1989449,dynamic_event,True,,LOINC,1989449,99693-4,1989449,AMSTEL,source_code,high
LAB//9967//10^9/l,v10_medication_atc,OMOP_CONCEPT//LOINC//3028615,dynamic_event,True,,LOINC,3028615,711-2,3028615,AMSTEL,source_code,high
MEASUREMENT_BEDSIDE//12297//sec,v10_medication_atc,OMOP_CONCEPT//LOINC//36306099,dynamic_event,True,,LOINC,36306099,76229-4,36306099,AMSTEL,source_code,high
LAB//14249//ng/l,v10_medication_atc,OMOP_CONCEPT//LOINC//3029187,dynamic_event,True,,LOINC,3029187,33762-6,3029187,AMSTEL,source_code,high
SUBJECT_FLUID_OUTPUT//8719//ml,v10_medication_atc,OMOP_CONCEPT//LOINC//3006376,dynamic_event,True,,LOINC,3006376,9203-1,3006376,AMSTEL,source_code,high
MEASUREMENT_BEDSIDE//8700//ml,v10_medication_atc,OMOP_CONCEPT//LOINC//3026556,dynamic_event,True,,LOINC,3026556,9129-8,3026556,AMSTEL,source_code,high
LAB//21213//kPa,v10_medication_atc,OMOP_CONCEPT//LOINC//3013290,dynamic_event,True,,LOINC,3013290,11557-6,3013290,AMSTEL,source_code,high
LAB//21214//kPa,v10_medication_atc,OMOP_CONCEPT//LOINC//3027315,dynamic_event,True,,LOINC,3027315,11556-8,3027315,AMSTEL,source_code,high
LAB//14254//10^9/l,v10_medication_atc,OMOP_CONCEPT//LOINC//3013650,dynamic_event,True,,LOINC,3013650,751-8,3013650,AMSTEL,source_code,high
MEASUREMENT_BEDSIDE//12295//cmH2O,v10_medication_atc,OMOP_CONCEPT//LOINC//40762053,dynamic_event,True,,LOINC,40762053,58960-6,40762053,AMSTEL,source_code,high
MEASUREMENT_BEDSIDE//12298//cmH2O,v10_medication_atc,OMOP_CONCEPT//LOINC//3000461,dynamic_event,True,,LOINC,3000461,20079-0,3000461,AMSTEL,source_code,high
MEASUREMENT_BEDSIDE//12296//sec,v10_medication_atc,OMOP_CONCEPT//LOINC//36303705,dynamic_event,True,,LOINC,36303705,76190-8,36303705,AMSTEL,source_code,high
LAB//6835//mmol/l,v10_medication_atc,OMOP_CONCEPT//LOINC//3023103,dynamic_event,True,,LOINC,3023103,2823-3,3023103,AMSTEL,source_code,high
LAB//6840//mmol/l,v10_medication_atc,OMOP_CONCEPT//LOINC//3019550,dynamic_event,True,,LOINC,3019550,2951-2,3019550,AMSTEL,source_code,high
LAB//10387//l/min,v10_medication_atc,OMOP_CONCEPT//LOINC//3005629,dynamic_event,True,,LOINC,3005629,3151-8,3005629,AMSTEL,source_code,high
LAB//9968//fl,v10_medication_atc,OMOP_CONCEPT//LOINC//3023599,dynamic_event,True,,LOINC,3023599,787-2,3023599,AMSTEL,source_code,high
LAB//11679//amol,v10_medication_atc,OMOP_CONCEPT//LOINC//40762531,dynamic_event,True,,LOINC,40762531,59468-9,40762531,AMSTEL,source_code,high
LAB//6833//mmol/l,v10_medication_atc,OMOP_CONCEPT//LOINC//3020491,dynamic_event,True,,LOINC,3020491,15074-8,3020491,AMSTEL,source_code,high
MEASUREMENT_BEDSIDE//19611//UNKNOWN,v10_medication_atc,SNOMED//602639,care_target_metadata,False,,SNOMED,602639,1055210001,602639,AMSTEL,source_code,high
LAB//6778//mmol/l,v10_medication_atc,OMOP_CONCEPT//LOINC//40762351,dynamic_event,True,,LOINC,40762351,59260-0,40762351,AMSTEL,source_code,high
LAB//6777//l,v10_medication_atc,OMOP_CONCEPT//LOINC//42869588,dynamic_event,True,,LOINC,42869588,71833-8,42869588,AMSTEL,source_code,high
LAB//11493//Geen,v10_medication_atc,OMOP_CONCEPT//LOINC//3015736,dynamic_event,True,,LOINC,3015736,2756-5,3015736,AMSTEL,source_code,high
MEASUREMENT_BEDSIDE//8719//ml,v10_medication_atc,OMOP_CONCEPT//LOINC//3006376,dynamic_event,True,,LOINC,3006376,9203-1,3006376,AMSTEL,source_code,high
MEASUREMENT_BEDSIDE//12301//cmH2O,v10_medication_atc,OMOP_CONCEPT//LOINC//42527140,dynamic_event,True,,LOINC,42527140,76247-6,42527140,AMSTEL,source_code,high
LAB//6797//10^9/l,v10_medication_atc,OMOP_CONCEPT//LOINC//3007461,dynamic_event,True,,LOINC,3007461,26515-7,3007461,AMSTEL,source_code,high
SUBJECT_FLUID_OUTPUT//9626//ml,v10_medication_atc,OMOP_CONCEPT//LOINC//3039001,dynamic_event,True,,LOINC,3039001,39122-7,3039001,AMSTEL,source_code,high
MEASUREMENT_BEDSIDE//15278//mmHg,v10_medication_atc,SNOMED//602639,care_target_metadata,False,,SNOMED,602639,1055210001,602639,AMSTEL,source_code,high
SUBJECT_FLUID_OUTPUT//8803//ml,v10_medication_atc,OMOP_CONCEPT//LOINC//3014315,dynamic_event,True,,LOINC,3014315,9187-6,3014315,AMSTEL,source_code,high
LAB//6836//µmol,v10_medication_atc,OMOP_CONCEPT//LOINC//3020564,dynamic_event,True,,LOINC,3020564,14682-9,3020564,AMSTEL,source_code,high
LAB//6779//10^9/l,v10_medication_atc,OMOP_CONCEPT//LOINC//3010813,dynamic_event,True,,LOINC,3010813,26464-8,3010813,AMSTEL,source_code,high
MEASUREMENT_BEDSIDE//8805//ml,v10_medication_atc,OMOP_CONCEPT//LOINC//3020433,dynamic_event,True,,LOINC,3020433,9161-1,3020433,AMSTEL,source_code,high
LAB//6771//sec,v10_medication_atc,OMOP_CONCEPT//LOINC//3013466,dynamic_event,True,,LOINC,3013466,3173-2,3013466,AMSTEL,source_code,high
MEASUREMENT_BEDSIDE//15770//°C,v10_medication_atc,SNOMED//602639,care_target_metadata,False,,SNOMED,602639,1055210001,602639,AMSTEL,source_code,high
LAB//6789//sec,v10_medication_atc,OMOP_CONCEPT//LOINC//3034426,dynamic_event,True,,LOINC,3034426,5902-2,3034426,AMSTEL,source_code,high
SUBJECT_FLUID_OUTPUT//9360//ml,v10_medication_atc,OMOP_CONCEPT//LOINC//21491180,dynamic_event,True,,LOINC,21491180,79556-7,21491180,AMSTEL,source_code,high
LAB//6817//mmol/l,v10_medication_atc,OMOP_CONCEPT//LOINC//3015377,dynamic_event,True,,LOINC,3015377,2000-8,3015377,AMSTEL,source_code,high
LAB//6828//mmol/l,v10_medication_atc,OMOP_CONCEPT//LOINC//3003458,dynamic_event,True,,LOINC,3003458,14879-1,3003458,AMSTEL,source_code,high
LAB//11910//mmol/cel,v10_medication_atc,OMOP_CONCEPT//LOINC//40762530,dynamic_event,True,,LOINC,40762530,59467-1,40762530,AMSTEL,source_code,high
MEASUREMENT_BEDSIDE//13154//Geen,v10_medication_atc,SNOMED//37116693,dynamic_event,True,,SNOMED,37116693,733502006,37116693,AMSTEL,source_code,high
LAB//10269//mmol/l,v10_medication_atc,OMOP_CONCEPT//LOINC//3003181,dynamic_event,True,,LOINC,3003181,2955-3,3003181,AMSTEL,source_code,high
SUBJECT_FLUID_OUTPUT//8780//ml,v10_medication_atc,OMOP_CONCEPT//LOINC//3028277,dynamic_event,True,,LOINC,3028277,9137-1,3028277,AMSTEL,source_code,high
SUBJECT_FLUID_OUTPUT//8786//ml,v10_medication_atc,OMOP_CONCEPT//LOINC//21491184,dynamic_event,True,,LOINC,21491184,79560-9,21491184,AMSTEL,source_code,high
LAB//11918//mosmol/kg,v10_medication_atc,OMOP_CONCEPT//LOINC//3008295,dynamic_event,True,,LOINC,3008295,2692-2,3008295,AMSTEL,source_code,high
MEASUREMENT_BEDSIDE//14047//°C,v10_medication_atc,OMOP_CONCEPT//LOINC//21490586,dynamic_event,True,,LOINC,21490586,60834-9,21490586,AMSTEL,source_code,high
MEASUREMENT_BEDSIDE//14056//mmHg,v10_medication_atc,OMOP_CONCEPT//LOINC//21490853,dynamic_event,True,,LOINC,21490853,76215-3,21490853,AMSTEL,source_code,high
LAB//11790//Geen,v10_medication_atc,OMOP_CONCEPT//LOINC//3006504,dynamic_event,True,,LOINC,3006504,26450-7,3006504,AMSTEL,source_code,high
LAB//6839//mmol/l,v10_medication_atc,OMOP_CONCEPT//LOINC//3033836,dynamic_event,True,,LOINC,3033836,2593-2,3033836,AMSTEL,source_code,high
MEASUREMENT_BEDSIDE//14057//mmHg,v10_medication_atc,OMOP_CONCEPT//LOINC//21490851,dynamic_event,True,,LOINC,21490851,76213-8,21490851,AMSTEL,source_code,high
LAB//11846//Geen,v10_medication_atc,OMOP_CONCEPT//LOINC//3002030,dynamic_event,True,,LOINC,3002030,26478-8,3002030,AMSTEL,source_code,high
MEASUREMENT_BEDSIDE//8770//ml,v10_medication_atc,OMOP_CONCEPT//LOINC//3018767,dynamic_event/device_support,True,,LOINC,3018767,9122-3,3018767,AMSTEL,source_code,high
LAB//11850//Geen,v10_medication_atc,OMOP_CONCEPT//LOINC//3019069,dynamic_event,True,,LOINC,3019069,26485-3,3019069,AMSTEL,source_code,high
MEASUREMENT_BEDSIDE//14055///min,v10_medication_atc,OMOP_CONCEPT//LOINC//3027018,dynamic_event,True,,LOINC,3027018,8867-4,3027018,AMSTEL,source_code,high
MEASUREMENT_BEDSIDE//14062//l/min,v10_medication_atc,OMOP_CONCEPT//LOINC//21492228,dynamic_event,True,,LOINC,21492228,76519-8,21492228,AMSTEL,source_code,high
MEASUREMENT_BEDSIDE//14065//ml,v10_medication_atc,SNOMED//4231869,dynamic_event,True,,SNOMED,4231869,90096001,4231869,AMSTEL,source_code,high
LAB//6822//IE/l,v10_medication_atc,OMOP_CONCEPT//LOINC//3007220,dynamic_event,True,,LOINC,3007220,2157-6,3007220,AMSTEL,source_code,high
LAB//14253//10^9/l,v10_medication_atc,OMOP_CONCEPT//LOINC//3023520,dynamic_event,True,,LOINC,3023520,14196-0,3023520,AMSTEL,source_code,high
LAB//12079//x TOT,v10_medication_atc,OMOP_CONCEPT//LOINC//3043744,dynamic_event,True,,LOINC,3043744,33898-8,3043744,AMSTEL,source_code,high
MEASUREMENT_BEDSIDE//14064//Geen,v10_medication_atc,SNOMED//4323433,dynamic_event,True,,SNOMED,4323433,70822001,4323433,AMSTEL,source_code,high
MEASUREMENT_BEDSIDE//20019//mmol/l,v10_medication_atc,SNOMED//602639,care_target_metadata,False,,SNOMED,602639,1055210001,602639,AMSTEL,source_code,high
MEASUREMENT_BEDSIDE//14058//mmHg,v10_medication_atc,OMOP_CONCEPT//LOINC//21490852,dynamic_event,True,,LOINC,21490852,76214-6,21490852,AMSTEL,source_code,high
LAB//11710//Geen,v10_medication_atc,OMOP_CONCEPT//LOINC//3022096,dynamic_event,True,,LOINC,3022096,30180-4,3022096,AMSTEL,source_code,high
SUBJECT_FLUID_OUTPUT//10745//ml,v10_medication_atc,OMOP_CONCEPT//LOINC//21491173,dynamic_event,True,,LOINC,21491173,79549-2,21491173,AMSTEL,source_code,high
MEASUREMENT_BEDSIDE//14074//dynes.sec.cm-5,v10_medication_atc,OMOP_CONCEPT//LOINC//3035146,dynamic_event,True,,LOINC,3035146,8831-0,3035146,AMSTEL,source_code,high
SUBJECT_FLUID_OUTPUT//8701//ml,v10_medication_atc,OMOP_CONCEPT//LOINC//3026556,dynamic_event,True,,LOINC,3026556,9129-8,3026556,AMSTEL,source_code,high
SUBJECT_FLUID_OUTPUT//8788//ml,v10_medication_atc,OMOP_CONCEPT//LOINC//3004267,dynamic_event,True,,LOINC,3004267,9229-6,3004267,AMSTEL,source_code,high
SUBJECT_FLUID_OUTPUT//8720//ml,v10_medication_atc,OMOP_CONCEPT//LOINC//3006376,dynamic_event,True,,LOINC,3006376,9203-1,3006376,AMSTEL,source_code,high
LAB//12043//E/l,v10_medication_atc,OMOP_CONCEPT//LOINC//3004905,dynamic_event,True,,LOINC,3004905,3040-3,3004905,AMSTEL,source_code,high
LAB//10279//mmol/l,v10_medication_atc,OMOP_CONCEPT//LOINC//3009508,dynamic_event,True,,LOINC,3009508,14683-7,3009508,AMSTEL,source_code,high
MEASUREMENT_BEDSIDE//15277//mmHg,v10_medication_atc,SNOMED//602639,care_target_metadata,False,,SNOMED,602639,1055210001,602639,AMSTEL,source_code,high
LAB//9949//mmol/l,v10_medication_atc,OMOP_CONCEPT//LOINC//3020044,dynamic_event,True,,LOINC,3020044,14744-7,3020044,AMSTEL,source_code,high
LAB//9939//g/l,v10_medication_atc,OMOP_CONCEPT//LOINC//3020630,dynamic_event,True,,LOINC,3020630,2885-2,3020630,AMSTEL,source_code,high
MEASUREMENT_BEDSIDE//8777//ml,v10_medication_atc,OMOP_CONCEPT//LOINC//3023454,dynamic_event,True,,LOINC,3023454,9149-6,3023454,AMSTEL,source_code,high
LAB//6850//mmol/l,v10_medication_atc,OMOP_CONCEPT//LOINC//43534077,dynamic_event,True,,LOINC,43534077,72903-8,43534077,AMSTEL,source_code,high
LAB//11658///3 µl,v10_medication_atc,OMOP_CONCEPT//LOINC//3016543,dynamic_event,True,,LOINC,3016543,26465-5,3016543,AMSTEL,source_code,high
LAB//6801//g/l,v10_medication_atc,OMOP_CONCEPT//LOINC//3024561,dynamic_event,True,,LOINC,3024561,1751-7,3024561,AMSTEL,source_code,high
LAB//11656///3 µl,v10_medication_atc,OMOP_CONCEPT//LOINC//3027475,dynamic_event,True,,LOINC,3027475,26454-9,3027475,AMSTEL,source_code,high
LAB//9835//mg/l,v10_medication_atc,OMOP_CONCEPT//LOINC//3010935,dynamic_event,True,,LOINC,3010935,31012-8,3010935,AMSTEL,source_code,high
SUBJECT_FLUID_OUTPUT//10743//ml,v10_medication_atc,OMOP_CONCEPT//LOINC//21491173,dynamic_event,True,,LOINC,21491173,79549-2,21491173,AMSTEL,source_code,high
MEASUREMENT_BEDSIDE//19618//sec,v10_medication_atc,SNOMED//602639,care_target_metadata,False,,SNOMED,602639,1055210001,602639,AMSTEL,source_code,high
LAB//11921//mosmol/kg,v10_medication_atc,OMOP_CONCEPT//LOINC//3026782,dynamic_event,True,,LOINC,3026782,2695-5,3026782,AMSTEL,source_code,high
MEASUREMENT_BEDSIDE//19619//sec,v10_medication_atc,SNOMED//602639,care_target_metadata,False,,SNOMED,602639,1055210001,602639,AMSTEL,source_code,high
MEASUREMENT_BEDSIDE//8720//ml,v10_medication_atc,OMOP_CONCEPT//LOINC//3006376,dynamic_event,True,,LOINC,3006376,9203-1,3006376,AMSTEL,source_code,high
MEASUREMENT_BEDSIDE//19358//cmH2O,v10_medication_atc,OMOP_CONCEPT//LOINC//21490653,dynamic_event,True,,LOINC,21490653,60956-0,21490653,AMSTEL,source_code,high
LAB//9958//mg/l,v10_medication_atc,OMOP_CONCEPT//LOINC//3019473,dynamic_event,True,,LOINC,3019473,2880-3,3019473,AMSTEL,source_code,high
LAB//9558//mmol/l,v10_medication_atc,OMOP_CONCEPT//LOINC//3018572,dynamic_event,True,,LOINC,3018572,2069-3,3018572,AMSTEL,source_code,high
SUBJECT_FLUID_OUTPUT//8800//ml,v10_medication_atc,OMOP_CONCEPT//LOINC//3014315,dynamic_event,True,,LOINC,3014315,9187-6,3014315,AMSTEL,source_code,high
LAB//11856//Geen,v10_medication_atc,OMOP_CONCEPT//LOINC//3008342,dynamic_event,True,,LOINC,3008342,770-8,3008342,AMSTEL,source_code,high
LAB//14340//10^9/l,v10_medication_atc,OMOP_CONCEPT//LOINC//3015586,dynamic_event,True,,LOINC,3015586,30451-9,3015586,AMSTEL,source_code,high
LAB//14336//10^9/l,v10_medication_atc,OMOP_CONCEPT//LOINC//3022709,dynamic_event,True,,LOINC,3022709,26523-1,3022709,AMSTEL,source_code,high
LAB//14337//10^9/l,v10_medication_atc,OMOP_CONCEPT//LOINC//3021120,dynamic_event,True,,LOINC,3021120,30446-9,3021120,AMSTEL,source_code,high
LAB//14338//10^9/l,v10_medication_atc,OMOP_CONCEPT//LOINC//3024507,dynamic_event,True,,LOINC,3024507,30433-7,3024507,AMSTEL,source_code,high
LAB//14339//10^9/l,v10_medication_atc,OMOP_CONCEPT//LOINC//3018199,dynamic_event,True,,LOINC,3018199,26507-4,3018199,AMSTEL,source_code,high
LAB//14334//10^9/l,v10_medication_atc,OMOP_CONCEPT//LOINC//3013115,dynamic_event,True,,LOINC,3013115,26449-9,3013115,AMSTEL,source_code,high
LAB//14335//10^9/l,v10_medication_atc,OMOP_CONCEPT//LOINC//3005105,dynamic_event,True,,LOINC,3005105,30376-8,3005105,AMSTEL,source_code,high
LAB//10175//g/l,v10_medication_atc,OMOP_CONCEPT//LOINC//3016407,dynamic_event,True,,LOINC,3016407,3255-7,3016407,AMSTEL,source_code,high
LAB//11490///100 leuc,v10_medication_atc,OMOP_CONCEPT//LOINC//3034708,dynamic_event,True,,LOINC,3034708,19048-8,3034708,AMSTEL,source_code,high
LAB//11692//Geen,v10_medication_atc,OMOP_CONCEPT//LOINC//3007930,dynamic_event,True,,LOINC,3007930,2614-6,3007930,AMSTEL,source_code,high
LAB//18666//mmol/cel,v10_medication_atc,OMOP_CONCEPT//LOINC//40762530,dynamic_event,True,,LOINC,40762530,59467-1,40762530,AMSTEL,source_code,high
MEASUREMENT_BEDSIDE//12570//ml/cmH2O,v10_medication_atc,OMOP_CONCEPT//LOINC//21490583,dynamic_event,True,,LOINC,21490583,60828-1,21490583,AMSTEL,source_code,high
LAB//9950//µmol/l,v10_medication_atc,OMOP_CONCEPT//LOINC//3026493,dynamic_event,True,,LOINC,3026493,14933-6,3026493,AMSTEL,source_code,high
SUBJECT_FLUID_OUTPUT//8925//ml,v10_medication_atc,OMOP_CONCEPT//LOINC//3023454,dynamic_event,True,,LOINC,3023454,9149-6,3023454,AMSTEL,source_code,high
LAB//10238//nmol/l,v10_medication_atc,OMOP_CONCEPT//LOINC//3036481,dynamic_event,True,,LOINC,3036481,14675-3,3036481,AMSTEL,source_code,high
LAB//11663///µl,v10_medication_atc,OMOP_CONCEPT//LOINC//3016543,dynamic_event,True,,LOINC,3016543,26465-5,3016543,AMSTEL,source_code,high
LAB//9954//mmol/l,v10_medication_atc,OMOP_CONCEPT//LOINC//3019900,dynamic_event,True,,LOINC,3019900,14647-2,3019900,AMSTEL,source_code,high
LAB//11661///µl,v10_medication_atc,OMOP_CONCEPT//LOINC//3027475,dynamic_event,True,,LOINC,3027475,26454-9,3027475,AMSTEL,source_code,high
LAB//6824//IE/l,v10_medication_atc,OMOP_CONCEPT//LOINC//3005785,dynamic_event,True,,LOINC,3005785,13969-1,3005785,AMSTEL,source_code,high
MEASUREMENT_BEDSIDE//12564//cmH20/l/s,v10_medication_atc,OMOP_CONCEPT//LOINC//21490741,dynamic_event,True,,LOINC,21490741,75947-2,21490741,AMSTEL,source_code,high
LAB//6806//IE/l,v10_medication_atc,OMOP_CONCEPT//LOINC//3013721,dynamic_event,True,,LOINC,3013721,1920-8,3013721,AMSTEL,source_code,high
LAB//6800//IE/l,v10_medication_atc,OMOP_CONCEPT//LOINC//3006923,dynamic_event,True,,LOINC,3006923,1742-6,3006923,AMSTEL,source_code,high
LAB//10412//g/l,v10_medication_atc,OMOP_CONCEPT//LOINC//3019473,dynamic_event,True,,LOINC,3019473,2880-3,3019473,AMSTEL,source_code,high
MEASUREMENT_BEDSIDE//8882//mbar,v10_medication_atc,OMOP_CONCEPT//LOINC//3035822,dynamic_event,True,,LOINC,3035822,38199-6,3035822,AMSTEL,source_code,high
MEASUREMENT_BEDSIDE//8701//ml,v10_medication_atc,OMOP_CONCEPT//LOINC//3026556,dynamic_event,True,,LOINC,3026556,9129-8,3026556,AMSTEL,source_code,high
LAB//18361//µmol/l,v10_medication_atc,OMOP_CONCEPT//LOINC//3005772,dynamic_event,True,,LOINC,3005772,29760-6,3005772,AMSTEL,source_code,high
MEASUREMENT_BEDSIDE//13945//cm,v10_medication_atc,SNOMED//4047285,dynamic_event,True,,SNOMED,4047285,229896001,4047285,AMSTEL,source_code,high
MEASUREMENT_BEDSIDE//19503//UNKNOWN,v10_medication_atc,SNOMED//273811002,dynamic_event,True,,SNOMED,4169343,273811002,Simplified Acute Physiology Score,AMSTEL,source_code,high
LAB//11539///100 leuc,v10_medication_atc,OMOP_CONCEPT//LOINC//3034708,dynamic_event,True,,LOINC,3034708,19048-8,3034708,AMSTEL,source_code,high
LAB//6831//E/l,v10_medication_atc,OMOP_CONCEPT//LOINC//3026910,dynamic_event,True,,LOINC,3026910,2324-2,3026910,AMSTEL,source_code,high
SUBJECT_FLUID_OUTPUT//12580//ml,v10_medication_atc,OMOP_CONCEPT//LOINC//3008793,dynamic_event,True,,LOINC,3008793,9113-2,3008793,AMSTEL,source_code,high
MEASUREMENT_BEDSIDE//12563//cmH20/l/s,v10_medication_atc,OMOP_CONCEPT//LOINC//21490742,dynamic_event,True,,LOINC,21490742,75948-0,21490742,AMSTEL,source_code,high
LAB//10271//mmol/l,v10_medication_atc,OMOP_CONCEPT//LOINC//3016038,dynamic_event,True,,LOINC,3016038,2828-2,3016038,AMSTEL,source_code,high
LAB//6803//IE/l,v10_medication_atc,OMOP_CONCEPT//LOINC//3035995,dynamic_event,True,,LOINC,3035995,6768-6,3035995,AMSTEL,source_code,high
LAB//11868//Geen,v10_medication_atc,OMOP_CONCEPT//LOINC//3021440,dynamic_event,True,,LOINC,3021440,26524-9,3021440,AMSTEL,source_code,high
LAB//15775//µg/l,v10_medication_atc,OMOP_CONCEPT//LOINC//3046279,dynamic_event,True,,LOINC,3046279,33959-8,3046279,AMSTEL,source_code,high
LAB//11854//Geen,v10_medication_atc,OMOP_CONCEPT//LOINC//3017181,dynamic_event,True,,LOINC,3017181,26498-6,3017181,AMSTEL,source_code,high
LAB//11849//Geen,v10_medication_atc,OMOP_CONCEPT//LOINC//3002179,dynamic_event,True,,LOINC,3002179,28541-1,3002179,AMSTEL,source_code,high
LAB//11586//Geen,v10_medication_atc,OMOP_CONCEPT//LOINC//3004809,dynamic_event,True,,LOINC,3004809,26508-2,3004809,AMSTEL,source_code,high
LAB//11716//Geen,v10_medication_atc,OMOP_CONCEPT//LOINC//3025159,dynamic_event,True,,LOINC,3025159,26446-5,3025159,AMSTEL,source_code,high
MEASUREMENT_BEDSIDE//16447//UNKNOWN,v10_medication_atc,SNOMED//4052413,dynamic_event/device_support,True,,SNOMED,4052413,233527006,4052413,AMSTEL,source_code,high
SUBJECT_FLUID_OUTPUT//9564//ml,v10_medication_atc,SNOMED//4092499,dynamic_event,True,,SNOMED,4092499,251845003,4092499,AMSTEL,source_code,high
LAB//6813//µmol,v10_medication_atc,OMOP_CONCEPT//LOINC//40757494,dynamic_event,True,,LOINC,40757494,54363-7,40757494,AMSTEL,source_code,high
LAB//10052//µmol/l,v10_medication_atc,OMOP_CONCEPT//LOINC//3005347,dynamic_event,True,,LOINC,3005347,1839-0,3005347,AMSTEL,source_code,high
LAB//11875//Geen,v10_medication_atc,OMOP_CONCEPT//LOINC//3017354,dynamic_event,True,,LOINC,3017354,26505-8,3017354,AMSTEL,source_code,high
MEASUREMENT_BEDSIDE//8463//mmHg,v10_medication_atc,SNOMED//4197273,dynamic_event,True,,SNOMED,4197273,51497000,4197273,AMSTEL,source_code,high
SUBJECT_FLUID_OUTPUT//13495//ml,v10_medication_atc,OMOP_CONCEPT//LOINC//3018767,dynamic_event/device_support,True,,LOINC,3018767,9122-3,3018767,AMSTEL,source_code,high
MEASUREMENT_BEDSIDE//12435//kcal/24-uur,v10_medication_atc,OMOP_CONCEPT//LOINC//21493641,dynamic_event,True,,LOINC,21493641,82278-3,21493641,AMSTEL,source_code,high
MEASUREMENT_BEDSIDE//12433//ml/min,v10_medication_atc,OMOP_CONCEPT//LOINC//21490598,dynamic_event,True,,LOINC,21490598,60842-2,21490598,AMSTEL,source_code,high
MEASUREMENT_BEDSIDE//12432//ml/min,v10_medication_atc,OMOP_CONCEPT//LOINC//21490580,dynamic_event,True,,LOINC,21490580,60825-7,21490580,AMSTEL,source_code,high
LAB//6838//IE/l,v10_medication_atc,OMOP_CONCEPT//LOINC//3016436,dynamic_event,True,,LOINC,3016436,2532-0,3016436,AMSTEL,source_code,high
MEASUREMENT_BEDSIDE//8883//ml,v10_medication_atc,OMOP_CONCEPT//LOINC//21490564,dynamic_event,True,,LOINC,21490564,60801-8,21490564,AMSTEL,source_code,high
LAB//9956//mmol/l,v10_medication_atc,OMOP_CONCEPT//LOINC//42868692,dynamic_event,True,,LOINC,42868692,70218-3,42868692,AMSTEL,source_code,high
LAB//6837//mmol/l,v10_medication_atc,OMOP_CONCEPT//LOINC//3014111,dynamic_event,True,,LOINC,3014111,2524-7,3014111,AMSTEL,source_code,high
LAB//18338//g/l,v10_medication_atc,OMOP_CONCEPT//LOINC//3025643,dynamic_event,True,,LOINC,3025643,5640-8,3025643,AMSTEL,source_code,high
LAB//9989//g/l,v10_medication_atc,OMOP_CONCEPT//LOINC//3016407,dynamic_event,True,,LOINC,3016407,3255-7,3016407,AMSTEL,source_code,high
LAB//6819//mmol/l,v10_medication_atc,OMOP_CONCEPT//LOINC//3014576,dynamic_event,True,,LOINC,3014576,2075-0,3014576,AMSTEL,source_code,high
LAB//10065//µmol/l,v10_medication_atc,OMOP_CONCEPT//LOINC//3020717,dynamic_event,True,,LOINC,3020717,14955-9,3020717,AMSTEL,source_code,high
MEASUREMENT_BEDSIDE//13151//l/min,v10_medication_atc,OMOP_CONCEPT//LOINC//3002309,dynamic_event,True,,LOINC,3002309,8737-9,3002309,AMSTEL,source_code,high
MEASUREMENT_BEDSIDE//12572//Geen,v10_medication_atc,OMOP_CONCEPT//LOINC//42868487,dynamic_event,True,,LOINC,42868487,69998-3,42868487,AMSTEL,source_code,high
MEASUREMENT_BEDSIDE//16838//mmHg,v10_medication_atc,SNOMED//602639,care_target_metadata,False,,SNOMED,602639,1055210001,602639,AMSTEL,source_code,high
MEASUREMENT_BEDSIDE//14742//mmHg,v10_medication_atc,SNOMED//602639,care_target_metadata,False,,SNOMED,602639,1055210001,602639,AMSTEL,source_code,high
MEASUREMENT_BEDSIDE//12403//UNKNOWN,v10_medication_atc,OMOP_CONCEPT//LOINC//1989522,dynamic_event,True,,LOINC,1989522,99679-3,1989522,AMSTEL,source_code,high
MEASUREMENT_BEDSIDE//19363//UNKNOWN,v10_medication_atc,OMOP_CONCEPT//LOINC//1988118,dynamic_event,True,,LOINC,1988118,99694-2,1988118,AMSTEL,source_code,high
LAB//11942//o/oo,v10_medication_atc,OMOP_CONCEPT//LOINC//3027945,dynamic_event,True,,LOINC,3027945,4679-7,3027945,AMSTEL,source_code,high
MEASUREMENT_BEDSIDE//16122//UNKNOWN,v10_medication_atc,SNOMED//4013354,dynamic_event,True,,SNOMED,4013354,112798008,4013354,AMSTEL,source_code,high
LAB//10201//pmol/l,v10_medication_atc,OMOP_CONCEPT//LOINC//3026989,dynamic_event,True,,LOINC,3026989,14928-6,3026989,AMSTEL,source_code,high
LAB//6845//E/l,v10_medication_atc,OMOP_CONCEPT//LOINC//3016771,dynamic_event,True,,LOINC,3016771,1798-8,3016771,AMSTEL,source_code,high
SUBJECT_FLUID_OUTPUT//8721//ml,v10_medication_atc,OMOP_CONCEPT//LOINC//3006376,dynamic_event,True,,LOINC,3006376,9203-1,3006376,AMSTEL,source_code,high
MEASUREMENT_BEDSIDE//12404//mV,v10_medication_atc,OMOP_CONCEPT//LOINC//1989128,dynamic_event,True,,LOINC,1989128,99677-7,1989128,AMSTEL,source_code,high
LAB//10056//mmol/l,v10_medication_atc,OMOP_CONCEPT//LOINC//3023602,dynamic_event,True,,LOINC,3023602,14646-4,3023602,AMSTEL,source_code,high
MEASUREMENT_BEDSIDE//19364//mV,v10_medication_atc,OMOP_CONCEPT//LOINC//1989306,dynamic_event,True,,LOINC,1989306,99692-6,1989306,AMSTEL,source_code,high
LAB//10057//mmol/l,v10_medication_atc,OMOP_CONCEPT//LOINC//3001506,dynamic_event,True,,LOINC,3001506,14815-5,3001506,AMSTEL,source_code,high
LAB//10054//µmol/l,v10_medication_atc,OMOP_CONCEPT//LOINC//3022948,dynamic_event,True,,LOINC,3022948,14798-3,3022948,AMSTEL,source_code,high
LAB//10162//µg/l,v10_medication_atc,OMOP_CONCEPT//LOINC//3011961,dynamic_event,True,,LOINC,3011961,24373-3,3011961,AMSTEL,source_code,high
MEASUREMENT_BEDSIDE//15290//mmHg,v10_medication_atc,SNOMED//602639,care_target_metadata,False,,SNOMED,602639,1055210001,602639,AMSTEL,source_code,high
LAB//10055//µmol/l,v10_medication_atc,OMOP_CONCEPT//LOINC//3009577,dynamic_event,True,,LOINC,3009577,14800-7,3009577,AMSTEL,source_code,high
LAB//11887//Geen,v10_medication_atc,OMOP_CONCEPT//LOINC//3009814,dynamic_event,True,,LOINC,3009814,14801-5,3009814,AMSTEL,source_code,high
LAB//10393//mg/l,v10_medication_atc,OMOP_CONCEPT//LOINC//42870366,dynamic_event,True,,LOINC,42870366,71427-9,42870366,AMSTEL,source_code,high
MEASUREMENT_BEDSIDE//12087//cm,v10_medication_atc,SNOMED//4245376,dynamic_event,True,,SNOMED,4245376,396552003,4245376,AMSTEL,source_code,high
LAB//9580//mmol/l,v10_medication_atc,OMOP_CONCEPT//LOINC//3047181,dynamic_event,True,,LOINC,3047181,32693-4,3047181,AMSTEL,source_code,high
MEASUREMENT_BEDSIDE//15279//mmHg,v10_medication_atc,SNOMED//602639,care_target_metadata,False,,SNOMED,602639,1055210001,602639,AMSTEL,source_code,high
LAB//12196///veld,v10_medication_atc,OMOP_CONCEPT//LOINC//3035583,dynamic_event,True,,LOINC,3035583,5821-4,3035583,AMSTEL,source_code,high
MEASUREMENT_BEDSIDE//16837//mmHg,v10_medication_atc,SNOMED//602639,care_target_metadata,False,,SNOMED,602639,1055210001,602639,AMSTEL,source_code,high
MEASUREMENT_BEDSIDE//13940//mmHg,v10_medication_atc,OMOP_CONCEPT//LOINC//21490653,dynamic_event,True,,LOINC,21490653,60956-0,21490653,AMSTEL,source_code,high
LAB//10291//g/l,v10_medication_atc,OMOP_CONCEPT//LOINC//3037121,dynamic_event,True,,LOINC,3037121,2888-6,3037121,AMSTEL,source_code,high
MEASUREMENT_BEDSIDE//8721//ml,v10_medication_atc,OMOP_CONCEPT//LOINC//3006376,dynamic_event,True,,LOINC,3006376,9203-1,3006376,AMSTEL,source_code,high
MEASUREMENT_BEDSIDE//9626//ml,v10_medication_atc,OMOP_CONCEPT//LOINC//3039001,dynamic_event,True,,LOINC,3039001,39122-7,3039001,AMSTEL,source_code,high
MEASUREMENT_BEDSIDE//8796//ml,v10_medication_atc,OMOP_CONCEPT//LOINC//3014315,dynamic_event,True,,LOINC,3014315,9187-6,3014315,AMSTEL,source_code,high
SUBJECT_FLUID_OUTPUT//10592//ml,v10_medication_atc,OMOP_CONCEPT//LOINC//3017152,dynamic_event,True,,LOINC,3017152,9179-3,3017152,AMSTEL,source_code,high
LAB//12230//mmol/24uur,v10_medication_atc,OMOP_CONCEPT//LOINC//3025549,dynamic_event,True,,LOINC,3025549,15047-4,3025549,AMSTEL,source_code,high
MEASUREMENT_BEDSIDE//8868//°C,v10_medication_atc,OMOP_CONCEPT//LOINC//3003259,dynamic_event,True,,LOINC,3003259,20093-1,3003259,AMSTEL,source_code,high
SUBJECT_FLUID_OUTPUT//19922//ml,v10_medication_atc,OMOP_CONCEPT//LOINC//3014315,dynamic_event,True,,LOINC,3014315,9187-6,3014315,AMSTEL,source_code,high
SUBJECT_FLUID_OUTPUT//8792//ml,v10_medication_atc,OMOP_CONCEPT//LOINC//21493943,dynamic_event,True,,LOINC,21493943,81661-1,21493943,AMSTEL,source_code,high
LAB//10073//nmol/l,v10_medication_atc,OMOP_CONCEPT//LOINC//3006653,dynamic_event,True,,LOINC,3006653,32554-8,3006653,AMSTEL,source_code,high
MEASUREMENT_BEDSIDE//20952//ml/kg,v10_medication_atc,SNOMED//3661655,dynamic_event,True,,SNOMED,3661655,870195002,3661655,AMSTEL,source_code,high
MEASUREMENT_BEDSIDE//15168//Geen,v10_medication_atc,SNOMED//602639,care_target_metadata,False,,SNOMED,602639,1055210001,602639,AMSTEL,source_code,high
MEASUREMENT_BEDSIDE//20672//Aantal,v10_medication_atc,OMOP_CONCEPT//LOINC//40770161,dynamic_event,True,,LOINC,40770161,67543-9,40770161,AMSTEL,source_code,high
MEASUREMENT_BEDSIDE//12580//ml,v10_medication_atc,OMOP_CONCEPT//LOINC//3008793,dynamic_event,True,,LOINC,3008793,9113-2,3008793,AMSTEL,source_code,high
MEASUREMENT_BEDSIDE//8767//ml,v10_medication_atc,OMOP_CONCEPT//LOINC//3016267,dynamic_event,True,,LOINC,3016267,9195-9,3016267,AMSTEL,source_code,high
MEASUREMENT_BEDSIDE//13153//ml/kg,v10_medication_atc,SNOMED//3661655,dynamic_event,True,,SNOMED,3661655,870195002,3661655,AMSTEL,source_code,high
MEASUREMENT_BEDSIDE//14060//l/min,v10_medication_atc,OMOP_CONCEPT//LOINC//3002309,dynamic_event,True,,LOINC,3002309,8737-9,3002309,AMSTEL,source_code,high
LAB//8115//ng/ml,v10_medication_atc,OMOP_CONCEPT//LOINC//3048529,dynamic_event,True,,LOINC,3048529,48425-3,3048529,AMSTEL,source_code,high
MEASUREMENT_BEDSIDE//8766//ml,v10_medication_atc,OMOP_CONCEPT//LOINC//3009994,dynamic_event,True,,LOINC,3009994,9026-6,3009994,AMSTEL,source_code,high
MEASUREMENT_BEDSIDE//14071//ml,v10_medication_atc,SNOMED//3661655,dynamic_event,True,,SNOMED,3661655,870195002,3661655,AMSTEL,source_code,high
MEASUREMENT_BEDSIDE//8786//ml,v10_medication_atc,OMOP_CONCEPT//LOINC//21491184,dynamic_event,True,,LOINC,21491184,79560-9,21491184,AMSTEL,source_code,high
MEASUREMENT_BEDSIDE//9360//ml,v10_medication_atc,OMOP_CONCEPT//LOINC//21491180,dynamic_event,True,,LOINC,21491180,79556-7,21491180,AMSTEL,source_code,high
MEASUREMENT_BEDSIDE//14070//ml,v10_medication_atc,SNOMED//3661655,dynamic_event,True,,SNOMED,3661655,870195002,3661655,AMSTEL,source_code,high
SUBJECT_FLUID_OUTPUT//12503//ml,v10_medication_atc,OMOP_CONCEPT//LOINC//3026556,dynamic_event,True,,LOINC,3026556,9129-8,3026556,AMSTEL,source_code,high
MEASUREMENT_BEDSIDE//8788//ml,v10_medication_atc,OMOP_CONCEPT//LOINC//3004267,dynamic_event,True,,LOINC,3004267,9229-6,3004267,AMSTEL,source_code,high
LAB//10028//g/l,v10_medication_atc,OMOP_CONCEPT//LOINC//3025643,dynamic_event,True,,LOINC,3025643,5640-8,3025643,AMSTEL,source_code,high
MEASUREMENT_BEDSIDE//13061//°C,v10_medication_atc,OMOP_CONCEPT//LOINC//3006322,dynamic_event,True,,LOINC,3006322,8331-1,3006322,AMSTEL,source_code,high
LAB//10208//pmol/l,v10_medication_atc,OMOP_CONCEPT//LOINC//3010566,dynamic_event,True,,LOINC,3010566,14866-8,3010566,AMSTEL,source_code,high
MEASUREMENT_BEDSIDE//9564//ml,v10_medication_atc,SNOMED//4092499,dynamic_event,True,,SNOMED,4092499,251845003,4092499,AMSTEL,source_code,high
LAB//9825//mg/l,v10_medication_atc,OMOP_CONCEPT//LOINC//3035509,dynamic_event,True,,LOINC,3035509,35670-9,3035509,AMSTEL,source_code,high
MEASUREMENT_BEDSIDE//8703//ml,v10_medication_atc,OMOP_CONCEPT//LOINC//3017152,dynamic_event,True,,LOINC,3017152,9179-3,3017152,AMSTEL,source_code,high
LAB//12192//mmol/l,v10_medication_atc,OMOP_CONCEPT//LOINC//3045185,dynamic_event,True,,LOINC,3045185,34274-1,3045185,AMSTEL,source_code,high
MEASUREMENT_BEDSIDE//20648//l/min,v10_medication_atc,SNOMED//40479778,dynamic_event,True,,SNOMED,40479778,444479000,40479778,AMSTEL,source_code,high
MEASUREMENT_BEDSIDE//20656//Geen,v10_medication_atc,OMOP_CONCEPT//LOINC//42869590,dynamic_event,True,,LOINC,42869590,71835-3,42869590,AMSTEL,source_code,high
MEASUREMENT_BEDSIDE//20658//Geen,v10_medication_atc,OMOP_CONCEPT//LOINC//3024928,dynamic_event,True,,LOINC,3024928,2711-0,3024928,AMSTEL,source_code,high
MEASUREMENT_BEDSIDE//20657//l/min,v10_medication_atc,SNOMED//4089495,dynamic_event,True,,SNOMED,4089495,251288004,4089495,AMSTEL,source_code,high
MEASUREMENT_BEDSIDE//8859//sec,v10_medication_atc,OMOP_CONCEPT//LOINC//36303705,dynamic_event,True,,LOINC,36303705,76190-8,36303705,AMSTEL,source_code,high
MEASUREMENT_BEDSIDE//8860//sec,v10_medication_atc,OMOP_CONCEPT//LOINC//36306099,dynamic_event,True,,LOINC,36306099,76229-4,36306099,AMSTEL,source_code,high
LAB//17981//IE/ml,v10_medication_atc,OMOP_CONCEPT//LOINC//3020427,dynamic_event,True,,LOINC,3020427,3216-9,3020427,AMSTEL,source_code,high
SUBJECT_FLUID_OUTPUT//19921//ml,v10_medication_atc,OMOP_CONCEPT//LOINC//3014315,dynamic_event,True,,LOINC,3014315,9187-6,3014315,AMSTEL,source_code,high
MEASUREMENT_BEDSIDE//20659//g/dl,v10_medication_atc,OMOP_CONCEPT//LOINC//46235392,dynamic_event,True,,LOINC,46235392,76769-9,46235392,AMSTEL,source_code,high
LAB//10280//mmol/l,v10_medication_atc,OMOP_CONCEPT//LOINC//3012898,dynamic_event,True,,LOINC,3012898,22700-9,3012898,AMSTEL,source_code,high
MEASUREMENT_BEDSIDE//8702//ml,v10_medication_atc,OMOP_CONCEPT//LOINC//3000728,dynamic_event,True,,LOINC,3000728,9009-2,3000728,AMSTEL,source_code,high
SUBJECT_FLUID_OUTPUT//12553//ml,v10_medication_atc,OMOP_CONCEPT//LOINC//3006376,dynamic_event,True,,LOINC,3006376,9203-1,3006376,AMSTEL,source_code,high
MEASUREMENT_BEDSIDE//20661//Geen,v10_medication_atc,OMOP_CONCEPT//LOINC//3034976,dynamic_event,True,,LOINC,3034976,41654-5,3034976,AMSTEL,source_code,high
MEASUREMENT_BEDSIDE//8798//ml,v10_medication_atc,OMOP_CONCEPT//LOINC//3007123,dynamic_event,True,,LOINC,3007123,9197-5,3007123,AMSTEL,source_code,high
MEASUREMENT_BEDSIDE//16123//UNKNOWN,v10_medication_atc,SNOMED//4032404,dynamic_event,True,,SNOMED,4032404,10847001,4032404,AMSTEL,source_code,high
MEASUREMENT_BEDSIDE//8761//ml,v10_medication_atc,SNOMED//4092499,dynamic_event,True,,SNOMED,4092499,251845003,4092499,AMSTEL,source_code,high
LAB//10173//pmol/l,v10_medication_atc,OMOP_CONCEPT//LOINC//3011152,dynamic_event,True,,LOINC,3011152,16695-9,3011152,AMSTEL,source_code,high
LAB//18572//uur,v10_medication_atc,OMOP_CONCEPT//LOINC//3016750,dynamic_event,True,,LOINC,3016750,13362-9,3016750,AMSTEL,source_code,high
LAB//10287//ml,v10_medication_atc,OMOP_CONCEPT//LOINC//3036603,dynamic_event,True,,LOINC,3036603,28009-9,3036603,AMSTEL,source_code,high
LAB//9966//10^9/l,v10_medication_atc,OMOP_CONCEPT//LOINC//3022174,dynamic_event,True,,LOINC,3022174,26466-3,3022174,AMSTEL,source_code,high
MEASUREMENT_BEDSIDE//8925//ml,v10_medication_atc,OMOP_CONCEPT//LOINC//3023454,dynamic_event,True,,LOINC,3023454,9149-6,3023454,AMSTEL,source_code,high
MEASUREMENT_BEDSIDE//12503//ml,v10_medication_atc,OMOP_CONCEPT//LOINC//3026556,dynamic_event,True,,LOINC,3026556,9129-8,3026556,AMSTEL,source_code,high
MEASUREMENT_BEDSIDE//8885//mmHg,v10_medication_atc,OMOP_CONCEPT//LOINC//3035357,dynamic_event,True,,LOINC,3035357,19891-1,3035357,AMSTEL,source_code,high
MEASUREMENT_BEDSIDE//10745//ml,v10_medication_atc,OMOP_CONCEPT//LOINC//21491173,dynamic_event,True,,LOINC,21491173,79549-2,21491173,AMSTEL,source_code,high
LAB//12024//E/l,v10_medication_atc,OMOP_CONCEPT//LOINC//3008338,dynamic_event,True,,LOINC,3008338,2529-6,3008338,AMSTEL,source_code,high
LAB//9707//µg/l,v10_medication_atc,OMOP_CONCEPT//LOINC//3010375,dynamic_event,True,,LOINC,3010375,3520-4,3010375,AMSTEL,source_code,high
LAB//6825//mg/l,v10_medication_atc,OMOP_CONCEPT//LOINC//3020460,dynamic_event,True,,LOINC,3020460,1988-5,3020460,AMSTEL,source_code,high
MEASUREMENT_BEDSIDE//8760//ml,v10_medication_atc,OMOP_CONCEPT//LOINC//3000728,dynamic_event,True,,LOINC,3000728,9009-2,3000728,AMSTEL,source_code,high
LAB//14252//10^9/l,v10_medication_atc,OMOP_CONCEPT//LOINC//3011435,dynamic_event,True,,LOINC,3011435,21018-7,3011435,AMSTEL,source_code,high
SUBJECT_FLUID_OUTPUT//14428//ml,v10_medication_atc,OMOP_CONCEPT//LOINC//3006376,dynamic_event,True,,LOINC,3006376,9203-1,3006376,AMSTEL,source_code,high
LAB//11945//sec,v10_medication_atc,OMOP_CONCEPT//LOINC//3013466,dynamic_event,True,,LOINC,3013466,3173-2,3013466,AMSTEL,source_code,high
MEASUREMENT_BEDSIDE//19708//UNKNOWN,v10_medication_atc,SNOMED//37209046,dynamic_event,True,,SNOMED,37209046,1111751000000100,37209046,AMSTEL,source_code,high
MEASUREMENT_BEDSIDE//12356//mmHg,v10_medication_atc,OMOP_CONCEPT//LOINC//3035357,dynamic_event,True,,LOINC,3035357,19891-1,3035357,AMSTEL,source_code,high
LAB//10129//g/l,v10_medication_atc,OMOP_CONCEPT//LOINC//3012336,dynamic_event,True,,LOINC,3012336,4542-7,3012336,AMSTEL,source_code,high
LAB//6812//µmol,v10_medication_atc,OMOP_CONCEPT//LOINC//3005772,dynamic_event,True,,LOINC,3005772,29760-6,3005772,AMSTEL,source_code,high
MEASUREMENT_BEDSIDE//12369//Geen,v10_medication_atc,OMOP_CONCEPT//LOINC//3024882,dynamic_event,True,,LOINC,3024882,19994-3,3024882,AMSTEL,source_code,high
LAB//9938//g/l,v10_medication_atc,OMOP_CONCEPT//LOINC//3025313,dynamic_event,True,,LOINC,3025313,1747-5,3025313,AMSTEL,source_code,high
LAB//9741//mg/l,v10_medication_atc,OMOP_CONCEPT//LOINC//3035510,dynamic_event,True,,LOINC,3035510,35668-3,3035510,AMSTEL,source_code,high
LAB//10174//nmol/l,v10_medication_atc,OMOP_CONCEPT//LOINC//3021960,dynamic_event,True,,LOINC,3021960,14732-2,3021960,AMSTEL,source_code,high
LAB//12234//mmol/24uur,v10_medication_atc,OMOP_CONCEPT//LOINC//3002079,dynamic_event,True,,LOINC,3002079,2956-1,3002079,AMSTEL,source_code,high
LAB//11987//E/l,v10_medication_atc,OMOP_CONCEPT//LOINC//3012133,dynamic_event,True,,LOINC,3012133,1795-4,3012133,AMSTEL,source_code,high
MEASUREMENT_BEDSIDE//21181//msec,v10_medication_atc,OMOP_CONCEPT//LOINC//1988618,dynamic_event,True,,LOINC,1988618,99682-7,1988618,AMSTEL,source_code,high
MEASUREMENT_BEDSIDE//20018//10^9/l,v10_medication_atc,SNOMED//602639,care_target_metadata,False,,SNOMED,602639,1055210001,602639,AMSTEL,source_code,high
LAB//10195//pmol/l,v10_medication_atc,OMOP_CONCEPT//LOINC//3035963,dynamic_event,True,,LOINC,3035963,14674-6,3035963,AMSTEL,source_code,high
MEASUREMENT_BEDSIDE//13491//ml,v10_medication_atc,OMOP_CONCEPT//LOINC//3020063,dynamic_event,True,,LOINC,3020063,15309-8,3020063,AMSTEL,source_code,high
LAB//12249//g/24uur,v10_medication_atc,OMOP_CONCEPT//LOINC//3020876,dynamic_event,True,,LOINC,3020876,2889-4,3020876,AMSTEL,source_code,high
MEASUREMENT_BEDSIDE//12577///min,v10_medication_atc,OMOP_CONCEPT//LOINC//3026892,dynamic_event,True,,LOINC,3026892,19839-0,3026892,AMSTEL,source_code,high
LAB//10116//mg/l,v10_medication_atc,OMOP_CONCEPT//LOINC//3010279,dynamic_event,True,,LOINC,3010279,2861-3,3010279,AMSTEL,source_code,high
LAB//10115//mg/l,v10_medication_atc,OMOP_CONCEPT//LOINC//3007368,dynamic_event,True,,LOINC,3007368,2464-6,3007368,AMSTEL,source_code,high
MEASUREMENT_BEDSIDE//12534//Geen,v10_medication_atc,OMOP_CONCEPT//LOINC//3018465,dynamic_event,True,,LOINC,3018465,19224-5,3018465,AMSTEL,source_code,high
LAB//9948//mmol/l,v10_medication_atc,OMOP_CONCEPT//LOINC//3035729,dynamic_event,True,,LOINC,3035729,14745-4,3035729,AMSTEL,source_code,high
LAB//11548//Geen,v10_medication_atc,OMOP_CONCEPT//LOINC//3015736,dynamic_event,True,,LOINC,3015736,2756-5,3015736,AMSTEL,source_code,high
LAB//17980//E/l,v10_medication_atc,OMOP_CONCEPT//LOINC//3012133,dynamic_event/device_support,True,,LOINC,3012133,1795-4,3012133,AMSTEL,source_code,high
LAB//9728//mg/l,v10_medication_atc,OMOP_CONCEPT//LOINC//3022616,dynamic_event,True,,LOINC,3022616,3968-5,3022616,AMSTEL,source_code,high
MEASUREMENT_BEDSIDE//13495//ml,v10_medication_atc,OMOP_CONCEPT//LOINC//3018767,dynamic_event/device_support,True,,LOINC,3018767,9122-3,3018767,AMSTEL,source_code,high
LAB//9940//g/l,v10_medication_atc,OMOP_CONCEPT//LOINC//3005029,dynamic_event,True,,LOINC,3005029,2881-1,3005029,AMSTEL,source_code,high
MEASUREMENT_BEDSIDE//12378//cmH2O,v10_medication_atc,OMOP_CONCEPT//LOINC//36305628,dynamic_event,True,,LOINC,36305628,76168-4,36305628,AMSTEL,source_code,high
MEASUREMENT_BEDSIDE//12379//cmH2O,v10_medication_atc,OMOP_CONCEPT//LOINC//3000461,dynamic_event,True,,LOINC,3000461,20079-0,3000461,AMSTEL,source_code,high
SUBJECT_FLUID_OUTPUT//8806//ml,v10_medication_atc,OMOP_CONCEPT//LOINC//3020433,dynamic_event,True,,LOINC,3020433,9161-1,3020433,AMSTEL,source_code,high
MEASUREMENT_BEDSIDE//10743//ml,v10_medication_atc,OMOP_CONCEPT//LOINC//21491173,dynamic_event,True,,LOINC,21491173,79549-2,21491173,AMSTEL,source_code,high
LAB//11812//Geen,v10_medication_atc,OMOP_CONCEPT//LOINC//3004410,dynamic_event,True,,LOINC,3004410,4548-4,3004410,AMSTEL,source_code,high
LAB//14306//µg/l,v10_medication_atc,OMOP_CONCEPT//LOINC//3026250,dynamic_event,True,,LOINC,3026250,11253-2,3026250,AMSTEL,source_code,high
MEASUREMENT_BEDSIDE//19721//Geen,v10_medication_atc,OMOP_CONCEPT//LOINC//3018616,dynamic_event,True,,LOINC,3018616,29435-5,3018616,AMSTEL,source_code,high
LAB//10292//g/l,v10_medication_atc,OMOP_CONCEPT//LOINC//3011705,dynamic_event,True,,LOINC,3011705,21482-5,3011705,AMSTEL,source_code,high
MEASUREMENT_BEDSIDE//14428//ml,v10_medication_atc,OMOP_CONCEPT//LOINC//3006376,dynamic_event,True,,LOINC,3006376,9203-1,3006376,AMSTEL,source_code,high
LAB//11800//Geen,v10_medication_atc,OMOP_CONCEPT//LOINC//3019250,dynamic_event,True,,LOINC,3019250,3209-4,3019250,AMSTEL,source_code,high
MEASUREMENT_BEDSIDE//16375//UNKNOWN,v10_medication_atc,SNOMED//4134745,dynamic_event,True,,SNOMED,4134745,397930006,4134745,AMSTEL,source_code,high
MEASUREMENT_BEDSIDE//16120//UNKNOWN,v10_medication_atc,SNOMED//4232320,dynamic_event,True,,SNOMED,4232320,89666000,4232320,AMSTEL,source_code,high
LAB//10391//IE/ml,v10_medication_atc,OMOP_CONCEPT//LOINC//3020427,dynamic_event,True,,LOINC,3020427,3216-9,3020427,AMSTEL,source_code,high
LAB//9833//mg/l,v10_medication_atc,OMOP_CONCEPT//LOINC//3016201,dynamic_event,True,,LOINC,3016201,4086-5,3016201,AMSTEL,source_code,high
LAB//10051//g/l,v10_medication_atc,OMOP_CONCEPT//LOINC//3020630,dynamic_event,True,,LOINC,3020630,2885-2,3020630,AMSTEL,source_code,high
LAB//6774//10^12/l,v10_medication_atc,OMOP_CONCEPT//LOINC//3026361,dynamic_event,True,,LOINC,3026361,26453-1,3026361,AMSTEL,source_code,high
LAB//9957//mmol/l,v10_medication_atc,OMOP_CONCEPT//LOINC//3026101,dynamic_event,True,,LOINC,3026101,29766-3,3026101,AMSTEL,source_code,high
MEASUREMENT_BEDSIDE//16383//UNKNOWN,v10_medication_atc,SNOMED//4141919,dynamic_event,True,,SNOMED,4141919,264957007,4141919,AMSTEL,source_code,high
MEASUREMENT_BEDSIDE//16250//cmH2O,v10_medication_atc,OMOP_CONCEPT//LOINC//3022875,dynamic_event,True,,LOINC,3022875,20077-4,3022875,AMSTEL,source_code,high
MEASUREMENT_BEDSIDE//16246//Geen,v10_medication_atc,OMOP_CONCEPT//LOINC//3024882,dynamic_event,True,,LOINC,3024882,19994-3,3024882,AMSTEL,source_code,high
LAB//18437//E/l,v10_medication_atc,OMOP_CONCEPT//LOINC//3015054,dynamic_event,True,,LOINC,3015054,2530-4,3015054,AMSTEL,source_code,high
SUBJECT_FLUID_OUTPUT//8784//ml,v10_medication_atc,OMOP_CONCEPT//LOINC//21491184,dynamic_event,True,,LOINC,21491184,79560-9,21491184,AMSTEL,source_code,high
LAB//9977//g/l,v10_medication_atc,OMOP_CONCEPT//LOINC//3005719,dynamic_event,True,,LOINC,3005719,2465-3,3005719,AMSTEL,source_code,high
MEASUREMENT_BEDSIDE//16121//UNKNOWN,v10_medication_atc,SNOMED//4078793,dynamic_event,True,,SNOMED,4078793,180325003,4078793,AMSTEL,source_code,high
LAB//10382//mg/l,v10_medication_atc,OMOP_CONCEPT//LOINC//3000034,dynamic_event,True,,LOINC,3000034,14957-5,3000034,AMSTEL,source_code,high
MEASUREMENT_BEDSIDE//12372///min,v10_medication_atc,OMOP_CONCEPT//LOINC//3007646,dynamic_event,True,,LOINC,3007646,19840-8,3007646,AMSTEL,source_code,high
MEASUREMENT_BEDSIDE//12373//ml,v10_medication_atc,OMOP_CONCEPT//LOINC//21490854,dynamic_event,True,,LOINC,21490854,76222-9,21490854,AMSTEL,source_code,high
LAB//12252//mmol/24uur,v10_medication_atc,OMOP_CONCEPT//LOINC//3036525,dynamic_event,True,,LOINC,3036525,25550-5,3036525,AMSTEL,source_code,high
LAB//18562//g/l,v10_medication_atc,OMOP_CONCEPT//LOINC//3003434,dynamic_event,True,,LOINC,3003434,2882-9,3003434,AMSTEL,source_code,high
MEASUREMENT_BEDSIDE//16686//mmHg,v10_medication_atc,SNOMED//4197273,dynamic_event,True,,SNOMED,4197273,51497000,4197273,AMSTEL,source_code,high
MEASUREMENT_BEDSIDE//9546//°C,v10_medication_atc,SNOMED//45771331,dynamic_event,True,,SNOMED,45771331,703421000,45771331,AMSTEL,source_code,high
LAB//11906//mm/uur,v10_medication_atc,OMOP_CONCEPT//LOINC//3015183,dynamic_event,True,,LOINC,3015183,30341-2,3015183,AMSTEL,source_code,high
MEASUREMENT_BEDSIDE//16848///min,v10_medication_atc,SNOMED//602639,care_target_metadata,False,,SNOMED,602639,1055210001,602639,AMSTEL,source_code,high
LAB//16166//mmol/mol,v10_medication_atc,OMOP_CONCEPT//LOINC//3004410,dynamic_event,True,,LOINC,3004410,4548-4,3004410,AMSTEL,source_code,high
LAB//10281//mmol/l,v10_medication_atc,OMOP_CONCEPT//LOINC//3015672,dynamic_event,True,,LOINC,3015672,25998-6,3015672,AMSTEL,source_code,high
LAB//10270//mmol/l,v10_medication_atc,OMOP_CONCEPT//LOINC//3014485,dynamic_event,True,,LOINC,3014485,21525-1,3014485,AMSTEL,source_code,high
LAB//14441//µmol/l,v10_medication_atc,OMOP_CONCEPT//LOINC//3026726,dynamic_event,True,,LOINC,3026726,22726-4,3026726,AMSTEL,source_code,high
SUBJECT_FLUID_OUTPUT//15257//ml,v10_medication_atc,OMOP_CONCEPT//LOINC//3025727,dynamic_event/device_support,True,,LOINC,3025727,9128-0,3025727,AMSTEL,source_code,high
LAB//11801//Geen,v10_medication_atc,OMOP_CONCEPT//LOINC//3006109,dynamic_event,True,,LOINC,3006109,3187-2,3006109,AMSTEL,source_code,high
LAB//10273//mmol/l,v10_medication_atc,OMOP_CONCEPT//LOINC//3007733,dynamic_event,True,,LOINC,3007733,2078-4,3007733,AMSTEL,source_code,high
LAB//10024//mg/l,v10_medication_atc,OMOP_CONCEPT//LOINC//40763107,dynamic_event,True,,LOINC,40763107,60048-6,40763107,AMSTEL,source_code,high
MEASUREMENT_BEDSIDE//16251//+PEEP,v10_medication_atc,OMOP_CONCEPT//LOINC//3000461,dynamic_event,True,,LOINC,3000461,20079-0,3000461,AMSTEL,source_code,high
LAB//11543//Geen,v10_medication_atc,OMOP_CONCEPT//LOINC//42869608,dynamic_event,True,,LOINC,42869608,71853-6,42869608,AMSTEL,source_code,high
MEASUREMENT_BEDSIDE//12385///min,v10_medication_atc,OMOP_CONCEPT//LOINC//3007469,dynamic_event,True,,LOINC,3007469,19834-1,3007469,AMSTEL,source_code,high
SUBJECT_FLUID_OUTPUT//14429//ml,v10_medication_atc,OMOP_CONCEPT//LOINC//3006376,dynamic_event,True,,LOINC,3006376,9203-1,3006376,AMSTEL,source_code,high
LAB//18851//µmol/l,v10_medication_atc,OMOP_CONCEPT//LOINC//3012310,dynamic_event/device_support,True,,LOINC,3012310,29767-1,3012310,AMSTEL,source_code,high
LAB//11797//Geen,v10_medication_atc,OMOP_CONCEPT//LOINC//3005757,dynamic_event,True,,LOINC,3005757,3193-0,3005757,AMSTEL,source_code,high
LAB//18368//mmol/l,v10_medication_atc,OMOP_CONCEPT//LOINC//3036782,dynamic_event,True,,LOINC,3036782,14747-0,3036782,AMSTEL,source_code,high
MEASUREMENT_BEDSIDE//20156//UNKNOWN,v10_medication_atc,SNOMED//1109961000000103,dynamic_event,True,,SNOMED,37208878,1109961000000103,SNAQ - Simplified Nutritional Appetite Questionnaire,AMSTEL,source_code,high
LAB//6808//mm,v10_medication_atc,OMOP_CONCEPT//LOINC//3015183,dynamic_event,True,,LOINC,3015183,30341-2,3015183,AMSTEL,source_code,high
LAB//11988//E/l,v10_medication_atc,OMOP_CONCEPT//LOINC//3017315,dynamic_event,True,,LOINC,3017315,1799-6,3017315,AMSTEL,source_code,high
MEASUREMENT_BEDSIDE//12374//l/min,v10_medication_atc,OMOP_CONCEPT//LOINC//3045410,dynamic_event,True,,LOINC,3045410,33425-0,3045410,AMSTEL,source_code,high
MEASUREMENT_BEDSIDE//8803//ml,v10_medication_atc,OMOP_CONCEPT//LOINC//3014315,dynamic_event,True,,LOINC,3014315,9187-6,3014315,AMSTEL,source_code,high
LAB//11901//ml/min,v10_medication_atc,OMOP_CONCEPT//LOINC//3005770,dynamic_event,True,,LOINC,3005770,2164-2,3005770,AMSTEL,source_code,high
LAB//9721//µg/l,v10_medication_atc,OMOP_CONCEPT//LOINC//3011335,dynamic_event,True,,LOINC,3011335,10535-3,3011335,AMSTEL,source_code,high
LAB//11798//Geen,v10_medication_atc,OMOP_CONCEPT//LOINC//3011547,dynamic_event,True,,LOINC,3011547,3198-9,3011547,AMSTEL,source_code,high
LAB//17972//g/l,v10_medication_atc,OMOP_CONCEPT//LOINC//3011544,dynamic_event,True,,LOINC,3011544,1748-3,3011544,AMSTEL,source_code,high
LAB//11424//Geen,v10_medication_atc,OMOP_CONCEPT//LOINC//3018672,dynamic_event,True,,LOINC,3018672,2748-2,3018672,AMSTEL,source_code,high
LAB//14347//mg/l,v10_medication_atc,OMOP_CONCEPT//LOINC//3050218,dynamic_event,True,,LOINC,3050218,38370-3,3050218,AMSTEL,source_code,high
LAB//11793//Geen,v10_medication_atc,OMOP_CONCEPT//LOINC//3001850,dynamic_event,True,,LOINC,3001850,3226-8,3001850,AMSTEL,source_code,high
LAB//11796//Geen,v10_medication_atc,OMOP_CONCEPT//LOINC//3005353,dynamic_event,True,,LOINC,3005353,3289-6,3005353,AMSTEL,source_code,high
LAB//11792//Geen,v10_medication_atc,OMOP_CONCEPT//LOINC//3004409,dynamic_event,True,,LOINC,3004409,3218-5,3004409,AMSTEL,source_code,high
LAB//9946//µmol/l,v10_medication_atc,OMOP_CONCEPT//LOINC//3012310,dynamic_event,True,,LOINC,3012310,29767-1,3012310,AMSTEL,source_code,high
LAB//10067//mmol/l,v10_medication_atc,OMOP_CONCEPT//LOINC//3007452,dynamic_event,True,,LOINC,3007452,15038-3,3007452,AMSTEL,source_code,high
LAB//11794//Geen,v10_medication_atc,OMOP_CONCEPT//LOINC//3002348,dynamic_event,True,,LOINC,3002348,3232-6,3002348,AMSTEL,source_code,high
LAB//9972//g/l,v10_medication_atc,OMOP_CONCEPT//LOINC//3028026,dynamic_event,True,,LOINC,3028026,2472-9,3028026,AMSTEL,source_code,high
LAB//19702//pmol/l,v10_medication_atc,OMOP_CONCEPT//LOINC//3026989,dynamic_event,True,,LOINC,3026989,14928-6,3026989,AMSTEL,source_code,high
MEASUREMENT_BEDSIDE//12553//ml,v10_medication_atc,OMOP_CONCEPT//LOINC//3006376,dynamic_event,True,,LOINC,3006376,9203-1,3006376,AMSTEL,source_code,high
LAB//7004//UNKNOWN,v10_medication_atc,OMOP_CONCEPT//LOINC//3007930,dynamic_event,True,,LOINC,3007930,2614-6,3007930,AMSTEL,source_code,high
LAB//10417//mg/l,v10_medication_atc,OMOP_CONCEPT//LOINC//3018174,dynamic_event,True,,LOINC,3018174,3033-8,3018174,AMSTEL,source_code,high
LAB//8916//UNKNOWN,v10_medication_atc,OMOP_CONCEPT//LOINC//3014646,dynamic_event,True,,LOINC,3014646,11559-2,3014646,AMSTEL,source_code,high
LAB//6784//fl,v10_medication_atc,OMOP_CONCEPT//LOINC//3023599,dynamic_event,True,,LOINC,3023599,787-2,3023599,AMSTEL,source_code,high
LAB//6782//UNKNOWN,v10_medication_atc,OMOP_CONCEPT//LOINC//40762531,dynamic_event,True,,LOINC,40762531,59468-9,40762531,AMSTEL,source_code,high
LAB//6783//mmol/l,v10_medication_atc,OMOP_CONCEPT//LOINC//40762530,dynamic_event,True,,LOINC,40762530,59467-1,40762530,AMSTEL,source_code,high
MEASUREMENT_BEDSIDE//16847///min,v10_medication_atc,SNOMED//602639,care_target_metadata,False,,SNOMED,602639,1055210001,602639,AMSTEL,source_code,high
LAB//18490//Geen,v10_medication_atc,OMOP_CONCEPT//LOINC//3035880,dynamic_event,True,,LOINC,3035880,2750-8,3035880,AMSTEL,source_code,high
MEASUREMENT_BEDSIDE//8780//ml,v10_medication_atc,OMOP_CONCEPT//LOINC//3028277,dynamic_event,True,,LOINC,3028277,9137-1,3028277,AMSTEL,source_code,high
LAB//9969//g/l,v10_medication_atc,OMOP_CONCEPT//LOINC//3007164,dynamic_event,True,,LOINC,3007164,2458-8,3007164,AMSTEL,source_code,high
LAB//12228//mmol/24uur,v10_medication_atc,OMOP_CONCEPT//LOINC//3016330,dynamic_event,True,,LOINC,3016330,2829-0,3016330,AMSTEL,source_code,high
LAB//6984//UNKNOWN,v10_medication_atc,OMOP_CONCEPT//LOINC//3023081,dynamic_event,True,,LOINC,3023081,20563-3,3023081,AMSTEL,source_code,high
MEASUREMENT_BEDSIDE//12504//ml,v10_medication_atc,OMOP_CONCEPT//LOINC//3026556,dynamic_event,True,,LOINC,3026556,9129-8,3026556,AMSTEL,source_code,high
MEASUREMENT_BEDSIDE//14429//ml,v10_medication_atc,OMOP_CONCEPT//LOINC//3006376,dynamic_event,True,,LOINC,3006376,9203-1,3006376,AMSTEL,source_code,high
SUBJECT_FLUID_OUTPUT//12504//ml,v10_medication_atc,OMOP_CONCEPT//LOINC//3026556,dynamic_event,True,,LOINC,3026556,9129-8,3026556,AMSTEL,source_code,high
LAB//11709//Geen,v10_medication_atc,OMOP_CONCEPT//LOINC//3003771,dynamic_event,True,,LOINC,3003771,27812-7,3003771,AMSTEL,source_code,high
MEASUREMENT_BEDSIDE//19361//UNKNOWN,v10_medication_atc,OMOP_CONCEPT//LOINC//1988745,dynamic_event,True,,LOINC,1988745,99680-1,1988745,AMSTEL,source_code,high
MEASUREMENT_BEDSIDE//12371//cmH2O,v10_medication_atc,OMOP_CONCEPT//LOINC//3035167,dynamic_event,True,,LOINC,3035167,35410-0,3035167,AMSTEL,source_code,high
LAB//7848//mmol/l,v10_medication_atc,OMOP_CONCEPT//LOINC//3003181,dynamic_event,True,,LOINC,3003181,2955-3,3003181,AMSTEL,source_code,high
LAB//9753//mmol/l,v10_medication_atc,OMOP_CONCEPT//LOINC//3024666,dynamic_event,True,,LOINC,3024666,14334-7,3024666,AMSTEL,source_code,high
SUBJECT_FLUID_OUTPUT//12792//ml,v10_medication_atc,OMOP_CONCEPT//LOINC//3020433,dynamic_event,True,,LOINC,3020433,9161-1,3020433,AMSTEL,source_code,high
LAB//7008//UNKNOWN,v10_medication_atc,OMOP_CONCEPT//LOINC//3045150,dynamic_event,True,,LOINC,3045150,33264-3,3045150,AMSTEL,source_code,high
LAB//18587//Geen,v10_medication_atc,OMOP_CONCEPT//LOINC//3005629,dynamic_event,True,,LOINC,3005629,3151-8,3005629,AMSTEL,source_code,high
MEASUREMENT_BEDSIDE//15257//ml,v10_medication_atc,OMOP_CONCEPT//LOINC//3025727,dynamic_event/device_support,True,,LOINC,3025727,9128-0,3025727,AMSTEL,source_code,high
LAB//10169//µg/l,v10_medication_atc,OMOP_CONCEPT//LOINC//3013603,dynamic_event,True,,LOINC,3013603,2857-1,3013603,AMSTEL,source_code,high
LAB//10272//mmol/l,v10_medication_atc,OMOP_CONCEPT//LOINC//3010796,dynamic_event,True,,LOINC,3010796,21476-7,3010796,AMSTEL,source_code,high
SUBJECT_FLUID_OUTPUT//8808//ml,v10_medication_atc,OMOP_CONCEPT//LOINC//3017152,dynamic_event,True,,LOINC,3017152,9179-3,3017152,AMSTEL,source_code,high
MEASUREMENT_BEDSIDE//6698//cmH2O,v10_medication_atc,OMOP_CONCEPT//LOINC//3016078,dynamic_event,True,,LOINC,3016078,19976-0,3016078,AMSTEL,source_code,high
LAB//11900//ml/min,v10_medication_atc,OMOP_CONCEPT//LOINC//3005770,dynamic_event,True,,LOINC,3005770,2164-2,3005770,AMSTEL,source_code,high
MEASUREMENT_BEDSIDE//10592//ml,v10_medication_atc,OMOP_CONCEPT//LOINC//3017152,dynamic_event,True,,LOINC,3017152,9179-3,3017152,AMSTEL,source_code,high
SUBJECT_FLUID_OUTPUT//10595//ml,v10_medication_atc,OMOP_CONCEPT//LOINC//3026556,dynamic_event,True,,LOINC,3026556,9129-8,3026556,AMSTEL,source_code,high
SUBJECT_FLUID_OUTPUT//13031//ml,v10_medication_atc,OMOP_CONCEPT//LOINC//21491180,dynamic_event,True,,LOINC,21491180,79556-7,21491180,AMSTEL,source_code,high
MEASUREMENT_BEDSIDE//16248///min,v10_medication_atc,OMOP_CONCEPT//LOINC//3007469,dynamic_event,True,,LOINC,3007469,19834-1,3007469,AMSTEL,source_code,high
MEASUREMENT_BEDSIDE//8800//ml,v10_medication_atc,OMOP_CONCEPT//LOINC//3014315,dynamic_event,True,,LOINC,3014315,9187-6,3014315,AMSTEL,source_code,high
LAB//18323//µg/l,v10_medication_atc,OMOP_CONCEPT//LOINC//3011335,dynamic_event,True,,LOINC,3011335,10535-3,3011335,AMSTEL,source_code,high
LAB//7126//UNKNOWN,v10_medication_atc,OMOP_CONCEPT//LOINC//3015736,dynamic_event,True,,LOINC,3015736,2756-5,3015736,AMSTEL,source_code,high
LAB//9975//g/l,v10_medication_atc,OMOP_CONCEPT//LOINC//3028286,dynamic_event,True,,LOINC,3028286,2862-1,3028286,AMSTEL,source_code,high
SUBJECT_FLUID_OUTPUT//8772//ml,v10_medication_atc,OMOP_CONCEPT//LOINC//3037836,dynamic_event,True,,LOINC,3037836,9168-6,3037836,AMSTEL,source_code,high
MEASUREMENT_BEDSIDE//12381//sec,v10_medication_atc,OMOP_CONCEPT//LOINC//36304672,dynamic_event,True,,LOINC,36304672,76334-2,36304672,AMSTEL,source_code,high
MEASUREMENT_BEDSIDE//12329//Geen,v10_medication_atc,OMOP_CONCEPT//LOINC//3024882,dynamic_event,True,,LOINC,3024882,19994-3,3024882,AMSTEL,source_code,high
LAB//18442//10^9/l,v10_medication_atc,OMOP_CONCEPT//LOINC//3023487,dynamic_event,True,,LOINC,3023487,26468-9,3023487,AMSTEL,source_code,high
MEASUREMENT_BEDSIDE//12336//cmH2O,v10_medication_atc,OMOP_CONCEPT//LOINC//3022875,dynamic_event,True,,LOINC,3022875,20077-4,3022875,AMSTEL,source_code,high
LAB//14349//g/l,v10_medication_atc,OMOP_CONCEPT//LOINC//3028286,dynamic_event,True,,LOINC,3028286,2862-1,3028286,AMSTEL,source_code,high
LAB//10275//mmol/l,v10_medication_atc,OMOP_CONCEPT//LOINC//3018133,dynamic_event,True,,LOINC,3018133,2004-0,3018133,AMSTEL,source_code,high
MEASUREMENT_BEDSIDE//16244//l,v10_medication_atc,OMOP_CONCEPT//LOINC//42527120,dynamic_event,True,,LOINC,42527120,76008-2,42527120,AMSTEL,source_code,high
MEASUREMENT_BEDSIDE//12322///min,v10_medication_atc,OMOP_CONCEPT//LOINC//3007469,dynamic_event,True,,LOINC,3007469,19834-1,3007469,AMSTEL,source_code,high
MEASUREMENT_BEDSIDE//12335//cmH2O,v10_medication_atc,OMOP_CONCEPT//LOINC//42527137,dynamic_event,True,,LOINC,42527137,76152-8,42527137,AMSTEL,source_code,high
MEASUREMENT_BEDSIDE//12357//l/min,v10_medication_atc,OMOP_CONCEPT//LOINC//42527120,dynamic_event,True,,LOINC,42527120,76008-2,42527120,AMSTEL,source_code,high
MEASUREMENT_BEDSIDE//12358//ml,v10_medication_atc,OMOP_CONCEPT//LOINC//3015016,dynamic_event,True,,LOINC,3015016,20107-9,3015016,AMSTEL,source_code,high
MEASUREMENT_BEDSIDE//16243//ml,v10_medication_atc,OMOP_CONCEPT//LOINC//21490789,dynamic_event,True,,LOINC,21490789,76007-4,21490789,AMSTEL,source_code,high
MEASUREMENT_BEDSIDE//20403//l/min,v10_medication_atc,OMOP_CONCEPT//LOINC//42528498,dynamic_event,True,,LOINC,42528498,83369-9,42528498,AMSTEL,source_code,high
MEASUREMENT_BEDSIDE//8886//°C,v10_medication_atc,OMOP_CONCEPT//LOINC//3003259,dynamic_event,True,,LOINC,3003259,20093-1,3003259,AMSTEL,source_code,high
LAB//11876//Geen,v10_medication_atc,OMOP_CONCEPT//LOINC//3037285,dynamic_event,True,,LOINC,3037285,11128-6,3037285,AMSTEL,source_code,high
MEASUREMENT_BEDSIDE//16239//cmH2O,v10_medication_atc,OMOP_CONCEPT//LOINC//3016078,dynamic_event,True,,LOINC,3016078,19976-0,3016078,AMSTEL,source_code,high
MEASUREMENT_BEDSIDE//16835//mmHg,v10_medication_atc,SNOMED//602639,care_target_metadata,False,,SNOMED,602639,1055210001,602639,AMSTEL,source_code,high
MEASUREMENT_BEDSIDE//20404//ppm,v10_medication_atc,OMOP_CONCEPT//LOINC//21490692,dynamic_event,True,,LOINC,21490692,60773-9,21490692,AMSTEL,source_code,high
MEASUREMENT_BEDSIDE//20405//ppm,v10_medication_atc,OMOP_CONCEPT//LOINC//21490826,dynamic_event,True,,LOINC,21490826,76113-0,21490826,AMSTEL,source_code,high
MEASUREMENT_BEDSIDE//8884//UNKNOWN,v10_medication_atc,OMOP_CONCEPT//LOINC//3017485,dynamic_event,True,,LOINC,3017485,19889-5,3017485,AMSTEL,source_code,high
LAB//12044//E/l,v10_medication_atc,OMOP_CONCEPT//LOINC//3026286,dynamic_event,True,,LOINC,3026286,15212-4,3026286,AMSTEL,source_code,high
LAB//17971//g/l,v10_medication_atc,OMOP_CONCEPT//LOINC//3026692,dynamic_event,True,,LOINC,3026692,1749-1,3026692,AMSTEL,source_code,high
LAB//7073//mmol/l,v10_medication_atc,OMOP_CONCEPT//LOINC//3026493,dynamic_event,True,,LOINC,3026493,14933-6,3026493,AMSTEL,source_code,high
MEASUREMENT_BEDSIDE//16249//+PEEP,v10_medication_atc,OMOP_CONCEPT//LOINC//42527137,dynamic_event,True,,LOINC,42527137,76152-8,42527137,AMSTEL,source_code,high
MEASUREMENT_BEDSIDE//19922//ml,v10_medication_atc,OMOP_CONCEPT//LOINC//3014315,dynamic_event,True,,LOINC,3014315,9187-6,3014315,AMSTEL,source_code,high
LAB//10294//mmol/l,v10_medication_atc,OMOP_CONCEPT//LOINC//3017400,dynamic_event,True,,LOINC,3017400,2598-1,3017400,AMSTEL,source_code,high
LAB//18446//10^9/l,v10_medication_atc,OMOP_CONCEPT//LOINC//3023199,dynamic_event,True,,LOINC,3023199,26467-1,3023199,AMSTEL,source_code,high
MEASUREMENT_BEDSIDE//16241///min,v10_medication_atc,OMOP_CONCEPT//LOINC//3007646,dynamic_event,True,,LOINC,3007646,19840-8,3007646,AMSTEL,source_code,high
LAB//10409//10^9/l,v10_medication_atc,OMOP_CONCEPT//LOINC//3007461,dynamic_event,True,,LOINC,3007461,26515-7,3007461,AMSTEL,source_code,high
LAB//18869//mmol/l,v10_medication_atc,OMOP_CONCEPT//LOINC//3026101,dynamic_event/device_support,True,,LOINC,3026101,29766-3,3026101,AMSTEL,source_code,high
LAB//7101//mmol/l,v10_medication_atc,OMOP_CONCEPT//LOINC//3016038,dynamic_event,True,,LOINC,3016038,2828-2,3016038,AMSTEL,source_code,high
MEASUREMENT_BEDSIDE//19362//mV,v10_medication_atc,OMOP_CONCEPT//LOINC//1988892,dynamic_event,True,,LOINC,1988892,99678-5,1988892,AMSTEL,source_code,high
LAB//11705//Geen,v10_medication_atc,OMOP_CONCEPT//LOINC//3028286,dynamic_event,True,,LOINC,3028286,2862-1,3028286,AMSTEL,source_code,high
LAB//9944//mmol/l,v10_medication_atc,OMOP_CONCEPT//LOINC//3014594,dynamic_event,True,,LOINC,3014594,25549-7,3014594,AMSTEL,source_code,high
LAB//18358//Geen,v10_medication_atc,OMOP_CONCEPT//LOINC//46235754,dynamic_event,True,,LOINC,46235754,76075-1,46235754,AMSTEL,source_code,high
LAB//6826//g/l,v10_medication_atc,OMOP_CONCEPT//LOINC//3020630,dynamic_event,True,,LOINC,3020630,2885-2,3020630,AMSTEL,source_code,high
MEASUREMENT_BEDSIDE//8861//UNKNOWN,v10_medication_atc,OMOP_CONCEPT//LOINC//21490806,dynamic_event,True,,LOINC,21490806,76093-4,21490806,AMSTEL,source_code,high
LAB//18436//E/l,v10_medication_atc,OMOP_CONCEPT//LOINC//3008581,dynamic_event,True,,LOINC,3008581,2531-2,3008581,AMSTEL,source_code,high
MEASUREMENT_BEDSIDE//12365//cmH2O,v10_medication_atc,OMOP_CONCEPT//LOINC//3016078,dynamic_event,True,,LOINC,3016078,19976-0,3016078,AMSTEL,source_code,high
LAB//8492//mmol/l,v10_medication_atc,OMOP_CONCEPT//LOINC//3039000,dynamic_event,True,,LOINC,3039000,41276-7,3039000,AMSTEL,source_code,high
MEASUREMENT_BEDSIDE//12348///min,v10_medication_atc,OMOP_CONCEPT//LOINC//3007646,dynamic_event,True,,LOINC,3007646,19840-8,3007646,AMSTEL,source_code,high
MEASUREMENT_BEDSIDE//16245//Geen,v10_medication_atc,OMOP_CONCEPT//LOINC//3025408,dynamic_event,True,,LOINC,3025408,19995-0,3025408,AMSTEL,source_code,high
MEASUREMENT_BEDSIDE//12354//cmH2O,v10_medication_atc,OMOP_CONCEPT//LOINC//21490855,dynamic_event,True,,LOINC,21490855,76248-4,21490855,AMSTEL,source_code,high
MEASUREMENT_BEDSIDE//12360//ml,v10_medication_atc,OMOP_CONCEPT//LOINC//3016166,dynamic_event,True,,LOINC,3016166,20109-5,3016166,AMSTEL,source_code,high
MEASUREMENT_BEDSIDE//12362//cmH2O,v10_medication_atc,OMOP_CONCEPT//LOINC//42527086,dynamic_event,True,,LOINC,42527086,60949-5,42527086,AMSTEL,source_code,high
MEASUREMENT_BEDSIDE//8792//ml,v10_medication_atc,OMOP_CONCEPT//LOINC//21493943,dynamic_event,True,,LOINC,21493943,81661-1,21493943,AMSTEL,source_code,high
LAB//8923//UNKNOWN,v10_medication_atc,OMOP_CONCEPT//LOINC//3016543,dynamic_event,True,,LOINC,3016543,26465-5,3016543,AMSTEL,source_code,high
MEASUREMENT_BEDSIDE//12380//sec,v10_medication_atc,OMOP_CONCEPT//LOINC//40760770,dynamic_event,True,,LOINC,40760770,57658-7,40760770,AMSTEL,source_code,high
LAB//6785//UNKNOWN,v10_medication_atc,OMOP_CONCEPT//LOINC//3019069,dynamic_event,True,,LOINC,3019069,26485-3,3019069,AMSTEL,source_code,high
LAB//9577//UNKNOWN,v10_medication_atc,OMOP_CONCEPT//LOINC//3027475,dynamic_event,True,,LOINC,3027475,26454-9,3027475,AMSTEL,source_code,high
LAB//6781//UNKNOWN,v10_medication_atc,OMOP_CONCEPT//LOINC//3002030,dynamic_event,True,,LOINC,3002030,26478-8,3002030,AMSTEL,source_code,high
MEASUREMENT_BEDSIDE//12350//ml/min,v10_medication_atc,OMOP_CONCEPT//LOINC//21490580,dynamic_event,True,,LOINC,21490580,60825-7,21490580,AMSTEL,source_code,high
MEASUREMENT_BEDSIDE//12352//ml,v10_medication_atc,OMOP_CONCEPT//LOINC//21490580,dynamic_event,True,,LOINC,21490580,60825-7,21490580,AMSTEL,source_code,high
MEASUREMENT_BEDSIDE//8772//ml,v10_medication_atc,OMOP_CONCEPT//LOINC//3037836,dynamic_event,True,,LOINC,3037836,9168-6,3037836,AMSTEL,source_code,high
LAB//9576//UNKNOWN,v10_medication_atc,OMOP_CONCEPT//LOINC//3016543,dynamic_event,True,,LOINC,3016543,26465-5,3016543,AMSTEL,source_code,high
LAB//9578//UNKNOWN,v10_medication_atc,OMOP_CONCEPT//LOINC//3027475,dynamic_event,True,,LOINC,3027475,26454-9,3027475,AMSTEL,source_code,high
LAB//14314//mg/l,v10_medication_atc,OMOP_CONCEPT//LOINC//3027653,dynamic_event,True,,LOINC,3027653,23905-3,3027653,AMSTEL,source_code,high
LAB//14682//mg/l,v10_medication_atc,OMOP_CONCEPT//LOINC//3020666,dynamic_event,True,,LOINC,3020666,30471-7,3020666,AMSTEL,source_code,high
MEASUREMENT_BEDSIDE//16240//cmH2O,v10_medication_atc,OMOP_CONCEPT//LOINC//36305727,dynamic_event,True,,LOINC,36305727,76250-0,36305727,AMSTEL,source_code,high
LAB//6773//UNKNOWN,v10_medication_atc,OMOP_CONCEPT//LOINC//3006504,dynamic_event,True,,LOINC,3006504,26450-7,3006504,AMSTEL,source_code,high
LAB//9729//mg/l,v10_medication_atc,OMOP_CONCEPT//LOINC//3005893,dynamic_event,True,,LOINC,3005893,3969-3,3005893,AMSTEL,source_code,high
MEASUREMENT_BEDSIDE//20958//kg,v10_medication_atc,SNOMED//37206608,dynamic_event,True,,SNOMED,37206608,786458005,37206608,AMSTEL,source_code,high
LAB//15369//kopie/ml,v10_medication_atc,OMOP_CONCEPT//LOINC//3037329,dynamic_event,True,,LOINC,3037329,36923-1,3037329,AMSTEL,source_code,high
LAB//6786//UNKNOWN,v10_medication_atc,OMOP_CONCEPT//LOINC//3018010,dynamic_event,True,,LOINC,3018010,26511-6,3018010,AMSTEL,source_code,high
LAB//10289//mmol/l,v10_medication_atc,OMOP_CONCEPT//LOINC//3027874,dynamic_event,True,,LOINC,3027874,14934-4,3027874,AMSTEL,source_code,high
LAB//7840//UNKNOWN,v10_medication_atc,OMOP_CONCEPT//LOINC//3026782,dynamic_event,True,,LOINC,3026782,2695-5,3026782,AMSTEL,source_code,high
LAB//8915//mmol/l,v10_medication_atc,OMOP_CONCEPT//LOINC//3048816,dynamic_event,True,,LOINC,3048816,47598-8,3048816,AMSTEL,source_code,high
MEASUREMENT_BEDSIDE//12383//l/min,v10_medication_atc,OMOP_CONCEPT//LOINC//42868487,dynamic_event,True,,LOINC,42868487,69998-3,42868487,AMSTEL,source_code,high
LAB//6768//UNKNOWN,v10_medication_atc,OMOP_CONCEPT//LOINC//3022096,dynamic_event,True,,LOINC,3022096,30180-4,3022096,AMSTEL,source_code,high
LAB//10277//mmol/l,v10_medication_atc,OMOP_CONCEPT//LOINC//3022229,dynamic_event,True,,LOINC,3022229,13539-2,3022229,AMSTEL,source_code,high
LAB//17979//E/l,v10_medication_atc,OMOP_CONCEPT//LOINC//3008691,dynamic_event,True,,LOINC,3008691,1797-0,3008691,AMSTEL,source_code,high
LAB//6776//g/l,v10_medication_atc,RXNORM//4385,metadata_only,False,,RxNorm,19054702,4385,fibrinogen,AmsterdamUMCdb_dictionary,label_exact,medium
LAB//9702//mg/l,v10_medication_atc,OMOP_CONCEPT//LOINC//3028639,dynamic_event,True,,LOINC,3028639,3432-2,3028639,AMSTEL,source_code,high
LAB//7796//mmol/l,v10_medication_atc,OMOP_CONCEPT//LOINC//3020044,dynamic_event,True,,LOINC,3020044,14744-7,3020044,AMSTEL,source_code,high
MEASUREMENT_BEDSIDE//12506//ml,v10_medication_atc,OMOP_CONCEPT//LOINC//3026556,dynamic_event,True,,LOINC,3026556,9129-8,3026556,AMSTEL,source_code,high
LAB//10082//mmol/l,v10_medication_atc,OMOP_CONCEPT//LOINC//3005570,dynamic_event,True,,LOINC,3005570,15076-3,3005570,AMSTEL,source_code,high
LAB//14216//µmol/l,v10_medication_atc,OMOP_CONCEPT//LOINC//3020564,dynamic_event,True,,LOINC,3020564,14682-9,3020564,AMSTEL,source_code,high
MEASUREMENT_BEDSIDE//12364//cmH2O,v10_medication_atc,OMOP_CONCEPT//LOINC//42527140,dynamic_event,True,,LOINC,42527140,76247-6,42527140,AMSTEL,source_code,high
MEASUREMENT_BEDSIDE//12436//kcal,v10_medication_atc,SNOMED//4065423,dynamic_event,True,,SNOMED,4065423,165109007,4065423,AMSTEL,source_code,high
SUBJECT_FLUID_OUTPUT//12506//ml,v10_medication_atc,OMOP_CONCEPT//LOINC//3026556,dynamic_event,True,,LOINC,3026556,9129-8,3026556,AMSTEL,source_code,high
LAB//18849//E/l,v10_medication_atc,OMOP_CONCEPT//LOINC//3015401,dynamic_event,True,,LOINC,3015401,1796-2,3015401,AMSTEL,source_code,high
MEASUREMENT_BEDSIDE//19921//ml,v10_medication_atc,OMOP_CONCEPT//LOINC//3014315,dynamic_event,True,,LOINC,3014315,9187-6,3014315,AMSTEL,source_code,high
LAB//9699//µg/l,v10_medication_atc,OMOP_CONCEPT//LOINC//3007857,dynamic_event,True,,LOINC,3007857,3872-9,3007857,AMSTEL,source_code,high
LAB//11795//Geen,v10_medication_atc,OMOP_CONCEPT//LOINC//3020066,dynamic_event,True,,LOINC,3020066,27815-0,3020066,AMSTEL,source_code,high
LAB//9695//mg/l,v10_medication_atc,OMOP_CONCEPT//LOINC//3036152,dynamic_event,True,,LOINC,3036152,35669-1,3036152,AMSTEL,source_code,high
LAB//6865//g/dl,v10_medication_atc,OMOP_CONCEPT//LOINC//3019473,dynamic_event,True,,LOINC,3019473,2880-3,3019473,AMSTEL,source_code,high
LAB//9837//mg/l,v10_medication_atc,OMOP_CONCEPT//LOINC//3018920,dynamic_event,True,,LOINC,3018920,4092-3,3018920,AMSTEL,source_code,high
LAB//12001//E/l,v10_medication_atc,OMOP_CONCEPT//LOINC//3023323,dynamic_event,True,,LOINC,3023323,15067-2,3023323,AMSTEL,source_code,high
LAB//9934//mmol/l,v10_medication_atc,OMOP_CONCEPT//LOINC//3014089,dynamic_event,True,,LOINC,3014089,12181-4,3014089,AMSTEL,source_code,high
LAB//18366//mmol/l,v10_medication_atc,OMOP_CONCEPT//LOINC//3023044,dynamic_event,True,,LOINC,3023044,14748-8,3023044,AMSTEL,source_code,high
MEASUREMENT_BEDSIDE//12382//Geen,v10_medication_atc,OMOP_CONCEPT//LOINC//21490725,dynamic_event,True,,LOINC,21490725,75932-4,21490725,AMSTEL,source_code,high
MEASUREMENT_BEDSIDE//12384//Geen,v10_medication_atc,SNOMED//4353961,dynamic_event,True,,SNOMED,4353961,250878004,4353961,AMSTEL,source_code,high
MEASUREMENT_BEDSIDE//12792//ml,v10_medication_atc,OMOP_CONCEPT//LOINC//3020433,dynamic_event,True,,LOINC,3020433,9161-1,3020433,AMSTEL,source_code,high
LAB//9696//mg/l,v10_medication_atc,OMOP_CONCEPT//LOINC//40763113,dynamic_event,True,,LOINC,40763113,60054-4,40763113,AMSTEL,source_code,high
LAB//9697//mg/l,v10_medication_atc,OMOP_CONCEPT//LOINC//3036866,dynamic_event,True,,LOINC,3036866,6774-4,3036866,AMSTEL,source_code,high
LAB//9761//µmol/l,v10_medication_atc,OMOP_CONCEPT//LOINC//3017115,dynamic_event,True,,LOINC,3017115,14836-1,3017115,AMSTEL,source_code,high
MEASUREMENT_BEDSIDE//8784//ml,v10_medication_atc,OMOP_CONCEPT//LOINC//21491184,dynamic_event,True,,LOINC,21491184,79560-9,21491184,AMSTEL,source_code,high
SUBJECT_FLUID_OUTPUT//8782//ml,v10_medication_atc,OMOP_CONCEPT//LOINC//21491183,dynamic_event,True,,LOINC,21491183,79559-1,21491183,AMSTEL,source_code,high
LAB//11920//mosmol/kg,v10_medication_atc,OMOP_CONCEPT//LOINC//3007256,dynamic_event,True,,LOINC,3007256,2693-0,3007256,AMSTEL,source_code,high
LAB//9836//mg/l,v10_medication_atc,OMOP_CONCEPT//LOINC//3016906,dynamic_event,True,,LOINC,3016906,13587-1,3016906,AMSTEL,source_code,high
LAB//9953//mmol/l,v10_medication_atc,OMOP_CONCEPT//LOINC//3015711,dynamic_event,True,,LOINC,3015711,2596-5,3015711,AMSTEL,source_code,high
LAB//10337//mmol/l,v10_medication_atc,OMOP_CONCEPT//LOINC//40762255,dynamic_event,True,,LOINC,40762255,59162-8,40762255,AMSTEL,source_code,high
LAB//9929//mmol/l,v10_medication_atc,OMOP_CONCEPT//LOINC//3036243,dynamic_event,True,,LOINC,3036243,2821-7,3036243,AMSTEL,source_code,high
LAB//10276//mmol/l,v10_medication_atc,OMOP_CONCEPT//LOINC//3009630,dynamic_event,True,,LOINC,3009630,25362-5,3009630,AMSTEL,source_code,high
MEASUREMENT_BEDSIDE//8782//ml,v10_medication_atc,OMOP_CONCEPT//LOINC//21491183,dynamic_event,True,,LOINC,21491183,79559-1,21491183,AMSTEL,source_code,high
LAB//11922//mosmol/kg,v10_medication_atc,OMOP_CONCEPT//LOINC//3006147,dynamic_event,True,,LOINC,3006147,2694-8,3006147,AMSTEL,source_code,high
LAB//9991//mmHg,v10_medication_atc,OMOP_CONCEPT//LOINC//3027480,dynamic_event,True,,LOINC,3027480,2023-0,3027480,AMSTEL,source_code,high
LAB//9808//mg/l,v10_medication_atc,OMOP_CONCEPT//LOINC//3009072,dynamic_event,True,,LOINC,3009072,4047-7,3009072,AMSTEL,source_code,high
LAB//9932//mmol/l,v10_medication_atc,OMOP_CONCEPT//LOINC//3013194,dynamic_event,True,,LOINC,3013194,2072-7,3013194,AMSTEL,source_code,high
LAB//12217//mmol/24uur,v10_medication_atc,OMOP_CONCEPT//LOINC//3010838,dynamic_event,True,,LOINC,3010838,14637-3,3010838,AMSTEL,source_code,high
LAB//17993//µmol/l,v10_medication_atc,OMOP_CONCEPT//LOINC//3042045,dynamic_event,True,,LOINC,3042045,39461-9,3042045,AMSTEL,source_code,high
LAB//7821//UNKNOWN,v10_medication_atc,OMOP//OMOP_CONCEPT//4095462,dynamic_event,True,,OMOP_CONCEPT,4095462,250368009,Thrombotest,Stage3J_curated_policy,curated_exact_omop_lookup,high
LAB//9713//µg/l,v10_medication_atc,OMOP_CONCEPT//LOINC//3013751,dynamic_event,True,,LOINC,3013751,6896-5,3013751,AMSTEL,source_code,high
LAB//9802//mg/l,v10_medication_atc,OMOP_CONCEPT//LOINC//3034436,dynamic_event,True,,LOINC,3034436,10342-4,3034436,AMSTEL,source_code,high
LAB//10278//mmol/l,v10_medication_atc,OMOP_CONCEPT//LOINC//3021916,dynamic_event,True,,LOINC,3021916,25973-9,3021916,AMSTEL,source_code,high
LAB//18859//mmol/l,v10_medication_atc,OMOP_CONCEPT//LOINC//3035729,dynamic_event/device_support,True,,LOINC,3035729,14745-4,3035729,AMSTEL,source_code,high
LAB//9742//mg/l,v10_medication_atc,OMOP_CONCEPT//LOINC//3016254,dynamic_event,True,,LOINC,3016254,3665-7,3016254,AMSTEL,source_code,high
LAB//18445//10^9/l,v10_medication_atc,OMOP_CONCEPT//LOINC//3029856,dynamic_event,True,,LOINC,3029856,49928-5,3029856,AMSTEL,source_code,high
LAB//18854//mg/l,v10_medication_atc,OMOP_CONCEPT//LOINC//3035320,dynamic_event,True,,LOINC,3035320,16503-5,3035320,AMSTEL,source_code,high
LAB//9780//mg/l,v10_medication_atc,OMOP_CONCEPT//LOINC//40763210,dynamic_event,True,,LOINC,40763210,60151-8,40763210,AMSTEL,source_code,high
LAB//12223//mmol/24uur,v10_medication_atc,OMOP_CONCEPT//LOINC//3010600,dynamic_event,True,,LOINC,3010600,14881-7,3010600,AMSTEL,source_code,high
LAB//9812//mg/l,v10_medication_atc,OMOP_CONCEPT//LOINC//3021201,dynamic_event,True,,LOINC,3021201,4050-1,3021201,AMSTEL,source_code,high
MEASUREMENT_BEDSIDE//9658//UNKNOWN,v10_medication_atc,OMOP_CONCEPT//LOINC//3017485,dynamic_event,True,,LOINC,3017485,19889-5,3017485,AMSTEL,source_code,high
LAB//9703//mg/l,v10_medication_atc,OMOP_CONCEPT//LOINC//3016754,dynamic_event,True,,LOINC,3016754,9415-1,3016754,AMSTEL,source_code,high
LAB//9800//mg/l,v10_medication_atc,OMOP_CONCEPT//LOINC//40763260,dynamic_event,True,,LOINC,40763260,60201-1,40763260,AMSTEL,source_code,high
LAB//9997//mmHg,v10_medication_atc,OMOP_CONCEPT//LOINC//3010251,dynamic_event,True,,LOINC,3010251,2706-0,3010251,AMSTEL,source_code,high
MEASUREMENT_BEDSIDE//14737//mmHg,v10_medication_atc,SNOMED//602639,care_target_metadata,False,,SNOMED,602639,1055210001,602639,AMSTEL,source_code,high
LAB//10090//mg/l,v10_medication_atc,OMOP_CONCEPT//LOINC//3009736,dynamic_event,True,,LOINC,3009736,10987-6,3009736,AMSTEL,source_code,high
LAB//14221//µg/l,v10_medication_atc,OMOP_CONCEPT//LOINC//3021494,dynamic_event,True,,LOINC,3021494,12389-3,3021494,AMSTEL,source_code,high
LAB//18005//mg/l,v10_medication_atc,OMOP_CONCEPT//LOINC//40763094,dynamic_event,True,,LOINC,40763094,60035-3,40763094,AMSTEL,source_code,high
LAB//18564//mmol/l,v10_medication_atc,OMOP_CONCEPT//LOINC//40769427,dynamic_event,True,,LOINC,40769427,66769-1,40769427,AMSTEL,source_code,high
LAB//9816//mg/l,v10_medication_atc,OMOP_CONCEPT//LOINC//3006638,dynamic_event,True,,LOINC,3006638,4059-2,3006638,AMSTEL,source_code,high
MEASUREMENT_BEDSIDE//8872//ml,v10_medication_atc,SNOMED//44782827,dynamic_event,True,,SNOMED,44782827,698824001,44782827,AMSTEL,source_code,high
LAB//9963//10^12/l,v10_medication_atc,OMOP_CONCEPT//LOINC//3010910,dynamic_event,True,,LOINC,3010910,26455-6,3010910,AMSTEL,source_code,high
LAB//10102//µg/l,v10_medication_atc,OMOP_CONCEPT//LOINC//40763265,dynamic_event,True,,LOINC,40763265,60208-6,40763265,AMSTEL,source_code,high
LAB//10104//µg/l,v10_medication_atc,OMOP_CONCEPT//LOINC//40763161,dynamic_event,True,,LOINC,40763161,60102-1,40763161,AMSTEL,source_code,high
LAB//10290//mmol/l,v10_medication_atc,OMOP_CONCEPT//LOINC//3012713,dynamic_event,True,,LOINC,3012713,25997-8,3012713,AMSTEL,source_code,high
LAB//11551//Geen,v10_medication_atc,OMOP_CONCEPT//LOINC//3015198,dynamic_event,True,,LOINC,3015198,2755-7,3015198,AMSTEL,source_code,high
LAB//11559//Geen,v10_medication_atc,OMOP_CONCEPT//LOINC//42869583,dynamic_event,True,,LOINC,42869583,71828-8,42869583,AMSTEL,source_code,high
LAB//12080//x TOT,v10_medication_atc,OMOP_CONCEPT//LOINC//3044599,dynamic_event,True,,LOINC,3044599,34442-4,3044599,AMSTEL,source_code,high
LAB//15640//nmol/l,v10_medication_atc,OMOP_CONCEPT//LOINC//3006214,dynamic_event,True,,LOINC,3006214,14703-3,3006214,AMSTEL,source_code,high
LAB//18450//E/l,v10_medication_atc,OMOP_CONCEPT//LOINC//3026286,dynamic_event/device_support,True,,LOINC,3026286,15212-4,3026286,AMSTEL,source_code,high
LAB//18852//mmol/l,v10_medication_atc,OMOP_CONCEPT//LOINC//3002991,dynamic_event,True,,LOINC,3002991,1998-4,3002991,AMSTEL,source_code,high
LAB//6795//UNKNOWN,v10_medication_atc,OMOP_CONCEPT//LOINC//3017354,dynamic_event,True,,LOINC,3017354,26505-8,3017354,AMSTEL,source_code,high
MEASUREMENT_BEDSIDE//12337//cmH2O,v10_medication_atc,OMOP_CONCEPT//LOINC//3000461,dynamic_event,True,,LOINC,3000461,20079-0,3000461,AMSTEL,source_code,high
MEASUREMENT_BEDSIDE//8757//ml,v10_medication_atc,OMOP_CONCEPT//LOINC//3023454,dynamic_event,True,,LOINC,3023454,9149-6,3023454,AMSTEL,source_code,high
LAB//11550//Geen,v10_medication_atc,OMOP_CONCEPT//LOINC//3018672,dynamic_event,True,,LOINC,3018672,2748-2,3018672,AMSTEL,source_code,high
LAB//12258//kopie/ml,v10_medication_atc,OMOP_CONCEPT//LOINC//3010747,dynamic_event,True,,LOINC,3010747,20447-9,3010747,AMSTEL,source_code,high
LAB//15622//mg/l,v10_medication_atc,OMOP_CONCEPT//LOINC//3023261,dynamic_event,True,,LOINC,3023261,6948-4,3023261,AMSTEL,source_code,high
LAB//18558//mg/l,v10_medication_atc,OMOP_CONCEPT//LOINC//3008808,dynamic_event,True,,LOINC,3008808,3331-6,3008808,AMSTEL,source_code,high
LAB//18862//mmol/l,v10_medication_atc,OMOP_CONCEPT//LOINC//3050123,dynamic_event,True,,LOINC,3050123,49007-8,3050123,AMSTEL,source_code,high
LAB//19067//µg/l,v10_medication_atc,OMOP_CONCEPT//LOINC//3021374,dynamic_event,True,,LOINC,3021374,29247-4,3021374,AMSTEL,source_code,high
LAB//7199//mg/l,v10_medication_atc,OMOP_CONCEPT//LOINC//3018920,dynamic_event,True,,LOINC,3018920,4092-3,3018920,AMSTEL,source_code,high
MEASUREMENT_BEDSIDE//12345//cmH2O,v10_medication_atc,OMOP_CONCEPT//LOINC//36303561,dynamic_event,True,,LOINC,36303561,76196-5,36303561,AMSTEL,source_code,high
MEASUREMENT_BEDSIDE//9661//mbar,v10_medication_atc,OMOP_CONCEPT//LOINC//3035822,dynamic_event,True,,LOINC,3035822,38199-6,3035822,AMSTEL,source_code,high
LAB//18364//g,v10_medication_atc,OMOP_CONCEPT//LOINC//3001709,dynamic_event,True,,LOINC,3001709,30078-0,3001709,AMSTEL,source_code,high
LAB//9672//IE/ml,v10_medication_atc,OMOP_CONCEPT//LOINC//3021236,dynamic_event,True,,LOINC,3021236,5370-2,3021236,AMSTEL,source_code,high
SUBJECT_FLUID_OUTPUT//10597//ml,v10_medication_atc,OMOP_CONCEPT//LOINC//21491180,dynamic_event,True,,LOINC,21491180,79556-7,21491180,AMSTEL,source_code,high
LAB//10274//mmol/l,v10_medication_atc,OMOP_CONCEPT//LOINC//3002752,dynamic_event,True,,LOINC,3002752,21194-6,3002752,AMSTEL,source_code,high
LAB//11681//BE,v10_medication_atc,OMOP_CONCEPT//LOINC//3024942,dynamic_event,True,,LOINC,3024942,3204-5,3024942,AMSTEL,source_code,high
LAB//15638//µg/l,v10_medication_atc,OMOP_CONCEPT//LOINC//3030552,dynamic_event,True,,LOINC,3030552,34635-3,3030552,AMSTEL,source_code,high
LAB//18357//Geen,v10_medication_atc,OMOP_CONCEPT//LOINC//3045331,dynamic_event,True,,LOINC,3045331,44357-2,3045331,AMSTEL,source_code,high
LAB//18443//10^9/l,v10_medication_atc,OMOP_CONCEPT//LOINC//3051232,dynamic_event,True,,LOINC,3051232,53518-7,3051232,AMSTEL,source_code,high
LAB//19703//mmol/l,v10_medication_atc,OMOP_CONCEPT//LOINC//40758903,dynamic_event,True,,LOINC,40758903,55782-7,40758903,AMSTEL,source_code,high
LAB//9766//µg/l,v10_medication_atc,OMOP_CONCEPT//LOINC//40762768,dynamic_event,True,,LOINC,40762768,59707-0,40762768,AMSTEL,source_code,high
MEASUREMENT_BEDSIDE//8806//ml,v10_medication_atc,OMOP_CONCEPT//LOINC//3020433,dynamic_event,True,,LOINC,3020433,9161-1,3020433,AMSTEL,source_code,high
MEASUREMENT_BEDSIDE//9654//UNKNOWN,v10_medication_atc,OMOP_CONCEPT//LOINC//3026892,dynamic_event,True,,LOINC,3026892,19839-0,3026892,AMSTEL,source_code,high
LAB//10295//mmol/l,v10_medication_atc,OMOP_CONCEPT//LOINC//3025734,dynamic_event,True,,LOINC,3025734,25954-9,3025734,AMSTEL,source_code,high
LAB//12219//mmol/24uur,v10_medication_atc,OMOP_CONCEPT//LOINC//3006567,dynamic_event,True,,LOINC,3006567,2079-2,3006567,AMSTEL,source_code,high
LAB//12232//mmol/24uur,v10_medication_atc,OMOP_CONCEPT//LOINC//3017937,dynamic_event,True,,LOINC,3017937,2599-9,3017937,AMSTEL,source_code,high
LAB//15639//µg/l,v10_medication_atc,OMOP_CONCEPT//LOINC//3032328,dynamic_event,True,,LOINC,3032328,35106-4,3032328,AMSTEL,source_code,high
LAB//18406//Geen,v10_medication_atc,OMOP_CONCEPT//LOINC//3028026,dynamic_event,True,,LOINC,3028026,2472-9,IgM [Mass/volume] in Serum or Plasma,AmsterdamUMCdb_dictionary,label_exact,medium
LAB//18444//10^9/l,v10_medication_atc,OMOP_CONCEPT//LOINC//3022174,dynamic_event/device_support,True,,LOINC,3022174,26466-3,3022174,AMSTEL,source_code,high
LAB//18861//Geen,v10_medication_atc,OMOP_CONCEPT//LOINC//42869583,dynamic_event,True,,LOINC,42869583,71828-8,42869583,AMSTEL,source_code,high
LAB//19347//µg.uur/l,v10_medication_atc,OMOP_CONCEPT//LOINC//37020458,dynamic_event,True,,LOINC,37020458,92727-7,37020458,AMSTEL,source_code,high
LAB//6796//UNKNOWN,v10_medication_atc,OMOP_CONCEPT//LOINC//3004809,dynamic_event,True,,LOINC,3004809,26508-2,3004809,AMSTEL,source_code,high
MEASUREMENT_BEDSIDE//20347//min,v10_medication_atc,SNOMED//4193586,dynamic_event,True,,SNOMED,4193586,313289001,4193586,AMSTEL,source_code,high
MEASUREMENT_BEDSIDE//9619//l/min,v10_medication_atc,OMOP_CONCEPT//LOINC//21490879,dynamic_event,True,,LOINC,21490879,76296-3,21490879,AMSTEL,source_code,high
LAB//12164//µg/l,v10_medication_atc,OMOP_CONCEPT//LOINC//40762716,dynamic_event,True,,LOINC,40762716,59654-4,40762716,AMSTEL,source_code,high
LAB//14681//mg/l,v10_medication_atc,OMOP_CONCEPT//LOINC//3013412,dynamic_event,True,,LOINC,3013412,9738-6,3013412,AMSTEL,source_code,high
LAB//18271//µg/l,v10_medication_atc,OMOP_CONCEPT//LOINC//3006872,dynamic_event,True,,LOINC,3006872,3493-4,3006872,AMSTEL,source_code,high
LAB//19062//mg/l,v10_medication_atc,OMOP_CONCEPT//LOINC//40763136,dynamic_event,True,,LOINC,40763136,60077-5,40763136,AMSTEL,source_code,high
LAB//6820//mmol/l,v10_medication_atc,OMOP//OMOP_CONCEPT//4224820,dynamic_event,True,,OMOP_CONCEPT,4224820,84698008,Cholesterol,Stage3J_curated_policy,curated_exact_omop_lookup,high
LAB//9698//µg/l,v10_medication_atc,OMOP_CONCEPT//LOINC//21491391,dynamic_event,True,,LOINC,21491391,78786-1,21491391,AMSTEL,source_code,high
LAB//9710//µg/l,v10_medication_atc,OMOP_CONCEPT//LOINC//3017249,dynamic_event,True,,LOINC,3017249,3491-8,3017249,AMSTEL,source_code,high
LAB//9711//µg/l,v10_medication_atc,OMOP_CONCEPT//LOINC//3034523,dynamic_event,True,,LOINC,3034523,3536-0,3034523,AMSTEL,source_code,high
LAB//9735//mg/l,v10_medication_atc,OMOP_CONCEPT//LOINC//3028019,dynamic_event,True,,LOINC,3028019,3639-2,3028019,AMSTEL,source_code,high
LAB//9993//mmol/l,v10_medication_atc,OMOP_CONCEPT//LOINC//3024655,dynamic_event,True,,LOINC,3024655,16459-0,3024655,AMSTEL,source_code,high
MEASUREMENT_BEDSIDE//8808//ml,v10_medication_atc,OMOP_CONCEPT//LOINC//3017152,dynamic_event,True,,LOINC,3017152,9179-3,3017152,AMSTEL,source_code,high
LAB//12256//mmol/24uur,v10_medication_atc,OMOP_CONCEPT//LOINC//3028714,dynamic_event,True,,LOINC,3028714,14935-1,3028714,AMSTEL,source_code,high
LAB//18449//E/l,v10_medication_atc,OMOP_CONCEPT//LOINC//3045996,dynamic_event,True,,LOINC,3045996,32722-1,3045996,AMSTEL,source_code,high
LAB//6849//mmol/l,v10_medication_atc,OMOP_CONCEPT//LOINC//42868692,dynamic_event,True,,LOINC,42868692,70218-3,42868692,AMSTEL,source_code,high
LAB//7197//mg/l,v10_medication_atc,OMOP_CONCEPT//LOINC//3006638,dynamic_event,True,,LOINC,3006638,4059-2,3006638,AMSTEL,source_code,high
LAB//7205//ng/ml,v10_medication_atc,OMOP_CONCEPT//LOINC//3011335,dynamic_event,True,,LOINC,3011335,10535-3,3011335,AMSTEL,source_code,high
LAB//9708//µg/l,v10_medication_atc,OMOP_CONCEPT//LOINC//40762688,dynamic_event,True,,LOINC,40762688,59626-2,40762688,AMSTEL,source_code,high
LAB//9709//µg/l,v10_medication_atc,OMOP_CONCEPT//LOINC//3032341,dynamic_event,True,,LOINC,3032341,35107-2,3032341,AMSTEL,source_code,high
LAB//9718//mg/l,v10_medication_atc,OMOP_CONCEPT//LOINC//3013580,dynamic_event,True,,LOINC,3013580,3886-9,3013580,AMSTEL,source_code,high
LAB//9734//mg/l,v10_medication_atc,OMOP_CONCEPT//LOINC//3022843,dynamic_event,True,,LOINC,3022843,25142-1,3022843,AMSTEL,source_code,high
LAB//9743//mg/l,v10_medication_atc,OMOP_CONCEPT//LOINC//3003506,dynamic_event,True,,LOINC,3003506,22746-2,3003506,AMSTEL,source_code,high
LAB//9823//mg/l,v10_medication_atc,OMOP_CONCEPT//LOINC//3004090,dynamic_event,True,,LOINC,3004090,4057-6,3004090,AMSTEL,source_code,high
LAB//9995//mmol/l,v10_medication_atc,OMOP_CONCEPT//LOINC//21490592,dynamic_event,True,,LOINC,21490592,60840-6,21490592,AMSTEL,source_code,high
MEASUREMENT_BEDSIDE//10595//ml,v10_medication_atc,OMOP_CONCEPT//LOINC//3026556,dynamic_event,True,,LOINC,3026556,9129-8,3026556,AMSTEL,source_code,high
MEASUREMENT_BEDSIDE//12331//cmH2O,v10_medication_atc,OMOP_CONCEPT//LOINC//3006802,dynamic_event,True,,LOINC,3006802,20054-3,3006802,AMSTEL,source_code,high
MEASUREMENT_BEDSIDE//9664//UNKNOWN,v10_medication_atc,OMOP_CONCEPT//LOINC//3020716,dynamic_event,True,,LOINC,3020716,3150-0,3020716,AMSTEL,source_code,high
LAB//10032//mg/l,v10_medication_atc,OMOP_CONCEPT//LOINC//3009210,dynamic_event,True,,LOINC,3009210,9334-4,3009210,AMSTEL,source_code,high
LAB//10092//mg/l,v10_medication_atc,OMOP_CONCEPT//LOINC//3019885,dynamic_event,True,,LOINC,3019885,10989-2,3019885,AMSTEL,source_code,high
LAB//10094//mg/l,v10_medication_atc,OMOP_CONCEPT//LOINC//3008142,dynamic_event,True,,LOINC,3008142,18337-6,3008142,AMSTEL,source_code,high
LAB//10151//mg/l,v10_medication_atc,OMOP_CONCEPT//LOINC//3004313,dynamic_event,True,,LOINC,3004313,2280-6,3004313,AMSTEL,source_code,high
LAB//10203//pmol/l,v10_medication_atc,OMOP_CONCEPT//LOINC//3026725,dynamic_event,True,,LOINC,3026725,14715-7,3026725,AMSTEL,source_code,high
LAB//11531//Geen,v10_medication_atc,OMOP_CONCEPT//LOINC//1617530,dynamic_event,True,,LOINC,1617530,97990-6,1617530,AMSTEL,source_code,high
LAB//17975//mg/l,v10_medication_atc,OMOP_CONCEPT//LOINC//3009772,dynamic_event,True,,LOINC,3009772,17798-0,3009772,AMSTEL,source_code,high
LAB//17976//µg/l,v10_medication_atc,OMOP_CONCEPT//LOINC//21491391,dynamic_event,True,,LOINC,21491391,78786-1,21491391,AMSTEL,source_code,high
LAB//18341//mg/l,v10_medication_atc,OMOP_CONCEPT//LOINC//3005893,dynamic_event,True,,LOINC,3005893,3969-3,3005893,AMSTEL,source_code,high
LAB//18376//mmol/l,v10_medication_atc,OMOP_CONCEPT//LOINC//3023745,dynamic_event,True,,LOINC,3023745,723-7,3023745,AMSTEL,source_code,high
LAB//18415//mg/l,v10_medication_atc,OMOP_CONCEPT//LOINC//3015051,dynamic_event,True,,LOINC,3015051,27081-9,3015051,AMSTEL,source_code,high
LAB//18559//mg/l,v10_medication_atc,OMOP_CONCEPT//LOINC//3004739,dynamic_event,True,,LOINC,3004739,3335-7,3004739,AMSTEL,source_code,high
LAB//7071//nmol/l,v10_medication_atc,OMOP_CONCEPT//LOINC//3009201,dynamic_event,True,,LOINC,3009201,3016-3,3009201,AMSTEL,source_code,high
LAB//8917//mol/l,v10_medication_atc,OMOP_CONCEPT//LOINC//3007733,dynamic_event,True,,LOINC,3007733,2078-4,3007733,AMSTEL,source_code,high
LAB//9717//µg/l,v10_medication_atc,OMOP_CONCEPT//LOINC//40762777,dynamic_event,True,,LOINC,40762777,59716-1,40762777,AMSTEL,source_code,high
LAB//9733//mg/l,v10_medication_atc,OMOP_CONCEPT//LOINC//3019268,dynamic_event,True,,LOINC,3019268,25143-9,3019268,AMSTEL,source_code,high
LAB//9736//µg/l,v10_medication_atc,OMOP_CONCEPT//LOINC//3006263,dynamic_event,True,,LOINC,3006263,3644-2,3006263,AMSTEL,source_code,high
LAB//9737//µg/l,v10_medication_atc,OMOP_CONCEPT//LOINC//3027428,dynamic_event,True,,LOINC,3027428,3868-7,3027428,AMSTEL,source_code,high
LAB//9744//µg/l,v10_medication_atc,OMOP_CONCEPT//LOINC//3000415,dynamic_event,True,,LOINC,3000415,3669-9,3000415,AMSTEL,source_code,high
MEASUREMENT_BEDSIDE//8507//UNKNOWN,v10_medication_atc,OMOP_CONCEPT//LOINC//3024928,dynamic_event,True,,LOINC,3024928,2711-0,3024928,AMSTEL,source_code,high
MEASUREMENT_BEDSIDE//9640//UNKNOWN,v10_medication_atc,OMOP_CONCEPT//LOINC//21490806,dynamic_event,True,,LOINC,21490806,76093-4,21490806,AMSTEL,source_code,high
LAB//10426//mg/l,v10_medication_atc,OMOP_CONCEPT//LOINC//3002357,dynamic_event,True,,LOINC,3002357,31179-5,3002357,AMSTEL,source_code,high
LAB//11549//Geen,v10_medication_atc,OMOP_CONCEPT//LOINC//3015501,dynamic_event,True,,LOINC,3015501,27378-9,3015501,AMSTEL,source_code,high
LAB//11867//Geen,v10_medication_atc,OMOP_CONCEPT//LOINC//3019788,dynamic_event,True,,LOINC,3019788,11122-9,3019788,AMSTEL,source_code,high
LAB//11881//Geen,v10_medication_atc,OMOP_CONCEPT//LOINC//3005719,dynamic_event,True,,LOINC,3005719,2465-3,IgG [Mass/volume] in Serum or Plasma,AmsterdamUMCdb_dictionary,label_exact,medium
LAB//12048//E/l,v10_medication_atc,OMOP_CONCEPT//LOINC//3029790,dynamic_event,True,,LOINC,3029790,32673-6,3029790,AMSTEL,source_code,high
LAB//12163//mg/l,v10_medication_atc,OMOP_CONCEPT//LOINC//42870366,dynamic_event,True,,LOINC,42870366,71427-9,42870366,AMSTEL,source_code,high
LAB//15636//µg/l,v10_medication_atc,OMOP_CONCEPT//LOINC//44787032,dynamic_event,True,,LOINC,44787032,74389-8,44787032,AMSTEL,source_code,high
LAB//15637//µg/l,v10_medication_atc,OMOP_CONCEPT//LOINC//3022297,dynamic_event,True,,LOINC,3022297,17283-3,3022297,AMSTEL,source_code,high
LAB//17995//Geen,v10_medication_atc,OMOP_CONCEPT//LOINC//3025159,dynamic_event,True,,LOINC,3025159,26446-5,3025159,AMSTEL,source_code,high
LAB//19065//mg/l,v10_medication_atc,OMOP_CONCEPT//LOINC//3032812,dynamic_event,True,,LOINC,3032812,41406-0,3032812,AMSTEL,source_code,high
LAB//19385//UNKNOWN,v10_medication_atc,OMOP_CONCEPT//LOINC//40765204,dynamic_event,True,,LOINC,40765204,62467-6,40765204,AMSTEL,source_code,high
LAB//19388//mg/l,v10_medication_atc,OMOP_CONCEPT//LOINC//3039753,dynamic_event,True,,LOINC,3039753,53731-6,3039753,AMSTEL,source_code,high
LAB//6772//UNKNOWN,v10_medication_atc,OMOP_CONCEPT//LOINC//3009932,dynamic_event,True,,LOINC,3009932,712-0,3009932,AMSTEL,source_code,high
LAB//7093//g/l,v10_medication_atc,OMOP_CONCEPT//LOINC//3037121,dynamic_event,True,,LOINC,3037121,2888-6,3037121,AMSTEL,source_code,high
LAB//7189//UNKNOWN,v10_medication_atc,OMOP_CONCEPT//LOINC//3022616,dynamic_event,True,,LOINC,3022616,3968-5,3022616,AMSTEL,source_code,high
LAB//7192//mg/l,v10_medication_atc,OMOP_CONCEPT//LOINC//3016254,dynamic_event,True,,LOINC,3016254,3665-7,3016254,AMSTEL,source_code,high
LAB//8908//g/l,v10_medication_atc,OMOP_CONCEPT//LOINC//3020630,dynamic_event,True,,LOINC,3020630,2885-2,3020630,AMSTEL,source_code,high
LAB//9774//mg/l,v10_medication_atc,OMOP_CONCEPT//LOINC//40763094,dynamic_event,True,,LOINC,40763094,60035-3,40763094,AMSTEL,source_code,high
LAB//9841//µg/l,v10_medication_atc,OMOP_CONCEPT//LOINC//3028489,dynamic_event,True,,LOINC,3028489,3496-7,3028489,AMSTEL,source_code,high
MEASUREMENT_BEDSIDE//12082//l/min,v10_medication_atc,OMOP_CONCEPT//LOINC//36305682,dynamic_event,True,,LOINC,36305682,76272-4,36305682,AMSTEL,source_code,high
MEASUREMENT_BEDSIDE//12083//cmH2O,v10_medication_atc,OMOP_CONCEPT//LOINC//42527086,dynamic_event,True,,LOINC,42527086,60949-5,42527086,AMSTEL,source_code,high
MEASUREMENT_BEDSIDE//12084//cmH2O,v10_medication_atc,OMOP_CONCEPT//LOINC//42527137,dynamic_event,True,,LOINC,42527137,76152-8,42527137,AMSTEL,source_code,high
MEASUREMENT_BEDSIDE//12085//cmH2O,v10_medication_atc,OMOP_CONCEPT//LOINC//3021748,dynamic_event,True,,LOINC,3021748,20055-0,3021748,AMSTEL,source_code,high
MEASUREMENT_BEDSIDE//12086//cmH2O,v10_medication_atc,OMOP_CONCEPT//LOINC//3006802,dynamic_event,True,,LOINC,3006802,20054-3,3006802,AMSTEL,source_code,high
MEASUREMENT_BEDSIDE//12088//Geen,v10_medication_atc,OMOP_CONCEPT//LOINC//21490725,dynamic_event,True,,LOINC,21490725,75932-4,21490725,AMSTEL,source_code,high
MEASUREMENT_BEDSIDE//12090//Hz,v10_medication_atc,SNOMED//4074666,dynamic_event,True,,SNOMED,4074666,243155002,4074666,AMSTEL,source_code,high
MEASUREMENT_BEDSIDE//13031//ml,v10_medication_atc,OMOP_CONCEPT//LOINC//21491180,dynamic_event,True,,LOINC,21491180,79556-7,21491180,AMSTEL,source_code,high
MEASUREMENT_BEDSIDE//6949//µmol,v10_medication_atc,OMOP_CONCEPT//LOINC//3036481,dynamic_event,True,,LOINC,3036481,14675-3,3036481,AMSTEL,source_code,high
MEASUREMENT_BEDSIDE//9655//ml,v10_medication_atc,OMOP_CONCEPT//LOINC//21490564,dynamic_event,True,,LOINC,21490564,60801-8,21490564,AMSTEL,source_code,high
LAB//10068//mmol/l,v10_medication_atc,OMOP_CONCEPT//LOINC//3044319,dynamic_event,True,,LOINC,3044319,34266-7,3044319,AMSTEL,source_code,high
LAB//10315//mmol/l,v10_medication_atc,OMOP_CONCEPT//LOINC//3031020,dynamic_event,True,,LOINC,3031020,50838-2,3031020,AMSTEL,source_code,high
LAB//11578//Geen,v10_medication_atc,OMOP_CONCEPT//LOINC//3015501,dynamic_event,True,,LOINC,3015501,27378-9,3015501,AMSTEL,source_code,high
LAB//18468//µg/l,v10_medication_atc,OMOP_CONCEPT//LOINC//40765580,dynamic_event,True,,LOINC,40765580,62848-7,40765580,AMSTEL,source_code,high
LAB//18936//mg/l,v10_medication_atc,OMOP_CONCEPT//LOINC//3031562,dynamic_event,True,,LOINC,3031562,41470-6,3031562,AMSTEL,source_code,high
LAB//20370//mg/l,v10_medication_atc,OMOP_CONCEPT//LOINC//3021600,dynamic_event,True,,LOINC,3021600,4087-3,3021600,AMSTEL,source_code,high
LAB//6767//UNKNOWN,v10_medication_atc,OMOP_CONCEPT//LOINC//3003771,dynamic_event,True,,LOINC,3003771,27812-7,3003771,AMSTEL,source_code,high
LAB//6971//ng/ml,v10_medication_atc,OMOP_CONCEPT//LOINC//3001122,dynamic_event,True,,LOINC,3001122,2276-4,3001122,AMSTEL,source_code,high
LAB//8324//mg/l,v10_medication_atc,OMOP_CONCEPT//LOINC//40763107,dynamic_event,True,,LOINC,40763107,60048-6,40763107,AMSTEL,source_code,high
LAB//9712//µg/l,v10_medication_atc,OMOP_CONCEPT//LOINC//40762698,dynamic_event,True,,LOINC,40762698,59636-1,40762698,AMSTEL,source_code,high
LAB//9720//µg/l,v10_medication_atc,OMOP_CONCEPT//LOINC//40762806,dynamic_event,True,,LOINC,40762806,59745-0,40762806,AMSTEL,source_code,high
LAB//9732//mg/l,v10_medication_atc,OMOP_CONCEPT//LOINC//3006689,dynamic_event,True,,LOINC,3006689,3638-4,3006689,AMSTEL,source_code,high
LAB//9750//mg/l,v10_medication_atc,OMOP_CONCEPT//LOINC//3011941,dynamic_event,True,,LOINC,3011941,3697-0,3011941,AMSTEL,source_code,high
LAB//9754//µg/l,v10_medication_atc,OMOP_CONCEPT//LOINC//40762760,dynamic_event,True,,LOINC,40762760,59699-9,40762760,AMSTEL,source_code,high
LAB//9768//mg/l,v10_medication_atc,OMOP_CONCEPT//LOINC//3005578,dynamic_event,True,,LOINC,3005578,13626-7,3005578,AMSTEL,source_code,high
LAB//9776//µg/l,v10_medication_atc,OMOP_CONCEPT//LOINC//40763195,dynamic_event,True,,LOINC,40763195,60136-9,40763195,AMSTEL,source_code,high
LAB//9827//mg/l,v10_medication_atc,OMOP_CONCEPT//LOINC//3007933,dynamic_event,True,,LOINC,3007933,4064-2,3007933,AMSTEL,source_code,high
MEASUREMENT_BEDSIDE//12267//UNKNOWN,v10_medication_atc,OMOP_CONCEPT//LOINC//21490580,dynamic_event,True,,LOINC,21490580,60825-7,21490580,AMSTEL,source_code,high
MEASUREMENT_BEDSIDE//12338//cmH2O,v10_medication_atc,OMOP_CONCEPT//LOINC//3000461,dynamic_event,True,,LOINC,3000461,20079-0,3000461,AMSTEL,source_code,high
MEASUREMENT_BEDSIDE//12342//sec,v10_medication_atc,OMOP_CONCEPT//LOINC//36306099,dynamic_event,True,,LOINC,36306099,76229-4,36306099,AMSTEL,source_code,high
MEASUREMENT_BEDSIDE//13150//l/min/m2,v10_medication_atc,OMOP_CONCEPT//LOINC//3000569,dynamic_event,True,,LOINC,3000569,8751-0,3000569,AMSTEL,source_code,high
MEASUREMENT_BEDSIDE//8756//ml,v10_medication_atc,OMOP_CONCEPT//LOINC//3017465,dynamic_event,True,,LOINC,3017465,8993-8,3017465,AMSTEL,source_code,high
MEASUREMENT_BEDSIDE//9644//°C,v10_medication_atc,OMOP_CONCEPT//LOINC//3003259,dynamic_event,True,,LOINC,3003259,20093-1,3003259,AMSTEL,source_code,high
LAB//10100//µg/l,v10_medication_atc,OMOP_CONCEPT//LOINC//3022857,dynamic_event,True,,LOINC,3022857,6897-3,3022857,AMSTEL,source_code,high
LAB//10373//mmol/l,v10_medication_atc,OMOP_CONCEPT//LOINC//3035381,dynamic_event,True,,LOINC,3035381,25916-8,3035381,AMSTEL,source_code,high
LAB//10377//µmol/l,v10_medication_atc,OMOP_CONCEPT//LOINC//44816798,dynamic_event,True,,LOINC,44816798,74906-9,44816798,AMSTEL,source_code,high
LAB//11445//Geen,v10_medication_atc,OMOP_CONCEPT//LOINC//3007682,dynamic_event,True,,LOINC,3007682,14316-4,3007682,AMSTEL,source_code,high
LAB//11519//Geen,v10_medication_atc,OMOP_CONCEPT//LOINC//3013516,dynamic_event,True,,LOINC,3013516,2752-4,3013516,AMSTEL,source_code,high
LAB//11789//Geen,v10_medication_atc,OMOP_CONCEPT//LOINC//3035511,dynamic_event,True,,LOINC,3035511,35663-4,3035511,AMSTEL,source_code,high
LAB//11979//E/l,v10_medication_atc,OMOP_CONCEPT//LOINC//3000784,dynamic_event,True,,LOINC,3000784,25302-1,3000784,AMSTEL,source_code,high
LAB//11985//E/l,v10_medication_atc,OMOP_CONCEPT//LOINC//3005090,dynamic_event,True,,LOINC,3005090,15148-0,3005090,AMSTEL,source_code,high
LAB//11991//E/l,v10_medication_atc,OMOP_CONCEPT//LOINC//3003792,dynamic_event,True,,LOINC,3003792,1919-0,3003792,AMSTEL,source_code,high
LAB//12216//µmol/24uur,v10_medication_atc,OMOP_CONCEPT//LOINC//3000822,dynamic_event,True,,LOINC,3000822,15155-5,3000822,AMSTEL,source_code,high
LAB//12218//µmol/24uur,v10_medication_atc,OMOP_CONCEPT//LOINC//3013194,dynamic_event,True,,LOINC,3013194,2072-7,3013194,AMSTEL,source_code,high
LAB//12253//µmol/l,v10_medication_atc,OMOP_CONCEPT//LOINC//3008520,dynamic_event,True,,LOINC,3008520,25548-9,3008520,AMSTEL,source_code,high
LAB//15623//mg/l,v10_medication_atc,OMOP_CONCEPT//LOINC//40763251,dynamic_event,True,,LOINC,40763251,60192-2,40763251,AMSTEL,source_code,high
LAB//15630//mg/l,v10_medication_atc,OMOP_CONCEPT//LOINC//3043736,dynamic_event,True,,LOINC,3043736,32646-2,3043736,AMSTEL,source_code,high
LAB//17983//kE/l,v10_medication_atc,OMOP_CONCEPT//LOINC//3035826,dynamic_event,True,,LOINC,3035826,35383-9,3035826,AMSTEL,source_code,high
LAB//18004//mg/l,v10_medication_atc,OMOP_CONCEPT//LOINC//40763094,dynamic_event,True,,LOINC,40763094,60035-3,40763094,AMSTEL,source_code,high
LAB//18321//µg/l,v10_medication_atc,OMOP_CONCEPT//LOINC//3027888,dynamic_event,True,,LOINC,3027888,16757-7,3027888,AMSTEL,source_code,high
LAB//18359//Geen,v10_medication_atc,OMOP_CONCEPT//LOINC//3050899,dynamic_event,True,,LOINC,3050899,53865-2,3050899,AMSTEL,source_code,high
LAB//18412//µg/l,v10_medication_atc,OMOP_CONCEPT//LOINC//3036230,dynamic_event,True,,LOINC,3036230,9627-1,3036230,AMSTEL,source_code,high
LAB//18417//mmol/l,v10_medication_atc,OMOP_CONCEPT//LOINC//3035717,dynamic_event,True,,LOINC,3035717,2820-9,3035717,AMSTEL,source_code,high
LAB//18498//mg/l,v10_medication_atc,OMOP_CONCEPT//LOINC//3050351,dynamic_event,True,,LOINC,3050351,47414-8,3050351,AMSTEL,source_code,high
LAB//18504//mg/l,v10_medication_atc,OMOP_CONCEPT//LOINC//3002082,dynamic_event,True,,LOINC,3002082,9394-8,3002082,AMSTEL,source_code,high
LAB//18568//mg/l,v10_medication_atc,OMOP_CONCEPT//LOINC//3016063,dynamic_event,True,,LOINC,3016063,13586-3,3016063,AMSTEL,source_code,high
LAB//18847//E/l,v10_medication_atc,OMOP_CONCEPT//LOINC//3000784,dynamic_event,True,,LOINC,3000784,25302-1,3000784,AMSTEL,source_code,high
LAB//18853//mmol/l,v10_medication_atc,OMOP_CONCEPT//LOINC//3009379,dynamic_event,True,,LOINC,3009379,2071-9,3009379,AMSTEL,source_code,high
LAB//18866//mosmol/kg,v10_medication_atc,OMOP_CONCEPT//LOINC//3004663,dynamic_event,True,,LOINC,3004663,15200-9,3004663,AMSTEL,source_code,high
LAB//19058//mg/l,v10_medication_atc,OMOP_CONCEPT//LOINC//40761060,dynamic_event,True,,LOINC,40761060,57954-0,40761060,AMSTEL,source_code,high
LAB//19061//mg/l,v10_medication_atc,OMOP_CONCEPT//LOINC//3031731,dynamic_event,True,,LOINC,3031731,35112-2,3031731,AMSTEL,source_code,high
LAB//19174//µg.uur/l,v10_medication_atc,OMOP_CONCEPT//LOINC//1989318,dynamic_event,True,,LOINC,1989318,99413-7,1989318,AMSTEL,source_code,high
LAB//19352//mmol/24uur,v10_medication_atc,OMOP_CONCEPT//LOINC//3017367,dynamic_event,True,,LOINC,3017367,6792-6,3017367,AMSTEL,source_code,high
LAB//6780//10^9/l,v10_medication_atc,OMOP_CONCEPT//LOINC//3019198,dynamic_event,True,,LOINC,3019198,26474-7,3019198,AMSTEL,source_code,high
LAB//6973//nmol/l,v10_medication_atc,OMOP_CONCEPT//LOINC//3021960,dynamic_event,True,,LOINC,3021960,14732-2,3021960,AMSTEL,source_code,high
LAB//7084//µmol,v10_medication_atc,OMOP//OMOP_CONCEPT//1970135,dynamic_event,True,,OMOP_CONCEPT,1970135,OMOP5162724,Zink,Stage3J_curated_policy,curated_exact_omop_lookup,high
LAB//7201//mg/l,v10_medication_atc,OMOP_CONCEPT//LOINC//3037123,dynamic_event,True,,LOINC,3037123,3321-7,3037123,AMSTEL,source_code,high
LAB//7202//UNKNOWN,v10_medication_atc,OMOP_CONCEPT//LOINC//3016201,dynamic_event,True,,LOINC,3016201,4086-5,3016201,AMSTEL,source_code,high
LAB//7810//UNKNOWN,v10_medication_atc,OMOP_CONCEPT//LOINC//3004905,dynamic_event,True,,LOINC,3004905,3040-3,3004905,AMSTEL,source_code,high
LAB//7846//mmol/l,v10_medication_atc,OMOP_CONCEPT//LOINC//3012898,dynamic_event,True,,LOINC,3012898,22700-9,3012898,AMSTEL,source_code,high
LAB//8313//mmol/l,v10_medication_atc,OMOP_CONCEPT//LOINC//3024666,dynamic_event,True,,LOINC,3024666,14334-7,3024666,AMSTEL,source_code,high
LAB//8344//mg/l,v10_medication_atc,OMOP_CONCEPT//LOINC//3009917,dynamic_event,True,,LOINC,3009917,3663-2,3009917,AMSTEL,source_code,high
LAB//8347//mg/l,v10_medication_atc,OMOP_CONCEPT//LOINC//3011461,dynamic_event,True,,LOINC,3011461,4090-7,3011461,AMSTEL,source_code,high
LAB//8362//mg/l,v10_medication_atc,OMOP_CONCEPT//LOINC//3004090,dynamic_event,True,,LOINC,3004090,4057-6,3004090,AMSTEL,source_code,high
LAB//8922//mmol/l,v10_medication_atc,OMOP_CONCEPT//LOINC//3017315,dynamic_event,True,,LOINC,3017315,1799-6,3017315,AMSTEL,source_code,high
LAB//9692//µg/l,v10_medication_atc,OMOP_CONCEPT//LOINC//3024376,dynamic_event,True,,LOINC,3024376,10977-7,3024376,AMSTEL,source_code,high
LAB//9727//mg/l,v10_medication_atc,OMOP_CONCEPT//LOINC//40763210,dynamic_event,True,,LOINC,40763210,60151-8,40763210,AMSTEL,source_code,high
LAB//9745//µg/l,v10_medication_atc,OMOP_CONCEPT//LOINC//3001818,dynamic_event,True,,LOINC,3001818,3690-5,3001818,AMSTEL,source_code,high
LAB//9746//µg/l,v10_medication_atc,OMOP_CONCEPT//LOINC//3000167,dynamic_event,True,,LOINC,3000167,3531-1,3000167,AMSTEL,source_code,high
LAB//9767//µg/l,v10_medication_atc,OMOP_CONCEPT//LOINC//40757533,dynamic_event,True,,LOINC,40757533,54402-3,40757533,AMSTEL,source_code,high
LAB//9796//µg/l,v10_medication_atc,OMOP_CONCEPT//LOINC//3003195,dynamic_event,True,,LOINC,3003195,9393-0,3003195,AMSTEL,source_code,high
LAB//9798//µg/l,v10_medication_atc,OMOP_CONCEPT//LOINC//3023194,dynamic_event,True,,LOINC,3023194,9383-1,3023194,AMSTEL,source_code,high
LAB//9834//mg/l,v10_medication_atc,OMOP_CONCEPT//LOINC//3011531,dynamic_event,True,,LOINC,3011531,29229-2,3011531,AMSTEL,source_code,high
LAB//9839//mg/l,v10_medication_atc,OMOP_CONCEPT//LOINC//3011461,dynamic_event,True,,LOINC,3011461,4090-7,3011461,AMSTEL,source_code,high
LAB//9884//mg/l,v10_medication_atc,OMOP_CONCEPT//LOINC//3005742,dynamic_event,True,,LOINC,3005742,29224-3,3005742,AMSTEL,source_code,high
LAB//9897//mg/l,v10_medication_atc,OMOP_CONCEPT//LOINC//3003029,dynamic_event,True,,LOINC,3003029,13562-4,3003029,AMSTEL,source_code,high
LAB//9959//mg/l,v10_medication_atc,OMOP_CONCEPT//LOINC//3005029,dynamic_event,True,,LOINC,3005029,2881-1,3005029,AMSTEL,source_code,high
MEASUREMENT_BEDSIDE//15280//mmHg,v10_medication_atc,SNOMED//602639,care_target_metadata,False,,SNOMED,602639,1055210001,602639,AMSTEL,source_code,high
MEASUREMENT_BEDSIDE//15281//mmHg,v10_medication_atc,SNOMED//602639,care_target_metadata,False,,SNOMED,602639,1055210001,602639,AMSTEL,source_code,high
MEASUREMENT_BEDSIDE//15282//mmHg,v10_medication_atc,SNOMED//602639,care_target_metadata,False,,SNOMED,602639,1055210001,602639,AMSTEL,source_code,high
MEASUREMENT_BEDSIDE//6696//ml,v10_medication_atc,SNOMED//35608035,dynamic_event,True,,SNOMED,35608035,764566006,35608035,AMSTEL,source_code,high
MEASUREMENT_BEDSIDE//7056//nmol/l,v10_medication_atc,OMOP_CONCEPT//LOINC//3014620,dynamic_event,True,,LOINC,3014620,14921-1,3014620,AMSTEL,source_code,high
MEASUREMENT_BEDSIDE//7079//pmol/l,v10_medication_atc,OMOP_CONCEPT//LOINC//3008486,dynamic_event,True,,LOINC,3008486,14920-3,3008486,AMSTEL,source_code,high
MEASUREMENT_BEDSIDE//8121//ml,v10_medication_atc,SNOMED//4090197,dynamic_event,True,,SNOMED,4090197,251848001,4090197,AMSTEL,source_code,high
MEASUREMENT_BEDSIDE//8168//ml,v10_medication_atc,OMOP_CONCEPT//LOINC//21491184,dynamic_event,True,,LOINC,21491184,79560-9,21491184,AMSTEL,source_code,high
MEASUREMENT_BEDSIDE//8876//UNKNOWN,v10_medication_atc,OMOP_CONCEPT//LOINC//3026892,dynamic_event,True,,LOINC,3026892,19839-0,3026892,AMSTEL,source_code,high
MEASUREMENT_BEDSIDE//9646//ml,v10_medication_atc,OMOP_CONCEPT//LOINC//3012410,dynamic_event,True,,LOINC,3012410,20112-9,3012410,AMSTEL,source_code,high
MEASUREMENT_BEDSIDE//9663//l/min,v10_medication_atc,SNOMED//4108000,dynamic_event,True,,SNOMED,4108000,250813001,4108000,AMSTEL,source_code,high
MEASUREMENT_BEDSIDE//9666//mbar,v10_medication_atc,OMOP_CONCEPT//LOINC//21490855,dynamic_event,True,,LOINC,21490855,76248-4,21490855,AMSTEL,source_code,high
MEASUREMENT_BEDSIDE//9668//l/min,v10_medication_atc,OMOP_CONCEPT//LOINC//42527120,dynamic_event,True,,LOINC,42527120,76008-2,42527120,AMSTEL,source_code,high
MEASUREMENT_BEDSIDE//9669//l,v10_medication_atc,OMOP_CONCEPT//LOINC//21490789,dynamic_event,True,,LOINC,21490789,76007-4,21490789,AMSTEL,source_code,high
ORDER_INTENT//89//13021,v10_medication_atc,OMOP//OMOP_CONCEPT//44791813,metadata_only,False,,OMOP_CONCEPT,44791813,299311000000100,Checking procedure,AMSTEL_procedureorderitems_usagi,source_code_omop,high
ORDER_INTENT//87//12771,v10_medication_atc,OMOP//OMOP_CONCEPT//4205539,metadata_only,False,,OMOP_CONCEPT,4205539,308739004,Repositioning,AMSTEL_procedureorderitems_usagi,source_code_omop,high
ORDER_INTENT//101//12896,v10_medication_atc,OMOP//OMOP_CONCEPT//4021176,metadata_only,False,,OMOP_CONCEPT,4021176,225392000,Assessment of risk of pressure injury,AMSTEL_procedureorderitems_usagi,source_code_omop,high
ORDER_INTENT//101//12839,v10_medication_atc,OMOP//OMOP_CONCEPT//4026989,metadata_only,False,,OMOP_CONCEPT,4026989,225996006,Prevention of pressure injury,AMSTEL_procedureorderitems_usagi,source_code_omop,high
ORDER_INTENT//83//19661,v10_medication_atc,OMOP//OMOP_CONCEPT//4021323,metadata_only,False,,OMOP_CONCEPT,4021323,225399009,Pain assessment,AMSTEL_procedureorderitems_usagi,source_code_omop,high
ORDER_INTENT//73//9547,v10_medication_atc,OMOP//OMOP_CONCEPT//4301936,metadata_only,False,,OMOP_CONCEPT,4301936,418389000,Blood glucose management,AMSTEL_procedureorderitems_usagi,source_code_omop,high
ORDER_INTENT//90//9287,v10_medication_atc,OMOP//OMOP_CONCEPT//37396812,metadata_only,False,,OMOP_CONCEPT,37396812,716754001,Arterial catheter care management,AMSTEL_procedureorderitems_usagi,source_code_omop,low
ORDER_INTENT//111//9452,v10_medication_atc,OMOP//OMOP_CONCEPT//44791828,metadata_only,False,,OMOP_CONCEPT,44791828,299441000000105,Checking prescription,AMSTEL_procedureorderitems_usagi,source_code_omop,low
ORDER_INTENT//73//9446,v10_medication_atc,OMOP//OMOP_CONCEPT//4218408,metadata_only,False,,OMOP_CONCEPT,4218408,82078001,Collection of blood specimen for laboratory,AMSTEL_procedureorderitems_usagi,source_code_omop,low
ORDER_INTENT//89//20393,v10_medication_atc,OMOP//OMOP_CONCEPT//4047393,metadata_only,False,,OMOP_CONCEPT,4047393,133909001,Maintenance of device,AMSTEL_procedureorderitems_usagi,source_code_omop,low
ORDER_INTENT//89//12368,v10_medication_atc,OMOP//OMOP_CONCEPT//4234911,metadata_only,False,,OMOP_CONCEPT,4234911,440612004,Assessment of nursing care needs,AMSTEL_procedureorderitems_usagi,source_code_omop,high
ORDER_INTENT//111//9449,v10_medication_atc,OMOP//OMOP_CONCEPT//44791828,metadata_only,False,,OMOP_CONCEPT,44791828,299441000000105,Checking prescription,AMSTEL_procedureorderitems_usagi,source_code_omop,low
ORDER_INTENT//101//12838,v10_medication_atc,OMOP//OMOP_CONCEPT//4026989,metadata_only,False,,OMOP_CONCEPT,4026989,225996006,Prevention of pressure injury,AMSTEL_procedureorderitems_usagi,source_code_omop,low
ORDER_INTENT//81//9445,v10_medication_atc,OMOP//OMOP_CONCEPT//4145308,metadata_only,False,,OMOP_CONCEPT,4145308,268400002,12 lead ECG,AMSTEL_procedureorderitems_usagi,source_code_omop,high
ORDER_INTENT//82//9324,v10_medication_atc,OMOP//OMOP_CONCEPT//40489959,metadata_only,False,,OMOP_CONCEPT,40489959,448464001,Assessment of airway device cuff pressure,AMSTEL_procedureorderitems_usagi,source_code_omop,high
ORDER_INTENT//83//8503,v10_medication_atc,OMOP//OMOP_CONCEPT//4021179,metadata_only,False,,OMOP_CONCEPT,4021179,225398001,Neurological assessment,AMSTEL_procedureorderitems_usagi,source_code_omop,high
ORDER_INTENT//90//13932,v10_medication_atc,OMOP//OMOP_CONCEPT//4251737,metadata_only,False,,OMOP_CONCEPT,4251737,410210009,Ventilator care management,AMSTEL_procedureorderitems_usagi,source_code_omop,low
ORDER_INTENT//73//9270,v10_medication_atc,OMOP//OMOP_CONCEPT//4138399,metadata_only,False,,OMOP_CONCEPT,4138399,32564009,Arterial specimen collection for laboratory test,AMSTEL_procedureorderitems_usagi,source_code_omop,high
ORDER_INTENT//103//9444,v10_medication_atc,OMOP//OMOP_CONCEPT//4163872,metadata_only,False,,OMOP_CONCEPT,4163872,399208008,Plain chest X-ray,AMSTEL_procedureorderitems_usagi,source_code_omop,high
ORDER_INTENT//90//9291,v10_medication_atc,OMOP//OMOP_CONCEPT//4257061,metadata_only,False,,OMOP_CONCEPT,4257061,408909002,Enteral feeding management,AMSTEL_procedureorderitems_usagi,source_code_omop,low
ORDER_INTENT//73//9224,v10_medication_atc,OMOP//OMOP_CONCEPT//4218408,metadata_only,False,,OMOP_CONCEPT,4218408,82078001,Collection of blood specimen for laboratory,AMSTEL_procedureorderitems_usagi,source_code_omop,low
ORDER_INTENT//90//12758,v10_medication_atc,OMOP//OMOP_CONCEPT//4074324,metadata_only,False,,OMOP_CONCEPT,4074324,225063006,Flushing cannula,AMSTEL_procedureorderitems_usagi,source_code_omop,low
ORDER_INTENT//89//9336,v10_medication_atc,OMOP//OMOP_CONCEPT//4322976,metadata_only,False,,OMOP_CONCEPT,4322976,71388002,Procedure,AMSTEL_procedureorderitems_usagi,source_code_omop,high
ORDER_INTENT//104//12377,v10_medication_atc,OMOP//OMOP_CONCEPT//4321906,metadata_only,False,,OMOP_CONCEPT,4321906,9632001,Nursing procedure,AMSTEL_procedureorderitems_usagi,source_code_omop,high
ORDER_INTENT//82//9540,v10_medication_atc,OMOP//OMOP_CONCEPT//40489959,metadata_only,False,,OMOP_CONCEPT,40489959,448464001,Assessment of airway device cuff pressure,AMSTEL_procedureorderitems_usagi,source_code_omop,high
ORDER_INTENT//73//9207,v10_medication_atc,OMOP//OMOP_CONCEPT//4218408,metadata_only,False,,OMOP_CONCEPT,4218408,82078001,Collection of blood specimen for laboratory,AMSTEL_procedureorderitems_usagi,source_code_omop,high
ORDER_INTENT//101//9332,v10_medication_atc,OMOP//OMOP_CONCEPT//4300828,metadata_only,False,,OMOP_CONCEPT,4300828,385942004,Wound care management,AMSTEL_procedureorderitems_usagi,source_code_omop,high
ORDER_INTENT//83//20359,v10_medication_atc,OMOP//OMOP_CONCEPT//36676218,metadata_only,False,,OMOP_CONCEPT,36676218,772787001,Assessment for risk of delirium,AMSTEL_procedureorderitems_usagi,source_code_omop,high
ORDER_INTENT//87//9366,v10_medication_atc,OMOP//OMOP_CONCEPT//4041848,metadata_only,False,,OMOP_CONCEPT,4041848,229824005,Positioning patient,AMSTEL_procedureorderitems_usagi,source_code_omop,high
ORDER_INTENT//83//15140,v10_medication_atc,OMOP//OMOP_CONCEPT//40492247,metadata_only,False,,OMOP_CONCEPT,40492247,445719003,Assessment using visual analog pain scale,AMSTEL_procedureorderitems_usagi,source_code_omop,high
ORDER_INTENT//90//12493,v10_medication_atc,OMOP//OMOP_CONCEPT//4262010,metadata_only,False,,OMOP_CONCEPT,4262010,410213006,Tracheostomy care management,AMSTEL_procedureorderitems_usagi,source_code_omop,low
ORDER_INTENT//90//9288,v10_medication_atc,OMOP//OMOP_CONCEPT//4299593,metadata_only,False,,OMOP_CONCEPT,4299593,385753001,Infusion care management,AMSTEL_procedureorderitems_usagi,source_code_omop,high
ORDER_INTENT//90//9280,v10_medication_atc,OMOP//OMOP_CONCEPT//4262010,metadata_only,False,,OMOP_CONCEPT,4262010,410213006,Tracheostomy care management,AMSTEL_procedureorderitems_usagi,source_code_omop,high
ORDER_INTENT//104//12473,v10_medication_atc,OMOP//OMOP_CONCEPT//4290236,metadata_only,False,,OMOP_CONCEPT,4290236,69378000,Irrigation of nasal passages,AMSTEL_procedureorderitems_usagi,source_code_omop,high
ORDER_INTENT//81//7921,v10_medication_atc,OMOP//OMOP_CONCEPT//4145308,metadata_only,False,,OMOP_CONCEPT,4145308,268400002,12 lead ECG,AMSTEL_procedureorderitems_usagi,source_code_omop,high
ORDER_INTENT//86//9370,v10_medication_atc,OMOP//OMOP_CONCEPT//4217020,metadata_only,False,,OMOP_CONCEPT,4217020,72353004,Psychosocial procedure,AMSTEL_procedureorderitems_usagi,source_code_omop,high
ORDER_INTENT//73//10752,v10_medication_atc,OMOP//OMOP_CONCEPT//4218408,metadata_only,False,,OMOP_CONCEPT,4218408,82078001,Collection of blood specimen for laboratory,AMSTEL_procedureorderitems_usagi,source_code_omop,high
ORDER_INTENT//90//20271,v10_medication_atc,OMOP//OMOP_CONCEPT//4294926,metadata_only,False,,OMOP_CONCEPT,4294926,385751004,Infusion care assessment,AMSTEL_procedureorderitems_usagi,source_code_omop,low
ORDER_INTENT//73//13494,v10_medication_atc,OMOP//OMOP_CONCEPT//4163872,metadata_only,False,,OMOP_CONCEPT,4163872,399208008,Plain chest X-ray,AMSTEL_procedureorderitems_usagi,source_code_omop,low
ORDER_INTENT//89//12474,v10_medication_atc,OMOP//OMOP_CONCEPT//4322976,metadata_only,False,,OMOP_CONCEPT,4322976,71388002,Procedure,AMSTEL_procedureorderitems_usagi,source_code_omop,low
ORDER_INTENT//89//12760,v10_medication_atc,OMOP//OMOP_CONCEPT//4259233,metadata_only,False,,OMOP_CONCEPT,4259233,410208007,Ventilator care assessment,AMSTEL_procedureorderitems_usagi,source_code_omop,low
ORDER_INTENT//82//9377,v10_medication_atc,OMOP//OMOP_CONCEPT//4306074,metadata_only,False,,OMOP_CONCEPT,4306074,387662008,Respiratory tract procedure,AMSTEL_procedureorderitems_usagi,source_code_omop,high
ORDER_INTENT//73//9250,v10_medication_atc,OMOP//OMOP_CONCEPT//4218408,metadata_only,False,,OMOP_CONCEPT,4218408,82078001,Collection of blood specimen for laboratory,AMSTEL_procedureorderitems_usagi,source_code_omop,low
ORDER_INTENT//89//15166,v10_medication_atc,OMOP//OMOP_CONCEPT//36676218,metadata_only,False,,OMOP_CONCEPT,36676218,772787001,Assessment for risk of delirium,AMSTEL_procedureorderitems_usagi,source_code_omop,high
ORDER_INTENT//73//12954,v10_medication_atc,OMOP//OMOP_CONCEPT//4218408,metadata_only,False,,OMOP_CONCEPT,4218408,82078001,Collection of blood specimen for laboratory,AMSTEL_procedureorderitems_usagi,source_code_omop,low
ORDER_INTENT//81//10431,v10_medication_atc,OMOP//OMOP_CONCEPT//4262005,metadata_only,False,,OMOP_CONCEPT,4262005,410194008,Pulse taking assessment,AMSTEL_procedureorderitems_usagi,source_code_omop,low
ORDER_INTENT//81//10432,v10_medication_atc,OMOP//OMOP_CONCEPT//44783082,metadata_only,False,,OMOP_CONCEPT,44783082,699126008,Arterial catheter care assessment,AMSTEL_procedureorderitems_usagi,source_code_omop,low
ORDER_INTENT//74//9204,v10_medication_atc,OMOP//OMOP_CONCEPT//3040827,metadata_only,False,,OMOP_CONCEPT,3040827,52966-9,Bacteria identified in Anal by Culture,AMSTEL_procedureorderitems_usagi,source_code_omop,high
ORDER_INTENT//74//8097,v10_medication_atc,OMOP//OMOP_CONCEPT//4015189,metadata_only,False,,OMOP_CONCEPT,4015189,104173009,Microbial culture of sputum,AMSTEL_procedureorderitems_usagi,source_code_omop,high
ORDER_INTENT//103//7922,v10_medication_atc,OMOP//OMOP_CONCEPT//4163872,metadata_only,False,,OMOP_CONCEPT,4163872,399208008,X-Thorax,Stage3J_curated_policy,curated_exact_omop_lookup,high
ORDER_INTENT//81//9364,v10_medication_atc,OMOP//OMOP_CONCEPT//4254351,metadata_only,False,,OMOP_CONCEPT,4254351,408972007,Circulatory care management,AMSTEL_procedureorderitems_usagi,source_code_omop,high
ORDER_INTENT//84//9337,v10_medication_atc,OMOP//OMOP_CONCEPT//4285434,metadata_only,False,,OMOP_CONCEPT,4285434,6853008,Nasogastric tube aspiration,AMSTEL_procedureorderitems_usagi,source_code_omop,high
ORDER_INTENT//90//9289,v10_medication_atc,OMOP//OMOP_CONCEPT//4021519,metadata_only,False,,OMOP_CONCEPT,4021519,225721001,Changing endotracheal tube tapes,AMSTEL_procedureorderitems_usagi,source_code_omop,high
ORDER_INTENT//81//9605,v10_medication_atc,OMOP//OMOP_CONCEPT//4142475,metadata_only,False,,OMOP_CONCEPT,4142475,34475007,Intraaortic balloon pump maintenance,AMSTEL_procedureorderitems_usagi,source_code_omop,high
ORDER_INTENT//84//9365,v10_medication_atc,OMOP//OMOP_CONCEPT//4043018,metadata_only,False,,OMOP_CONCEPT,4043018,118673008,Procedure on digestive system,AMSTEL_procedureorderitems_usagi,source_code_omop,high
ORDER_INTENT//73//9269,v10_medication_atc,OMOP//OMOP_CONCEPT//4218408,metadata_only,False,,OMOP_CONCEPT,4218408,82078001,Collection of blood specimen for laboratory,AMSTEL_procedureorderitems_usagi,source_code_omop,high
ORDER_INTENT//89//15283,v10_medication_atc,OMOP//OMOP_CONCEPT//4234911,metadata_only,False,,OMOP_CONCEPT,4234911,440612004,Assessment of nursing care needs,AMSTEL_procedureorderitems_usagi,source_code_omop,high
ORDER_INTENT//73//9267,v10_medication_atc,OMOP//OMOP_CONCEPT//4218408,metadata_only,False,,OMOP_CONCEPT,4218408,82078001,Collection of blood specimen for laboratory,AMSTEL_procedureorderitems_usagi,source_code_omop,high
ORDER_INTENT//73//9268,v10_medication_atc,OMOP//OMOP_CONCEPT//4218408,metadata_only,False,,OMOP_CONCEPT,4218408,82078001,Collection of blood specimen for laboratory,AMSTEL_procedureorderitems_usagi,source_code_omop,high
ORDER_INTENT//105//9413,v10_medication_atc,OMOP//OMOP_CONCEPT//0,metadata_only,False,,OMOP_CONCEPT,0,No matching concept,Unmapped,AMSTEL_procedureorderitems_usagi,source_code_omop,low
ORDER_INTENT//82//12785,v10_medication_atc,OMOP//OMOP_CONCEPT//40486624,metadata_only,False,,OMOP_CONCEPT,40486624,447837008,Non-invasive positive pressure ventilation,AMSTEL_procedureorderitems_usagi,source_code_omop,high
ORDER_INTENT//73//10580,v10_medication_atc,OMOP//OMOP_CONCEPT//4218408,metadata_only,False,,OMOP_CONCEPT,4218408,82078001,Collection of blood specimen for laboratory,AMSTEL_procedureorderitems_usagi,source_code_omop,high
ORDER_INTENT//86//8131,v10_medication_atc,OMOP//OMOP_CONCEPT//4207916,metadata_only,False,,OMOP_CONCEPT,4207916,311764000,Family counseling,AMSTEL_procedureorderitems_usagi,source_code_omop,high
ORDER_INTENT//83//9368,v10_medication_atc,OMOP//OMOP_CONCEPT//4203094,metadata_only,False,,OMOP_CONCEPT,4203094,309516002,Neurological therapy,AMSTEL_procedureorderitems_usagi,source_code_omop,high
ORDER_INTENT//74//9189,v10_medication_atc,OMOP//OMOP_CONCEPT//4107893,metadata_only,False,,OMOP_CONCEPT,4107893,30088009,Blood culture,AMSTEL_procedureorderitems_usagi,source_code_omop,high
ORDER_INTENT//73//9218,v10_medication_atc,OMOP//OMOP_CONCEPT//4218408,metadata_only,False,,OMOP_CONCEPT,4218408,82078001,Collection of blood specimen for laboratory,AMSTEL_procedureorderitems_usagi,source_code_omop,high
ORDER_INTENT//90//13849,v10_medication_atc,OMOP//OMOP_CONCEPT//44808553,metadata_only,False,,OMOP_CONCEPT,44808553,859291000000102,Changing infusion set,AMSTEL_procedureorderitems_usagi,source_code_omop,high
ORDER_INTENT//105//16918,v10_medication_atc,OMOP//OMOP_CONCEPT//44791814,metadata_only,False,,OMOP_CONCEPT,44791814,299331000000108,Checking equipment,AMSTEL_procedureorderitems_usagi,source_code_omop,low
ORDER_INTENT//73//15275,v10_medication_atc,OMOP//OMOP_CONCEPT//4218408,metadata_only,False,,OMOP_CONCEPT,4218408,82078001,Collection of blood specimen for laboratory,AMSTEL_procedureorderitems_usagi,source_code_omop,high
ORDER_INTENT//87//9512,v10_medication_atc,OMOP//OMOP_CONCEPT//4327195,metadata_only,False,,OMOP_CONCEPT,4327195,74923002,Mobilization,AMSTEL_procedureorderitems_usagi,source_code_omop,high
ORDER_INTENT//82//9423,v10_medication_atc,OMOP//OMOP_CONCEPT//4251737,metadata_only,False,,OMOP_CONCEPT,4251737,410210009,Ventilator care management,AMSTEL_procedureorderitems_usagi,source_code_omop,high
ORDER_INTENT//73//9447,v10_medication_atc,OMOP//OMOP_CONCEPT//4138399,metadata_only,False,,OMOP_CONCEPT,4138399,32564009,Arterial specimen collection for laboratory test,AMSTEL_procedureorderitems_usagi,source_code_omop,high
ORDER_INTENT//89//16678,v10_medication_atc,OMOP//OMOP_CONCEPT//4258484,metadata_only,False,,OMOP_CONCEPT,4258484,409022004,Dispensing medication management,AMSTEL_procedureorderitems_usagi,source_code_omop,high
ORDER_INTENT//89//12439,v10_medication_atc,OMOP//OMOP_CONCEPT//4136762,metadata_only,False,,OMOP_CONCEPT,4136762,304513007,Reminding about performing procedure,AMSTEL_procedureorderitems_usagi,source_code_omop,high
ORDER_INTENT//90//12686,v10_medication_atc,OMOP//OMOP_CONCEPT//4237474,metadata_only,False,,OMOP_CONCEPT,4237474,408914003,Parenteral feeding management,AMSTEL_procedureorderitems_usagi,source_code_omop,high
ORDER_INTENT//84//20071,v10_medication_atc,OMOP//OMOP_CONCEPT//4068993,metadata_only,False,,OMOP_CONCEPT,4068993,174228003,Irrigation of colon,AMSTEL_procedureorderitems_usagi,source_code_omop,high
ORDER_INTENT//116//13011,v10_medication_atc,OMOP//OMOP_CONCEPT//4261999,metadata_only,False,,OMOP_CONCEPT,4261999,410172000,Nutrition care management,AMSTEL_procedureorderitems_usagi,source_code_omop,high
ORDER_INTENT//90//12537,v10_medication_atc,OMOP//OMOP_CONCEPT//4194653,metadata_only,False,,OMOP_CONCEPT,4194653,67889009,Irrigation,AMSTEL_procedureorderitems_usagi,source_code_omop,high
ORDER_INTENT//90//9376,v10_medication_atc,OMOP//OMOP_CONCEPT//4081874,metadata_only,False,,OMOP_CONCEPT,4081874,241026003,Procedures to drains,AMSTEL_procedureorderitems_usagi,source_code_omop,high
ORDER_INTENT//104//9338,v10_medication_atc,OMOP//OMOP_CONCEPT//4301571,metadata_only,False,,OMOP_CONCEPT,4301571,385937007,Mouth care management,AMSTEL_procedureorderitems_usagi,source_code_omop,high
ORDER_INTENT//81//9345,v10_medication_atc,OMOP//OMOP_CONCEPT//42535695,metadata_only,False,,OMOP_CONCEPT,42535695,6751000087102,Doppler ultrasonography of arteries of bilateral lower limbs,AMSTEL_procedureorderitems_usagi,source_code_omop,high
ORDER_INTENT//89//8228,v10_medication_atc,OMOP//OMOP_CONCEPT//4220338,metadata_only,False,,OMOP_CONCEPT,4220338,39857003,Weighing patient,AMSTEL_procedureorderitems_usagi,source_code_omop,high
ORDER_INTENT//104//15173,v10_medication_atc,OMOP//OMOP_CONCEPT//4076759,metadata_only,False,,OMOP_CONCEPT,4076759,225076000,Replacing strapping on nasogastric tube,AMSTEL_procedureorderitems_usagi,source_code_omop,high
ORDER_INTENT//74//13024,v10_medication_atc,OMOP//OMOP_CONCEPT//3040827,metadata_only,False,,OMOP_CONCEPT,3040827,52966-9,Bacteria identified in Anal by Culture,AMSTEL_procedureorderitems_usagi,source_code_omop,high
ORDER_INTENT//82//10429,v10_medication_atc,OMOP//OMOP_CONCEPT//0,metadata_only,False,,OMOP_CONCEPT,0,No matching concept,Unmapped,AMSTEL_procedureorderitems_usagi,source_code_omop,low
ORDER_INTENT//86//10764,v10_medication_atc,OMOP//OMOP_CONCEPT//46271884,metadata_only,False,,OMOP_CONCEPT,46271884,710149006,Promotion of family support,AMSTEL_procedureorderitems_usagi,source_code_omop,high
ORDER_INTENT//111//9451,v10_medication_atc,OMOP//OMOP_CONCEPT//44791828,metadata_only,False,,OMOP_CONCEPT,44791828,299441000000105,Checking prescription,AMSTEL_procedureorderitems_usagi,source_code_omop,high
ORDER_INTENT//90//8002,v10_medication_atc,OMOP//OMOP_CONCEPT//4251737,metadata_only,False,,OMOP_CONCEPT,4251737,410210009,Ventilator care management,AMSTEL_procedureorderitems_usagi,source_code_omop,high
ORDER_INTENT//73//8094,v10_medication_atc,OMOP//OMOP_CONCEPT//4218408,metadata_only,False,,OMOP_CONCEPT,4218408,82078001,Collection of blood specimen for laboratory,AMSTEL_procedureorderitems_usagi,source_code_omop,high
ORDER_INTENT//81//12265,v10_medication_atc,OMOP//OMOP_CONCEPT//4140976,metadata_only,False,,OMOP_CONCEPT,4140976,33284002,Check artificial pacemaker for amperage threshold,AMSTEL_procedureorderitems_usagi,source_code_omop,high
ORDER_INTENT//104//9429,v10_medication_atc,OMOP//OMOP_CONCEPT//4221994,metadata_only,False,,OMOP_CONCEPT,4221994,84100007,History taking,AMSTEL_procedureorderitems_usagi,source_code_omop,high
ORDER_INTENT//89//14690,v10_medication_atc,OMOP//OMOP_CONCEPT//4021018,metadata_only,False,,OMOP_CONCEPT,4021018,225304007,Implementation of planned interventions,AMSTEL_procedureorderitems_usagi,source_code_omop,high
ORDER_INTENT//89//10737,v10_medication_atc,OMOP//OMOP_CONCEPT//46272483,metadata_only,False,,OMOP_CONCEPT,46272483,710853006,Assessment of fluid balance,AMSTEL_procedureorderitems_usagi,source_code_omop,high
ORDER_INTENT//81//9483,v10_medication_atc,OMOP//OMOP_CONCEPT//4196232,metadata_only,False,,OMOP_CONCEPT,4196232,44324008,Hemodynamic measurements,AMSTEL_procedureorderitems_usagi,source_code_omop,high
ORDER_INTENT//73//12779,v10_medication_atc,OMOP//OMOP_CONCEPT//4212473,metadata_only,False,,OMOP_CONCEPT,4212473,57617002,Urine specimen collection,AMSTEL_procedureorderitems_usagi,source_code_omop,high
ORDER_INTENT//89//13954,v10_medication_atc,OMOP//OMOP_CONCEPT//4295043,metadata_only,False,,OMOP_CONCEPT,4295043,385777007,Nursing care coordination,AMSTEL_procedureorderitems_usagi,source_code_omop,high
ORDER_INTENT//87//12802,v10_medication_atc,OMOP//OMOP_CONCEPT//4145643,metadata_only,False,,OMOP_CONCEPT,4145643,266686005,Procedures relating to splintage and immobilization,AMSTEL_procedureorderitems_usagi,source_code_omop,high
ORDER_INTENT//73//10606,v10_medication_atc,OMOP//OMOP_CONCEPT//4218408,metadata_only,False,,OMOP_CONCEPT,4218408,82078001,Collection of blood specimen for laboratory,AMSTEL_procedureorderitems_usagi,source_code_omop,high
ORDER_INTENT//101//9367,v10_medication_atc,OMOP//OMOP_CONCEPT//4040401,metadata_only,False,,OMOP_CONCEPT,4040401,118718002,Procedure on skin,AMSTEL_procedureorderitems_usagi,source_code_omop,high
ORDER_INTENT//73//10605,v10_medication_atc,OMOP//OMOP_CONCEPT//4218408,metadata_only,False,,OMOP_CONCEPT,4218408,82078001,Collection of blood specimen for laboratory,AMSTEL_procedureorderitems_usagi,source_code_omop,high
ORDER_INTENT//85//9443,v10_medication_atc,OMOP//OMOP_CONCEPT//4302745,metadata_only,False,,OMOP_CONCEPT,4302745,78533007,Irrigation of urinary bladder,AMSTEL_procedureorderitems_usagi,source_code_omop,high
ORDER_INTENT//73//9500,v10_medication_atc,OMOP//OMOP_CONCEPT//4333821,metadata_only,False,,OMOP_CONCEPT,4333821,231061006,Cerebrospinal fluid collection,AMSTEL_procedureorderitems_usagi,source_code_omop,high
ORDER_INTENT//73//12392,v10_medication_atc,OMOP//OMOP_CONCEPT//4218408,metadata_only,False,,OMOP_CONCEPT,4218408,82078001,Collection of blood specimen for laboratory,AMSTEL_procedureorderitems_usagi,source_code_omop,high
ORDER_INTENT//73//9231,v10_medication_atc,OMOP//OMOP_CONCEPT//4218408,metadata_only,False,,OMOP_CONCEPT,4218408,82078001,Collection of blood specimen for laboratory,AMSTEL_procedureorderitems_usagi,source_code_omop,high
ORDER_INTENT//82//9335,v10_medication_atc,OMOP//OMOP_CONCEPT//4336460,metadata_only,False,,OMOP_CONCEPT,4336460,232705007,Bronchial suction,AMSTEL_procedureorderitems_usagi,source_code_omop,high
ORDER_INTENT//89//12135,v10_medication_atc,OMOP//OMOP_CONCEPT//761902,metadata_only,False,,OMOP_CONCEPT,761902,1801000124109,Anticoagulation medication review,AMSTEL_procedureorderitems_usagi,source_code_omop,high
ORDER_INTENT//82//10591,v10_medication_atc,OMOP//OMOP_CONCEPT//4308797,metadata_only,False,,OMOP_CONCEPT,4308797,424139009,Trial of spontaneous breathing,AMSTEL_procedureorderitems_usagi,source_code_omop,high
ORDER_INTENT//82//9326,v10_medication_atc,OMOP//OMOP_CONCEPT//4239191,metadata_only,False,,OMOP_CONCEPT,4239191,68187007,Tracheobronchial suctioning,AMSTEL_procedureorderitems_usagi,source_code_omop,high
ORDER_INTENT//73//12393,v10_medication_atc,OMOP//OMOP_CONCEPT//4218408,metadata_only,False,,OMOP_CONCEPT,4218408,82078001,Collection of blood specimen for laboratory,AMSTEL_procedureorderitems_usagi,source_code_omop,high
ORDER_INTENT//85//9378,v10_medication_atc,OMOP//OMOP_CONCEPT//4181165,metadata_only,False,,OMOP_CONCEPT,4181165,429723008,Procedure involving urinary catheter,AMSTEL_procedureorderitems_usagi,source_code_omop,high
ORDER_INTENT//73//15274,v10_medication_atc,OMOP//OMOP_CONCEPT//4218408,metadata_only,False,,OMOP_CONCEPT,4218408,82078001,Collection of blood specimen for laboratory,AMSTEL_procedureorderitems_usagi,source_code_omop,high
ORDER_INTENT//88//9369,v10_medication_atc,OMOP//OMOP_CONCEPT//4298121,metadata_only,False,,OMOP_CONCEPT,4298121,77248004,Infection control procedure,AMSTEL_procedureorderitems_usagi,source_code_omop,high
ORDER_INTENT//89//21228,v10_medication_atc,OMOP//OMOP_CONCEPT//4251737,metadata_only,False,,OMOP_CONCEPT,4251737,410210009,Ventilator care management,AMSTEL_procedureorderitems_usagi,source_code_omop,high
ORDER_INTENT//101//14537,v10_medication_atc,OMOP//OMOP_CONCEPT//4076776,metadata_only,False,,OMOP_CONCEPT,4076776,225144007,Application of dressing to pressure injury,AMSTEL_procedureorderitems_usagi,source_code_omop,high
ORDER_INTENT//90//9281,v10_medication_atc,OMOP//OMOP_CONCEPT//4076785,metadata_only,False,,OMOP_CONCEPT,4076785,225180007,Changing stoma appliance pouch,AMSTEL_procedureorderitems_usagi,source_code_omop,high
ORDER_INTENT//82//7928,v10_medication_atc,OMOP//OMOP_CONCEPT//4043669,metadata_only,False,,OMOP_CONCEPT,4043669,129112001,Aspiration of trachea,AMSTEL_procedureorderitems_usagi,source_code_omop,high
ORDER_INTENT//111//9450,v10_medication_atc,OMOP//OMOP_CONCEPT//44791828,metadata_only,False,,OMOP_CONCEPT,44791828,299441000000105,Checking prescription,AMSTEL_procedureorderitems_usagi,source_code_omop,high
ORDER_INTENT//101//12770,v10_medication_atc,OMOP//OMOP_CONCEPT//4021322,metadata_only,False,,OMOP_CONCEPT,4021322,225395003,Wound assessment,AMSTEL_procedureorderitems_usagi,source_code_omop,high
ORDER_INTENT//73//12394,v10_medication_atc,OMOP//OMOP_CONCEPT//4218408,metadata_only,False,,OMOP_CONCEPT,4218408,82078001,Collection of blood specimen for laboratory,AMSTEL_procedureorderitems_usagi,source_code_omop,high
ORDER_INTENT//74//19663,v10_medication_atc,OMOP//OMOP_CONCEPT//37117051,metadata_only,False,,OMOP_CONCEPT,37117051,843491000168106,Nasal culture for bacteria,AMSTEL_procedureorderitems_usagi,source_code_omop,high
ORDER_INTENT//82//7922,v10_medication_atc,OMOP//OMOP_CONCEPT//4163872,metadata_only,False,,OMOP_CONCEPT,4163872,399208008,Plain chest X-ray,AMSTEL_procedureorderitems_usagi,source_code_omop,high
ORDER_INTENT//83//19737,v10_medication_atc,OMOP//OMOP_CONCEPT//4285575,metadata_only,False,,OMOP_CONCEPT,4285575,68664003,Glasgow coma testing and evaluation,AMSTEL_procedureorderitems_usagi,source_code_omop,high
ORDER_INTENT//86//19146,v10_medication_atc,OMOP//OMOP_CONCEPT//0,metadata_only,False,,OMOP_CONCEPT,0,No matching concept,Unmapped,AMSTEL_procedureorderitems_usagi,source_code_omop,low
ORDER_INTENT//73//8544,v10_medication_atc,OMOP//OMOP_CONCEPT//4218408,metadata_only,False,,OMOP_CONCEPT,4218408,82078001,Collection of blood specimen for laboratory,AMSTEL_procedureorderitems_usagi,source_code_omop,high
ORDER_INTENT//105//7949,v10_medication_atc,OMOP//OMOP_CONCEPT//0,metadata_only,False,,OMOP_CONCEPT,0,No matching concept,Unmapped,AMSTEL_procedureorderitems_usagi,source_code_omop,low
ORDER_INTENT//74//19664,v10_medication_atc,OMOP//OMOP_CONCEPT//4015189,metadata_only,False,,OMOP_CONCEPT,4015189,104173009,Microbial culture of sputum,AMSTEL_procedureorderitems_usagi,source_code_omop,high
ORDER_INTENT//90//8490,v10_medication_atc,OMOP//OMOP_CONCEPT//4013485,metadata_only,False,,OMOP_CONCEPT,4013485,112861000,Replacement of nasogastric tube,AMSTEL_procedureorderitems_usagi,source_code_omop,high
ORDER_INTENT//73//12395,v10_medication_atc,OMOP//OMOP_CONCEPT//4218408,metadata_only,False,,OMOP_CONCEPT,4218408,82078001,Collection of blood specimen for laboratory,AMSTEL_procedureorderitems_usagi,source_code_omop,high
ORDER_INTENT//101//12980,v10_medication_atc,OMOP//OMOP_CONCEPT//4300828,metadata_only,False,,OMOP_CONCEPT,4300828,385942004,Wound care management,AMSTEL_procedureorderitems_usagi,source_code_omop,high
ORDER_INTENT//84//10762,v10_medication_atc,OMOP//OMOP_CONCEPT//4172125,metadata_only,False,,OMOP_CONCEPT,4172125,48817005,Irrigation of gastrostomy,AMSTEL_procedureorderitems_usagi,source_code_omop,high
ORDER_INTENT//105//10742,v10_medication_atc,OMOP//OMOP_CONCEPT//0,metadata_only,False,,OMOP_CONCEPT,0,No matching concept,Unmapped,AMSTEL_procedureorderitems_usagi,source_code_omop,low
ORDER_INTENT//73//12428,v10_medication_atc,OMOP//OMOP_CONCEPT//4218408,metadata_only,False,,OMOP_CONCEPT,4218408,82078001,Collection of blood specimen for laboratory,AMSTEL_procedureorderitems_usagi,source_code_omop,high
ORDER_INTENT//101//8109,v10_medication_atc,OMOP//OMOP_CONCEPT//4021321,metadata_only,False,,OMOP_CONCEPT,4021321,225393005,Pressure injury assessment,AMSTEL_procedureorderitems_usagi,source_code_omop,high
ORDER_INTENT//89//20255,v10_medication_atc,OMOP//OMOP_CONCEPT//0,metadata_only,False,,OMOP_CONCEPT,0,No matching concept,Unmapped,AMSTEL_procedureorderitems_usagi,source_code_omop,low
ORDER_INTENT//74//9194,v10_medication_atc,OMOP//OMOP_CONCEPT//4098503,metadata_only,False,,OMOP_CONCEPT,4098503,252399001,Cerebrospinal fluid culture,AMSTEL_procedureorderitems_usagi,source_code_omop,high
ORDER_INTENT//89//12437,v10_medication_atc,OMOP//OMOP_CONCEPT//40484194,metadata_only,False,,OMOP_CONCEPT,40484194,445536008,Assessment using assessment scale,AMSTEL_procedureorderitems_usagi,source_code_omop,high
ORDER_INTENT//90//9282,v10_medication_atc,OMOP//OMOP_CONCEPT//4232412,metadata_only,False,,OMOP_CONCEPT,4232412,439854006,Change of urinary catheter bag,AMSTEL_procedureorderitems_usagi,source_code_omop,high
ORDER_INTENT//101//8177,v10_medication_atc,OMOP//OMOP_CONCEPT//4030687,metadata_only,False,,OMOP_CONCEPT,4030687,238233004,Irrigation of abdominal wall,AMSTEL_procedureorderitems_usagi,source_code_omop,high
ORDER_INTENT//89//21240,v10_medication_atc,OMOP//OMOP_CONCEPT//4068410,metadata_only,False,,OMOP_CONCEPT,4068410,17539005,Remobilization,AMSTEL_procedureorderitems_usagi,source_code_omop,high
ORDER_INTENT//89//9525,v10_medication_atc,OMOP//OMOP_CONCEPT//4300828,metadata_only,False,,OMOP_CONCEPT,4300828,385942004,Wound care management,AMSTEL_procedureorderitems_usagi,source_code_omop,high
ORDER_INTENT//105//9466,v10_medication_atc,OMOP//OMOP_CONCEPT//4051330,metadata_only,False,,OMOP_CONCEPT,4051330,233585000,Continuous venovenous hemofiltration,AMSTEL_procedureorderitems_usagi,source_code_omop,high
ORDER_INTENT//81//9344,v10_medication_atc,OMOP//OMOP_CONCEPT//4140976,metadata_only,False,,OMOP_CONCEPT,4140976,33284002,Check artificial pacemaker for amperage threshold,AMSTEL_procedureorderitems_usagi,source_code_omop,high
ORDER_INTENT//90//13053,v10_medication_atc,OMOP//OMOP_CONCEPT//45760039,metadata_only,False,,OMOP_CONCEPT,45760039,465577001,Suction system tubing,AMSTEL_procedureorderitems_usagi,source_code_omop,high
ORDER_INTENT//84//9340,v10_medication_atc,OMOP//OMOP_CONCEPT//4314880,metadata_only,False,,OMOP_CONCEPT,4314880,86717008,Nasoenteric tube irrigation,AMSTEL_procedureorderitems_usagi,source_code_omop,high
ORDER_INTENT//104//9507,v10_medication_atc,OMOP//OMOP_CONCEPT//4126770,metadata_only,False,,OMOP_CONCEPT,4126770,234931000,Oral irrigation,AMSTEL_procedureorderitems_usagi,source_code_omop,high
ORDER_INTENT//87//9479,v10_medication_atc,OMOP//OMOP_CONCEPT//4021187,metadata_only,False,,OMOP_CONCEPT,4021187,225420001,Application of antithromboembolic stockings,AMSTEL_procedureorderitems_usagi,source_code_omop,high
ORDER_INTENT//74//9192,v10_medication_atc,OMOP//OMOP_CONCEPT//37392597,metadata_only,False,,OMOP_CONCEPT,37392597,1006101000000104,Stool culture,AMSTEL_procedureorderitems_usagi,source_code_omop,high
ORDER_INTENT//90//9279,v10_medication_atc,OMOP//OMOP_CONCEPT//3655949,metadata_only,False,,OMOP_CONCEPT,3655949,870532007,Placement of speaking valve on tracheostomy tube,AMSTEL_procedureorderitems_usagi,source_code_omop,high
ORDER_INTENT//74//9193,v10_medication_atc,OMOP//OMOP_CONCEPT//4189544,metadata_only,False,,OMOP_CONCEPT,4189544,61594008,Microbial culture,AMSTEL_procedureorderitems_usagi,source_code_omop,high
ORDER_INTENT//90//9352,v10_medication_atc,OMOP//OMOP_CONCEPT//4237474,metadata_only,False,,OMOP_CONCEPT,4237474,408914003,Parenteral feeding management,AMSTEL_procedureorderitems_usagi,source_code_omop,high
ORDER_INTENT//105//12955,v10_medication_atc,OMOP//OMOP_CONCEPT//0,metadata_only,False,,OMOP_CONCEPT,0,No matching concept,Unmapped,AMSTEL_procedureorderitems_usagi,source_code_omop,low
ORDER_INTENT//90//10614,v10_medication_atc,OMOP//OMOP_CONCEPT//4299593,metadata_only,False,,OMOP_CONCEPT,4299593,385753001,Infusion care management,AMSTEL_procedureorderitems_usagi,source_code_omop,high
ORDER_INTENT//89//9480,v10_medication_atc,OMOP//OMOP_CONCEPT//40491846,metadata_only,False,,OMOP_CONCEPT,40491846,447241003,Evaluation of endocrine system,AMSTEL_procedureorderitems_usagi,source_code_omop,high
ORDER_INTENT//82//16451,v10_medication_atc,OMOP//OMOP_CONCEPT//3655949,metadata_only,False,,OMOP_CONCEPT,3655949,870532007,Placement of speaking valve on tracheostomy tube,AMSTEL_procedureorderitems_usagi,source_code_omop,high
ORDER_INTENT//74//9190,v10_medication_atc,OMOP//OMOP_CONCEPT//3009986,metadata_only,False,,OMOP_CONCEPT,3009986,19128-8,Bacteria identified in Catheter tip by Culture,AMSTEL_procedureorderitems_usagi,source_code_omop,high
ORDER_INTENT//81//16902,v10_medication_atc,OMOP//OMOP_CONCEPT//4142475,metadata_only,False,,OMOP_CONCEPT,4142475,34475007,Intraaortic balloon pump maintenance,AMSTEL_procedureorderitems_usagi,source_code_omop,high
ORDER_INTENT//85//9329,v10_medication_atc,OMOP//OMOP_CONCEPT//4250000,metadata_only,False,,OMOP_CONCEPT,4250000,410021007,Urethral catheterization,AMSTEL_procedureorderitems_usagi,source_code_omop,high
ORDER_INTENT//101//9522,v10_medication_atc,OMOP//OMOP_CONCEPT//2721071,metadata_only,False,,OMOP_CONCEPT,2721071,S0630,Removal of sutures; by a physician other than the physician who originally closed the wound,AMSTEL_procedureorderitems_usagi,source_code_omop,high
ORDER_INTENT//81//10434,v10_medication_atc,OMOP//OMOP_CONCEPT//4142475,metadata_only,False,,OMOP_CONCEPT,4142475,34475007,Intraaortic balloon pump maintenance,AMSTEL_procedureorderitems_usagi,source_code_omop,high
ORDER_INTENT//85//9261,v10_medication_atc,OMOP//OMOP_CONCEPT//0,metadata_only,False,,OMOP_CONCEPT,0,No matching concept,Unmapped,AMSTEL_procedureorderitems_usagi,source_code_omop,low
ORDER_INTENT//82//9330,v10_medication_atc,OMOP//OMOP_CONCEPT//4337732,metadata_only,False,,OMOP_CONCEPT,4337732,232694008,Deflation of tube cuff,AMSTEL_procedureorderitems_usagi,source_code_omop,high
ORDER_INTENT//84//9510,v10_medication_atc,OMOP//OMOP_CONCEPT//4128873,metadata_only,False,,OMOP_CONCEPT,4128873,235425002,Insertion of orogastric tube,AMSTEL_procedureorderitems_usagi,source_code_omop,high
ORDER_INTENT//105//9467,v10_medication_atc,OMOP//OMOP_CONCEPT//0,metadata_only,False,,OMOP_CONCEPT,0,No matching concept,Unmapped,AMSTEL_procedureorderitems_usagi,source_code_omop,low
ORDER_INTENT//82//9484,v10_medication_atc,OMOP//OMOP_CONCEPT//4150627,metadata_only,False,,OMOP_CONCEPT,4150627,271280005,Removal of endotracheal tube,AMSTEL_procedureorderitems_usagi,source_code_omop,high
ORDER_INTENT//74//8418,v10_medication_atc,OMOP//OMOP_CONCEPT//4024509,metadata_only,False,,OMOP_CONCEPT,4024509,117010004,Urine culture,AMSTEL_procedureorderitems_usagi,source_code_omop,high
ORDER_INTENT//81//21111,v10_medication_atc,OMOP//OMOP_CONCEPT//4039895,metadata_only,False,,OMOP_CONCEPT,4039895,117610000,Measurement of cardiac output,AMSTEL_procedureorderitems_usagi,source_code_omop,high
ORDER_INTENT//73//16051,v10_medication_atc,OMOP//OMOP_CONCEPT//4218408,metadata_only,False,,OMOP_CONCEPT,4218408,82078001,Collection of blood specimen for laboratory,AMSTEL_procedureorderitems_usagi,source_code_omop,high
ORDER_INTENT//104//20285,v10_medication_atc,OMOP//OMOP_CONCEPT//4306375,metadata_only,False,,OMOP_CONCEPT,4306375,38883000,Preoperative disinfection of skin,AMSTEL_procedureorderitems_usagi,source_code_omop,low
ORDER_INTENT//88//9598,v10_medication_atc,OMOP//OMOP_CONCEPT//4259233,metadata_only,False,,OMOP_CONCEPT,4259233,410208007,Ventilator care assessment,AMSTEL_procedureorderitems_usagi,source_code_omop,high
ORDER_INTENT//73//15276,v10_medication_atc,OMOP//OMOP_CONCEPT//4218408,metadata_only,False,,OMOP_CONCEPT,4218408,82078001,Collection of blood specimen for laboratory,AMSTEL_procedureorderitems_usagi,source_code_omop,high
ORDER_INTENT//73//13158,v10_medication_atc,OMOP//OMOP_CONCEPT//4218408,metadata_only,False,,OMOP_CONCEPT,4218408,82078001,Collection of blood specimen for laboratory,AMSTEL_procedureorderitems_usagi,source_code_omop,high
ORDER_INTENT//90//9183,v10_medication_atc,OMOP//OMOP_CONCEPT//4304476,metadata_only,False,,OMOP_CONCEPT,4304476,103715008,Removal of catheter,AMSTEL_procedureorderitems_usagi,source_code_omop,high
ORDER_INTENT//73//9581,v10_medication_atc,OMOP//OMOP_CONCEPT//4218408,metadata_only,False,,OMOP_CONCEPT,4218408,82078001,Collection of blood specimen for laboratory,AMSTEL_procedureorderitems_usagi,source_code_omop,high
ORDER_INTENT//85//14217,v10_medication_atc,OMOP//OMOP_CONCEPT//45763862,metadata_only,False,,OMOP_CONCEPT,45763862,700387001,Ultrasonography of urinary bladder for post-void residual volume,AMSTEL_procedureorderitems_usagi,source_code_omop,high
ORDER_INTENT//73//9214,v10_medication_atc,OMOP//OMOP_CONCEPT//4218408,metadata_only,False,,OMOP_CONCEPT,4218408,82078001,Collection of blood specimen for laboratory,AMSTEL_procedureorderitems_usagi,source_code_omop,high
ORDER_INTENT//101//12917,v10_medication_atc,OMOP//OMOP_CONCEPT//4076776,metadata_only,False,,OMOP_CONCEPT,4076776,225144007,Application of dressing to pressure injury,AMSTEL_procedureorderitems_usagi,source_code_omop,high
ORDER_INTENT//90//9340,v10_medication_atc,OMOP//OMOP_CONCEPT//4314880,metadata_only,False,,OMOP_CONCEPT,4314880,86717008,Duodenumsonde doorspuiten,Stage3J_curated_policy,curated_exact_omop_lookup,high
ORDER_INTENT//84//9343,v10_medication_atc,OMOP//OMOP_CONCEPT//4067405,metadata_only,False,,OMOP_CONCEPT,4067405,21391000,Irrigation of enterostomy,AMSTEL_procedureorderitems_usagi,source_code_omop,high
ORDER_INTENT//104//9339,v10_medication_atc,OMOP//OMOP_CONCEPT//4295189,metadata_only,False,,OMOP_CONCEPT,4295189,385905006,Eye care assessment,AMSTEL_procedureorderitems_usagi,source_code_omop,high
ORDER_INTENT//88//9579,v10_medication_atc,OMOP//OMOP_CONCEPT//4128881,metadata_only,False,,OMOP_CONCEPT,4128881,235453002,Selective decontamination of the digestive tract,AMSTEL_procedureorderitems_usagi,source_code_omop,high
ORDER_INTENT//101//12983,v10_medication_atc,OMOP//OMOP_CONCEPT//4300828,metadata_only,False,,OMOP_CONCEPT,4300828,385942004,Wound care management,AMSTEL_procedureorderitems_usagi,source_code_omop,high
ORDER_INTENT//73//12928,v10_medication_atc,OMOP//OMOP_CONCEPT//4075952,metadata_only,False,,OMOP_CONCEPT,4075952,225113003,Timed urine collection,AMSTEL_procedureorderitems_usagi,source_code_omop,high
ORDER_INTENT//73//9259,v10_medication_atc,OMOP//OMOP_CONCEPT//4083913,metadata_only,False,,OMOP_CONCEPT,4083913,2475000,"Urine specimen collection, 24 hours",AMSTEL_procedureorderitems_usagi,source_code_omop,high
ORDER_INTENT//82//9486,v10_medication_atc,OMOP//OMOP_CONCEPT//4153936,metadata_only,False,,OMOP_CONCEPT,4153936,370791009,Encouragement of deep breathing and coughing exercises,AMSTEL_procedureorderitems_usagi,source_code_omop,high
ORDER_INTENT//90//9300,v10_medication_atc,OMOP//OMOP_CONCEPT//40481977,metadata_only,False,,OMOP_CONCEPT,40481977,445020001,Change of drainage collection device,AMSTEL_procedureorderitems_usagi,source_code_omop,high
ORDER_INTENT//90//9343,v10_medication_atc,OMOP//OMOP_CONCEPT//4067405,metadata_only,False,,OMOP_CONCEPT,4067405,21391000,Jejunumfistel doorspuiten,Stage3J_curated_policy,curated_exact_omop_lookup,high
ORDER_INTENT//104//12263,v10_medication_atc,OMOP//OMOP_CONCEPT//4080807,metadata_only,False,,OMOP_CONCEPT,4080807,182555002,Application of bandage,AMSTEL_procedureorderitems_usagi,source_code_omop,high
ORDER_INTENT//73//9222,v10_medication_atc,OMOP//OMOP_CONCEPT//4218408,metadata_only,False,,OMOP_CONCEPT,4218408,82078001,Collection of blood specimen for laboratory,AMSTEL_procedureorderitems_usagi,source_code_omop,high
ORDER_INTENT//101//12900,v10_medication_atc,OMOP//OMOP_CONCEPT//4076776,metadata_only,False,,OMOP_CONCEPT,4076776,225144007,Application of dressing to pressure injury,AMSTEL_procedureorderitems_usagi,source_code_omop,high
ORDER_INTENT//73//12929,v10_medication_atc,OMOP//OMOP_CONCEPT//37115752,metadata_only,False,,OMOP_CONCEPT,37115752,732224001,Timed stool collection,AMSTEL_procedureorderitems_usagi,source_code_omop,high
ORDER_INTENT//73//10435,v10_medication_atc,OMOP//OMOP_CONCEPT//4218408,metadata_only,False,,OMOP_CONCEPT,4218408,82078001,Collection of blood specimen for laboratory,AMSTEL_procedureorderitems_usagi,source_code_omop,high
ORDER_INTENT//89//14610,v10_medication_atc,OMOP//OMOP_CONCEPT//40484194,metadata_only,False,,OMOP_CONCEPT,40484194,445536008,Assessment using assessment scale,AMSTEL_procedureorderitems_usagi,source_code_omop,high
ORDER_INTENT//73//10438,v10_medication_atc,OMOP//OMOP_CONCEPT//4218408,metadata_only,False,,OMOP_CONCEPT,4218408,82078001,Collection of blood specimen for laboratory,AMSTEL_procedureorderitems_usagi,source_code_omop,high
ORDER_INTENT//84//10733,v10_medication_atc,OMOP//OMOP_CONCEPT//2007961,metadata_only,False,,OMOP_CONCEPT,2007961,96.36,Irrigation of gastrostomy or enterostomy,AMSTEL_procedureorderitems_usagi,source_code_omop,high
ORDER_INTENT//74//9200,v10_medication_atc,OMOP//OMOP_CONCEPT//3003714,metadata_only,False,,OMOP_CONCEPT,3003714,6462-6,Bacteria identified in Wound by Culture,AMSTEL_procedureorderitems_usagi,source_code_omop,high
ORDER_INTENT//82//9435,v10_medication_atc,OMOP//OMOP_CONCEPT//45767337,metadata_only,False,,OMOP_CONCEPT,45767337,704718009,CPAP/BPAP oral mask,AMSTEL_procedureorderitems_usagi,source_code_omop,high
ORDER_INTENT//103//9371,v10_medication_atc,OMOP//OMOP_CONCEPT//4180938,metadata_only,False,,OMOP_CONCEPT,4180938,363679005,Imaging,AMSTEL_procedureorderitems_usagi,source_code_omop,high
ORDER_INTENT//81//19889,v10_medication_atc,OMOP//OMOP_CONCEPT//4074342,metadata_only,False,,OMOP_CONCEPT,4074342,225142006,Checking dressing for leakage,AMSTEL_procedureorderitems_usagi,source_code_omop,high
ORDER_INTENT//86//9606,v10_medication_atc,OMOP//OMOP_CONCEPT//45769370,metadata_only,False,,OMOP_CONCEPT,45769370,708004003,Multidisciplinary review,AMSTEL_procedureorderitems_usagi,source_code_omop,high
ORDER_INTENT//90//15776,v10_medication_atc,OMOP//OMOP_CONCEPT//4300828,metadata_only,False,,OMOP_CONCEPT,4300828,385942004,Wound care management,AMSTEL_procedureorderitems_usagi,source_code_omop,high
ORDER_INTENT//90//16906,v10_medication_atc,OMOP//OMOP_CONCEPT//4013485,metadata_only,False,,OMOP_CONCEPT,4013485,112861000,Replacement of nasogastric tube,AMSTEL_procedureorderitems_usagi,source_code_omop,high
ORDER_INTENT//73//9212,v10_medication_atc,OMOP//OMOP_CONCEPT//4218408,metadata_only,False,,OMOP_CONCEPT,4218408,82078001,Collection of blood specimen for laboratory,AMSTEL_procedureorderitems_usagi,source_code_omop,high
ORDER_INTENT//103//9372,v10_medication_atc,OMOP//OMOP_CONCEPT//4056685,metadata_only,False,,OMOP_CONCEPT,4056685,168566009,Plain X-ray facial sinuses,AMSTEL_procedureorderitems_usagi,source_code_omop,high
ORDER_INTENT//73//10607,v10_medication_atc,OMOP//OMOP_CONCEPT//4218408,metadata_only,False,,OMOP_CONCEPT,4218408,82078001,Collection of blood specimen for laboratory,AMSTEL_procedureorderitems_usagi,source_code_omop,high
ORDER_INTENT//87//9490,v10_medication_atc,OMOP//OMOP_CONCEPT//4145643,metadata_only,False,,OMOP_CONCEPT,4145643,266686005,Procedures relating to splintage and immobilization,AMSTEL_procedureorderitems_usagi,source_code_omop,high
ORDER_INTENT//85//9442,v10_medication_atc,OMOP//OMOP_CONCEPT//4075951,metadata_only,False,,OMOP_CONCEPT,4075951,225103006,Intermittent urethral catheterization,AMSTEL_procedureorderitems_usagi,source_code_omop,high
ORDER_INTENT//83//9432,v10_medication_atc,OMOP//OMOP_CONCEPT//40480653,metadata_only,False,,OMOP_CONCEPT,40480653,444714004,Assessment of consciousness level,AMSTEL_procedureorderitems_usagi,source_code_omop,high
ORDER_INTENT//89//9479,v10_medication_atc,OMOP//OMOP_CONCEPT//4021187,metadata_only,False,,OMOP_CONCEPT,4021187,225420001,TED kousen aan,Stage3J_curated_policy,curated_exact_omop_lookup,high
ORDER_INTENT//87//9488,v10_medication_atc,OMOP//OMOP_CONCEPT//4302381,metadata_only,False,,OMOP_CONCEPT,4302381,386423001,Physical restraint,AMSTEL_procedureorderitems_usagi,source_code_omop,high
ORDER_INTENT//90//9290,v10_medication_atc,OMOP//OMOP_CONCEPT//45760039,metadata_only,False,,OMOP_CONCEPT,45760039,465577001,Suction system tubing,AMSTEL_procedureorderitems_usagi,source_code_omop,high
ORDER_INTENT//90//9589,v10_medication_atc,OMOP//OMOP_CONCEPT//4220938,metadata_only,False,,OMOP_CONCEPT,4220938,40148000,Clamping of thoracic drain,AMSTEL_procedureorderitems_usagi,source_code_omop,high
ORDER_INTENT//81//12688,v10_medication_atc,OMOP//OMOP_CONCEPT//40480251,metadata_only,False,,OMOP_CONCEPT,40480251,444637000,Removal of pressure bandage,AMSTEL_procedureorderitems_usagi,source_code_omop,high
ORDER_INTENT//84//12939,v10_medication_atc,OMOP//OMOP_CONCEPT//4265034,metadata_only,False,,OMOP_CONCEPT,4265034,61919008,Giving patient an enema,AMSTEL_procedureorderitems_usagi,source_code_omop,high
ORDER_INTENT//81//8545,v10_medication_atc,OMOP//OMOP_CONCEPT//4257959,metadata_only,False,,OMOP_CONCEPT,4257959,410191000,Temperature taking assessment,AMSTEL_procedureorderitems_usagi,source_code_omop,high
ORDER_INTENT//104//9428,v10_medication_atc,OMOP//OMOP_CONCEPT//4084191,metadata_only,False,,OMOP_CONCEPT,4084191,183364001,Use of aids for daily life,AMSTEL_procedureorderitems_usagi,source_code_omop,high
ORDER_INTENT//73//9209,v10_medication_atc,OMOP//OMOP_CONCEPT//4218408,metadata_only,False,,OMOP_CONCEPT,4218408,82078001,Collection of blood specimen for laboratory,AMSTEL_procedureorderitems_usagi,source_code_omop,high
ORDER_INTENT//81//9363,v10_medication_atc,OMOP//OMOP_CONCEPT//4335825,metadata_only,False,,OMOP_CONCEPT,4335825,433236007,Transthoracic echocardiography,AMSTEL_procedureorderitems_usagi,source_code_omop,high
ORDER_INTENT//74//9191,v10_medication_atc,OMOP//OMOP_CONCEPT//3008334,metadata_only,False,,OMOP_CONCEPT,3008334,607-2,Bacteria identified in Drain by Aerobe culture,AMSTEL_procedureorderitems_usagi,source_code_omop,high
ORDER_INTENT//104//12264,v10_medication_atc,OMOP//OMOP_CONCEPT//40480251,metadata_only,False,,OMOP_CONCEPT,40480251,444637000,Removal of pressure bandage,AMSTEL_procedureorderitems_usagi,source_code_omop,high
ORDER_INTENT//81//10611,v10_medication_atc,OMOP//OMOP_CONCEPT//4218408,metadata_only,False,,OMOP_CONCEPT,4218408,82078001,Collection of blood specimen for laboratory,AMSTEL_procedureorderitems_usagi,source_code_omop,high
ORDER_INTENT//73//10753,v10_medication_atc,OMOP//OMOP_CONCEPT//4218408,metadata_only,False,,OMOP_CONCEPT,4218408,82078001,Collection of blood specimen for laboratory,AMSTEL_procedureorderitems_usagi,source_code_omop,high
ORDER_INTENT//85//9528,v10_medication_atc,OMOP//OMOP_CONCEPT//2007983,metadata_only,False,,OMOP_CONCEPT,2007983,96.48,Irrigation of other indwelling urinary catheter,AMSTEL_procedureorderitems_usagi,source_code_omop,high
ORDER_INTENT//84//9509,v10_medication_atc,OMOP//OMOP_CONCEPT//4302911,metadata_only,False,,OMOP_CONCEPT,4302911,78766008,Insertion of nasogastric tube for intestinal decompression,AMSTEL_procedureorderitems_usagi,source_code_omop,high
ORDER_INTENT//74//9205,v10_medication_atc,OMOP//OMOP_CONCEPT//4196406,metadata_only,False,,OMOP_CONCEPT,4196406,315145006,Legionella rapid microagglutination test,AMSTEL_procedureorderitems_usagi,source_code_omop,high
ORDER_INTENT//84//9567,v10_medication_atc,OMOP//OMOP_CONCEPT//46271823,metadata_only,False,,OMOP_CONCEPT,46271823,710078009,Management of stoma care,AMSTEL_procedureorderitems_usagi,source_code_omop,high
ORDER_INTENT//81//8502,v10_medication_atc,OMOP//OMOP_CONCEPT//4039895,metadata_only,False,,OMOP_CONCEPT,4039895,117610000,Measurement of cardiac output,AMSTEL_procedureorderitems_usagi,source_code_omop,high
ORDER_INTENT//82//9515,v10_medication_atc,OMOP//OMOP_CONCEPT//4184987,metadata_only,False,,OMOP_CONCEPT,4184987,41360004,Nasotracheal aspiration,AMSTEL_procedureorderitems_usagi,source_code_omop,high
ORDER_INTENT//85//12780,v10_medication_atc,OMOP//OMOP_CONCEPT//4083913,metadata_only,False,,OMOP_CONCEPT,4083913,2475000,"Urine specimen collection, 24 hours",AMSTEL_procedureorderitems_usagi,source_code_omop,high
ORDER_INTENT//90//9588,v10_medication_atc,OMOP//OMOP_CONCEPT//2615271,metadata_only,False,,OMOP_CONCEPT,2615271,A7041,Water seal drainage container and tubing for use with implanted chest tube,AMSTEL_procedureorderitems_usagi,source_code_omop,low
ORDER_INTENT//73//9265,v10_medication_atc,OMOP//OMOP_CONCEPT//4218408,metadata_only,False,,OMOP_CONCEPT,4218408,82078001,Collection of blood specimen for laboratory,AMSTEL_procedureorderitems_usagi,source_code_omop,high
ORDER_INTENT//88//10621,v10_medication_atc,OMOP//OMOP_CONCEPT//4077521,metadata_only,False,,OMOP_CONCEPT,4077521,275823006,Isolation nursing,AMSTEL_procedureorderitems_usagi,source_code_omop,high
ORDER_INTENT//81//16679,v10_medication_atc,OMOP//OMOP_CONCEPT//4177682,metadata_only,False,,OMOP_CONCEPT,4177682,428909008,Biphasic defibrillation procedure,AMSTEL_procedureorderitems_usagi,source_code_omop,high
ORDER_INTENT//104//9375,v10_medication_atc,OMOP//OMOP_CONCEPT//4062781,metadata_only,False,,OMOP_CONCEPT,4062781,21510004,Care of hair,AMSTEL_procedureorderitems_usagi,source_code_omop,high
ORDER_INTENT//82//9476,v10_medication_atc,OMOP//OMOP_CONCEPT//4202832,metadata_only,False,,OMOP_CONCEPT,4202832,52765003,Intubation,AMSTEL_procedureorderitems_usagi,source_code_omop,high
ORDER_INTENT//116//20157,v10_medication_atc,OMOP//OMOP_CONCEPT//37208880,metadata_only,False,,OMOP_CONCEPT,37208880,1109981000000107,Assessment using SNAQ (Simplified Nutritional Appetite Questionnaire),AMSTEL_procedureorderitems_usagi,source_code_omop,high
ORDER_INTENT//73//8101,v10_medication_atc,OMOP//OMOP_CONCEPT//4218408,metadata_only,False,,OMOP_CONCEPT,4218408,82078001,Collection of blood specimen for laboratory,AMSTEL_procedureorderitems_usagi,source_code_omop,high
ORDER_INTENT//73//14208,v10_medication_atc,OMOP//OMOP_CONCEPT//4218408,metadata_only,False,,OMOP_CONCEPT,4218408,82078001,Collection of blood specimen for laboratory,AMSTEL_procedureorderitems_usagi,source_code_omop,high
ORDER_INTENT//73//12134,v10_medication_atc,OMOP//OMOP_CONCEPT//4218408,metadata_only,False,,OMOP_CONCEPT,4218408,82078001,Collection of blood specimen for laboratory,AMSTEL_procedureorderitems_usagi,source_code_omop,high
ORDER_INTENT//84//9253,v10_medication_atc,OMOP//OMOP_CONCEPT//4294382,metadata_only,False,,OMOP_CONCEPT,4294382,76009000,Esophagogastroduodenoscopy,AMSTEL_procedureorderitems_usagi,source_code_omop,high
ORDER_INTENT//89//9259,v10_medication_atc,OMOP//OMOP_CONCEPT//4083913,metadata_only,False,,OMOP_CONCEPT,4083913,2475000,24-uurs urine sparen,Stage3J_curated_policy,curated_exact_omop_lookup,high
ORDER_INTENT//73//10437,v10_medication_atc,OMOP//OMOP_CONCEPT//4218408,metadata_only,False,,OMOP_CONCEPT,4218408,82078001,Collection of blood specimen for laboratory,AMSTEL_procedureorderitems_usagi,source_code_omop,high
ORDER_INTENT//73//9208,v10_medication_atc,OMOP//OMOP_CONCEPT//4218408,metadata_only,False,,OMOP_CONCEPT,4218408,82078001,Collection of blood specimen for laboratory,AMSTEL_procedureorderitems_usagi,source_code_omop,high
ORDER_INTENT//90//16852,v10_medication_atc,OMOP//OMOP_CONCEPT//4251737,metadata_only,False,,OMOP_CONCEPT,4251737,410210009,Ventilator care management,AMSTEL_procedureorderitems_usagi,source_code_omop,high
ORDER_INTENT//90//9592,v10_medication_atc,OMOP//OMOP_CONCEPT//4164516,metadata_only,False,,OMOP_CONCEPT,4164516,274441001,Suction drainage,AMSTEL_procedureorderitems_usagi,source_code_omop,high
ORDER_INTENT//87//21080,v10_medication_atc,OMOP//OMOP_CONCEPT//40480228,metadata_only,False,,OMOP_CONCEPT,40480228,444616008,Removal of antithromboembolic stockings,AMSTEL_procedureorderitems_usagi,source_code_omop,high
ORDER_INTENT//90//8491,v10_medication_atc,OMOP//OMOP_CONCEPT//4062183,metadata_only,False,,OMOP_CONCEPT,4062183,17006003,Replacement of urinary catheter,AMSTEL_procedureorderitems_usagi,source_code_omop,high
ORDER_INTENT//81//9255,v10_medication_atc,OMOP//OMOP_CONCEPT//4019824,metadata_only,False,,OMOP_CONCEPT,4019824,105376000,Transesophageal echocardiography,AMSTEL_procedureorderitems_usagi,source_code_omop,high
ORDER_INTENT//82//20714,v10_medication_atc,OMOP//OMOP_CONCEPT//4196006,metadata_only,False,,OMOP_CONCEPT,4196006,431182000,Placing subject in prone position,AMSTEL_procedureorderitems_usagi,source_code_omop,high
ORDER_INTENT//89//9434,v10_medication_atc,OMOP//OMOP_CONCEPT//0,metadata_only,False,,OMOP_CONCEPT,0,No matching concept,Unmapped,AMSTEL_procedureorderitems_usagi,source_code_omop,low
ORDER_INTENT//81//16089,v10_medication_atc,OMOP//OMOP_CONCEPT//4078793,metadata_only,False,,OMOP_CONCEPT,4078793,180325003,Direct current cardioversion,AMSTEL_procedureorderitems_usagi,source_code_omop,high
ORDER_INTENT//103//9257,v10_medication_atc,OMOP//OMOP_CONCEPT//4303684,metadata_only,False,,OMOP_CONCEPT,4303684,418398002,US scan of upper abdomen,AMSTEL_procedureorderitems_usagi,source_code_omop,high
ORDER_INTENT//89//10749,v10_medication_atc,OMOP//OMOP_CONCEPT//42537948,metadata_only,False,,OMOP_CONCEPT,42537948,737856008,Management of vaginal blood loss,AMSTEL_procedureorderitems_usagi,source_code_omop,high
ORDER_INTENT//89//20289,v10_medication_atc,OMOP//OMOP_CONCEPT//37312086,metadata_only,False,,OMOP_CONCEPT,37312086,792805006,Fasting,AMSTEL_procedureorderitems_usagi,source_code_omop,high
ORDER_INTENT//89//14689,v10_medication_atc,OMOP//OMOP_CONCEPT//4038867,metadata_only,False,,OMOP_CONCEPT,4038867,228547007,Reality orientation,AMSTEL_procedureorderitems_usagi,source_code_omop,high
ORDER_INTENT//81//16094,v10_medication_atc,OMOP//OMOP_CONCEPT//4078793,metadata_only,False,,OMOP_CONCEPT,4078793,180325003,Direct current cardioversion,AMSTEL_procedureorderitems_usagi,source_code_omop,high
ORDER_INTENT//89//15141,v10_medication_atc,OMOP//OMOP_CONCEPT//4256354,metadata_only,False,,OMOP_CONCEPT,4256354,410349005,Nursing care/supplementary case management,AMSTEL_procedureorderitems_usagi,source_code_omop,high
ORDER_INTENT//89//9392,v10_medication_atc,OMOP//OMOP_CONCEPT//4014829,metadata_only,False,,OMOP_CONCEPT,4014829,11429006,Consult Logopedie,Stage3J_curated_policy,curated_exact_omop_lookup,high
ORDER_INTENT//90//9293,v10_medication_atc,OMOP//OMOP_CONCEPT//4022792,metadata_only,False,,OMOP_CONCEPT,4022792,175853000,Removal of central venous line,AMSTEL_procedureorderitems_usagi,source_code_omop,high
ORDER_INTENT//82//9493,v10_medication_atc,OMOP//OMOP_CONCEPT//4297085,metadata_only,False,,OMOP_CONCEPT,4297085,386043001,Respiratory tract evaluation,AMSTEL_procedureorderitems_usagi,source_code_omop,high
ORDER_INTENT//103//8538,v10_medication_atc,OMOP//OMOP_CONCEPT//4057900,metadata_only,False,,OMOP_CONCEPT,4057900,168702005,Plain X-ray abdomen,AMSTEL_procedureorderitems_usagi,source_code_omop,high
ORDER_INTENT//105//20711,v10_medication_atc,OMOP//OMOP_CONCEPT//36716435,metadata_only,False,,OMOP_CONCEPT,36716435,722440006,Management of central venous catheter,AMSTEL_procedureorderitems_usagi,source_code_omop,high
ORDER_INTENT//73//10436,v10_medication_atc,OMOP//OMOP_CONCEPT//4218408,metadata_only,False,,OMOP_CONCEPT,4218408,82078001,Collection of blood specimen for laboratory,AMSTEL_procedureorderitems_usagi,source_code_omop,high
ORDER_INTENT//104//9487,v10_medication_atc,OMOP//OMOP_CONCEPT//37397191,metadata_only,False,,OMOP_CONCEPT,37397191,717247001,Neurological system care management,AMSTEL_procedureorderitems_usagi,source_code_omop,high
ORDER_INTENT//89//20288,v10_medication_atc,OMOP//OMOP_CONCEPT//3044649,metadata_only,False,,OMOP_CONCEPT,3044649,34532-2,Blood type and Indirect antibody screen panel - Blood,AMSTEL_procedureorderitems_usagi,source_code_omop,high
ORDER_INTENT//74//9203,v10_medication_atc,OMOP//OMOP_CONCEPT//4024958,metadata_only,False,,OMOP_CONCEPT,4024958,117015009,Throat culture,AMSTEL_procedureorderitems_usagi,source_code_omop,high
ORDER_INTENT//103//8029,v10_medication_atc,OMOP//OMOP_CONCEPT//4300757,metadata_only,False,,OMOP_CONCEPT,4300757,77477000,Computed tomography,AMSTEL_procedureorderitems_usagi,source_code_omop,high
ORDER_INTENT//82//10617,v10_medication_atc,OMOP//OMOP_CONCEPT//46271394,metadata_only,False,,OMOP_CONCEPT,46271394,709508003,Assessment of respiratory status using monitoring device,AMSTEL_procedureorderitems_usagi,source_code_omop,high
ORDER_INTENT//104//9427,v10_medication_atc,OMOP//OMOP_CONCEPT//4154551,metadata_only,False,,OMOP_CONCEPT,4154551,370885003,Activities of daily living management,AMSTEL_procedureorderitems_usagi,source_code_omop,high
ORDER_INTENT//85//9433,v10_medication_atc,OMOP//OMOP_CONCEPT//4301678,metadata_only,False,,OMOP_CONCEPT,4301678,385969003,Bladder training management,AMSTEL_procedureorderitems_usagi,source_code_omop,high
ORDER_INTENT//84//9511,v10_medication_atc,OMOP//OMOP_CONCEPT//4080799,metadata_only,False,,OMOP_CONCEPT,4080799,182515004,Gastrointestinal decompression,AMSTEL_procedureorderitems_usagi,source_code_omop,high
ORDER_INTENT//82//9516,v10_medication_atc,OMOP//OMOP_CONCEPT//4155151,metadata_only,False,,OMOP_CONCEPT,4155151,371907003,Oxygen administration by nasal cannula,AMSTEL_procedureorderitems_usagi,source_code_omop,high
ORDER_INTENT//73//9266,v10_medication_atc,OMOP//OMOP_CONCEPT//4218408,metadata_only,False,,OMOP_CONCEPT,4218408,82078001,Collection of blood specimen for laboratory,AMSTEL_procedureorderitems_usagi,source_code_omop,high
ORDER_INTENT//104//9567,v10_medication_atc,OMOP//OMOP_CONCEPT//46271823,metadata_only,False,,OMOP_CONCEPT,46271823,710078009,AP verzorging,Stage3J_curated_policy,curated_exact_omop_lookup,high
ORDER_INTENT//83//9247,v10_medication_atc,OMOP//OMOP_CONCEPT//4181917,metadata_only,False,,OMOP_CONCEPT,4181917,54550000,Electroencephalogram,AMSTEL_procedureorderitems_usagi,source_code_omop,high
ORDER_INTENT//103//8540,v10_medication_atc,OMOP//OMOP_CONCEPT//4061009,metadata_only,False,,OMOP_CONCEPT,4061009,169070004,CT of abdomen,AMSTEL_procedureorderitems_usagi,source_code_omop,high
ORDER_INTENT//90//9278,v10_medication_atc,OMOP//OMOP_CONCEPT//4295069,metadata_only,False,,OMOP_CONCEPT,4295069,385858000,Tracheostomy care,AMSTEL_procedureorderitems_usagi,source_code_omop,high
ORDER_INTENT//81//16684,v10_medication_atc,OMOP//OMOP_CONCEPT//4078793,metadata_only,False,,OMOP_CONCEPT,4078793,180325003,Direct current cardioversion,AMSTEL_procedureorderitems_usagi,source_code_omop,high
ORDER_INTENT//83//8542,v10_medication_atc,OMOP//OMOP_CONCEPT//4145739,metadata_only,False,,OMOP_CONCEPT,4145739,34227000,CT of brain,AMSTEL_procedureorderitems_usagi,source_code_omop,high
ORDER_INTENT//74//8588,v10_medication_atc,OMOP//OMOP_CONCEPT//1761466,metadata_only,False,,OMOP_CONCEPT,1761466,100913-3,Staph aureus and MRSA screening panel - Specimen by Organism specific culture,AMSTEL_procedureorderitems_usagi,source_code_omop,high
ORDER_INTENT//82//9252,v10_medication_atc,OMOP//OMOP_CONCEPT//4032404,metadata_only,False,,OMOP_CONCEPT,4032404,10847001,Bronchoscopy,AMSTEL_procedureorderitems_usagi,source_code_omop,high
ORDER_INTENT//87//9489,v10_medication_atc,OMOP//OMOP_CONCEPT//37397188,metadata_only,False,,OMOP_CONCEPT,37397188,717243002,Trunk restraint,AMSTEL_procedureorderitems_usagi,source_code_omop,high
ORDER_INTENT//73//10609,v10_medication_atc,OMOP//OMOP_CONCEPT//4218408,metadata_only,False,,OMOP_CONCEPT,4218408,82078001,Collection of blood specimen for laboratory,AMSTEL_procedureorderitems_usagi,source_code_omop,high
ORDER_INTENT//101//12981,v10_medication_atc,OMOP//OMOP_CONCEPT//4300828,metadata_only,False,,OMOP_CONCEPT,4300828,385942004,Wound care management,AMSTEL_procedureorderitems_usagi,source_code_omop,high
ORDER_INTENT//81//21193,v10_medication_atc,OMOP//OMOP_CONCEPT//4021177,metadata_only,False,,OMOP_CONCEPT,4021177,225394004,Assessment of fluid loss from wound,AMSTEL_procedureorderitems_usagi,source_code_omop,low
ORDER_INTENT//82//20713,v10_medication_atc,OMOP//OMOP_CONCEPT//4262010,metadata_only,False,,OMOP_CONCEPT,4262010,410213006,Tracheostomy care management,AMSTEL_procedureorderitems_usagi,source_code_omop,high
ORDER_INTENT//89//20286,v10_medication_atc,OMOP//OMOP_CONCEPT//44806679,metadata_only,False,,OMOP_CONCEPT,44806679,822371000000102,Pre-operative check,AMSTEL_procedureorderitems_usagi,source_code_omop,high
ORDER_INTENT//82//16945,v10_medication_atc,OMOP//OMOP_CONCEPT//4103523,metadata_only,False,,OMOP_CONCEPT,4103523,28760000,Laryngoscopy,AMSTEL_procedureorderitems_usagi,source_code_omop,high
ORDER_INTENT//84//9395,v10_medication_atc,OMOP//OMOP_CONCEPT//4139219,metadata_only,False,,OMOP_CONCEPT,4139219,305604009,Under care of hospital-based dietitian,AMSTEL_procedureorderitems_usagi,source_code_omop,high
ORDER_INTENT//89//20161,v10_medication_atc,OMOP//OMOP_CONCEPT//4265599,metadata_only,False,,OMOP_CONCEPT,4265599,397821002,Patient transfer to intensive care unit,AMSTEL_procedureorderitems_usagi,source_code_omop,high
ORDER_INTENT//89//10748,v10_medication_atc,OMOP//OMOP_CONCEPT//4168236,metadata_only,False,,OMOP_CONCEPT,4168236,274804006,Evaluation of uterine fundal height,AMSTEL_procedureorderitems_usagi,source_code_omop,high
ORDER_INTENT//105//9473,v10_medication_atc,OMOP//OMOP_CONCEPT//0,metadata_only,False,,OMOP_CONCEPT,0,No matching concept,Unmapped,AMSTEL_procedureorderitems_usagi,source_code_omop,low
ORDER_INTENT//74//9195,v10_medication_atc,OMOP//OMOP_CONCEPT//37117051,metadata_only,False,,OMOP_CONCEPT,37117051,843491000168106,Nasal culture for bacteria,AMSTEL_procedureorderitems_usagi,source_code_omop,high
ORDER_INTENT//89//9440,v10_medication_atc,OMOP//OMOP_CONCEPT//4254899,metadata_only,False,,OMOP_CONCEPT,4254899,410175003,Dietary regime management,AMSTEL_procedureorderitems_usagi,source_code_omop,high
ORDER_INTENT//104//9517,v10_medication_atc,OMOP//OMOP_CONCEPT//4083093,metadata_only,False,,OMOP_CONCEPT,4083093,241720001,Taping of eyelid,AMSTEL_procedureorderitems_usagi,source_code_omop,high
ORDER_INTENT//83//9260,v10_medication_atc,OMOP//OMOP_CONCEPT//4080549,metadata_only,False,,OMOP_CONCEPT,4080549,277762005,Lumbar puncture,AMSTEL_procedureorderitems_usagi,source_code_omop,high
ORDER_INTENT//82//16944,v10_medication_atc,OMOP//OMOP_CONCEPT//4083066,metadata_only,False,,OMOP_CONCEPT,4083066,278296000,Drainage of pleural cavity,AMSTEL_procedureorderitems_usagi,source_code_omop,high
ORDER_INTENT//84//9251,v10_medication_atc,OMOP//OMOP_CONCEPT//4249893,metadata_only,False,,OMOP_CONCEPT,4249893,73761001,Colonoscopy,AMSTEL_procedureorderitems_usagi,source_code_omop,high
ORDER_INTENT//83//19736,v10_medication_atc,OMOP//OMOP_CONCEPT//40480653,metadata_only,False,,OMOP_CONCEPT,40480653,444714004,Assessment of consciousness level,AMSTEL_procedureorderitems_usagi,source_code_omop,high
ORDER_INTENT//73//10608,v10_medication_atc,OMOP//OMOP_CONCEPT//4218408,metadata_only,False,,OMOP_CONCEPT,4218408,82078001,Collection of blood specimen for laboratory,AMSTEL_procedureorderitems_usagi,source_code_omop,high
ORDER_INTENT//81//9600,v10_medication_atc,OMOP//OMOP_CONCEPT//4190336,metadata_only,False,,OMOP_CONCEPT,4190336,373675000,Application of pressure bandage,AMSTEL_procedureorderitems_usagi,source_code_omop,high
ORDER_INTENT//90//9286,v10_medication_atc,OMOP//OMOP_CONCEPT//37396812,metadata_only,False,,OMOP_CONCEPT,37396812,716754001,Arterial catheter care management,AMSTEL_procedureorderitems_usagi,source_code_omop,high
ORDER_INTENT//101//12984,v10_medication_atc,OMOP//OMOP_CONCEPT//4300828,metadata_only,False,,OMOP_CONCEPT,4300828,385942004,Wound care management,AMSTEL_procedureorderitems_usagi,source_code_omop,high
ORDER_INTENT//90//9505,v10_medication_atc,OMOP//OMOP_CONCEPT//4251737,metadata_only,False,,OMOP_CONCEPT,4251737,410210009,Ventilator care management,AMSTEL_procedureorderitems_usagi,source_code_omop,high
ORDER_INTENT//89//20287,v10_medication_atc,OMOP//OMOP_CONCEPT//45770076,metadata_only,False,,OMOP_CONCEPT,45770076,922731000000106,Anticoagulant medication review,AMSTEL_procedureorderitems_usagi,source_code_omop,high
ORDER_INTENT//103//8543,v10_medication_atc,OMOP//OMOP_CONCEPT//4058335,metadata_only,False,,OMOP_CONCEPT,4058335,169069000,CT scan thorax,Stage3J_curated_policy,curated_exact_omop_lookup,high
ORDER_INTENT//90//9503,v10_medication_atc,OMOP//OMOP_CONCEPT//4237467,metadata_only,False,,OMOP_CONCEPT,4237467,408879002,Gastric care management,AMSTEL_procedureorderitems_usagi,source_code_omop,high
ORDER_INTENT//74//9202,v10_medication_atc,OMOP//OMOP_CONCEPT//3025037,metadata_only,False,,OMOP_CONCEPT,3025037,619-7,Bacteria identified in Peritoneal fluid by Culture,AMSTEL_procedureorderitems_usagi,source_code_omop,high
ORDER_INTENT//89//12421,v10_medication_atc,OMOP//OMOP_CONCEPT//4203429,metadata_only,False,,OMOP_CONCEPT,4203429,308693008,Induction of hypothermia,AMSTEL_procedureorderitems_usagi,source_code_omop,high
ORDER_INTENT//84//9526,v10_medication_atc,OMOP//OMOP_CONCEPT//4128873,metadata_only,False,,OMOP_CONCEPT,4128873,235425002,Insertion of orogastric tube,AMSTEL_procedureorderitems_usagi,source_code_omop,high
ORDER_INTENT//90//9294,v10_medication_atc,OMOP//OMOP_CONCEPT//4206920,metadata_only,False,,OMOP_CONCEPT,4206920,56251003,Nebulizer therapy,AMSTEL_procedureorderitems_usagi,source_code_omop,high
ORDER_INTENT//101//12986,v10_medication_atc,OMOP//OMOP_CONCEPT//4300828,metadata_only,False,,OMOP_CONCEPT,4300828,385942004,Wound care management,AMSTEL_procedureorderitems_usagi,source_code_omop,high
ORDER_INTENT//103//8542,v10_medication_atc,OMOP//OMOP_CONCEPT//4145739,metadata_only,False,,OMOP_CONCEPT,4145739,34227000,CT scan brein,Stage3J_curated_policy,curated_exact_omop_lookup,high
ORDER_INTENT//90//9298,v10_medication_atc,OMOP//OMOP_CONCEPT//763493,metadata_only,False,,OMOP_CONCEPT,763493,441491000124102,Management of route of parenteral nutrition,AMSTEL_procedureorderitems_usagi,source_code_omop,high
ORDER_INTENT//73//12409,v10_medication_atc,OMOP//OMOP_CONCEPT//4218408,metadata_only,False,,OMOP_CONCEPT,4218408,82078001,Collection of blood specimen for laboratory,AMSTEL_procedureorderitems_usagi,source_code_omop,high
ORDER_INTENT//101//12905,v10_medication_atc,OMOP//OMOP_CONCEPT//4076776,metadata_only,False,,OMOP_CONCEPT,4076776,225144007,Application of dressing to pressure injury,AMSTEL_procedureorderitems_usagi,source_code_omop,high
ORDER_INTENT//89//9341,v10_medication_atc,OMOP//OMOP_CONCEPT//4147691,metadata_only,False,,OMOP_CONCEPT,4147691,30549001,Removal of suture,AMSTEL_procedureorderitems_usagi,source_code_omop,high
ORDER_INTENT//90//9504,v10_medication_atc,OMOP//OMOP_CONCEPT//4299593,metadata_only,False,,OMOP_CONCEPT,4299593,385753001,Infusion care management,AMSTEL_procedureorderitems_usagi,source_code_omop,high
ORDER_INTENT//101//12903,v10_medication_atc,OMOP//OMOP_CONCEPT//4076776,metadata_only,False,,OMOP_CONCEPT,4076776,225144007,Application of dressing to pressure injury,AMSTEL_procedureorderitems_usagi,source_code_omop,high
ORDER_INTENT//81//19357,v10_medication_atc,OMOP//OMOP_CONCEPT//4177682,metadata_only,False,,OMOP_CONCEPT,4177682,428909008,Biphasic defibrillation procedure,AMSTEL_procedureorderitems_usagi,source_code_omop,high
ORDER_INTENT//90//9354,v10_medication_atc,OMOP//OMOP_CONCEPT//4062183,metadata_only,False,,OMOP_CONCEPT,4062183,17006003,Replacement of urinary catheter,AMSTEL_procedureorderitems_usagi,source_code_omop,high
ORDER_INTENT//101//12920,v10_medication_atc,OMOP//OMOP_CONCEPT//4076776,metadata_only,False,,OMOP_CONCEPT,4076776,225144007,Application of dressing to pressure injury,AMSTEL_procedureorderitems_usagi,source_code_omop,high
ORDER_INTENT//103//16359,v10_medication_atc,OMOP//OMOP_CONCEPT//4233528,metadata_only,False,,OMOP_CONCEPT,4233528,90473008,Anesthesia for MRI scan,AMSTEL_procedureorderitems_usagi,source_code_omop,high
ORDER_INTENT//82//9497,v10_medication_atc,OMOP//OMOP_CONCEPT//4323763,metadata_only,False,,OMOP_CONCEPT,4323763,429253002,Oxygen administration by Venturi mask,AMSTEL_procedureorderitems_usagi,source_code_omop,high
ORDER_INTENT//89//8548,v10_medication_atc,OMOP//OMOP_CONCEPT//44808528,metadata_only,False,,OMOP_CONCEPT,44808528,858981000000103,Critical care pre-discharge assessment,AMSTEL_procedureorderitems_usagi,source_code_omop,high
ORDER_INTENT//82//20712,v10_medication_atc,OMOP//OMOP_CONCEPT//4262010,metadata_only,False,,OMOP_CONCEPT,4262010,410213006,Tracheostomy care management,AMSTEL_procedureorderitems_usagi,source_code_omop,high
ORDER_INTENT//89//14692,v10_medication_atc,OMOP//OMOP_CONCEPT//40480653,metadata_only,False,,OMOP_CONCEPT,40480653,444714004,Assessment of consciousness level,AMSTEL_procedureorderitems_usagi,source_code_omop,high
ORDER_INTENT//73//12410,v10_medication_atc,OMOP//OMOP_CONCEPT//4218408,metadata_only,False,,OMOP_CONCEPT,4218408,82078001,Collection of blood specimen for laboratory,AMSTEL_procedureorderitems_usagi,source_code_omop,high
ORDER_INTENT//73//12417,v10_medication_atc,OMOP//OMOP_CONCEPT//4218408,metadata_only,False,,OMOP_CONCEPT,4218408,82078001,Collection of blood specimen for laboratory,AMSTEL_procedureorderitems_usagi,source_code_omop,high
ORDER_INTENT//73//12631,v10_medication_atc,OMOP//OMOP_CONCEPT//4218408,metadata_only,False,,OMOP_CONCEPT,4218408,82078001,Collection of blood specimen for laboratory,AMSTEL_procedureorderitems_usagi,source_code_omop,high
ORDER_INTENT//101//12906,v10_medication_atc,OMOP//OMOP_CONCEPT//4076776,metadata_only,False,,OMOP_CONCEPT,4076776,225144007,Application of dressing to pressure injury,AMSTEL_procedureorderitems_usagi,source_code_omop,high
ORDER_INTENT//73//12411,v10_medication_atc,OMOP//OMOP_CONCEPT//4218408,metadata_only,False,,OMOP_CONCEPT,4218408,82078001,Collection of blood specimen for laboratory,AMSTEL_procedureorderitems_usagi,source_code_omop,high
ORDER_INTENT//73//12414,v10_medication_atc,OMOP//OMOP_CONCEPT//4218408,metadata_only,False,,OMOP_CONCEPT,4218408,82078001,Collection of blood specimen for laboratory,AMSTEL_procedureorderitems_usagi,source_code_omop,high
ORDER_INTENT//89//8030,v10_medication_atc,OMOP//OMOP_CONCEPT//4194653,metadata_only,False,,OMOP_CONCEPT,4194653,67889009,Irrigation,AMSTEL_procedureorderitems_usagi,source_code_omop,high
ORDER_INTENT//101//9439,v10_medication_atc,OMOP//OMOP_CONCEPT//4021321,metadata_only,False,,OMOP_CONCEPT,4021321,225393005,Pressure injury assessment,AMSTEL_procedureorderitems_usagi,source_code_omop,high
ORDER_INTENT//73//12412,v10_medication_atc,OMOP//OMOP_CONCEPT//4218408,metadata_only,False,,OMOP_CONCEPT,4218408,82078001,Collection of blood specimen for laboratory,AMSTEL_procedureorderitems_usagi,source_code_omop,high
ORDER_INTENT//82//8543,v10_medication_atc,OMOP//OMOP_CONCEPT//4058335,metadata_only,False,,OMOP_CONCEPT,4058335,169069000,CT of chest,AMSTEL_procedureorderitems_usagi,source_code_omop,high
ORDER_INTENT//90//9299,v10_medication_atc,OMOP//OMOP_CONCEPT//4224054,metadata_only,False,,OMOP_CONCEPT,4224054,339133003,Fecal collector,AMSTEL_procedureorderitems_usagi,source_code_omop,high
ORDER_INTENT//82//16943,v10_medication_atc,OMOP//OMOP_CONCEPT//4070693,metadata_only,False,,OMOP_CONCEPT,4070693,177820006,Diagnostic pleurocentesis,AMSTEL_procedureorderitems_usagi,source_code_omop,high
ORDER_INTENT//85//9530,v10_medication_atc,OMOP//OMOP_CONCEPT//4223103,metadata_only,False,,OMOP_CONCEPT,4223103,337636000,Incontinence sheath,AMSTEL_procedureorderitems_usagi,source_code_omop,high
ORDER_INTENT//73//9206,v10_medication_atc,OMOP//OMOP_CONCEPT//4218408,metadata_only,False,,OMOP_CONCEPT,4218408,82078001,Collection of blood specimen for laboratory,AMSTEL_procedureorderitems_usagi,source_code_omop,high
ORDER_INTENT//74//9198,v10_medication_atc,OMOP//OMOP_CONCEPT//3040827,metadata_only,False,,OMOP_CONCEPT,3040827,52966-9,Bacteria identified in Anal by Culture,AMSTEL_procedureorderitems_usagi,source_code_omop,high
ORDER_INTENT//101//12908,v10_medication_atc,OMOP//OMOP_CONCEPT//4076776,metadata_only,False,,OMOP_CONCEPT,4076776,225144007,Application of dressing to pressure injury,AMSTEL_procedureorderitems_usagi,source_code_omop,high
ORDER_INTENT//90//9462,v10_medication_atc,OMOP//OMOP_CONCEPT//4299593,metadata_only,False,,OMOP_CONCEPT,4299593,385753001,Infusion care management,AMSTEL_procedureorderitems_usagi,source_code_omop,high
ORDER_INTENT//103//12799,v10_medication_atc,OMOP//OMOP_CONCEPT//4305790,metadata_only,False,,OMOP_CONCEPT,4305790,82918005,Positron emission tomography,AMSTEL_procedureorderitems_usagi,source_code_omop,high
ORDER_INTENT//73//12418,v10_medication_atc,OMOP//OMOP_CONCEPT//4218408,metadata_only,False,,OMOP_CONCEPT,4218408,82078001,Collection of blood specimen for laboratory,AMSTEL_procedureorderitems_usagi,source_code_omop,high
ORDER_INTENT//73//12781,v10_medication_atc,OMOP//OMOP_CONCEPT//4076765,metadata_only,False,,OMOP_CONCEPT,4076765,225105004,Collection of stool specimen,AMSTEL_procedureorderitems_usagi,source_code_omop,high
ORDER_INTENT//81//16091,v10_medication_atc,OMOP//OMOP_CONCEPT//4078793,metadata_only,False,,OMOP_CONCEPT,4078793,180325003,Direct current cardioversion,AMSTEL_procedureorderitems_usagi,source_code_omop,high
ORDER_INTENT//101//12921,v10_medication_atc,OMOP//OMOP_CONCEPT//4076776,metadata_only,False,,OMOP_CONCEPT,4076776,225144007,Application of dressing to pressure injury,AMSTEL_procedureorderitems_usagi,source_code_omop,high
ORDER_INTENT//82//20717,v10_medication_atc,OMOP//OMOP_CONCEPT//4021321,metadata_only,False,,OMOP_CONCEPT,4021321,225393005,Pressure injury assessment,AMSTEL_procedureorderitems_usagi,source_code_omop,high
ORDER_INTENT//89//12136,v10_medication_atc,OMOP//OMOP_CONCEPT//45770076,metadata_only,False,,OMOP_CONCEPT,45770076,922731000000106,Anticoagulant medication review,AMSTEL_procedureorderitems_usagi,source_code_omop,high
ORDER_INTENT//73//9216,v10_medication_atc,OMOP//OMOP_CONCEPT//4218408,metadata_only,False,,OMOP_CONCEPT,4218408,82078001,Collection of blood specimen for laboratory,AMSTEL_procedureorderitems_usagi,source_code_omop,high
ORDER_INTENT//89//21080,v10_medication_atc,OMOP//OMOP_CONCEPT//40480228,metadata_only,False,,OMOP_CONCEPT,40480228,444616008,TED kousen uit,Stage3J_curated_policy,curated_exact_omop_lookup,high
ORDER_INTENT//90//9285,v10_medication_atc,OMOP//OMOP_CONCEPT//4232412,metadata_only,False,,OMOP_CONCEPT,4232412,439854006,Change of urinary catheter bag,AMSTEL_procedureorderitems_usagi,source_code_omop,high
ORDER_INTENT//82//9249,v10_medication_atc,OMOP//OMOP_CONCEPT//4287484,metadata_only,False,,OMOP_CONCEPT,4287484,397397002,Bronchoscopy and bronchoalveolar lavage,AMSTEL_procedureorderitems_usagi,source_code_omop,high
ORDER_INTENT//73//12415,v10_medication_atc,OMOP//OMOP_CONCEPT//4218408,metadata_only,False,,OMOP_CONCEPT,4218408,82078001,Collection of blood specimen for laboratory,AMSTEL_procedureorderitems_usagi,source_code_omop,high
ORDER_INTENT//73//12419,v10_medication_atc,OMOP//OMOP_CONCEPT//4218408,metadata_only,False,,OMOP_CONCEPT,4218408,82078001,Collection of blood specimen for laboratory,AMSTEL_procedureorderitems_usagi,source_code_omop,high
ORDER_INTENT//90//9296,v10_medication_atc,OMOP//OMOP_CONCEPT//40489914,metadata_only,False,,OMOP_CONCEPT,40489914,448423006,Removal of hemodialysis catheter,AMSTEL_procedureorderitems_usagi,source_code_omop,high
ORDER_INTENT//101//12914,v10_medication_atc,OMOP//OMOP_CONCEPT//4076776,metadata_only,False,,OMOP_CONCEPT,4076776,225144007,Application of dressing to pressure injury,AMSTEL_procedureorderitems_usagi,source_code_omop,high
ORDER_INTENT//82//10616,v10_medication_atc,OMOP//OMOP_CONCEPT//40486624,metadata_only,False,,OMOP_CONCEPT,40486624,447837008,Non-invasive positive pressure ventilation,AMSTEL_procedureorderitems_usagi,source_code_omop,high
ORDER_INTENT//89//8477,v10_medication_atc,OMOP//OMOP_CONCEPT//4221994,metadata_only,False,,OMOP_CONCEPT,4221994,84100007,History taking,AMSTEL_procedureorderitems_usagi,source_code_omop,high
ORDER_INTENT//90//9292,v10_medication_atc,OMOP//OMOP_CONCEPT//4279768,metadata_only,False,,OMOP_CONCEPT,4279768,65677008,Pulmonary catheterization with Swan-Ganz catheter,AMSTEL_procedureorderitems_usagi,source_code_omop,high
ORDER_INTENT//73//9213,v10_medication_atc,OMOP//OMOP_CONCEPT//4218408,metadata_only,False,,OMOP_CONCEPT,4218408,82078001,Collection of blood specimen for laboratory,AMSTEL_procedureorderitems_usagi,source_code_omop,high
ORDER_INTENT//89//9346,v10_medication_atc,OMOP//OMOP_CONCEPT//4200712,metadata_only,False,,OMOP_CONCEPT,4200712,53496003,Irrigation of nasal sinus,AMSTEL_procedureorderitems_usagi,source_code_omop,high
ORDER_INTENT//90//8269,v10_medication_atc,OMOP//OMOP_CONCEPT//4299594,metadata_only,False,,OMOP_CONCEPT,4299594,385756009,Intravenous care management,AMSTEL_procedureorderitems_usagi,source_code_omop,high
ORDER_INTENT//90//9275,v10_medication_atc,OMOP//OMOP_CONCEPT//4251737,metadata_only,False,,OMOP_CONCEPT,4251737,410210009,Ventilator care management,AMSTEL_procedureorderitems_usagi,source_code_omop,high
ORDER_INTENT//81//16680,v10_medication_atc,OMOP//OMOP_CONCEPT//4078793,metadata_only,False,,OMOP_CONCEPT,4078793,180325003,Direct current cardioversion,AMSTEL_procedureorderitems_usagi,source_code_omop,high
ORDER_INTENT//89//20747,v10_medication_atc,OMOP//OMOP_CONCEPT//4250000,metadata_only,False,,OMOP_CONCEPT,4250000,410021007,Urethral catheterization,AMSTEL_procedureorderitems_usagi,source_code_omop,high
ORDER_INTENT//73//12416,v10_medication_atc,OMOP//OMOP_CONCEPT//4218408,metadata_only,False,,OMOP_CONCEPT,4218408,82078001,Collection of blood specimen for laboratory,AMSTEL_procedureorderitems_usagi,source_code_omop,high
ORDER_INTENT//81//21179,v10_medication_atc,OMOP//OMOP_CONCEPT//4051472,metadata_only,False,,OMOP_CONCEPT,4051472,232334003,Replacement of electronic heart device battery,AMSTEL_procedureorderitems_usagi,source_code_omop,high
ORDER_INTENT//101//12897,v10_medication_atc,OMOP//OMOP_CONCEPT//4076776,metadata_only,False,,OMOP_CONCEPT,4076776,225144007,Application of dressing to pressure injury,AMSTEL_procedureorderitems_usagi,source_code_omop,high
ORDER_INTENT//73//12420,v10_medication_atc,OMOP//OMOP_CONCEPT//4218408,metadata_only,False,,OMOP_CONCEPT,4218408,82078001,Collection of blood specimen for laboratory,AMSTEL_procedureorderitems_usagi,source_code_omop,high
ORDER_INTENT//81//16093,v10_medication_atc,OMOP//OMOP_CONCEPT//4177682,metadata_only,False,,OMOP_CONCEPT,4177682,428909008,Biphasic defibrillation procedure,AMSTEL_procedureorderitems_usagi,source_code_omop,high
ORDER_INTENT//90//16340,v10_medication_atc,OMOP//OMOP_CONCEPT//4075347,metadata_only,False,,OMOP_CONCEPT,4075347,225085000,Deflating indwelling urethral catheter balloon,AMSTEL_procedureorderitems_usagi,source_code_omop,high
ORDER_INTENT//90//9501,v10_medication_atc,OMOP//OMOP_CONCEPT//4251736,metadata_only,False,,OMOP_CONCEPT,4251736,410204009,Oxygen therapy management,AMSTEL_procedureorderitems_usagi,source_code_omop,high
ORDER_INTENT//89//10611,v10_medication_atc,OMOP//OMOP_CONCEPT//4218408,metadata_only,False,,OMOP_CONCEPT,4218408,82078001,HI-schema starten,Stage3J_curated_policy,curated_exact_omop_lookup,high
ORDER_INTENT//90//9297,v10_medication_atc,OMOP//OMOP_CONCEPT//4237465,metadata_only,False,,OMOP_CONCEPT,4237465,408877000,Gastric care assessment,AMSTEL_procedureorderitems_usagi,source_code_omop,low
ORDER_INTENT//73//12413,v10_medication_atc,OMOP//OMOP_CONCEPT//4218408,metadata_only,False,,OMOP_CONCEPT,4218408,82078001,Collection of blood specimen for laboratory,AMSTEL_procedureorderitems_usagi,source_code_omop,high
ORDER_INTENT//81//12925,v10_medication_atc,OMOP//OMOP_CONCEPT//4031504,metadata_only,False,,OMOP_CONCEPT,4031504,14393002,Wedge pressure determination,AMSTEL_procedureorderitems_usagi,source_code_omop,high
ORDER_INTENT//81//16164,v10_medication_atc,OMOP//OMOP_CONCEPT//4078793,metadata_only,False,,OMOP_CONCEPT,4078793,180325003,Direct current cardioversion,AMSTEL_procedureorderitems_usagi,source_code_omop,high
ORDER_INTENT//81//21105,v10_medication_atc,OMOP//OMOP_CONCEPT//44791813,metadata_only,False,,OMOP_CONCEPT,44791813,299311000000100,Checking procedure,AMSTEL_procedureorderitems_usagi,source_code_omop,high
ORDER_INTENT//83//9248,v10_medication_atc,OMOP//OMOP_CONCEPT//4179815,metadata_only,False,,OMOP_CONCEPT,4179815,42803009,Electromyography,AMSTEL_procedureorderitems_usagi,source_code_omop,high
ORDER_INTENT//101//12904,v10_medication_atc,OMOP//OMOP_CONCEPT//4076776,metadata_only,False,,OMOP_CONCEPT,4076776,225144007,Application of dressing to pressure injury,AMSTEL_procedureorderitems_usagi,source_code_omop,high
ORDER_INTENT//101//20196,v10_medication_atc,OMOP//OMOP_CONCEPT//37116894,metadata_only,False,,OMOP_CONCEPT,37116894,733920005,Provision of pressure relieving mattress,AMSTEL_procedureorderitems_usagi,source_code_omop,high
ORDER_INTENT//73//21108,v10_medication_atc,OMOP//OMOP_CONCEPT//4218408,metadata_only,False,,OMOP_CONCEPT,4218408,82078001,Collection of blood specimen for laboratory,AMSTEL_procedureorderitems_usagi,source_code_omop,high
ORDER_INTENT//81//16090,v10_medication_atc,OMOP//OMOP_CONCEPT//4078793,metadata_only,False,,OMOP_CONCEPT,4078793,180325003,Direct current cardioversion,AMSTEL_procedureorderitems_usagi,source_code_omop,high
ORDER_INTENT//81//9613,v10_medication_atc,OMOP//OMOP_CONCEPT//4204138,metadata_only,False,,OMOP_CONCEPT,4204138,433695001,Warming subject using infusion of warm intravenous fluid,AMSTEL_procedureorderitems_usagi,source_code_omop,high
ORDER_INTENT//101//12910,v10_medication_atc,OMOP//OMOP_CONCEPT//4076776,metadata_only,False,,OMOP_CONCEPT,4076776,225144007,Application of dressing to pressure injury,AMSTEL_procedureorderitems_usagi,source_code_omop,high
ORDER_INTENT//103//9363,v10_medication_atc,OMOP//OMOP_CONCEPT//4335825,metadata_only,False,,OMOP_CONCEPT,4335825,433236007,Transthoracale echocardiografie (TTE),Stage3J_curated_policy,curated_exact_omop_lookup,high
ORDER_INTENT//73//12926,v10_medication_atc,OMOP//OMOP_CONCEPT//4218408,metadata_only,False,,OMOP_CONCEPT,4218408,82078001,Collection of blood specimen for laboratory,AMSTEL_procedureorderitems_usagi,source_code_omop,high
ORDER_INTENT//89//8617,v10_medication_atc,OMOP//OMOP_CONCEPT//4132738,metadata_only,False,,OMOP_CONCEPT,4132738,127606004,Therapeutic phlebotomy,AMSTEL_procedureorderitems_usagi,source_code_omop,high
ORDER_INTENT//101//12913,v10_medication_atc,OMOP//OMOP_CONCEPT//4076776,metadata_only,False,,OMOP_CONCEPT,4076776,225144007,Application of dressing to pressure injury,AMSTEL_procedureorderitems_usagi,source_code_omop,high
ORDER_INTENT//82//9498,v10_medication_atc,OMOP//OMOP_CONCEPT//4216695,metadata_only,False,,OMOP_CONCEPT,4216695,71786000,Intranasal oxygen therapy,AMSTEL_procedureorderitems_usagi,source_code_omop,high
ORDER_INTENT//89//9262,v10_medication_atc,OMOP//OMOP_CONCEPT//4174208,metadata_only,False,,OMOP_CONCEPT,4174208,49401003,Bone marrow aspiration procedure,AMSTEL_procedureorderitems_usagi,source_code_omop,high
ORDER_INTENT//103//9255,v10_medication_atc,OMOP//OMOP_CONCEPT//4019824,metadata_only,False,,OMOP_CONCEPT,4019824,105376000,Transoesofageale echocardiografie (TEE),Stage3J_curated_policy,curated_exact_omop_lookup,high
ORDER_INTENT//74//9197,v10_medication_atc,OMOP//OMOP_CONCEPT//3040827,metadata_only,False,,OMOP_CONCEPT,3040827,52966-9,Bacteria identified in Anal by Culture,AMSTEL_procedureorderitems_usagi,source_code_omop,high
ORDER_INTENT//90//9502,v10_medication_atc,OMOP//OMOP_CONCEPT//4237467,metadata_only,False,,OMOP_CONCEPT,4237467,408879002,Gastric care management,AMSTEL_procedureorderitems_usagi,source_code_omop,low
ORDER_INTENT//73//9217,v10_medication_atc,OMOP//OMOP_CONCEPT//4218408,metadata_only,False,,OMOP_CONCEPT,4218408,82078001,Collection of blood specimen for laboratory,AMSTEL_procedureorderitems_usagi,source_code_omop,high
ORDER_INTENT//73//9603,v10_medication_atc,OMOP//OMOP_CONCEPT//44806445,metadata_only,False,,OMOP_CONCEPT,44806445,792081000000105,Cytopathology test,AMSTEL_procedureorderitems_usagi,source_code_omop,high
ORDER_INTENT//101//12985,v10_medication_atc,OMOP//OMOP_CONCEPT//4300828,metadata_only,False,,OMOP_CONCEPT,4300828,385942004,Wound care management,AMSTEL_procedureorderitems_usagi,source_code_omop,high
ORDER_INTENT//73//12991,v10_medication_atc,OMOP//OMOP_CONCEPT//4218408,metadata_only,False,,OMOP_CONCEPT,4218408,82078001,Collection of blood specimen for laboratory,AMSTEL_procedureorderitems_usagi,source_code_omop,high
ORDER_INTENT//73//9211,v10_medication_atc,OMOP//OMOP_CONCEPT//4218408,metadata_only,False,,OMOP_CONCEPT,4218408,82078001,Collection of blood specimen for laboratory,AMSTEL_procedureorderitems_usagi,source_code_omop,high
ORDER_INTENT//81//16165,v10_medication_atc,OMOP//OMOP_CONCEPT//4026048,metadata_only,False,,OMOP_CONCEPT,4026048,225708008,Precordial thump,AMSTEL_procedureorderitems_usagi,source_code_omop,high
ORDER_INTENT//90//9276,v10_medication_atc,OMOP//OMOP_CONCEPT//4251737,metadata_only,False,,OMOP_CONCEPT,4251737,410210009,Ventilator care management,AMSTEL_procedureorderitems_usagi,source_code_omop,low
ORDER_INTENT//101//12988,v10_medication_atc,OMOP//OMOP_CONCEPT//4300828,metadata_only,False,,OMOP_CONCEPT,4300828,385942004,Wound care management,AMSTEL_procedureorderitems_usagi,source_code_omop,high
ORDER_INTENT//103//9256,v10_medication_atc,OMOP//OMOP_CONCEPT//4335825,metadata_only,False,,OMOP_CONCEPT,4335825,433236007,Transthoracale echocardiografie (TTE) oud,Stage3J_curated_policy,curated_exact_omop_lookup,high
ORDER_INTENT//81//9256,v10_medication_atc,OMOP//OMOP_CONCEPT//4335825,metadata_only,False,,OMOP_CONCEPT,4335825,433236007,Transthoracic echocardiography,AMSTEL_procedureorderitems_usagi,source_code_omop,high
ORDER_INTENT//82//9496,v10_medication_atc,OMOP//OMOP_CONCEPT//4138487,metadata_only,False,,OMOP_CONCEPT,4138487,426294006,Face tent oxygen delivery device,AMSTEL_procedureorderitems_usagi,source_code_omop,high
ORDER_INTENT//86//19605,v10_medication_atc,OMOP//OMOP_CONCEPT//0,metadata_only,False,,OMOP_CONCEPT,0,No matching concept,Unmapped,AMSTEL_procedureorderitems_usagi,source_code_omop,low
ORDER_INTENT//89//9263,v10_medication_atc,OMOP//OMOP_CONCEPT//4257889,metadata_only,False,,OMOP_CONCEPT,4257889,440009003,Insertion of needle for intraosseous infusion,AMSTEL_procedureorderitems_usagi,source_code_omop,high
ORDER_INTENT//90//9353,v10_medication_atc,OMOP//OMOP_CONCEPT//4013485,metadata_only,False,,OMOP_CONCEPT,4013485,112861000,Replacement of nasogastric tube,AMSTEL_procedureorderitems_usagi,source_code_omop,high
PROCESS_INTERVAL//9422,v10_medication_atc,OMOP//OMOP_CONCEPT//4219637,dynamic_event,True,,OMOP_CONCEPT,4219637,82449006,Peripheral intravenous catheter,AMSTEL_processitems_usagi,source_code_omop,high
PROCESS_INTERVAL//9417,v10_medication_atc,OMOP//OMOP_CONCEPT//45772272,dynamic_event/device_support,True,,OMOP_CONCEPT,45772272,465037000,Nasogastric feeding tube,AMSTEL_processitems_usagi,source_code_omop,high
PROCESS_INTERVAL//9159,v10_medication_atc,OMOP//OMOP_CONCEPT//4118298,dynamic_event/device_support,True,,OMOP_CONCEPT,4118298,303727009,Arterial catheter,AMSTEL_processitems_usagi,source_code_omop,high
PROCESS_INTERVAL//9415,v10_medication_atc,OMOP//OMOP_CONCEPT//4070667,dynamic_event/device_support,True,,OMOP_CONCEPT,4070667,20568009,Urinary catheter,AMSTEL_processitems_usagi,source_code_omop,high
PROCESS_INTERVAL//9328,v10_medication_atc,OMOP//OMOP_CONCEPT//4230167,dynamic_event,True,,OMOP_CONCEPT,4230167,40617009,Artificial ventilation,AMSTEL_processitems_usagi,source_code_omop,high
PROCESS_INTERVAL//12634,v10_medication_atc,OMOP//OMOP_CONCEPT//4097216,dynamic_event/device_support,True,,OMOP_CONCEPT,4097216,26412008,Endotracheal tube,AMSTEL_processitems_usagi,source_code_omop,high
PROCESS_INTERVAL//9166,v10_medication_atc,OMOP//OMOP_CONCEPT//4006845,dynamic_event/device_support,True,,OMOP_CONCEPT,4006845,12123001,Internal jugular vein structure,AMSTEL_processitems_usagi,source_code_omop,high
PROCESS_INTERVAL//9403,v10_medication_atc,OMOP//OMOP_CONCEPT//4121351,dynamic_event,True,,OMOP_CONCEPT,4121351,258643002,Chest drain,AMSTEL_processitems_usagi,source_code_omop,high
PROCESS_INTERVAL//9174,v10_medication_atc,OMOP//OMOP_CONCEPT//4006845,dynamic_event,True,,OMOP_CONCEPT,4006845,12123001,Internal jugular vein structure,AMSTEL_processitems_usagi,source_code_omop,high
PROCESS_INTERVAL//9399,v10_medication_atc,OMOP//OMOP_CONCEPT//4119547,dynamic_event,True,,OMOP_CONCEPT,4119547,258646005,Wound drain,AMSTEL_processitems_usagi,source_code_omop,high
PROCESS_INTERVAL//12465,v10_medication_atc,OMOP//OMOP_CONCEPT//4051330,dynamic_event,True,,OMOP_CONCEPT,4051330,233585000,Continuous venovenous hemofiltration,AMSTEL_processitems_usagi,source_code_omop,high
PROCESS_INTERVAL//9520,v10_medication_atc,OMOP//OMOP_CONCEPT//4329660,dynamic_event,True,,OMOP_CONCEPT,4329660,431949004,Active external warming of subject,AMSTEL_processitems_usagi,source_code_omop,high
PROCESS_INTERVAL//9614,v10_medication_atc,OMOP//OMOP_CONCEPT//4162232,dynamic_event,True,,OMOP_CONCEPT,4162232,398120000,Large-bore introducer,AMSTEL_processitems_usagi,source_code_omop,high
PROCESS_INTERVAL//9671,v10_medication_atc,OMOP//OMOP_CONCEPT//607086,dynamic_event,True,,OMOP_CONCEPT,607086,1149092001,Positive pressure ventilation,AMSTEL_processitems_usagi,source_code_omop,high
PROCESS_INTERVAL//9541,v10_medication_atc,OMOP//OMOP_CONCEPT//4231009,dynamic_event,True,,OMOP_CONCEPT,4231009,360125003,Cardiac pacemaker electrode,AMSTEL_processitems_usagi,source_code_omop,high
PROCESS_INTERVAL//9400,v10_medication_atc,OMOP//OMOP_CONCEPT//4119547,dynamic_event,True,,OMOP_CONCEPT,4119547,258646005,Wound drain,AMSTEL_processitems_usagi,source_code_omop,high
PROCESS_INTERVAL//9167,v10_medication_atc,OMOP//OMOP_CONCEPT//4179206,dynamic_event/device_support,True,,OMOP_CONCEPT,4179206,52124006,Central venous catheter,AMSTEL_processitems_usagi,source_code_omop,high
PROCESS_INTERVAL//9349,v10_medication_atc,OMOP//OMOP_CONCEPT//4097216,dynamic_event/device_support,True,,OMOP_CONCEPT,4097216,26412008,Endotracheal tube,AMSTEL_processitems_usagi,source_code_omop,high
PROCESS_INTERVAL//9350,v10_medication_atc,OMOP//OMOP_CONCEPT//4097216,dynamic_event/device_support,True,,OMOP_CONCEPT,4097216,26412008,Endotracheal tube,AMSTEL_processitems_usagi,source_code_omop,high
PROCESS_INTERVAL//9419,v10_medication_atc,OMOP//OMOP_CONCEPT//45772272,dynamic_event,True,,OMOP_CONCEPT,45772272,465037000,Nasogastric feeding tube,AMSTEL_processitems_usagi,source_code_omop,high
PROCESS_INTERVAL//9348,v10_medication_atc,OMOP//OMOP_CONCEPT//4097216,dynamic_event/device_support,True,,OMOP_CONCEPT,4097216,26412008,Endotracheal tube,AMSTEL_processitems_usagi,source_code_omop,high
PROCESS_INTERVAL//15148,v10_medication_atc,OMOP//OMOP_CONCEPT//4173947,dynamic_event,True,,OMOP_CONCEPT,4173947,422972009,Advance diet as tolerated,AMSTEL_processitems_usagi,source_code_omop,high
PROCESS_INTERVAL//12635,v10_medication_atc,OMOP//OMOP_CONCEPT//4044008,dynamic_event/device_support,True,,OMOP_CONCEPT,4044008,129121000,Tracheostomy tube,AMSTEL_processitems_usagi,source_code_omop,high
PROCESS_INTERVAL//9187,v10_medication_atc,OMOP//OMOP_CONCEPT//36662296,dynamic_event,True,,OMOP_CONCEPT,36662296,LA30810-8,External pacemaker,AMSTEL_processitems_usagi,source_code_omop,high
PROCESS_INTERVAL//10740,v10_medication_atc,OMOP//OMOP_CONCEPT//40486624,dynamic_event,True,,OMOP_CONCEPT,40486624,447837008,Non-invasive positive pressure ventilation,AMSTEL_processitems_usagi,source_code_omop,high
PROCESS_INTERVAL//13173,v10_medication_atc,OMOP//OMOP_CONCEPT//2616721,metadata_only,False,,OMOP_CONCEPT,2616721,E0710,"Restraints, any type (body, chest, wrist or ankle)",AMSTEL_processitems_usagi,source_code_omop,high
PROCESS_INTERVAL//9186,v10_medication_atc,OMOP//OMOP_CONCEPT//4063510,dynamic_event/device_support,True,,OMOP_CONCEPT,4063510,17137000,Structure of brachial artery,AMSTEL_processitems_usagi,source_code_omop,high
PROCESS_INTERVAL//9170,v10_medication_atc,OMOP//OMOP_CONCEPT//4006845,dynamic_event/device_support,True,,OMOP_CONCEPT,4006845,12123001,Internal jugular vein structure,AMSTEL_processitems_usagi,source_code_omop,high
PROCESS_INTERVAL//9327,v10_medication_atc,OMOP//OMOP_CONCEPT//4298267,metadata_only,False,,OMOP_CONCEPT,4298267,386321000,Hemodynamic regulation,AMSTEL_processitems_usagi,source_code_omop,low
PROCESS_INTERVAL//9165,v10_medication_atc,OMOP//OMOP_CONCEPT//4179206,dynamic_event/device_support,True,,OMOP_CONCEPT,4179206,52124006,Central venous catheter,AMSTEL_processitems_usagi,source_code_omop,high
PROCESS_INTERVAL//9404,v10_medication_atc,OMOP//OMOP_CONCEPT//4121351,dynamic_event,True,,OMOP_CONCEPT,4121351,258643002,Chest drain,AMSTEL_processitems_usagi,source_code_omop,high
PROCESS_INTERVAL//9160,v10_medication_atc,OMOP//OMOP_CONCEPT//4118298,dynamic_event/device_support,True,,OMOP_CONCEPT,4118298,303727009,Arterial catheter,AMSTEL_processitems_usagi,source_code_omop,high
PROCESS_INTERVAL//9410,v10_medication_atc,OMOP//OMOP_CONCEPT//4086433,dynamic_event,True,,OMOP_CONCEPT,4086433,241741007,Active cooling of patient,AMSTEL_processitems_usagi,source_code_omop,high
PROCESS_INTERVAL//9169,v10_medication_atc,OMOP//OMOP_CONCEPT//4179206,dynamic_event/device_support,True,,OMOP_CONCEPT,4179206,52124006,Central venous catheter,AMSTEL_processitems_usagi,source_code_omop,high
PROCESS_INTERVAL//9161,v10_medication_atc,OMOP//OMOP_CONCEPT//42872871,dynamic_event/device_support,True,,OMOP_CONCEPT,42872871,450866001,Hemodialysis catheter,AMSTEL_processitems_usagi,source_code_omop,high
PROCESS_INTERVAL//9448,v10_medication_atc,OMOP//OMOP_CONCEPT//4308797,dynamic_event,True,,OMOP_CONCEPT,4308797,424139009,Trial of spontaneous breathing,AMSTEL_processitems_usagi,source_code_omop,high
PROCESS_INTERVAL//9373,v10_medication_atc,OMOP//OMOP_CONCEPT//4081119,dynamic_event,True,,OMOP_CONCEPT,4081119,182923009,Nil by mouth,AMSTEL_processitems_usagi,source_code_omop,high
PROCESS_INTERVAL//9168,v10_medication_atc,OMOP//OMOP_CONCEPT//4179206,dynamic_event/device_support,True,,OMOP_CONCEPT,4179206,52124006,Central venous catheter,AMSTEL_processitems_usagi,source_code_omop,high
PROCESS_INTERVAL//15867,v10_medication_atc,OMOP//OMOP_CONCEPT//4082555,metadata_only,False,,OMOP_CONCEPT,4082555,183144004,Antithromboembolic stockings,AMSTEL_processitems_usagi,source_code_omop,high
PROCESS_INTERVAL//15717,v10_medication_atc,OMOP//OMOP_CONCEPT//4086425,dynamic_event,True,,OMOP_CONCEPT,4086425,241716000,Patient controlled analgesia,AMSTEL_processitems_usagi,source_code_omop,high
PROCESS_INTERVAL//9180,v10_medication_atc,OMOP//OMOP_CONCEPT//4148006,dynamic_event/device_support,True,,OMOP_CONCEPT,4148006,30610008,Epidural catheter,AMSTEL_processitems_usagi,source_code_omop,high
PROCESS_INTERVAL//15718,v10_medication_atc,OMOP//OMOP_CONCEPT//4287923,dynamic_event,True,,OMOP_CONCEPT,4287923,397905008,Patient controlled epidural analgesia,AMSTEL_processitems_usagi,source_code_omop,high
PROCESS_INTERVAL//15603,v10_medication_atc,OMOP//OMOP_CONCEPT//4224054,dynamic_event,True,,OMOP_CONCEPT,4224054,339133003,Fecal collector,AMSTEL_processitems_usagi,source_code_omop,high
PROCESS_INTERVAL//7927,v10_medication_atc,OMOP//OMOP_CONCEPT//4196006,dynamic_event,True,,OMOP_CONCEPT,4196006,431182000,Placing subject in prone position,AMSTEL_processitems_usagi,source_code_omop,high
PROCESS_INTERVAL//15146,v10_medication_atc,OMOP//OMOP_CONCEPT//763072,dynamic_event,True,,OMOP_CONCEPT,763072,435751000124101,Full liquid diet,AMSTEL_processitems_usagi,source_code_omop,high
PROCESS_INTERVAL//9188,v10_medication_atc,OMOP//OMOP_CONCEPT//45877830,dynamic_event/device_support,True,,OMOP_CONCEPT,45877830,LA17812-1,Catheter,AMSTEL_processitems_usagi,source_code_omop,high
PROCESS_INTERVAL//15170,v10_medication_atc,OMOP//OMOP_CONCEPT//4077521,metadata_only,False,,OMOP_CONCEPT,4077521,275823006,Isolation nursing,AMSTEL_processitems_usagi,source_code_omop,high
PROCESS_INTERVAL//12936,v10_medication_atc,OMOP//OMOP_CONCEPT//4190807,dynamic_event,True,,OMOP_CONCEPT,4190807,390792008,Target international normalized ratio,AMSTEL_processitems_usagi,source_code_omop,high
PROCESS_INTERVAL//9601,v10_medication_atc,OMOP//OMOP_CONCEPT//36674512,dynamic_event,True,,OMOP_CONCEPT,36674512,778015001,Pressure bandage,AMSTEL_processitems_usagi,source_code_omop,high
PROCESS_INTERVAL//15145,v10_medication_atc,OMOP//OMOP_CONCEPT//763071,dynamic_event,True,,OMOP_CONCEPT,763071,435741000124103,Clear liquid diet,AMSTEL_processitems_usagi,source_code_omop,high
PROCESS_INTERVAL//9401,v10_medication_atc,OMOP//OMOP_CONCEPT//4119547,dynamic_event,True,,OMOP_CONCEPT,4119547,258646005,Wound drain,AMSTEL_processitems_usagi,source_code_omop,high
PROCESS_INTERVAL//9162,v10_medication_atc,OMOP//OMOP_CONCEPT//4006845,dynamic_event/device_support,True,,OMOP_CONCEPT,4006845,12123001,Internal jugular vein structure,AMSTEL_processitems_usagi,source_code_omop,high
PROCESS_INTERVAL//15793,v10_medication_atc,OMOP//OMOP_CONCEPT//4224054,dynamic_event,True,,OMOP_CONCEPT,4224054,339133003,Fecal collector,AMSTEL_processitems_usagi,source_code_omop,high
PROCESS_INTERVAL//9381,v10_medication_atc,OMOP//OMOP_CONCEPT//4041848,dynamic_event,True,,OMOP_CONCEPT,4041848,229824005,Positioning patient,AMSTEL_processitems_usagi,source_code_omop,high
PROCESS_INTERVAL//12539,v10_medication_atc,OMOP//OMOP_CONCEPT//4160628,dynamic_event,True,,OMOP_CONCEPT,4160628,371793003,Catheter sheath,AMSTEL_processitems_usagi,source_code_omop,high
PROCESS_INTERVAL//10430,v10_medication_atc,OMOP//OMOP_CONCEPT//4163287,dynamic_event,True,,OMOP_CONCEPT,4163287,399217008,Cardioassist by aortic balloon pump,AMSTEL_processitems_usagi,source_code_omop,high
PROCESS_INTERVAL//9374,v10_medication_atc,OMOP//OMOP_CONCEPT//37312086,dynamic_event,True,,OMOP_CONCEPT,37312086,792805006,Fasting,AMSTEL_processitems_usagi,source_code_omop,high
PROCESS_INTERVAL//9385,v10_medication_atc,OMOP//OMOP_CONCEPT//4322976,dynamic_event,True,,OMOP_CONCEPT,4322976,71388002,Procedure,AMSTEL_processitems_usagi,source_code_omop,high
PROCESS_INTERVAL//15738,v10_medication_atc,OMOP//OMOP_CONCEPT//45772284,dynamic_event,True,,OMOP_CONCEPT,45772284,465186000,Tracheostomy tube speech valve,AMSTEL_processitems_usagi,source_code_omop,high
PROCESS_INTERVAL//13422,v10_medication_atc,OMOP//OMOP_CONCEPT//37017497,dynamic_event/device_support,True,,OMOP_CONCEPT,37017497,713781005,Triple lumen hemodialysis catheter,AMSTEL_processitems_usagi,source_code_omop,high
PROCESS_INTERVAL//9492,v10_medication_atc,OMOP//OMOP_CONCEPT//4077521,metadata_only,False,,OMOP_CONCEPT,4077521,275823006,Isolation nursing,AMSTEL_processitems_usagi,source_code_omop,high
PROCESS_INTERVAL//9441,v10_medication_atc,OMOP//OMOP_CONCEPT//4145643,metadata_only,False,,OMOP_CONCEPT,4145643,266686005,Procedures relating to splintage and immobilization,AMSTEL_processitems_usagi,source_code_omop,low
PROCESS_INTERVAL//9325,v10_medication_atc,OMOP//OMOP_CONCEPT//4072633,dynamic_event,True,,OMOP_CONCEPT,4072633,243174005,Weaning from mechanically assisted ventilation,AMSTEL_processitems_usagi,source_code_omop,high
PROCESS_INTERVAL//9175,v10_medication_atc,OMOP//OMOP_CONCEPT//4262295,dynamic_event,True,,OMOP_CONCEPT,4262295,397755005,Pulmonary artery catheter,AMSTEL_processitems_usagi,source_code_omop,high
PROCESS_INTERVAL//9407,v10_medication_atc,OMOP//OMOP_CONCEPT//45773325,metadata_only,False,,OMOP_CONCEPT,45773325,701883000,Cerebrospinal fluid pressure regulation system,AMSTEL_processitems_usagi,source_code_omop,low
PROCESS_INTERVAL//10731,v10_medication_atc,OMOP//OMOP_CONCEPT//4225137,dynamic_event,True,,OMOP_CONCEPT,4225137,339648008,Colostomy bag,AMSTEL_processitems_usagi,source_code_omop,high
PROCESS_INTERVAL//10620,v10_medication_atc,OMOP//OMOP_CONCEPT//4118298,dynamic_event/device_support,True,,OMOP_CONCEPT,4118298,303727009,Arterial catheter,AMSTEL_processitems_usagi,source_code_omop,high
PROCESS_INTERVAL//9181,v10_medication_atc,OMOP//OMOP_CONCEPT//45773325,metadata_only,False,,OMOP_CONCEPT,45773325,701883000,Cerebrospinal fluid pressure regulation system,AMSTEL_processitems_usagi,source_code_omop,low
PROCESS_INTERVAL//9411,v10_medication_atc,OMOP//OMOP_CONCEPT//4117709,metadata_only,False,,OMOP_CONCEPT,4117709,286861005,Suprapubic catheter,AMSTEL_processitems_usagi,source_code_omop,low
PROCESS_INTERVAL//9625,v10_medication_atc,OMOP//OMOP_CONCEPT//45758185,dynamic_event,True,,OMOP_CONCEPT,45758185,462741000,Patient-controlled analgesia infusion pump,AMSTEL_processitems_usagi,source_code_omop,high
PROCESS_INTERVAL//7926,v10_medication_atc,OMOP//OMOP_CONCEPT//4327195,metadata_only,False,,OMOP_CONCEPT,4327195,74923002,Mobilization,AMSTEL_processitems_usagi,source_code_omop,high
PROCESS_INTERVAL//9387,v10_medication_atc,OMOP//OMOP_CONCEPT//2007688,dynamic_event,True,,OMOP_CONCEPT,2007688,93.99,Other respiratory procedures,AMSTEL_processitems_usagi,source_code_omop,high
PROCESS_INTERVAL//9574,v10_medication_atc,OMOP//OMOP_CONCEPT//4151721,dynamic_event,True,,OMOP_CONCEPT,4151721,270899000,Gastric drainage by stomach pump,AMSTEL_processitems_usagi,source_code_omop,high
PROCESS_INTERVAL//9163,v10_medication_atc,OMOP//OMOP_CONCEPT//42872871,dynamic_event/device_support,True,,OMOP_CONCEPT,42872871,450866001,Hemodialysis catheter,AMSTEL_processitems_usagi,source_code_omop,high
PROCESS_INTERVAL//16362,v10_medication_atc,OMOP//OMOP_CONCEPT//4083913,dynamic_event,True,,OMOP_CONCEPT,4083913,2475000,"Urine specimen collection, 24 hours",AMSTEL_processitems_usagi,source_code_omop,high
PROCESS_INTERVAL//9521,v10_medication_atc,OMOP//OMOP_CONCEPT//44792363,dynamic_event,True,,OMOP_CONCEPT,44792363,325311000000102,Passive warming of patient,AMSTEL_processitems_usagi,source_code_omop,high
PROCESS_INTERVAL//9384,v10_medication_atc,OMOP//OMOP_CONCEPT//4203094,dynamic_event,True,,OMOP_CONCEPT,4203094,309516002,Neurological therapy,AMSTEL_processitems_usagi,source_code_omop,high
PROCESS_INTERVAL//9380,v10_medication_atc,OMOP//OMOP_CONCEPT//4293032,dynamic_event,True,,OMOP_CONCEPT,4293032,384719006,Procedure on gastrointestinal tract,AMSTEL_processitems_usagi,source_code_omop,high
PROCESS_INTERVAL//9544,v10_medication_atc,OMOP//OMOP_CONCEPT//42872974,dynamic_event,True,,OMOP_CONCEPT,42872974,450969007,Negative pressure wound dressing,AMSTEL_processitems_usagi,source_code_omop,high
PROCESS_INTERVAL//9537,v10_medication_atc,OMOP//OMOP_CONCEPT//36674387,dynamic_event/device_support,True,,OMOP_CONCEPT,36674387,773725001,Nasoduodenal feeding tube,AMSTEL_processitems_usagi,source_code_omop,high
PROCESS_INTERVAL//9514,v10_medication_atc,OMOP//OMOP_CONCEPT//0,metadata_only,False,,OMOP_CONCEPT,0,No matching concept,Unmapped,AMSTEL_processitems_usagi,source_code_omop,low
PROCESS_INTERVAL//9386,v10_medication_atc,OMOP//OMOP_CONCEPT//4217020,dynamic_event,True,,OMOP_CONCEPT,4217020,72353004,Psychosocial procedure,AMSTEL_processitems_usagi,source_code_omop,high
PROCESS_INTERVAL//10612,v10_medication_atc,OMOP//OMOP_CONCEPT//0,metadata_only,False,,OMOP_CONCEPT,0,No matching concept,Unmapped,AMSTEL_processitems_usagi,source_code_omop,low
PROCESS_INTERVAL//9382,v10_medication_atc,OMOP//OMOP_CONCEPT//4040401,dynamic_event,True,,OMOP_CONCEPT,4040401,118718002,Procedure on skin,AMSTEL_processitems_usagi,source_code_omop,high
PROCESS_INTERVAL//9173,v10_medication_atc,OMOP//OMOP_CONCEPT//4262295,dynamic_event,True,,OMOP_CONCEPT,4262295,397755005,Pulmonary artery catheter,AMSTEL_processitems_usagi,source_code_omop,high
PROCESS_INTERVAL//10732,v10_medication_atc,OMOP//OMOP_CONCEPT//4218999,dynamic_event,True,,OMOP_CONCEPT,4218999,417136005,Ileostomy bag,AMSTEL_processitems_usagi,source_code_omop,high
PROCESS_INTERVAL//15144,v10_medication_atc,OMOP//OMOP_CONCEPT//4056973,dynamic_event,True,,OMOP_CONCEPT,4056973,182922004,Dietary regime,AMSTEL_processitems_usagi,source_code_omop,high
PROCESS_INTERVAL//12540,v10_medication_atc,OMOP//OMOP_CONCEPT//4124377,metadata_only,False,,OMOP_CONCEPT,4124377,303728004,Venous catheter,AMSTEL_processitems_usagi,source_code_omop,low
PROCESS_INTERVAL//9379,v10_medication_atc,OMOP//OMOP_CONCEPT//4121583,dynamic_event,True,,OMOP_CONCEPT,4121583,288176006,Circulation maintenance,AMSTEL_processitems_usagi,source_code_omop,high
PROCESS_INTERVAL//9388,v10_medication_atc,OMOP//OMOP_CONCEPT//4181165,dynamic_event,True,,OMOP_CONCEPT,4181165,429723008,Procedure involving urinary catheter,AMSTEL_processitems_usagi,source_code_omop,high
PROCESS_INTERVAL//9477,v10_medication_atc,OMOP//OMOP_CONCEPT//4328014,dynamic_event,True,,OMOP_CONCEPT,4328014,431208008,Active core warming of subject,AMSTEL_processitems_usagi,source_code_omop,high
PROCESS_INTERVAL//10730,v10_medication_atc,OMOP//OMOP_CONCEPT//4129555,dynamic_event,True,,OMOP_CONCEPT,4129555,126065006,Jejunostomy tube,AMSTEL_processitems_usagi,source_code_omop,high
PROCESS_INTERVAL//9436,v10_medication_atc,OMOP//OMOP_CONCEPT//0,metadata_only,False,,OMOP_CONCEPT,0,No matching concept,Unmapped,AMSTEL_processitems_usagi,source_code_omop,low
PROCESS_INTERVAL//13483,v10_medication_atc,OMOP//OMOP_CONCEPT//0,metadata_only,False,,OMOP_CONCEPT,0,No matching concept,Unmapped,AMSTEL_processitems_usagi,source_code_omop,low
PROCESS_INTERVAL//14834,v10_medication_atc,OMOP//OMOP_CONCEPT//4203429,dynamic_event,True,,OMOP_CONCEPT,4203429,308693008,Induction of hypothermia,AMSTEL_processitems_usagi,source_code_omop,high
PROCESS_INTERVAL//9412,v10_medication_atc,OMOP//OMOP_CONCEPT//4225145,dynamic_event,True,,OMOP_CONCEPT,4225145,344088002,Urostomy bag,AMSTEL_processitems_usagi,source_code_omop,high
PROCESS_INTERVAL//9531,v10_medication_atc,OMOP//OMOP_CONCEPT//4103309,dynamic_event,True,,OMOP_CONCEPT,4103309,25389001,Fluid restriction,AMSTEL_processitems_usagi,source_code_omop,high
PROCESS_INTERVAL//18736,v10_medication_atc,OMOP//OMOP_CONCEPT//4122364,dynamic_event,True,,OMOP_CONCEPT,4122364,258622003,Arteriovenous shunt,AMSTEL_processitems_usagi,source_code_omop,high
PROCESS_INTERVAL//9185,v10_medication_atc,OMOP//OMOP_CONCEPT//4160628,dynamic_event,True,,OMOP_CONCEPT,4160628,371793003,Catheter sheath,AMSTEL_processitems_usagi,source_code_omop,high
PROCESS_INTERVAL//9405,v10_medication_atc,OMOP//OMOP_CONCEPT//4121351,dynamic_event,True,,OMOP_CONCEPT,4121351,258643002,Chest drain,AMSTEL_processitems_usagi,source_code_omop,high
PROCESS_INTERVAL//10428,v10_medication_atc,OMOP//OMOP_CONCEPT//45772272,dynamic_event/device_support,True,,OMOP_CONCEPT,45772272,465037000,Nasogastric feeding tube,AMSTEL_processitems_usagi,source_code_omop,high
PROCESS_INTERVAL//9406,v10_medication_atc,OMOP//OMOP_CONCEPT//36717545,dynamic_event,True,,OMOP_CONCEPT,36717545,722264005,Wound irrigation cannula,AMSTEL_processitems_usagi,source_code_omop,high
PROCESS_INTERVAL//9402,v10_medication_atc,OMOP//OMOP_CONCEPT//4119547,dynamic_event,True,,OMOP_CONCEPT,4119547,258646005,Wound drain,AMSTEL_processitems_usagi,source_code_omop,high
PROCESS_INTERVAL//18742,v10_medication_atc,OMOP//OMOP_CONCEPT//4042424,dynamic_event,True,,OMOP_CONCEPT,4042424,16650009,Splint,AMSTEL_processitems_usagi,source_code_omop,high
PROCESS_INTERVAL//18740,v10_medication_atc,OMOP//OMOP_CONCEPT//4167916,dynamic_event,True,,OMOP_CONCEPT,4167916,275349007,Absence of skull bone,AMSTEL_processitems_usagi,source_code_omop,high
PROCESS_INTERVAL//19734,v10_medication_atc,OMOP//OMOP_CONCEPT//4082905,dynamic_event,True,,OMOP_CONCEPT,4082905,183189003,Rigid collar,AMSTEL_processitems_usagi,source_code_omop,high
PROCESS_INTERVAL//15143,v10_medication_atc,OMOP//OMOP_CONCEPT//4298279,dynamic_event,True,,OMOP_CONCEPT,4298279,386373004,Nutrition therapy,AMSTEL_processitems_usagi,source_code_omop,high
PROCESS_INTERVAL//16358,v10_medication_atc,OMOP//OMOP_CONCEPT//45765199,dynamic_event,True,,OMOP_CONCEPT,45765199,702072005,Bone access cannula,AMSTEL_processitems_usagi,source_code_omop,high
PROCESS_INTERVAL//12579,v10_medication_atc,OMOP//OMOP_CONCEPT//45762340,dynamic_event,True,,OMOP_CONCEPT,45762340,468921008,Drainage biliary catheter,AMSTEL_processitems_usagi,source_code_omop,high
PROCESS_INTERVAL//19888,v10_medication_atc,OMOP//OMOP_CONCEPT//45773298,dynamic_event,True,,OMOP_CONCEPT,45773298,701501006,Radial artery compression device,AMSTEL_processitems_usagi,source_code_omop,high
PROCESS_INTERVAL//9523,v10_medication_atc,OMOP//OMOP_CONCEPT//4234965,dynamic_event,True,,OMOP_CONCEPT,4234965,408099007,Suture,AMSTEL_processitems_usagi,source_code_omop,high
PROCESS_INTERVAL//9493,v10_medication_atc,OMOP//OMOP_CONCEPT//0,metadata_only,False,,OMOP_CONCEPT,0,No matching concept,Unmapped,AMSTEL_processitems_usagi,source_code_omop,low
PROCESS_INTERVAL//9184,v10_medication_atc,OMOP//OMOP_CONCEPT//4147758,dynamic_event,True,,OMOP_CONCEPT,4147758,35870000,Cerebrospinal catheter,AMSTEL_processitems_usagi,source_code_omop,high
PROCESS_INTERVAL//13005,v10_medication_atc,OMOP//OMOP_CONCEPT//45760112,dynamic_event,True,,OMOP_CONCEPT,45760112,465681009,Rectal irrigation system catheter,AMSTEL_processitems_usagi,source_code_omop,high
PROCESS_INTERVAL//9596,v10_medication_atc,OMOP//OMOP_CONCEPT//4179206,dynamic_event/device_support,True,,OMOP_CONCEPT,4179206,52124006,Central venous catheter,AMSTEL_processitems_usagi,source_code_omop,high
PROCESS_INTERVAL//9164,v10_medication_atc,OMOP//OMOP_CONCEPT//4044874,dynamic_event,True,,OMOP_CONCEPT,4044874,129113006,Intra-aortic balloon pump,AMSTEL_processitems_usagi,source_code_omop,high
PROCESS_INTERVAL//9478,v10_medication_atc,OMOP//OMOP_CONCEPT//0,metadata_only,False,,OMOP_CONCEPT,0,No matching concept,Unmapped,AMSTEL_processitems_usagi,source_code_omop,low
PROCESS_INTERVAL//18955,v10_medication_atc,OMOP//OMOP_CONCEPT//4266238,dynamic_event,True,,OMOP_CONCEPT,4266238,61330002,Nasopharyngeal airway device,AMSTEL_processitems_usagi,source_code_omop,high
PROCESS_INTERVAL//9171,v10_medication_atc,OMOP//OMOP_CONCEPT//4044008,dynamic_event/device_support,True,,OMOP_CONCEPT,4044008,129121000,Tracheostomy tube,AMSTEL_processitems_usagi,source_code_omop,high
PROCESS_INTERVAL//9323,v10_medication_atc,OMOP//OMOP_CONCEPT//4205539,dynamic_event,True,,OMOP_CONCEPT,4205539,308739004,Repositioning,AMSTEL_processitems_usagi,source_code_omop,high
PROCESS_INTERVAL//10619,v10_medication_atc,OMOP//OMOP_CONCEPT//4118298,dynamic_event/device_support,True,,OMOP_CONCEPT,4118298,303727009,Arterial catheter,AMSTEL_processitems_usagi,source_code_omop,high
PROCESS_INTERVAL//19360,v10_medication_atc,OMOP//OMOP_CONCEPT//45772840,dynamic_event,True,,OMOP_CONCEPT,45772840,706004007,Implantable cardiac pacemaker,AMSTEL_processitems_usagi,source_code_omop,high
PROCESS_INTERVAL//18741,v10_medication_atc,OMOP//OMOP_CONCEPT//4040386,dynamic_event,True,,OMOP_CONCEPT,4040386,118643004,Cast,AMSTEL_processitems_usagi,source_code_omop,high
PROCESS_INTERVAL//19986,v10_medication_atc,OMOP//OMOP_CONCEPT//4077521,metadata_only,False,,OMOP_CONCEPT,4077521,275823006,Isolation nursing,AMSTEL_processitems_usagi,source_code_omop,high
PROCESS_INTERVAL//9437,v10_medication_atc,OMOP//OMOP_CONCEPT//2000097,dynamic_event,True,,OMOP_CONCEPT,2000097,01.10,Intracranial pressure monitoring,AMSTEL_processitems_usagi,source_code_omop,high
PROCESS_INTERVAL//9524,v10_medication_atc,OMOP//OMOP_CONCEPT//44808672,dynamic_event,True,,OMOP_CONCEPT,44808672,859421000000104,Placing in supine position,AMSTEL_processitems_usagi,source_code_omop,high
PROCESS_INTERVAL//16363,v10_medication_atc,OMOP//OMOP_CONCEPT//4120120,dynamic_event,True,,OMOP_CONCEPT,4120120,302497006,Hemodialysis,AMSTEL_processitems_usagi,source_code_omop,high
PROCESS_INTERVAL//9495,v10_medication_atc,OMOP//OMOP_CONCEPT//4077521,metadata_only,False,,OMOP_CONCEPT,4077521,275823006,Isolation nursing,AMSTEL_processitems_usagi,source_code_omop,high
PROCESS_INTERVAL//14759,v10_medication_atc,OMOP//OMOP_CONCEPT//2615771,dynamic_event,True,,OMOP_CONCEPT,2615771,C1760,"Closure device, vascular (implantable/insertable)",AMSTEL_processitems_usagi,source_code_omop,high
PROCESS_INTERVAL//9177,v10_medication_atc,OMOP//OMOP_CONCEPT//4044008,dynamic_event/device_support,True,,OMOP_CONCEPT,4044008,129121000,Tracheostomy tube,AMSTEL_processitems_usagi,source_code_omop,high
PROCESS_INTERVAL//13811,v10_medication_atc,OMOP//OMOP_CONCEPT//4040909,dynamic_event,True,,OMOP_CONCEPT,4040909,118387001,Halo cast,AMSTEL_processitems_usagi,source_code_omop,high
PROCESS_INTERVAL//13421,v10_medication_atc,OMOP//OMOP_CONCEPT//37017497,dynamic_event/device_support,True,,OMOP_CONCEPT,37017497,713781005,Triple lumen hemodialysis catheter,AMSTEL_processitems_usagi,source_code_omop,high
PROCESS_INTERVAL//15147,v10_medication_atc,OMOP//OMOP_CONCEPT//763368,dynamic_event,True,,OMOP_CONCEPT,763368,439121000124106,Pureed diet,AMSTEL_processitems_usagi,source_code_omop,high
PROCESS_INTERVAL//15869,v10_medication_atc,OMOP//OMOP_CONCEPT//4077521,metadata_only,False,,OMOP_CONCEPT,4077521,275823006,Isolation nursing,AMSTEL_processitems_usagi,source_code_omop,high
PROCESS_INTERVAL//13099,v10_medication_atc,OMOP//OMOP_CONCEPT//4118298,dynamic_event/device_support,True,,OMOP_CONCEPT,4118298,303727009,Arterial catheter,AMSTEL_processitems_usagi,source_code_omop,high
PROCESS_INTERVAL//13445,v10_medication_atc,OMOP//OMOP_CONCEPT//4302745,dynamic_event,True,,OMOP_CONCEPT,4302745,78533007,Irrigation of urinary bladder,AMSTEL_processitems_usagi,source_code_omop,high
PROCESS_INTERVAL//13810,v10_medication_atc,OMOP//OMOP_CONCEPT//4040907,dynamic_event,True,,OMOP_CONCEPT,4040907,118383002,External fixation device,AMSTEL_processitems_usagi,source_code_omop,high
PROCESS_INTERVAL//9454,v10_medication_atc,OMOP//OMOP_CONCEPT//0,metadata_only,False,,OMOP_CONCEPT,0,No matching concept,Unmapped,AMSTEL_processitems_usagi,source_code_omop,low
PROCESS_INTERVAL//9595,v10_medication_atc,OMOP//OMOP_CONCEPT//4006845,dynamic_event/device_support,True,,OMOP_CONCEPT,4006845,12123001,Internal jugular vein structure,AMSTEL_processitems_usagi,source_code_omop,high
PROCESS_INTERVAL//13423,v10_medication_atc,OMOP//OMOP_CONCEPT//37017497,dynamic_event/device_support,True,,OMOP_CONCEPT,37017497,713781005,Triple lumen hemodialysis catheter,AMSTEL_processitems_usagi,source_code_omop,high
PROCESS_INTERVAL//12400,v10_medication_atc,OMOP//OMOP_CONCEPT//4006845,dynamic_event/device_support,True,,OMOP_CONCEPT,4006845,12123001,Internal jugular vein structure,AMSTEL_processitems_usagi,source_code_omop,high
PROCESS_INTERVAL//13035,v10_medication_atc,OMOP//OMOP_CONCEPT//4147758,dynamic_event,True,,OMOP_CONCEPT,4147758,35870000,Cerebrospinal catheter,AMSTEL_processitems_usagi,source_code_omop,high
PROCESS_INTERVAL//9485,v10_medication_atc,OMOP//OMOP_CONCEPT//4056973,dynamic_event,True,,OMOP_CONCEPT,4056973,182922004,Dietary regime,AMSTEL_processitems_usagi,source_code_omop,high
PROCESS_INTERVAL//10727,v10_medication_atc,OMOP//OMOP_CONCEPT//36676722,dynamic_event/device_support,True,,OMOP_CONCEPT,36676722,773703007,Nasojejunal feeding tube,AMSTEL_processitems_usagi,source_code_omop,high
PROCESS_INTERVAL//16910,v10_medication_atc,OMOP//OMOP_CONCEPT//2615748,dynamic_event,True,,OMOP_CONCEPT,2615748,C1721,"Cardioverter-defibrillator, dual chamber (implantable)",AMSTEL_processitems_usagi,source_code_omop,high
PROCESS_INTERVAL//9594,v10_medication_atc,OMOP//OMOP_CONCEPT//4179206,dynamic_event/device_support,True,,OMOP_CONCEPT,4179206,52124006,Central venous catheter,AMSTEL_processitems_usagi,source_code_omop,high
PROCESS_INTERVAL//12401,v10_medication_atc,OMOP//OMOP_CONCEPT//4179206,dynamic_event/device_support,True,,OMOP_CONCEPT,4179206,52124006,Central venous catheter,AMSTEL_processitems_usagi,source_code_omop,high
PROCESS_INTERVAL//13809,v10_medication_atc,OMOP//OMOP_CONCEPT//4040907,dynamic_event,True,,OMOP_CONCEPT,4040907,118383002,External fixation device,AMSTEL_processitems_usagi,source_code_omop,high
PROCESS_INTERVAL//9481,v10_medication_atc,OMOP//OMOP_CONCEPT//4280205,dynamic_event,True,,OMOP_CONCEPT,4280205,66391000,Traction,AMSTEL_processitems_usagi,source_code_omop,high
PROCESS_INTERVAL//9575,v10_medication_atc,OMOP//OMOP_CONCEPT//40480621,dynamic_event,True,,OMOP_CONCEPT,40480621,444686003,Restriction of oral fluid,AMSTEL_processitems_usagi,source_code_omop,high
PROCESS_INTERVAL//15868,v10_medication_atc,OMOP//OMOP_CONCEPT//4077521,metadata_only,False,,OMOP_CONCEPT,4077521,275823006,Isolation nursing,AMSTEL_processitems_usagi,source_code_omop,high
PROCESS_INTERVAL//13808,v10_medication_atc,OMOP//OMOP_CONCEPT//4040907,dynamic_event,True,,OMOP_CONCEPT,4040907,118383002,External fixation device,AMSTEL_processitems_usagi,source_code_omop,high
PROCESS_INTERVAL//9383,v10_medication_atc,OMOP//OMOP_CONCEPT//4298121,dynamic_event,True,,OMOP_CONCEPT,4298121,77248004,Infection control procedure,AMSTEL_processitems_usagi,source_code_omop,high
PROCESS_INTERVAL//12632,v10_medication_atc,OMOP//OMOP_CONCEPT//45768165,dynamic_event,True,,OMOP_CONCEPT,45768165,706092000,Suction system,AMSTEL_processitems_usagi,source_code_omop,high
PROCESS_INTERVAL//16354,v10_medication_atc,OMOP//OMOP_CONCEPT//4327579,dynamic_event,True,,OMOP_CONCEPT,4327579,430697008,Nasal tampon,AMSTEL_processitems_usagi,source_code_omop,high
PROCESS_INTERVAL//21057,v10_medication_atc,OMOP//OMOP_CONCEPT//4297788,dynamic_event/device_support,True,,OMOP_CONCEPT,4297788,7657000,Structure of femoral artery,AMSTEL_processitems_usagi,source_code_omop,high
PROCESS_INTERVAL//13009,v10_medication_atc,OMOP//OMOP_CONCEPT//45762769,dynamic_event,True,,OMOP_CONCEPT,45762769,469582003,Intracranial pressure monitor,AMSTEL_processitems_usagi,source_code_omop,high
PROCESS_INTERVAL//16352,v10_medication_atc,OMOP//OMOP_CONCEPT//4150035,dynamic_event/device_support,True,,OMOP_CONCEPT,4150035,31030004,Peritoneal catheter,AMSTEL_processitems_usagi,source_code_omop,high
PROCESS_INTERVAL//18718,v10_medication_atc,OMOP//OMOP_CONCEPT//4049372,dynamic_event,True,,OMOP_CONCEPT,4049372,20720000,Plasmapheresis,AMSTEL_processitems_usagi,source_code_omop,high
PROCESS_INTERVAL//9613,v10_medication_atc,OMOP//OMOP_CONCEPT//45771875,dynamic_event,True,,OMOP_CONCEPT,45771875,467843003,Conduction blood/fluid warmer,AMSTEL_processitems_usagi,source_code_omop,high
PROCESS_INTERVAL//13806,v10_medication_atc,OMOP//OMOP_CONCEPT//36695982,metadata_only,False,,OMOP_CONCEPT,36695982,782564004,Structure of left femur,AMSTEL_processitems_usagi,source_code_omop,high
PROCESS_INTERVAL//9482,v10_medication_atc,OMOP//OMOP_CONCEPT//4147052,dynamic_event,True,,OMOP_CONCEPT,4147052,30212006,Fowler's position,AMSTEL_processitems_usagi,source_code_omop,high
PROCESS_INTERVAL//9538,v10_medication_atc,OMOP//OMOP_CONCEPT//45763425,dynamic_event/device_support,True,,OMOP_CONCEPT,45763425,470571004,Gastrostomy tube,AMSTEL_processitems_usagi,source_code_omop,high
PROCESS_INTERVAL//15171,v10_medication_atc,OMOP//OMOP_CONCEPT//4077521,metadata_only,False,,OMOP_CONCEPT,4077521,275823006,Isolation nursing,AMSTEL_processitems_usagi,source_code_omop,high
PROCESS_INTERVAL//9414,v10_medication_atc,OMOP//OMOP_CONCEPT//4328013,dynamic_event,True,,OMOP_CONCEPT,4328013,431207003,Continuous lateral rotational therapy,AMSTEL_processitems_usagi,source_code_omop,high
PROCESS_INTERVAL//12583,v10_medication_atc,OMOP//OMOP_CONCEPT//4121351,dynamic_event,True,,OMOP_CONCEPT,4121351,258643002,Chest drain,AMSTEL_processitems_usagi,source_code_omop,high
PROCESS_INTERVAL//13807,v10_medication_atc,OMOP//OMOP_CONCEPT//36695983,metadata_only,False,,OMOP_CONCEPT,36695983,782565003,Structure of right femur,AMSTEL_processitems_usagi,source_code_omop,high
PROCESS_INTERVAL//12399,v10_medication_atc,OMOP//OMOP_CONCEPT//4179206,dynamic_event/device_support,True,,OMOP_CONCEPT,4179206,52124006,Central venous catheter,AMSTEL_processitems_usagi,source_code_omop,high
PROCESS_INTERVAL//15870,v10_medication_atc,OMOP//OMOP_CONCEPT//4077664,metadata_only,False,,OMOP_CONCEPT,4077664,275829005,Reverse isolation,AMSTEL_processitems_usagi,source_code_omop,high
PROCESS_INTERVAL//12139,v10_medication_atc,OMOP//OMOP_CONCEPT//45764146,dynamic_event/device_support,True,,OMOP_CONCEPT,45764146,700746000,Pleural catheter,AMSTEL_processitems_usagi,source_code_omop,high
PROCESS_INTERVAL//9182,v10_medication_atc,OMOP//OMOP_CONCEPT//4147758,dynamic_event/device_support,True,,OMOP_CONCEPT,4147758,35870000,Cerebrospinal catheter,AMSTEL_processitems_usagi,source_code_omop,high
PROCESS_INTERVAL//9499,v10_medication_atc,OMOP//OMOP_CONCEPT//4205800,dynamic_event,True,,OMOP_CONCEPT,4205800,439472009,Passive cooling of patient,AMSTEL_processitems_usagi,source_code_omop,high
PROCESS_INTERVAL//21188,v10_medication_atc,OMOP//OMOP_CONCEPT//4161814,dynamic_event/device_support,True,,OMOP_CONCEPT,4161814,398176008,Peripherally inserted central catheter,AMSTEL_processitems_usagi,source_code_omop,high
PROCESS_INTERVAL//9456,v10_medication_atc,OMOP//OMOP_CONCEPT//0,metadata_only,False,,OMOP_CONCEPT,0,No matching concept,Unmapped,AMSTEL_processitems_usagi,source_code_omop,low
PROCESS_INTERVAL//9457,v10_medication_atc,OMOP//OMOP_CONCEPT//0,metadata_only,False,,OMOP_CONCEPT,0,No matching concept,Unmapped,AMSTEL_processitems_usagi,source_code_omop,low
PROCESS_INTERVAL//10761,v10_medication_atc,OMOP//OMOP_CONCEPT//4230995,dynamic_event,True,,OMOP_CONCEPT,4230995,360088001,Sengstaken-Blakemore tube,AMSTEL_processitems_usagi,source_code_omop,high
PROCESS_INTERVAL//15787,v10_medication_atc,OMOP//OMOP_CONCEPT//4314436,metadata_only,False,,OMOP_CONCEPT,4314436,87150006,Enterostomy,AMSTEL_processitems_usagi,source_code_omop,low
PROCESS_INTERVAL//9518,v10_medication_atc,OMOP//OMOP_CONCEPT//2616644,dynamic_event,True,,OMOP_CONCEPT,2616644,E0482,"Cough stimulating device, alternating positive and negative airway pressure",AMSTEL_processitems_usagi,source_code_omop,high
PROCESS_INTERVAL//12584,v10_medication_atc,OMOP//OMOP_CONCEPT//4121351,dynamic_event,True,,OMOP_CONCEPT,4121351,258643002,Chest drain,AMSTEL_processitems_usagi,source_code_omop,high
PROCESS_INTERVAL//12427,v10_medication_atc,OMOP//OMOP_CONCEPT//36717545,dynamic_event,True,,OMOP_CONCEPT,36717545,722264005,Wound irrigation cannula,AMSTEL_processitems_usagi,source_code_omop,high
PROCESS_INTERVAL//18806,v10_medication_atc,OMOP//OMOP_CONCEPT//36675662,dynamic_event,True,,OMOP_CONCEPT,36675662,772120006,Requires irradiated blood component,AMSTEL_processitems_usagi,source_code_omop,high
PROCESS_INTERVAL//9430,v10_medication_atc,OMOP//OMOP_CONCEPT//4132147,dynamic_event,True,,OMOP_CONCEPT,4132147,26527006,Inverse Trendelenburg position,AMSTEL_processitems_usagi,source_code_omop,high
PROCESS_INTERVAL//9431,v10_medication_atc,OMOP//OMOP_CONCEPT//4224210,dynamic_event,True,,OMOP_CONCEPT,4224210,334940000,Arm sling,AMSTEL_processitems_usagi,source_code_omop,high
PROCESS_INTERVAL//9455,v10_medication_atc,OMOP//OMOP_CONCEPT//0,metadata_only,False,,OMOP_CONCEPT,0,No matching concept,Unmapped,AMSTEL_processitems_usagi,source_code_omop,low
PROCESS_INTERVAL//9494,v10_medication_atc,OMOP//OMOP_CONCEPT//4077521,dynamic_event,True,,OMOP_CONCEPT,4077521,275823006,Isolation nursing,AMSTEL_processitems_usagi,source_code_omop,high
PROCESS_INTERVAL//14953,v10_medication_atc,OMOP//OMOP_CONCEPT//4062748,dynamic_event,True,,OMOP_CONCEPT,4062748,1713004,Induction and maintenance of total body hypothermia,AMSTEL_processitems_usagi,source_code_omop,high
PROCESS_INTERVAL//20259,v10_medication_atc,OMOP//OMOP_CONCEPT//4077521,metadata_only,False,,OMOP_CONCEPT,4077521,275823006,Isolation nursing,AMSTEL_processitems_usagi,source_code_omop,high
PROCESS_INTERVAL//21056,v10_medication_atc,OMOP//OMOP_CONCEPT//4063510,dynamic_event/device_support,True,,OMOP_CONCEPT,4063510,17137000,Structure of brachial artery,AMSTEL_processitems_usagi,source_code_omop,high
PROCESS_INTERVAL//18737,v10_medication_atc,OMOP//OMOP_CONCEPT//4194226,metadata_only,False,,OMOP_CONCEPT,4194226,79593001,Transvenous electrode,AMSTEL_processitems_usagi,source_code_omop,low
PROCESS_INTERVAL//9426,v10_medication_atc,OMOP//OMOP_CONCEPT//4021196,dynamic_event,True,,OMOP_CONCEPT,4021196,225346003,Promotion of independence,AMSTEL_processitems_usagi,source_code_omop,high
PROCESS_INTERVAL//9519,v10_medication_atc,OMOP//OMOP_CONCEPT//4144548,dynamic_event,True,,OMOP_CONCEPT,4144548,34431008,Physiotherapy of chest,AMSTEL_processitems_usagi,source_code_omop,high
PROCESS_INTERVAL//21187,v10_medication_atc,OMOP//OMOP_CONCEPT//4161814,dynamic_event/device_support,True,,OMOP_CONCEPT,4161814,398176008,Peripherally inserted central catheter,AMSTEL_processitems_usagi,source_code_omop,high
PROCESS_INTERVAL//12585,v10_medication_atc,OMOP//OMOP_CONCEPT//4121351,dynamic_event,True,,OMOP_CONCEPT,4121351,258643002,Chest drain,AMSTEL_processitems_usagi,source_code_omop,high
PROCESS_INTERVAL//19649,v10_medication_atc,OMOP//OMOP_CONCEPT//4040907,dynamic_event,True,,OMOP_CONCEPT,4040907,118383002,External fixation device,AMSTEL_processitems_usagi,source_code_omop,high
PROCESS_INTERVAL//9453,v10_medication_atc,OMOP//OMOP_CONCEPT//4308611,dynamic_event,True,,OMOP_CONCEPT,4308611,423212001,Trendelenburg positioning,AMSTEL_processitems_usagi,source_code_omop,high
PROCESS_INTERVAL//9513,v10_medication_atc,OMOP//OMOP_CONCEPT//0,metadata_only,False,,OMOP_CONCEPT,0,No matching concept,Unmapped,AMSTEL_processitems_usagi,source_code_omop,low
PROCESS_INTERVAL//19651,v10_medication_atc,OMOP//OMOP_CONCEPT//4040907,dynamic_event,True,,OMOP_CONCEPT,4040907,118383002,External fixation device,AMSTEL_processitems_usagi,source_code_omop,high
PROCESS_INTERVAL//20664,v10_medication_atc,OMOP//OMOP_CONCEPT//4052536,dynamic_event,True,,OMOP_CONCEPT,4052536,233573008,Extracorporeal membrane oxygenation,AMSTEL_processitems_usagi,source_code_omop,high
PROCESS_INTERVAL//21091,v10_medication_atc,OMOP//OMOP_CONCEPT//45761309,dynamic_event,True,,OMOP_CONCEPT,45761309,467387002,"Cardiopulmonary bypass cannula, arterial",AMSTEL_processitems_usagi,source_code_omop,high
PROCESS_INTERVAL//21092,v10_medication_atc,OMOP//OMOP_CONCEPT//45761193,dynamic_event,True,,OMOP_CONCEPT,45761193,467209004,"Cardiopulmonary bypass cannula, venous",AMSTEL_processitems_usagi,source_code_omop,high
PROCESS_INTERVAL//10618,v10_medication_atc,OMOP//OMOP_CONCEPT//4044008,dynamic_event/device_support,True,,OMOP_CONCEPT,4044008,129121000,Tracheostomy tube,AMSTEL_processitems_usagi,source_code_omop,high
PROCESS_INTERVAL//19652,v10_medication_atc,OMOP//OMOP_CONCEPT//4040907,dynamic_event,True,,OMOP_CONCEPT,4040907,118383002,External fixation device,AMSTEL_processitems_usagi,source_code_omop,high
PROCESS_INTERVAL//21093,v10_medication_atc,OMOP//OMOP_CONCEPT//4297788,dynamic_event,True,,OMOP_CONCEPT,4297788,7657000,Structure of femoral artery,AMSTEL_processitems_usagi,source_code_omop,high
PROCESS_INTERVAL//9176,v10_medication_atc,OMOP//OMOP_CONCEPT//4044008,dynamic_event/device_support,True,,OMOP_CONCEPT,4044008,129121000,Tracheostomy tube,AMSTEL_processitems_usagi,source_code_omop,high
PROCESS_INTERVAL//9527,v10_medication_atc,OMOP//OMOP_CONCEPT//40480297,dynamic_event,True,,OMOP_CONCEPT,40480297,444679006,Positioning subject in recovery position,AMSTEL_processitems_usagi,source_code_omop,high
