source_token,policy_layer,harmonized_token,token_role,emit_as_model_token,non_drug_drugitem_class,target_vocabulary,target_concept_id,target_code,target_label,mapping_source,match_strength,mapping_confidence
DRUG//START//42//7350,v4_curated_unmapped,NUTRITION//ORAL,,True,oral_drink,AUMC_LOCAL,,,NUTRITION//ORAL,Stage3J_curated_policy,local_parent_token,medium
DRUG//START//42//15015,v4_curated_unmapped,NUTRITION//ORAL,,True,oral_drink,AUMC_LOCAL,,,NUTRITION//ORAL,Stage3J_curated_policy,local_parent_token,medium
DRUG//START//42//15016,v4_curated_unmapped,NUTRITION//ORAL,,True,oral_drink,AUMC_LOCAL,,,NUTRITION//ORAL,Stage3J_curated_policy,local_parent_token,medium
DRUG//START//56//14954,v4_curated_unmapped,NUTRITION//ORAL,,True,oral_food,AUMC_LOCAL,,,NUTRITION//ORAL,Stage3J_curated_policy,local_parent_token,medium
DRUG//START//42//15014,v4_curated_unmapped,NUTRITION//ORAL,,True,oral_drink,AUMC_LOCAL,,,NUTRITION//ORAL,Stage3J_curated_policy,local_parent_token,medium
DRUG//START//56//14970,v4_curated_unmapped,NUTRITION//ORAL,,True,oral_food,AUMC_LOCAL,,,NUTRITION//ORAL,Stage3J_curated_policy,local_parent_token,medium
DRUG//START//56//14982,v4_curated_unmapped,NUTRITION//ORAL,,True,oral_food,AUMC_LOCAL,,,NUTRITION//ORAL,Stage3J_curated_policy,local_parent_token,medium
DRUG//START//42//15021,v4_curated_unmapped,NUTRITION//ORAL,,True,oral_drink,AUMC_LOCAL,,,NUTRITION//ORAL,Stage3J_curated_policy,local_parent_token,medium
DRUG//START//42//8956,v4_curated_unmapped,NUTRITION//ORAL,,True,oral_drink,AUMC_LOCAL,,,NUTRITION//ORAL,Stage3J_curated_policy,local_parent_token,medium
DRUG//START//42//8961,v4_curated_unmapped,NUTRITION//ORAL,,True,oral_drink,AUMC_LOCAL,,,NUTRITION//ORAL,Stage3J_curated_policy,local_parent_token,medium
DRUG//START//42//8958,v4_curated_unmapped,NUTRITION//ORAL,,True,oral_food,AUMC_LOCAL,,,NUTRITION//ORAL,Stage3J_curated_policy,local_parent_token,medium
DRUG//START//56//14974,v4_curated_unmapped,NUTRITION//ORAL,,True,oral_food,AUMC_LOCAL,,,NUTRITION//ORAL,Stage3J_curated_policy,local_parent_token,medium
DRUG//START//42//15017,v4_curated_unmapped,NUTRITION//ORAL,,True,oral_drink,AUMC_LOCAL,,,NUTRITION//ORAL,Stage3J_curated_policy,local_parent_token,medium
DRUG//START//56//14990,v4_curated_unmapped,NUTRITION//ORAL,,True,oral_food,AUMC_LOCAL,,,NUTRITION//ORAL,Stage3J_curated_policy,local_parent_token,medium
DRUG//START//42//15029,v4_curated_unmapped,NUTRITION//ORAL,,True,oral_drink,AUMC_LOCAL,,,NUTRITION//ORAL,Stage3J_curated_policy,local_parent_token,medium
DRUG//START//42//15018,v4_curated_unmapped,NUTRITION//ORAL,,True,oral_drink,AUMC_LOCAL,,,NUTRITION//ORAL,Stage3J_curated_policy,local_parent_token,medium
DRUG//START//42//15060,v4_curated_unmapped,NUTRITION//ORAL,,True,oral_food,AUMC_LOCAL,,,NUTRITION//ORAL,Stage3J_curated_policy,local_parent_token,medium
DRUG//START//42//15026,v4_curated_unmapped,NUTRITION//ORAL,,True,oral_drink,AUMC_LOCAL,,,NUTRITION//ORAL,Stage3J_curated_policy,local_parent_token,medium
DRUG//START//56//14966,v4_curated_unmapped,NUTRITION//ORAL,,True,oral_food,AUMC_LOCAL,,,NUTRITION//ORAL,Stage3J_curated_policy,local_parent_token,medium
DRUG//START//42//7312,v4_curated_unmapped,NUTRITION//ENTERAL,,True,enteral_nutrition,AUMC_LOCAL,,,NUTRITION//ENTERAL,Stage3J_curated_policy,local_parent_token,medium
DRUG//START//42//7266,v4_curated_unmapped,NUTRITION//ORAL,,True,oral_food,AUMC_LOCAL,,,NUTRITION//ORAL,Stage3J_curated_policy,local_parent_token,medium
DRUG//START//42//15020,v4_curated_unmapped,NUTRITION//ORAL,,True,oral_drink,AUMC_LOCAL,,,NUTRITION//ORAL,Stage3J_curated_policy,local_parent_token,medium
DRUG//START//42//15024,v4_curated_unmapped,NUTRITION//ORAL,,True,oral_drink,AUMC_LOCAL,,,NUTRITION//ORAL,Stage3J_curated_policy,local_parent_token,medium
DRUG//START//42//15089,v4_curated_unmapped,NUTRITION//ORAL,,True,oral_food,AUMC_LOCAL,,,NUTRITION//ORAL,Stage3J_curated_policy,local_parent_token,medium
DRUG//START//42//8962,v4_curated_unmapped,NUTRITION//ORAL,,True,oral_drink,AUMC_LOCAL,,,NUTRITION//ORAL,Stage3J_curated_policy,local_parent_token,medium
DRUG//START//56//14958,v4_curated_unmapped,NUTRITION//ORAL,,True,oral_food,AUMC_LOCAL,,,NUTRITION//ORAL,Stage3J_curated_policy,local_parent_token,medium
DRUG//START//42//15022,v4_curated_unmapped,NUTRITION//ORAL,,True,oral_drink,AUMC_LOCAL,,,NUTRITION//ORAL,Stage3J_curated_policy,local_parent_token,medium
DRUG//START//42//15088,v4_curated_unmapped,NUTRITION//ORAL,,True,oral_food,AUMC_LOCAL,,,NUTRITION//ORAL,Stage3J_curated_policy,local_parent_token,medium
DRUG//START//42//15114,v4_curated_unmapped,NUTRITION//ORAL,,True,oral_drink,AUMC_LOCAL,,,NUTRITION//ORAL,Stage3J_curated_policy,local_parent_token,medium
DRUG//START//56//14972,v4_curated_unmapped,NUTRITION//ORAL,,True,oral_food,AUMC_LOCAL,,,NUTRITION//ORAL,Stage3J_curated_policy,local_parent_token,medium
DRUG//START//42//15031,v4_curated_unmapped,NUTRITION//ORAL,,True,oral_drink,AUMC_LOCAL,,,NUTRITION//ORAL,Stage3J_curated_policy,local_parent_token,medium
DRUG//START//42//15058,v4_curated_unmapped,NUTRITION//ORAL,,True,oral_food,AUMC_LOCAL,,,NUTRITION//ORAL,Stage3J_curated_policy,local_parent_token,medium
DRUG//START//42//15032,v4_curated_unmapped,NUTRITION//ORAL,,True,oral_drink,AUMC_LOCAL,,,NUTRITION//ORAL,Stage3J_curated_policy,local_parent_token,medium
DRUG//START//42//15132,v4_curated_unmapped,NUTRITION//ORAL,,True,oral_food,AUMC_LOCAL,,,NUTRITION//ORAL,Stage3J_curated_policy,local_parent_token,medium
DRUG//START//56//14956,v4_curated_unmapped,NUTRITION//ORAL,,True,oral_food,AUMC_LOCAL,,,NUTRITION//ORAL,Stage3J_curated_policy,local_parent_token,medium
DRUG//START//42//15087,v4_curated_unmapped,NUTRITION//ORAL,,True,oral_food,AUMC_LOCAL,,,NUTRITION//ORAL,Stage3J_curated_policy,local_parent_token,medium
DRUG//START//56//14962,v4_curated_unmapped,NUTRITION//ORAL,,True,oral_food,AUMC_LOCAL,,,NUTRITION//ORAL,Stage3J_curated_policy,local_parent_token,medium
DRUG//START//69//6932,v4_curated_unmapped,OMOP//OMOP_CONCEPT//990069,,True,,OMOP_CONCEPT,990069,,Chlooramfenicol (Globenicol),Stage3J_curated_policy,curated_exact_omop_lookup,high
DRUG//START//42//15061,v4_curated_unmapped,NUTRITION//ORAL,,True,oral_food,AUMC_LOCAL,,,NUTRITION//ORAL,Stage3J_curated_policy,local_parent_token,medium
DRUG//START//55//10738,v4_curated_unmapped,DEVICE//CRRT_CVVH,,True,,AUMC_LOCAL,,,DEVICE//CRRT_CVVH,Stage3J_curated_policy,local_parent_token,medium
DRUG//START//56//14994,v4_curated_unmapped,NUTRITION//ORAL,,True,oral_food,AUMC_LOCAL,,,NUTRITION//ORAL,Stage3J_curated_policy,local_parent_token,medium
DRUG//START//56//14986,v4_curated_unmapped,NUTRITION//ORAL,,True,oral_food,AUMC_LOCAL,,,NUTRITION//ORAL,Stage3J_curated_policy,local_parent_token,medium
DRUG//START//42//15100,v4_curated_unmapped,NUTRITION//ORAL,,True,oral_drink,AUMC_LOCAL,,,NUTRITION//ORAL,Stage3J_curated_policy,local_parent_token,medium
DRUG//START//42//15034,v4_curated_unmapped,NUTRITION//ORAL,,True,oral_drink,AUMC_LOCAL,,,NUTRITION//ORAL,Stage3J_curated_policy,local_parent_token,medium
DRUG//START//42//15120,v4_curated_unmapped,NUTRITION//ORAL,,True,oral_drink,AUMC_LOCAL,,,NUTRITION//ORAL,Stage3J_curated_policy,local_parent_token,medium
DRUG//START//42//15019,v4_curated_unmapped,NUTRITION//ORAL,,True,oral_drink,AUMC_LOCAL,,,NUTRITION//ORAL,Stage3J_curated_policy,local_parent_token,medium
DRUG//START//42//15086,v4_curated_unmapped,NUTRITION//ORAL,,True,oral_food,AUMC_LOCAL,,,NUTRITION//ORAL,Stage3J_curated_policy,local_parent_token,medium
DRUG//START//42//15116,v4_curated_unmapped,NUTRITION//ORAL,,True,oral_drink,AUMC_LOCAL,,,NUTRITION//ORAL,Stage3J_curated_policy,local_parent_token,medium
DRUG//START//118//15730,v4_curated_unmapped,,,False,research_or_trial,,,,,Stage3J_curated_policy,drop_first_pass,low
DRUG//START//42//15092,v4_curated_unmapped,NUTRITION//ORAL,,True,oral_food,AUMC_LOCAL,,,NUTRITION//ORAL,Stage3J_curated_policy,local_parent_token,medium
DRUG//START//29//12994,v4_curated_unmapped,OMOP//OMOP_CONCEPT//1101554,,True,,OMOP_CONCEPT,1101554,,Colchicine,Stage3J_curated_policy,curated_exact_omop_lookup,high
DRUG//START//29//6980,v4_curated_unmapped,OMOP//OMOP_CONCEPT//40162271,,True,,OMOP_CONCEPT,40162271,,Dantroleen (Dantrium),Stage3J_curated_policy,curated_exact_omop_lookup,high
DRUG//START//32//15256,v4_curated_unmapped,OMOP//OMOP_CONCEPT//784047,,True,,OMOP_CONCEPT,784047,,Tacrolimus (Prograft),Stage3J_curated_policy,curated_exact_omop_lookup,high
DRUG//START//42//15030,v4_curated_unmapped,NUTRITION//ORAL,,True,oral_drink,AUMC_LOCAL,,,NUTRITION//ORAL,Stage3J_curated_policy,local_parent_token,medium
DRUG//START//42//15059,v4_curated_unmapped,NUTRITION//ORAL,,True,oral_food,AUMC_LOCAL,,,NUTRITION//ORAL,Stage3J_curated_policy,local_parent_token,medium
DRUG//START//42//15066,v4_curated_unmapped,NUTRITION//ORAL,,True,oral_drink,AUMC_LOCAL,,,NUTRITION//ORAL,Stage3J_curated_policy,local_parent_token,medium
DRUG//START//42//15040,v4_curated_unmapped,NUTRITION//ORAL,,True,oral_food,AUMC_LOCAL,,,NUTRITION//ORAL,Stage3J_curated_policy,local_parent_token,medium
DRUG//START//30//10741,v4_curated_unmapped,OMOP//OMOP_CONCEPT//1318853,,True,,OMOP_CONCEPT,1318853,,Nifedipine (Adalat oros),Stage3J_curated_policy,curated_exact_omop_lookup,high
DRUG//START//30//7174,v4_curated_unmapped,OMOP//OMOP_CONCEPT//1328165,,True,,OMOP_CONCEPT,1328165,,Diltiazem (Tildiem),Stage3J_curated_policy,curated_exact_omop_lookup,high
DRUG//START//42//15095,v4_curated_unmapped,NUTRITION//ORAL,,True,oral_food,AUMC_LOCAL,,,NUTRITION//ORAL,Stage3J_curated_policy,local_parent_token,medium
DRUG//START//42//15109,v4_curated_unmapped,NUTRITION//ORAL,,True,oral_drink,AUMC_LOCAL,,,NUTRITION//ORAL,Stage3J_curated_policy,local_parent_token,medium
DRUG//START//29//13020,v4_curated_unmapped,OMOP//OMOP_CONCEPT//743670,,True,,OMOP_CONCEPT,743670,,Venlafaxine (Efexor),Stage3J_curated_policy,curated_exact_omop_lookup,high
DRUG//START//42//15134,v4_curated_unmapped,NUTRITION//ORAL,,True,oral_food,AUMC_LOCAL,,,NUTRITION//ORAL,Stage3J_curated_policy,local_parent_token,medium
DRUG//START//31//9089,v4_curated_unmapped,OMOP//OMOP_CONCEPT//19003263,,True,,OMOP_CONCEPT,19003263,,Metamucil,Stage3J_curated_policy,curated_exact_omop_lookup,high
DRUG//START//42//15046,v4_curated_unmapped,NUTRITION//ORAL,,True,oral_food,AUMC_LOCAL,,,NUTRITION//ORAL,Stage3J_curated_policy,local_parent_token,medium
DRUG//START//118//19665,v4_curated_unmapped,,,False,research_or_trial,,,,,Stage3J_curated_policy,drop_first_pass,low
DRUG//START//71//13001,v4_curated_unmapped,OMOP//OMOP_CONCEPT//1554072,,True,,OMOP_CONCEPT,1554072,,Propylthiouracil (PTU),Stage3J_curated_policy,curated_exact_omop_lookup,high
DRUG//START//29//9074,v4_curated_unmapped,OMOP//OMOP_CONCEPT//19050832,,True,,OMOP_CONCEPT,19050832,,Clobazam (Frisium),Stage3J_curated_policy,curated_exact_omop_lookup,high
DRUG//START//42//15117,v4_curated_unmapped,NUTRITION//ORAL,,True,oral_drink,AUMC_LOCAL,,,NUTRITION//ORAL,Stage3J_curated_policy,local_parent_token,medium
DRUG//START//32//8425,v4_curated_unmapped,OMOP//OMOP_CONCEPT//42619948,,True,,OMOP_CONCEPT,42619948,,Pyridostigmine (Mestinon),Stage3J_curated_policy,curated_exact_omop_lookup,high
DRUG//START//71//15445,v4_curated_unmapped,OMOP//OMOP_CONCEPT//21600830,,True,,OMOP_CONCEPT,21600830,,Vitamine B  complex,Stage3J_curated_policy,curated_exact_omop_lookup,high
DRUG//START//29//12998,v4_curated_unmapped,OMOP//OMOP_CONCEPT//798834,,True,,OMOP_CONCEPT,798834,,Clomipramine (Anafranil),Stage3J_curated_policy,curated_exact_omop_lookup,high
DRUG//START//42//15113,v4_curated_unmapped,NUTRITION//ORAL,,True,oral_drink,AUMC_LOCAL,,,NUTRITION//ORAL,Stage3J_curated_policy,local_parent_token,medium
DRUG//START//56//14984,v4_curated_unmapped,NUTRITION//ORAL,,True,oral_food,AUMC_LOCAL,,,NUTRITION//ORAL,Stage3J_curated_policy,local_parent_token,medium
DRUG//START//71//13006,v4_curated_unmapped,OMOP//OMOP_CONCEPT//36256576,,True,,OMOP_CONCEPT,36256576,,Thiamazol (Strumazol),Stage3J_curated_policy,curated_exact_omop_lookup,high
DRUG//START//42//15027,v4_curated_unmapped,NUTRITION//ORAL,,True,oral_drink,AUMC_LOCAL,,,NUTRITION//ORAL,Stage3J_curated_policy,local_parent_token,medium
DRUG//START//32//12946,v4_curated_unmapped,OMOP//OMOP_CONCEPT//40812747,,True,,OMOP_CONCEPT,40812747,,Tamsulosine (Omnic),Stage3J_curated_policy,curated_exact_omop_lookup,high
DRUG//START//69//9114,v4_curated_unmapped,OMOP//OMOP_CONCEPT//4301087,,True,,OMOP_CONCEPT,4301087,,Ketoconazol (Nizoral) crème,Stage3J_curated_policy,curated_exact_omop_lookup,high
DRUG//START//42//15094,v4_curated_unmapped,NUTRITION//ORAL,,True,oral_food,AUMC_LOCAL,,,NUTRITION//ORAL,Stage3J_curated_policy,local_parent_token,medium
DRUG//START//69//13098,v4_curated_unmapped,OMOP//OMOP_CONCEPT//21017926,,True,,OMOP_CONCEPT,21017926,,Latanoprost/timolol (Xalacom),Stage3J_curated_policy,curated_exact_omop_lookup,high
DRUG//START//32//18743,v4_curated_unmapped,OMOP//OMOP_CONCEPT//950637,,True,,OMOP_CONCEPT,950637,,Tacrolimus (Advagraf),Stage3J_curated_policy,curated_exact_omop_lookup,high
DRUG//START//42//7265,v4_curated_unmapped,NUTRITION//ORAL,,True,oral_drink,AUMC_LOCAL,,,NUTRITION//ORAL,Stage3J_curated_policy,local_parent_token,medium
DRUG//START//42//15106,v4_curated_unmapped,NUTRITION//ORAL,,True,oral_food,AUMC_LOCAL,,,NUTRITION//ORAL,Stage3J_curated_policy,local_parent_token,medium
DRUG//START//42//15122,v4_curated_unmapped,NUTRITION//ORAL,,True,oral_drink,AUMC_LOCAL,,,NUTRITION//ORAL,Stage3J_curated_policy,local_parent_token,medium
DRUG//START//42//15123,v4_curated_unmapped,NUTRITION//ORAL,,True,oral_drink,AUMC_LOCAL,,,NUTRITION//ORAL,Stage3J_curated_policy,local_parent_token,medium
DRUG//START//31//6876,v4_curated_unmapped,OMOP//OMOP_CONCEPT//924939,,True,,OMOP_CONCEPT,924939,,Bisacodil (Dulcolax),Stage3J_curated_policy,curated_exact_omop_lookup,high
DRUG//START//31//9098,v4_curated_unmapped,OMOP//OMOP_CONCEPT//19026471,,True,,OMOP_CONCEPT,19026471,,Domperidon (Motilium),Stage3J_curated_policy,curated_exact_omop_lookup,high
DRUG//START//42//15131,v4_curated_unmapped,NUTRITION//ORAL,,True,oral_food,AUMC_LOCAL,,,NUTRITION//ORAL,Stage3J_curated_policy,local_parent_token,medium
DRUG//START//56//14957,v4_curated_unmapped,NUTRITION//ORAL,,True,oral_food,AUMC_LOCAL,,,NUTRITION//ORAL,Stage3J_curated_policy,local_parent_token,medium
DRUG//START//29//13051,v4_curated_unmapped,OMOP//OMOP_CONCEPT//1037005,,True,,OMOP_CONCEPT,1037005,,Dronabinol (Marinol),Stage3J_curated_policy,curated_exact_omop_lookup,high
DRUG//START//42//19169,v4_curated_unmapped,NUTRITION//ORAL,,True,oral_drink,AUMC_LOCAL,,,NUTRITION//ORAL,Stage3J_curated_policy,local_parent_token,medium
DRUG//START//42//15098,v4_curated_unmapped,NUTRITION//ORAL,,True,oral_drink,AUMC_LOCAL,,,NUTRITION//ORAL,Stage3J_curated_policy,local_parent_token,medium
DRUG//START//29//12630,v4_curated_unmapped,OMOP//OMOP_CONCEPT//19022536,,True,,OMOP_CONCEPT,19022536,,Risperidon (Risperdal),Stage3J_curated_policy,curated_exact_omop_lookup,high
DRUG//START//56//14955,v4_curated_unmapped,NUTRITION//ORAL,,True,oral_food,AUMC_LOCAL,,,NUTRITION//ORAL,Stage3J_curated_policy,local_parent_token,medium
DRUG//START//71//6947,v4_curated_unmapped,OMOP//OMOP_CONCEPT//19005046,,True,,OMOP_CONCEPT,19005046,,Pyridoxine (Vitamine B6),Stage3J_curated_policy,curated_exact_omop_lookup,high
DRUG//START//31//7991,v4_curated_unmapped,OMOP//OMOP_CONCEPT//19095309,,True,,OMOP_CONCEPT,19095309,,Colestyramine (Questran),Stage3J_curated_policy,curated_exact_omop_lookup,high
DRUG//START//42//15129,v4_curated_unmapped,NUTRITION//ORAL,,True,oral_drink,AUMC_LOCAL,,,NUTRITION//ORAL,Stage3J_curated_policy,local_parent_token,medium
DRUG//START//42//15075,v4_curated_unmapped,NUTRITION//ENTERAL,,True,enteral_nutrition,AUMC_LOCAL,,,NUTRITION//ENTERAL,Stage3J_curated_policy,local_parent_token,medium
DRUG//START//42//15023,v4_curated_unmapped,NUTRITION//ORAL,,True,oral_drink,AUMC_LOCAL,,,NUTRITION//ORAL,Stage3J_curated_policy,local_parent_token,medium
DRUG//START//29//12536,v4_curated_unmapped,OMOP//OMOP_CONCEPT//36256714,,True,,OMOP_CONCEPT,36256714,,Trazodon (Trazolan),Stage3J_curated_policy,curated_exact_omop_lookup,high
DRUG//START//56//14978,v4_curated_unmapped,NUTRITION//ORAL,,True,oral_food,AUMC_LOCAL,,,NUTRITION//ORAL,Stage3J_curated_policy,local_parent_token,medium
DRUG//START//56//14971,v4_curated_unmapped,NUTRITION//ORAL,,True,oral_food,AUMC_LOCAL,,,NUTRITION//ORAL,Stage3J_curated_policy,local_parent_token,medium
DRUG//START//42//15043,v4_curated_unmapped,NUTRITION//ORAL,,True,oral_food,AUMC_LOCAL,,,NUTRITION//ORAL,Stage3J_curated_policy,local_parent_token,medium
DRUG//START//42//15097,v4_curated_unmapped,NUTRITION//ORAL,,True,oral_drink,AUMC_LOCAL,,,NUTRITION//ORAL,Stage3J_curated_policy,local_parent_token,medium
DRUG//START//69//9127,v4_curated_unmapped,OMOP//OMOP_CONCEPT//945286,,True,,OMOP_CONCEPT,945286,,Pilocarpine hcl,Stage3J_curated_policy,curated_exact_omop_lookup,high
DRUG//START//27//9458,v4_curated_unmapped,OMOP//OMOP_CONCEPT//40735073,,True,,OMOP_CONCEPT,40735073,,Caspofungine,Stage3J_curated_policy,curated_exact_omop_lookup,high
DRUG//START//118//20921,v4_curated_unmapped,,,False,research_or_trial,,,,,Stage3J_curated_policy,drop_first_pass,low
DRUG//START//42//15133,v4_curated_unmapped,NUTRITION//ORAL,,True,oral_food,AUMC_LOCAL,,,NUTRITION//ORAL,Stage3J_curated_policy,local_parent_token,medium
DRUG//START//56//14976,v4_curated_unmapped,NUTRITION//ORAL,,True,oral_food,AUMC_LOCAL,,,NUTRITION//ORAL,Stage3J_curated_policy,local_parent_token,medium
DRUG//START//42//21051,v4_curated_unmapped,NUTRITION//ORAL,,True,oral_drink,AUMC_LOCAL,,,NUTRITION//ORAL,Stage3J_curated_policy,local_parent_token,medium
DRUG//START//42//15049,v4_curated_unmapped,NUTRITION//ORAL,,True,oral_food,AUMC_LOCAL,,,NUTRITION//ORAL,Stage3J_curated_policy,local_parent_token,medium
DRUG//START//32//9115,v4_curated_unmapped,OMOP//OMOP_CONCEPT//1436678,,True,,OMOP_CONCEPT,1436678,,Tamoxifen citraat (Nolvadex),Stage3J_curated_policy,curated_exact_omop_lookup,high
DRUG//START//42//20721,v4_curated_unmapped,NUTRITION//ENTERAL,,True,enteral_nutrition,AUMC_LOCAL,,,NUTRITION//ENTERAL,Stage3J_curated_policy,local_parent_token,medium
DRUG//START//30//10627,v4_curated_unmapped,OMOP//OMOP_CONCEPT//21016375,,True,,OMOP_CONCEPT,21016375,,Kinidine,Stage3J_curated_policy,curated_exact_omop_lookup,high
DRUG//START//42//15119,v4_curated_unmapped,NUTRITION//ORAL,,True,oral_drink,AUMC_LOCAL,,,NUTRITION//ORAL,Stage3J_curated_policy,local_parent_token,medium
DRUG//START//42//15025,v4_curated_unmapped,NUTRITION//ORAL,,True,oral_drink,AUMC_LOCAL,,,NUTRITION//ORAL,Stage3J_curated_policy,local_parent_token,medium
DRUG//START//42//15135,v4_curated_unmapped,NUTRITION//ORAL,,True,oral_food,AUMC_LOCAL,,,NUTRITION//ORAL,Stage3J_curated_policy,local_parent_token,medium
DRUG//START//67//10755,v4_curated_unmapped,OMOP//OMOP_CONCEPT//21017392,,True,,OMOP_CONCEPT,21017392,,Insulatard (Insuline),Stage3J_curated_policy,curated_exact_omop_lookup,high
DRUG//START//29//9103,v4_curated_unmapped,OMOP//OMOP_CONCEPT//1115008,,True,,OMOP_CONCEPT,1115008,,Naproxen (Naprosyne),Stage3J_curated_policy,curated_exact_omop_lookup,high
DRUG//START//42//15042,v4_curated_unmapped,NUTRITION//ORAL,,True,oral_food,AUMC_LOCAL,,,NUTRITION//ORAL,Stage3J_curated_policy,local_parent_token,medium
DRUG//START//21//8230,v4_curated_unmapped,OMOP//OMOP_CONCEPT//4306890,,True,,OMOP_CONCEPT,4306890,,Isoniazide sulfaat (INH),Stage3J_curated_policy,curated_exact_omop_lookup,high
DRUG//START//42//15126,v4_curated_unmapped,NUTRITION//ORAL,,True,oral_drink,AUMC_LOCAL,,,NUTRITION//ORAL,Stage3J_curated_policy,local_parent_token,medium
DRUG//START//56//14973,v4_curated_unmapped,NUTRITION//ORAL,,True,oral_food,AUMC_LOCAL,,,NUTRITION//ORAL,Stage3J_curated_policy,local_parent_token,medium
DRUG//START//42//15068,v4_curated_unmapped,NUTRITION//ORAL,,True,oral_drink,AUMC_LOCAL,,,NUTRITION//ORAL,Stage3J_curated_policy,local_parent_token,medium
DRUG//START//25//14688,v4_curated_unmapped,OMOP//OMOP_CONCEPT//19054245,,True,,OMOP_CONCEPT,19054245,,Protamine-hydrochloride (Protamine 1000),Stage3J_curated_policy,curated_exact_omop_lookup,high
DRUG//START//21//12953,v4_curated_unmapped,OMOP//OMOP_CONCEPT//1749301,,True,,OMOP_CONCEPT,1749301,,Ethambutol (Myambutol),Stage3J_curated_policy,curated_exact_omop_lookup,high
DRUG//START//42//15103,v4_curated_unmapped,NUTRITION//ORAL,,True,oral_food,AUMC_LOCAL,,,NUTRITION//ORAL,Stage3J_curated_policy,local_parent_token,medium
DRUG//START//69//9157,v4_curated_unmapped,OMOP//OMOP_CONCEPT//19054054,,True,,OMOP_CONCEPT,19054054,,Dermovate,Stage3J_curated_policy,curated_exact_omop_lookup,high
DRUG//START//42//15063,v4_curated_unmapped,NUTRITION//ORAL,,True,oral_drink,AUMC_LOCAL,,,NUTRITION//ORAL,Stage3J_curated_policy,local_parent_token,medium
DRUG//START//42//15104,v4_curated_unmapped,NUTRITION//ORAL,,True,oral_food,AUMC_LOCAL,,,NUTRITION//ORAL,Stage3J_curated_policy,local_parent_token,medium
DRUG//START//29//9081,v4_curated_unmapped,OMOP//OMOP_CONCEPT//1177480,,True,,OMOP_CONCEPT,1177480,,Ibuprofen,Stage3J_curated_policy,curated_exact_omop_lookup,high
DRUG//START//42//15048,v4_curated_unmapped,NUTRITION//ORAL,,True,oral_food,AUMC_LOCAL,,,NUTRITION//ORAL,Stage3J_curated_policy,local_parent_token,medium
DRUG//START//42//15091,v4_curated_unmapped,NUTRITION//ORAL,,True,oral_food,AUMC_LOCAL,,,NUTRITION//ORAL,Stage3J_curated_policy,local_parent_token,medium
DRUG//START//42//15115,v4_curated_unmapped,NUTRITION//ORAL,,True,oral_drink,AUMC_LOCAL,,,NUTRITION//ORAL,Stage3J_curated_policy,local_parent_token,medium
DRUG//START//65//14649,v4_curated_unmapped,,,False,research_or_trial,,,,,Stage3J_curated_policy,drop_first_pass,low
DRUG//START//21//19763,v4_curated_unmapped,OMOP//OMOP_CONCEPT//4223009,,True,,OMOP_CONCEPT,4223009,,Posaconazol (Noxafil),Stage3J_curated_policy,curated_exact_omop_lookup,high
DRUG//START//25//10624,v4_curated_unmapped,OMOP//OMOP_CONCEPT//19025156,,True,,OMOP_CONCEPT,19025156,,Darbepoëtine (Aranesp)X,Stage3J_curated_policy,curated_exact_omop_lookup,high
DRUG//START//69//13103,v4_curated_unmapped,OMOP//OMOP_CONCEPT//954688,,True,,OMOP_CONCEPT,954688,,Latanoprost (Xalatan),Stage3J_curated_policy,curated_exact_omop_lookup,high
DRUG//START//29//19152,v4_curated_unmapped,OMOP//OMOP_CONCEPT//721724,,True,,OMOP_CONCEPT,721724,,Nortriptyline (Nortrilen),Stage3J_curated_policy,curated_exact_omop_lookup,high
DRUG//START//21//8231,v4_curated_unmapped,OMOP//OMOP_CONCEPT//1759455,,True,,OMOP_CONCEPT,1759455,,Pyrazinamide,Stage3J_curated_policy,curated_exact_omop_lookup,high
DRUG//START//42//20730,v4_curated_unmapped,NUTRITION//ENTERAL,,True,enteral_nutrition,AUMC_LOCAL,,,NUTRITION//ENTERAL,Stage3J_curated_policy,local_parent_token,medium
DRUG//START//32//6972,v4_curated_unmapped,OMOP//OMOP_CONCEPT//1310317,,True,,OMOP_CONCEPT,1310317,,Cyclofosfamide (Endoxan),Stage3J_curated_policy,curated_exact_omop_lookup,high
DRUG//START//42//15041,v4_curated_unmapped,NUTRITION//ORAL,,True,oral_food,AUMC_LOCAL,,,NUTRITION//ORAL,Stage3J_curated_policy,local_parent_token,medium
DRUG//START//71//6992,v4_curated_unmapped,OMOP//OMOP_CONCEPT//44160866,,True,,OMOP_CONCEPT,44160866,,Desmopressine (Minrin),Stage3J_curated_policy,curated_exact_omop_lookup,high
DRUG//START//56//14992,v4_curated_unmapped,NUTRITION//ORAL,,True,oral_food,AUMC_LOCAL,,,NUTRITION//ORAL,Stage3J_curated_policy,local_parent_token,medium
DRUG//START//29//19893,v4_curated_unmapped,OMOP//OMOP_CONCEPT//43131892,,True,,OMOP_CONCEPT,43131892,,Zopiclon (Imovane),Stage3J_curated_policy,curated_exact_omop_lookup,high
DRUG//START//42//15062,v4_curated_unmapped,NUTRITION//ORAL,,True,oral_food,AUMC_LOCAL,,,NUTRITION//ORAL,Stage3J_curated_policy,local_parent_token,medium
DRUG//START//29//9146,v4_curated_unmapped,OMOP//OMOP_CONCEPT//19044498,,True,,OMOP_CONCEPT,19044498,,Clorazepaat dikalium (Tranxene),Stage3J_curated_policy,curated_exact_omop_lookup,high
DRUG//START//56//14983,v4_curated_unmapped,NUTRITION//ORAL,,True,oral_food,AUMC_LOCAL,,,NUTRITION//ORAL,Stage3J_curated_policy,local_parent_token,medium
DRUG//START//42//15033,v4_curated_unmapped,NUTRITION//ORAL,,True,oral_drink,AUMC_LOCAL,,,NUTRITION//ORAL,Stage3J_curated_policy,local_parent_token,medium
DRUG//START//42//20736,v4_curated_unmapped,NUTRITION//ENTERAL,,True,enteral_nutrition,AUMC_LOCAL,,,NUTRITION//ENTERAL,Stage3J_curated_policy,local_parent_token,medium
DRUG//START//42//15090,v4_curated_unmapped,NUTRITION//ORAL,,True,oral_food,AUMC_LOCAL,,,NUTRITION//ORAL,Stage3J_curated_policy,local_parent_token,medium
DRUG//START//56//14960,v4_curated_unmapped,NUTRITION//ORAL,,True,oral_food,AUMC_LOCAL,,,NUTRITION//ORAL,Stage3J_curated_policy,local_parent_token,medium
DRUG//START//29//13017,v4_curated_unmapped,OMOP//OMOP_CONCEPT//4304128,,True,,OMOP_CONCEPT,4304128,,Pramipexol (Sifrol),Stage3J_curated_policy,curated_exact_omop_lookup,high
DRUG//START//31//15181,v4_curated_unmapped,OMOP//OMOP_CONCEPT//1234189,,True,,OMOP_CONCEPT,1234189,,Legendal (Lactulose),Stage3J_curated_policy,curated_exact_omop_lookup,high
DRUG//START//42//15076,v4_curated_unmapped,NUTRITION//ENTERAL,,True,enteral_nutrition,AUMC_LOCAL,,,NUTRITION//ENTERAL,Stage3J_curated_policy,local_parent_token,medium
DRUG//START//69//12431,v4_curated_unmapped,OMOP//OMOP_CONCEPT//902427,,True,,OMOP_CONCEPT,902427,,"Timolol (Timoptol) 0,5%",Stage3J_curated_policy,curated_exact_omop_lookup,high
DRUG//START//32//10602,v4_curated_unmapped,OMOP//OMOP_CONCEPT//21015598,,True,,OMOP_CONCEPT,21015598,,E-Z-CAT (Contrastvloeistof)X,Stage3J_curated_policy,curated_exact_omop_lookup,high
DRUG//START//42//15071,v4_curated_unmapped,NUTRITION//ORAL,,True,oral_drink,AUMC_LOCAL,,,NUTRITION//ORAL,Stage3J_curated_policy,local_parent_token,medium
DRUG//START//118//19735,v4_curated_unmapped,,,False,research_or_trial,,,,,Stage3J_curated_policy,drop_first_pass,low
DRUG//START//42//15128,v4_curated_unmapped,NUTRITION//ORAL,,True,oral_drink,AUMC_LOCAL,,,NUTRITION//ORAL,Stage3J_curated_policy,local_parent_token,medium
DRUG//START//118//13156,v4_curated_unmapped,,,False,research_or_trial,,,,,Stage3J_curated_policy,drop_first_pass,low
DRUG//START//21//6936,v4_curated_unmapped,,,False,,,,,,Stage3J_curated_policy,drop_first_pass,low
DRUG//START//21//9109,v4_curated_unmapped,,,False,,,,,,Stage3J_curated_policy,drop_first_pass,low
DRUG//START//56//15010,v4_curated_unmapped,NUTRITION//ORAL,,True,oral_food,AUMC_LOCAL,,,NUTRITION//ORAL,Stage3J_curated_policy,local_parent_token,medium
DRUG//START//42//15036,v4_curated_unmapped,NUTRITION//ORAL,,True,oral_drink,AUMC_LOCAL,,,NUTRITION//ORAL,Stage3J_curated_policy,local_parent_token,medium
DRUG//START//42//20725,v4_curated_unmapped,NUTRITION//ENTERAL,,True,enteral_nutrition,AUMC_LOCAL,,,NUTRITION//ENTERAL,Stage3J_curated_policy,local_parent_token,medium
DRUG//START//42//15047,v4_curated_unmapped,NUTRITION//ORAL,,True,oral_food,AUMC_LOCAL,,,NUTRITION//ORAL,Stage3J_curated_policy,local_parent_token,medium
DRUG//START//42//15065,v4_curated_unmapped,NUTRITION//ORAL,,True,oral_drink,AUMC_LOCAL,,,NUTRITION//ORAL,Stage3J_curated_policy,local_parent_token,medium
DRUG//START//42//20726,v4_curated_unmapped,NUTRITION//ENTERAL,,True,enteral_nutrition,AUMC_LOCAL,,,NUTRITION//ENTERAL,Stage3J_curated_policy,local_parent_token,medium
DRUG//START//118//20923,v4_curated_unmapped,,,False,research_or_trial,,,,,Stage3J_curated_policy,drop_first_pass,low
DRUG//START//42//15125,v4_curated_unmapped,NUTRITION//ORAL,,True,oral_drink,AUMC_LOCAL,,,NUTRITION//ORAL,Stage3J_curated_policy,local_parent_token,medium
DRUG//START//67//9095,v4_curated_unmapped,,,False,,,,,,Stage3J_curated_policy,drop_first_pass,low
DRUG//START//118//20922,v4_curated_unmapped,,,False,research_or_trial,,,,,Stage3J_curated_policy,drop_first_pass,low
DRUG//START//21//14236,v4_curated_unmapped,,,False,,,,,,Stage3J_curated_policy,drop_first_pass,low
DRUG//START//42//15093,v4_curated_unmapped,NUTRITION//ORAL,,True,oral_food,AUMC_LOCAL,,,NUTRITION//ORAL,Stage3J_curated_policy,local_parent_token,medium
DRUG//START//67//7104,v4_curated_unmapped,,,False,,,,,,Stage3J_curated_policy,drop_first_pass,low
DRUG//START//21//13485,v4_curated_unmapped,,,False,,,,,,Stage3J_curated_policy,drop_first_pass,low
DRUG//START//42//15044,v4_curated_unmapped,NUTRITION//ORAL,,True,oral_food,AUMC_LOCAL,,,NUTRITION//ORAL,Stage3J_curated_policy,local_parent_token,medium
DRUG//START//32//6954,v4_curated_unmapped,OMOP//OMOP_CONCEPT//40030210,,True,,OMOP_CONCEPT,40030210,,Clemastine (Tavegil),Stage3J_curated_policy,curated_exact_omop_lookup,high
DRUG//START//42//15078,v4_curated_unmapped,NUTRITION//ENTERAL,,True,enteral_nutrition,AUMC_LOCAL,,,NUTRITION//ENTERAL,Stage3J_curated_policy,local_parent_token,medium
DRUG//START//56//14985,v4_curated_unmapped,NUTRITION//ORAL,,True,oral_food,AUMC_LOCAL,,,NUTRITION//ORAL,Stage3J_curated_policy,local_parent_token,medium
DRUG//START//56//15002,v4_curated_unmapped,NUTRITION//ORAL,,True,oral_food,AUMC_LOCAL,,,NUTRITION//ORAL,Stage3J_curated_policy,local_parent_token,medium
DRUG//START//29//19163,v4_curated_unmapped,,,False,,,,,,Stage3J_curated_policy,drop_first_pass,low
DRUG//START//42//15099,v4_curated_unmapped,NUTRITION//ORAL,,True,oral_drink,AUMC_LOCAL,,,NUTRITION//ORAL,Stage3J_curated_policy,local_parent_token,medium
DRUG//START//69//9053,v4_curated_unmapped,,,False,,,,,,Stage3J_curated_policy,drop_first_pass,low
DRUG//START//26//7504,v4_curated_unmapped,,,False,route_or_order_metadata,,,,,Stage3J_curated_policy,drop_first_pass,low
DRUG//START//65//14648,v4_curated_unmapped,,,False,research_or_trial,,,,,Stage3J_curated_policy,drop_first_pass,low
DRUG//START//65//14775,v4_curated_unmapped,,,False,research_or_trial,,,,,Stage3J_curated_policy,drop_first_pass,low
DRUG//START//30//19373,v4_curated_unmapped,,,False,,,,,,Stage3J_curated_policy,drop_first_pass,low
DRUG//START//29//12782,v4_curated_unmapped,,,False,,,,,,Stage3J_curated_policy,drop_first_pass,low
DRUG//START//29//6874,v4_curated_unmapped,OMOP//OMOP_CONCEPT//43656933,,True,,OMOP_CONCEPT,43656933,,Biperideen (Akineton),Stage3J_curated_policy,curated_exact_omop_lookup,high
DRUG//START//30//19368,v4_curated_unmapped,OMOP//OMOP_CONCEPT//1338005,,True,,OMOP_CONCEPT,1338005,,Bisoprolol,Stage3J_curated_policy,curated_exact_omop_lookup,high
DRUG//START//42//15121,v4_curated_unmapped,NUTRITION//ORAL,,True,oral_drink,AUMC_LOCAL,,,NUTRITION//ORAL,Stage3J_curated_policy,local_parent_token,medium
DRUG//START//42//15038,v4_curated_unmapped,NUTRITION//ORAL,,True,oral_drink,AUMC_LOCAL,,,NUTRITION//ORAL,Stage3J_curated_policy,local_parent_token,medium
DRUG//START//56//14786,v4_curated_unmapped,NUTRITION//ORAL,,True,oral_food,AUMC_LOCAL,,,NUTRITION//ORAL,Stage3J_curated_policy,local_parent_token,medium
DRUG//START//56//14782,v4_curated_unmapped,NUTRITION//ORAL,,True,oral_food,AUMC_LOCAL,,,NUTRITION//ORAL,Stage3J_curated_policy,local_parent_token,medium
DRUG//START//56//14977,v4_curated_unmapped,NUTRITION//ORAL,,True,oral_food,AUMC_LOCAL,,,NUTRITION//ORAL,Stage3J_curated_policy,local_parent_token,medium
DRUG//START//69//9077,v4_curated_unmapped,,,False,,,,,,Stage3J_curated_policy,drop_first_pass,low
DRUG//START//32//9085,v4_curated_unmapped,,,False,,,,,,Stage3J_curated_policy,drop_first_pass,low
DRUG//START//42//15110,v4_curated_unmapped,NUTRITION//ORAL,,True,oral_drink,AUMC_LOCAL,,,NUTRITION//ORAL,Stage3J_curated_policy,local_parent_token,medium
DRUG//START//29//9122,v4_curated_unmapped,,,False,,,,,,Stage3J_curated_policy,drop_first_pass,low
DRUG//START//56//14810,v4_curated_unmapped,NUTRITION//ORAL,,True,oral_food,AUMC_LOCAL,,,NUTRITION//ORAL,Stage3J_curated_policy,local_parent_token,medium
DRUG//START//21//13029,v4_curated_unmapped,,,False,,,,,,Stage3J_curated_policy,drop_first_pass,low
DRUG//START//118//20647,v4_curated_unmapped,,,False,research_or_trial,,,,,Stage3J_curated_policy,drop_first_pass,low
DRUG//START//119//14212,v4_curated_unmapped,,,False,route_or_order_metadata,,,,,Stage3J_curated_policy,drop_first_pass,low
DRUG//START//30//6942,v4_curated_unmapped,,,False,,,,,,Stage3J_curated_policy,drop_first_pass,low
DRUG//START//56//14968,v4_curated_unmapped,NUTRITION//ORAL,,True,oral_food,AUMC_LOCAL,,,NUTRITION//ORAL,Stage3J_curated_policy,local_parent_token,medium
DRUG//START//56//14998,v4_curated_unmapped,NUTRITION//ORAL,,True,oral_food,AUMC_LOCAL,,,NUTRITION//ORAL,Stage3J_curated_policy,local_parent_token,medium
DRUG//START//42//20722,v4_curated_unmapped,NUTRITION//ENTERAL,,True,enteral_nutrition,AUMC_LOCAL,,,NUTRITION//ENTERAL,Stage3J_curated_policy,local_parent_token,medium
DRUG//START//55//16854,v4_curated_unmapped,,,False,research_or_trial,,,,,Stage3J_curated_policy,drop_first_pass,low
DRUG//START//69//7040,v4_curated_unmapped,,,False,,,,,,Stage3J_curated_policy,drop_first_pass,low
DRUG//START//118//19380,v4_curated_unmapped,,,False,research_or_trial,,,,,Stage3J_curated_policy,drop_first_pass,low
DRUG//START//25//16917,v4_curated_unmapped,,,False,,,,,,Stage3J_curated_policy,drop_first_pass,low
DRUG//START//29//19136,v4_curated_unmapped,,,False,,,,,,Stage3J_curated_policy,drop_first_pass,low
DRUG//START//56//14961,v4_curated_unmapped,NUTRITION//ORAL,,True,oral_food,AUMC_LOCAL,,,NUTRITION//ORAL,Stage3J_curated_policy,local_parent_token,medium
DRUG//START//119//15719,v4_curated_unmapped,,,False,,,,,,Stage3J_curated_policy,drop_first_pass,low
DRUG//START//67//9073,v4_curated_unmapped,,,False,,,,,,Stage3J_curated_policy,drop_first_pass,low
DRUG//START//42//15079,v4_curated_unmapped,NUTRITION//ENTERAL,,True,enteral_nutrition,AUMC_LOCAL,,,NUTRITION//ENTERAL,Stage3J_curated_policy,local_parent_token,medium
DRUG//START//42//15105,v4_curated_unmapped,NUTRITION//ORAL,,True,oral_food,AUMC_LOCAL,,,NUTRITION//ORAL,Stage3J_curated_policy,local_parent_token,medium
DRUG//START//29//6904,v4_curated_unmapped,,,False,,,,,,Stage3J_curated_policy,drop_first_pass,low
DRUG//START//56//14975,v4_curated_unmapped,NUTRITION//ORAL,,True,oral_food,AUMC_LOCAL,,,NUTRITION//ORAL,Stage3J_curated_policy,local_parent_token,medium
DRUG//START//71//9130,v4_curated_unmapped,,,False,,,,,,Stage3J_curated_policy,drop_first_pass,low
DRUG//START//69//12945,v4_curated_unmapped,,,False,,,,,,Stage3J_curated_policy,drop_first_pass,low
DRUG//START//21//19741,v4_curated_unmapped,,,False,,,,,,Stage3J_curated_policy,drop_first_pass,low
DRUG//START//67//19885,v4_curated_unmapped,,,False,,,,,,Stage3J_curated_policy,drop_first_pass,low
DRUG//START//42//15118,v4_curated_unmapped,NUTRITION//ORAL,,True,oral_drink,AUMC_LOCAL,,,NUTRITION//ORAL,Stage3J_curated_policy,local_parent_token,medium
DRUG//START//71//19055,v4_curated_unmapped,,,False,,,,,,Stage3J_curated_policy,drop_first_pass,low
DRUG//START//31//7212,v4_curated_unmapped,OMOP//OMOP_CONCEPT//36959191,,True,,OMOP_CONCEPT,36959191,,Naloxon (Narcan),Stage3J_curated_policy,curated_exact_omop_lookup,high
DRUG//START//31//9036,v4_curated_unmapped,,,False,,,,,,Stage3J_curated_policy,drop_first_pass,low
DRUG//START//42//15035,v4_curated_unmapped,NUTRITION//ORAL,,True,oral_drink,AUMC_LOCAL,,,NUTRITION//ORAL,Stage3J_curated_policy,local_parent_token,medium
DRUG//START//42//15050,v4_curated_unmapped,NUTRITION//ORAL,,True,oral_food,AUMC_LOCAL,,,NUTRITION//ORAL,Stage3J_curated_policy,local_parent_token,medium
DRUG//START//42//15028,v4_curated_unmapped,NUTRITION//ORAL,,True,oral_drink,AUMC_LOCAL,,,NUTRITION//ORAL,Stage3J_curated_policy,local_parent_token,medium
DRUG//START//56//14959,v4_curated_unmapped,NUTRITION//ORAL,,True,oral_food,AUMC_LOCAL,,,NUTRITION//ORAL,Stage3J_curated_policy,local_parent_token,medium
DRUG//START//42//15127,v4_curated_unmapped,NUTRITION//ORAL,,True,oral_drink,AUMC_LOCAL,,,NUTRITION//ORAL,Stage3J_curated_policy,local_parent_token,medium
DRUG//START//56//15006,v4_curated_unmapped,NUTRITION//ORAL,,True,oral_food,AUMC_LOCAL,,,NUTRITION//ORAL,Stage3J_curated_policy,local_parent_token,medium
DRUG//START//25//8375,v4_curated_unmapped,OMOP//OMOP_CONCEPT//783871,,True,,OMOP_CONCEPT,783871,,Immunoglobuline (Nanogam),Stage3J_curated_policy,curated_exact_omop_lookup,high
DRUG//START//42//15052,v4_curated_unmapped,NUTRITION//ORAL,,True,oral_drink,AUMC_LOCAL,,,NUTRITION//ORAL,Stage3J_curated_policy,local_parent_token,medium
DRUG//START//56//14996,v4_curated_unmapped,NUTRITION//ORAL,,True,oral_food,AUMC_LOCAL,,,NUTRITION//ORAL,Stage3J_curated_policy,local_parent_token,medium
DRUG//START//69//9079,v4_curated_unmapped,,,False,,,,,,Stage3J_curated_policy,drop_first_pass,low
DRUG//START//42//20735,v4_curated_unmapped,NUTRITION//ENTERAL,,True,enteral_nutrition,AUMC_LOCAL,,,NUTRITION//ENTERAL,Stage3J_curated_policy,local_parent_token,medium
DRUG//START//27//15296,v4_curated_unmapped,,,False,research_or_trial,,,,,Stage3J_curated_policy,drop_first_pass,low
DRUG//START//42//15072,v4_curated_unmapped,NUTRITION//ORAL,,True,oral_drink,AUMC_LOCAL,,,NUTRITION//ORAL,Stage3J_curated_policy,local_parent_token,medium
DRUG//START//118//14188,v4_curated_unmapped,,,False,research_or_trial,,,,,Stage3J_curated_policy,drop_first_pass,low
DRUG//START//42//15069,v4_curated_unmapped,NUTRITION//ORAL,,True,oral_drink,AUMC_LOCAL,,,NUTRITION//ORAL,Stage3J_curated_policy,local_parent_token,medium
DRUG//START//42//15136,v4_curated_unmapped,NUTRITION//ORAL,,True,oral_food,AUMC_LOCAL,,,NUTRITION//ORAL,Stage3J_curated_policy,local_parent_token,medium
DRUG//START//31//7016,v4_curated_unmapped,,,False,,,,,,Stage3J_curated_policy,drop_first_pass,low
DRUG//START//56//14991,v4_curated_unmapped,NUTRITION//ORAL,,True,oral_food,AUMC_LOCAL,,,NUTRITION//ORAL,Stage3J_curated_policy,local_parent_token,medium
DRUG//START//118//13472,v4_curated_unmapped,,,False,research_or_trial,,,,,Stage3J_curated_policy,drop_first_pass,low
DRUG//START//42//15081,v4_curated_unmapped,NUTRITION//ORAL,,True,oral_drink,AUMC_LOCAL,,,NUTRITION//ORAL,Stage3J_curated_policy,local_parent_token,medium
DRUG//START//56//14814,v4_curated_unmapped,NUTRITION//ORAL,,True,oral_food,AUMC_LOCAL,,,NUTRITION//ORAL,Stage3J_curated_policy,local_parent_token,medium
DRUG//START//67//6947,v4_curated_unmapped,,,False,,,,,,Stage3J_curated_policy,drop_first_pass,low
DRUG//START//69//9617,v4_curated_unmapped,,,False,,,,,,Stage3J_curated_policy,drop_first_pass,low
DRUG//START//42//15101,v4_curated_unmapped,NUTRITION//ORAL,,True,oral_drink,AUMC_LOCAL,,,NUTRITION//ORAL,Stage3J_curated_policy,local_parent_token,medium
DRUG//START//42//15111,v4_curated_unmapped,NUTRITION//ORAL,,True,oral_drink,AUMC_LOCAL,,,NUTRITION//ORAL,Stage3J_curated_policy,local_parent_token,medium
DRUG//START//29//6970,v4_curated_unmapped,OMOP//OMOP_CONCEPT//40992961,,True,,OMOP_CONCEPT,40992961,,Codeïne fosfaat,Stage3J_curated_policy,curated_exact_omop_lookup,high
DRUG//START//42//20729,v4_curated_unmapped,NUTRITION//ENTERAL,,True,enteral_nutrition,AUMC_LOCAL,,,NUTRITION//ENTERAL,Stage3J_curated_policy,local_parent_token,medium
DRUG//START//118//20498,v4_curated_unmapped,,,False,research_or_trial,,,,,Stage3J_curated_policy,drop_first_pass,low
DRUG//START//67//10599,v4_curated_unmapped,,,False,,,,,,Stage3J_curated_policy,drop_first_pass,low
DRUG//START//118//20674,v4_curated_unmapped,,,False,research_or_trial,,,,,Stage3J_curated_policy,drop_first_pass,low
DRUG//START//17//8971,v4_curated_unmapped,,,False,route_or_order_metadata,,,,,Stage3J_curated_policy,drop_first_pass,low
DRUG//START//118//19942,v4_curated_unmapped,,,False,research_or_trial,,,,,Stage3J_curated_policy,drop_first_pass,low
DRUG//START//42//15064,v4_curated_unmapped,NUTRITION//ORAL,,True,oral_drink,AUMC_LOCAL,,,NUTRITION//ORAL,Stage3J_curated_policy,local_parent_token,medium
DRUG//START//56//14993,v4_curated_unmapped,NUTRITION//ORAL,,True,oral_food,AUMC_LOCAL,,,NUTRITION//ORAL,Stage3J_curated_policy,local_parent_token,medium
DRUG//START//56//14969,v4_curated_unmapped,NUTRITION//ORAL,,True,oral_food,AUMC_LOCAL,,,NUTRITION//ORAL,Stage3J_curated_policy,local_parent_token,medium
DRUG//START//118//20673,v4_curated_unmapped,,,False,research_or_trial,,,,,Stage3J_curated_policy,drop_first_pass,low
DRUG//START//25//9461,v4_curated_unmapped,,,False,,,,,,Stage3J_curated_policy,drop_first_pass,low
DRUG//START//42//15112,v4_curated_unmapped,NUTRITION//ORAL,,True,oral_drink,AUMC_LOCAL,,,NUTRITION//ORAL,Stage3J_curated_policy,local_parent_token,medium
DRUG//START//42//15124,v4_curated_unmapped,NUTRITION//ORAL,,True,oral_drink,AUMC_LOCAL,,,NUTRITION//ORAL,Stage3J_curated_policy,local_parent_token,medium
DRUG//START//42//20733,v4_curated_unmapped,NUTRITION//ENTERAL,,True,enteral_nutrition,AUMC_LOCAL,,,NUTRITION//ENTERAL,Stage3J_curated_policy,local_parent_token,medium
DRUG//START//42//21054,v4_curated_unmapped,NUTRITION//ORAL,,True,oral_drink,AUMC_LOCAL,,,NUTRITION//ORAL,Stage3J_curated_policy,local_parent_token,medium
DRUG//START//118//20703,v4_curated_unmapped,,,False,research_or_trial,,,,,Stage3J_curated_policy,drop_first_pass,low
DRUG//START//30//9113,v4_curated_unmapped,,,False,,,,,,Stage3J_curated_policy,drop_first_pass,low
DRUG//START//42//20727,v4_curated_unmapped,NUTRITION//ENTERAL,,True,enteral_nutrition,AUMC_LOCAL,,,NUTRITION//ENTERAL,Stage3J_curated_policy,local_parent_token,medium
DRUG//START//56//14988,v4_curated_unmapped,NUTRITION//ORAL,,True,oral_food,AUMC_LOCAL,,,NUTRITION//ORAL,Stage3J_curated_policy,local_parent_token,medium
DRUG//START//118//20755,v4_curated_unmapped,,,False,research_or_trial,,,,,Stage3J_curated_policy,drop_first_pass,low
DRUG//START//118//20158,v4_curated_unmapped,,,False,research_or_trial,,,,,Stage3J_curated_policy,drop_first_pass,low
DRUG//START//118//20173,v4_curated_unmapped,,,False,research_or_trial,,,,,Stage3J_curated_policy,drop_first_pass,low
DRUG//START//118//20746,v4_curated_unmapped,,,False,research_or_trial,,,,,Stage3J_curated_policy,drop_first_pass,low
DRUG//START//118//18733,v4_curated_unmapped,,,False,research_or_trial,,,,,Stage3J_curated_policy,drop_first_pass,low
DRUG//START//15//16367,v4_curated_unmapped,,,False,research_or_trial,,,,,Stage3J_curated_policy,drop_first_pass,low
DRUG//START//27//6972,v4_curated_unmapped,,,False,,,,,,Stage3J_curated_policy,drop_first_pass,low
DRUG//START//56//15008,v4_curated_unmapped,NUTRITION//ORAL,,True,oral_food,AUMC_LOCAL,,,NUTRITION//ORAL,Stage3J_curated_policy,local_parent_token,medium
DRUG//START//118//20172,v4_curated_unmapped,,,False,research_or_trial,,,,,Stage3J_curated_policy,drop_first_pass,low
DRUG//START//21//19775,v4_curated_unmapped,,,False,,,,,,Stage3J_curated_policy,drop_first_pass,low
DRUG//START//118//20284,v4_curated_unmapped,,,False,research_or_trial,,,,,Stage3J_curated_policy,drop_first_pass,low
DRUG//START//29//9048,v4_curated_unmapped,,,False,,,,,,Stage3J_curated_policy,drop_first_pass,low
DRUG//START//30//9059,v4_curated_unmapped,,,False,,,,,,Stage3J_curated_policy,drop_first_pass,low
DRUG//START//42//15096,v4_curated_unmapped,NUTRITION//ORAL,,True,oral_food,AUMC_LOCAL,,,NUTRITION//ORAL,Stage3J_curated_policy,local_parent_token,medium
DRUG//START//15//16368,v4_curated_unmapped,,,False,research_or_trial,,,,,Stage3J_curated_policy,drop_first_pass,low
DRUG//START//29//9112,v4_curated_unmapped,OMOP//OMOP_CONCEPT//4305911,,True,,OMOP_CONCEPT,4305911,,Nitrazepam,Stage3J_curated_policy,curated_exact_omop_lookup,high
DRUG//START//42//15107,v4_curated_unmapped,NUTRITION//ORAL,,True,oral_food,AUMC_LOCAL,,,NUTRITION//ORAL,Stage3J_curated_policy,local_parent_token,medium
DRUG//START//118//13476,v4_curated_unmapped,,,False,research_or_trial,,,,,Stage3J_curated_policy,drop_first_pass,low
DRUG//START//30//20169,v4_curated_unmapped,,,False,,,,,,Stage3J_curated_policy,drop_first_pass,low
DRUG//START//25//20361,v4_curated_unmapped,,,False,,,,,,Stage3J_curated_policy,drop_first_pass,low
DRUG//START//42//15080,v4_curated_unmapped,NUTRITION//ORAL,,True,oral_drink,AUMC_LOCAL,,,NUTRITION//ORAL,Stage3J_curated_policy,local_parent_token,medium
DRUG//START//56//14964,v4_curated_unmapped,NUTRITION//ORAL,,True,oral_food,AUMC_LOCAL,,,NUTRITION//ORAL,Stage3J_curated_policy,local_parent_token,medium
DRUG//START//69//9033,v4_curated_unmapped,,,False,,,,,,Stage3J_curated_policy,drop_first_pass,low
DRUG//START//118//16365,v4_curated_unmapped,,,False,research_or_trial,,,,,Stage3J_curated_policy,drop_first_pass,low
DRUG//START//29//9090,v4_curated_unmapped,,,False,,,,,,Stage3J_curated_policy,drop_first_pass,low
DRUG//START//42//15070,v4_curated_unmapped,NUTRITION//ORAL,,True,oral_drink,AUMC_LOCAL,,,NUTRITION//ORAL,Stage3J_curated_policy,local_parent_token,medium
DRUG//START//56//14794,v4_curated_unmapped,NUTRITION//ORAL,,True,oral_food,AUMC_LOCAL,,,NUTRITION//ORAL,Stage3J_curated_policy,local_parent_token,medium
DRUG//START//56//14997,v4_curated_unmapped,NUTRITION//ORAL,,True,oral_food,AUMC_LOCAL,,,NUTRITION//ORAL,Stage3J_curated_policy,local_parent_token,medium
DRUG//START//65//21222,v4_curated_unmapped,,,False,research_or_trial,,,,,Stage3J_curated_policy,drop_first_pass,low
DRUG//START//71//9129,v4_curated_unmapped,,,False,,,,,,Stage3J_curated_policy,drop_first_pass,low
DRUG//START//118//20629,v4_curated_unmapped,,,False,research_or_trial,,,,,Stage3J_curated_policy,drop_first_pass,low
DRUG//START//42//20724,v4_curated_unmapped,NUTRITION//ENTERAL,,True,enteral_nutrition,AUMC_LOCAL,,,NUTRITION//ENTERAL,Stage3J_curated_policy,local_parent_token,medium
DRUG//START//56//14967,v4_curated_unmapped,NUTRITION//ORAL,,True,oral_food,AUMC_LOCAL,,,NUTRITION//ORAL,Stage3J_curated_policy,local_parent_token,medium
DRUG//START//56//14995,v4_curated_unmapped,NUTRITION//ORAL,,True,oral_food,AUMC_LOCAL,,,NUTRITION//ORAL,Stage3J_curated_policy,local_parent_token,medium
DRUG//START//56//15000,v4_curated_unmapped,NUTRITION//ORAL,,True,oral_food,AUMC_LOCAL,,,NUTRITION//ORAL,Stage3J_curated_policy,local_parent_token,medium
DRUG//START//42//15083,v4_curated_unmapped,NUTRITION//ORAL,,True,oral_drink,AUMC_LOCAL,,,NUTRITION//ORAL,Stage3J_curated_policy,local_parent_token,medium
DRUG//START//56//14802,v4_curated_unmapped,NUTRITION//ORAL,,True,oral_food,AUMC_LOCAL,,,NUTRITION//ORAL,Stage3J_curated_policy,local_parent_token,medium
DRUG//START//56//14818,v4_curated_unmapped,NUTRITION//ORAL,,True,oral_food,AUMC_LOCAL,,,NUTRITION//ORAL,Stage3J_curated_policy,local_parent_token,medium
DRUG//START//56//14980,v4_curated_unmapped,NUTRITION//ORAL,,True,oral_food,AUMC_LOCAL,,,NUTRITION//ORAL,Stage3J_curated_policy,local_parent_token,medium
DRUG//START//118//16457,v4_curated_unmapped,,,False,research_or_trial,,,,,Stage3J_curated_policy,drop_first_pass,low
DRUG//START//29//7407,v4_curated_unmapped,,,False,,,,,,Stage3J_curated_policy,drop_first_pass,low
DRUG//START//42//15045,v4_curated_unmapped,NUTRITION//ORAL,,True,oral_food,AUMC_LOCAL,,,NUTRITION//ORAL,Stage3J_curated_policy,local_parent_token,medium
DRUG//START//118//14199,v4_curated_unmapped,,,False,research_or_trial,,,,,Stage3J_curated_policy,drop_first_pass,low
DRUG//START//118//19370,v4_curated_unmapped,,,False,research_or_trial,,,,,Stage3J_curated_policy,drop_first_pass,low
DRUG//START//27//7245,v4_curated_unmapped,,,False,,,,,,Stage3J_curated_policy,drop_first_pass,low
DRUG//START//42//15051,v4_curated_unmapped,NUTRITION//ORAL,,True,oral_food,AUMC_LOCAL,,,NUTRITION//ORAL,Stage3J_curated_policy,local_parent_token,medium
DRUG//START//56//14987,v4_curated_unmapped,NUTRITION//ORAL,,True,oral_food,AUMC_LOCAL,,,NUTRITION//ORAL,Stage3J_curated_policy,local_parent_token,medium
DRUG//START//118//17039,v4_curated_unmapped,,,False,research_or_trial,,,,,Stage3J_curated_policy,drop_first_pass,low
DRUG//START//30//19138,v4_curated_unmapped,OMOP//OMOP_CONCEPT//1314577,,True,,OMOP_CONCEPT,1314577,,Nebivolol,Stage3J_curated_policy,curated_exact_omop_lookup,high
DRUG//START//42//15056,v4_curated_unmapped,NUTRITION//ORAL,,True,oral_drink,AUMC_LOCAL,,,NUTRITION//ORAL,Stage3J_curated_policy,local_parent_token,medium
DRUG//START//42//19170,v4_curated_unmapped,NUTRITION//ORAL,,True,oral_drink,AUMC_LOCAL,,,NUTRITION//ORAL,Stage3J_curated_policy,local_parent_token,medium
DRUG//START//56//15004,v4_curated_unmapped,NUTRITION//ORAL,,True,oral_food,AUMC_LOCAL,,,NUTRITION//ORAL,Stage3J_curated_policy,local_parent_token,medium
DRUG//START//69//19133,v4_curated_unmapped,,,False,,,,,,Stage3J_curated_policy,drop_first_pass,low
DRUG//START//118//13474,v4_curated_unmapped,,,False,research_or_trial,,,,,Stage3J_curated_policy,drop_first_pass,low
DRUG//START//118//19139,v4_curated_unmapped,,,False,research_or_trial,,,,,Stage3J_curated_policy,drop_first_pass,low
DRUG//START//31//20753,v4_curated_unmapped,,,False,,,,,,Stage3J_curated_policy,drop_first_pass,low
DRUG//START//42//15039,v4_curated_unmapped,NUTRITION//ORAL,,True,oral_drink,AUMC_LOCAL,,,NUTRITION//ORAL,Stage3J_curated_policy,local_parent_token,medium
DRUG//START//42//15130,v4_curated_unmapped,NUTRITION//ORAL,,True,oral_drink,AUMC_LOCAL,,,NUTRITION//ORAL,Stage3J_curated_policy,local_parent_token,medium
DRUG//START//55//16817,v4_curated_unmapped,,,False,research_or_trial,,,,,Stage3J_curated_policy,drop_first_pass,low
DRUG//START//56//14830,v4_curated_unmapped,NUTRITION//ORAL,,True,oral_food,AUMC_LOCAL,,,NUTRITION//ORAL,Stage3J_curated_policy,local_parent_token,medium
DRUG//START//56//14989,v4_curated_unmapped,NUTRITION//ORAL,,True,oral_food,AUMC_LOCAL,,,NUTRITION//ORAL,Stage3J_curated_policy,local_parent_token,medium
DRUG//START//118//14608,v4_curated_unmapped,,,False,research_or_trial,,,,,Stage3J_curated_policy,drop_first_pass,low
DRUG//START//32//13002,v4_curated_unmapped,OMOP//OMOP_CONCEPT//4301375,,True,,OMOP_CONCEPT,4301375,,Thalidomide,Stage3J_curated_policy,curated_exact_omop_lookup,high
DRUG//START//32//19132,v4_curated_unmapped,OMOP//OMOP_CONCEPT//947863,,True,,OMOP_CONCEPT,947863,,Cetirizine,Stage3J_curated_policy,curated_exact_omop_lookup,high
DRUG//START//42//15102,v4_curated_unmapped,NUTRITION//ORAL,,True,oral_drink,AUMC_LOCAL,,,NUTRITION//ORAL,Stage3J_curated_policy,local_parent_token,medium
DRUG//START//42//21053,v4_curated_unmapped,NUTRITION//ORAL,,True,oral_drink,AUMC_LOCAL,,,NUTRITION//ORAL,Stage3J_curated_policy,local_parent_token,medium
DRUG//START//56//14790,v4_curated_unmapped,NUTRITION//ORAL,,True,oral_food,AUMC_LOCAL,,,NUTRITION//ORAL,Stage3J_curated_policy,local_parent_token,medium
DRUG//START//56//14812,v4_curated_unmapped,NUTRITION//ORAL,,True,oral_food,AUMC_LOCAL,,,NUTRITION//ORAL,Stage3J_curated_policy,local_parent_token,medium
DRUG//START//69//9054,v4_curated_unmapped,,,False,,,,,,Stage3J_curated_policy,drop_first_pass,low
DRUG//START//118//13471,v4_curated_unmapped,,,False,research_or_trial,,,,,Stage3J_curated_policy,drop_first_pass,low
DRUG//START//118//20630,v4_curated_unmapped,,,False,research_or_trial,,,,,Stage3J_curated_policy,drop_first_pass,low
DRUG//START//21//20176,v4_curated_unmapped,,,False,,,,,,Stage3J_curated_policy,drop_first_pass,low
DRUG//START//42//15067,v4_curated_unmapped,NUTRITION//ORAL,,True,oral_drink,AUMC_LOCAL,,,NUTRITION//ORAL,Stage3J_curated_policy,local_parent_token,medium
DRUG//START//42//15082,v4_curated_unmapped,NUTRITION//ORAL,,True,oral_drink,AUMC_LOCAL,,,NUTRITION//ORAL,Stage3J_curated_policy,local_parent_token,medium
DRUG//START//56//14798,v4_curated_unmapped,NUTRITION//ORAL,,True,oral_food,AUMC_LOCAL,,,NUTRITION//ORAL,Stage3J_curated_policy,local_parent_token,medium
DRUG//START//118//13475,v4_curated_unmapped,,,False,research_or_trial,,,,,Stage3J_curated_policy,drop_first_pass,low
DRUG//START//118//21018,v4_curated_unmapped,,,False,research_or_trial,,,,,Stage3J_curated_policy,drop_first_pass,low
DRUG//START//42//15053,v4_curated_unmapped,NUTRITION//ORAL,,True,oral_drink,AUMC_LOCAL,,,NUTRITION//ORAL,Stage3J_curated_policy,local_parent_token,medium
DRUG//START//42//15054,v4_curated_unmapped,NUTRITION//ORAL,,True,oral_drink,AUMC_LOCAL,,,NUTRITION//ORAL,Stage3J_curated_policy,local_parent_token,medium
DRUG//START//42//15108,v4_curated_unmapped,NUTRITION//ORAL,,True,oral_food,AUMC_LOCAL,,,NUTRITION//ORAL,Stage3J_curated_policy,local_parent_token,medium
DRUG//START//42//20737,v4_curated_unmapped,NUTRITION//ENTERAL,,True,enteral_nutrition,AUMC_LOCAL,,,NUTRITION//ENTERAL,Stage3J_curated_policy,local_parent_token,medium
DRUG//START//56//14788,v4_curated_unmapped,NUTRITION//ORAL,,True,oral_food,AUMC_LOCAL,,,NUTRITION//ORAL,Stage3J_curated_policy,local_parent_token,medium
DRUG//START//56//15003,v4_curated_unmapped,NUTRITION//ORAL,,True,oral_food,AUMC_LOCAL,,,NUTRITION//ORAL,Stage3J_curated_policy,local_parent_token,medium
DRUG//START//65//21221,v4_curated_unmapped,,,False,research_or_trial,,,,,Stage3J_curated_policy,drop_first_pass,low
DRUG//START//25//18776,v4_curated_unmapped,,,False,,,,,,Stage3J_curated_policy,drop_first_pass,low
DRUG//START//29//9082,v4_curated_unmapped,,,False,,,,,,Stage3J_curated_policy,drop_first_pass,low
DRUG//START//56//14963,v4_curated_unmapped,NUTRITION//ORAL,,True,oral_food,AUMC_LOCAL,,,NUTRITION//ORAL,Stage3J_curated_policy,local_parent_token,medium
DRUG//START//56//14979,v4_curated_unmapped,NUTRITION//ORAL,,True,oral_food,AUMC_LOCAL,,,NUTRITION//ORAL,Stage3J_curated_policy,local_parent_token,medium
DRUG//START//56//14981,v4_curated_unmapped,NUTRITION//ORAL,,True,oral_food,AUMC_LOCAL,,,NUTRITION//ORAL,Stage3J_curated_policy,local_parent_token,medium
DRUG//START//56//14999,v4_curated_unmapped,NUTRITION//ORAL,,True,oral_food,AUMC_LOCAL,,,NUTRITION//ORAL,Stage3J_curated_policy,local_parent_token,medium
DRUG//START//56//15012,v4_curated_unmapped,NUTRITION//ORAL,,True,oral_food,AUMC_LOCAL,,,NUTRITION//ORAL,Stage3J_curated_policy,local_parent_token,medium
DRUG//START//71//9041,v4_curated_unmapped,,,False,,,,,,Stage3J_curated_policy,drop_first_pass,low
DRUG//START//118//16366,v4_curated_unmapped,,,False,research_or_trial,,,,,Stage3J_curated_policy,drop_first_pass,low
DRUG//START//118//16893,v4_curated_unmapped,,,False,research_or_trial,,,,,Stage3J_curated_policy,drop_first_pass,low
DRUG//START//21//20357,v4_curated_unmapped,,,False,,,,,,Stage3J_curated_policy,drop_first_pass,low
DRUG//START//27//7217,v4_curated_unmapped,OMOP//OMOP_CONCEPT//40072348,,True,,OMOP_CONCEPT,40072348,,Neostigmine methylsulfaat,Stage3J_curated_policy,curated_exact_omop_lookup,high
DRUG//START//32//9084,v4_curated_unmapped,,,False,,,,,,Stage3J_curated_policy,drop_first_pass,low
DRUG//START//56//14783,v4_curated_unmapped,NUTRITION//ORAL,,True,oral_food,AUMC_LOCAL,,,NUTRITION//ORAL,Stage3J_curated_policy,local_parent_token,medium
DRUG//START//56//14822,v4_curated_unmapped,NUTRITION//ORAL,,True,oral_food,AUMC_LOCAL,,,NUTRITION//ORAL,Stage3J_curated_policy,local_parent_token,medium
DRUG//START//56//15005,v4_curated_unmapped,NUTRITION//ORAL,,True,oral_food,AUMC_LOCAL,,,NUTRITION//ORAL,Stage3J_curated_policy,local_parent_token,medium
DRUG//START//56//15009,v4_curated_unmapped,NUTRITION//ORAL,,True,oral_food,AUMC_LOCAL,,,NUTRITION//ORAL,Stage3J_curated_policy,local_parent_token,medium
DRUG//START//67//12552,v4_curated_unmapped,,,False,,,,,,Stage3J_curated_policy,drop_first_pass,low
DRUG//START//118//14773,v4_curated_unmapped,,,False,research_or_trial,,,,,Stage3J_curated_policy,drop_first_pass,low
DRUG//START//118//19692,v4_curated_unmapped,,,False,research_or_trial,,,,,Stage3J_curated_policy,drop_first_pass,low
DRUG//START//118//19747,v4_curated_unmapped,,,False,research_or_trial,,,,,Stage3J_curated_policy,drop_first_pass,low
DRUG//START//27//15256,v4_curated_unmapped,OMOP//OMOP_CONCEPT//784047,,True,,OMOP_CONCEPT,784047,,Tacrolimus (Prograft),Stage3J_curated_policy,curated_exact_omop_lookup,high
DRUG//START//42//15055,v4_curated_unmapped,NUTRITION//ORAL,,True,oral_drink,AUMC_LOCAL,,,NUTRITION//ORAL,Stage3J_curated_policy,local_parent_token,medium
DRUG//START//56//14789,v4_curated_unmapped,NUTRITION//ORAL,,True,oral_food,AUMC_LOCAL,,,NUTRITION//ORAL,Stage3J_curated_policy,local_parent_token,medium
DRUG//START//56//14819,v4_curated_unmapped,NUTRITION//ORAL,,True,oral_food,AUMC_LOCAL,,,NUTRITION//ORAL,Stage3J_curated_policy,local_parent_token,medium
DRUG//START//56//15007,v4_curated_unmapped,NUTRITION//ORAL,,True,oral_food,AUMC_LOCAL,,,NUTRITION//ORAL,Stage3J_curated_policy,local_parent_token,medium
DRUG//START//118//14609,v4_curated_unmapped,,,False,research_or_trial,,,,,Stage3J_curated_policy,drop_first_pass,low
DRUG//START//118//16853,v4_curated_unmapped,,,False,research_or_trial,,,,,Stage3J_curated_policy,drop_first_pass,low
DRUG//START//118//16907,v4_curated_unmapped,,,False,research_or_trial,,,,,Stage3J_curated_policy,drop_first_pass,low
DRUG//START//25//18779,v4_curated_unmapped,,,False,,,,,,Stage3J_curated_policy,drop_first_pass,low
DRUG//START//42//15084,v4_curated_unmapped,NUTRITION//ORAL,,True,oral_drink,AUMC_LOCAL,,,NUTRITION//ORAL,Stage3J_curated_policy,local_parent_token,medium
DRUG//START//42//19172,v4_curated_unmapped,NUTRITION//ORAL,,True,oral_drink,AUMC_LOCAL,,,NUTRITION//ORAL,Stage3J_curated_policy,local_parent_token,medium
DRUG//START//42//20731,v4_curated_unmapped,NUTRITION//ENTERAL,,True,enteral_nutrition,AUMC_LOCAL,,,NUTRITION//ENTERAL,Stage3J_curated_policy,local_parent_token,medium
DRUG//START//56//14785,v4_curated_unmapped,NUTRITION//ORAL,,True,oral_food,AUMC_LOCAL,,,NUTRITION//ORAL,Stage3J_curated_policy,local_parent_token,medium
DRUG//START//56//14787,v4_curated_unmapped,NUTRITION//ORAL,,True,oral_food,AUMC_LOCAL,,,NUTRITION//ORAL,Stage3J_curated_policy,local_parent_token,medium
DRUG//START//56//14795,v4_curated_unmapped,NUTRITION//ORAL,,True,oral_food,AUMC_LOCAL,,,NUTRITION//ORAL,Stage3J_curated_policy,local_parent_token,medium
DRUG//START//56//14811,v4_curated_unmapped,NUTRITION//ORAL,,True,oral_food,AUMC_LOCAL,,,NUTRITION//ORAL,Stage3J_curated_policy,local_parent_token,medium
DRUG//START//65//15317,v4_curated_unmapped,,,False,research_or_trial,,,,,Stage3J_curated_policy,drop_first_pass,low
DRUG//START//69//12786,v4_curated_unmapped,,,False,,,,,,Stage3J_curated_policy,drop_first_pass,low
DRUG//START//69//7626,v4_curated_unmapped,OMOP//OMOP_CONCEPT//905371,,True,,OMOP_CONCEPT,905371,,Methylcellulose,Stage3J_curated_policy,curated_exact_omop_lookup,high
DRUG//START//118//14184,v4_curated_unmapped,,,False,research_or_trial,,,,,Stage3J_curated_policy,drop_first_pass,low
DRUG//START//118//16914,v4_curated_unmapped,,,False,research_or_trial,,,,,Stage3J_curated_policy,drop_first_pass,low
DRUG//START//30//10625,v4_curated_unmapped,,,False,,,,,,Stage3J_curated_policy,drop_first_pass,low
DRUG//START//30//20177,v4_curated_unmapped,,,False,,,,,,Stage3J_curated_policy,drop_first_pass,low
DRUG//START//42//21052,v4_curated_unmapped,NUTRITION//ORAL,,True,oral_drink,AUMC_LOCAL,,,NUTRITION//ORAL,Stage3J_curated_policy,local_parent_token,medium
DRUG//START//56//14831,v4_curated_unmapped,NUTRITION//ORAL,,True,oral_food,AUMC_LOCAL,,,NUTRITION//ORAL,Stage3J_curated_policy,local_parent_token,medium
DRUG//START//56//14832,v4_curated_unmapped,NUTRITION//ORAL,,True,oral_food,AUMC_LOCAL,,,NUTRITION//ORAL,Stage3J_curated_policy,local_parent_token,medium
DRUG//START//56//15001,v4_curated_unmapped,NUTRITION//ORAL,,True,oral_food,AUMC_LOCAL,,,NUTRITION//ORAL,Stage3J_curated_policy,local_parent_token,medium
DRUG//START//118//19140,v4_curated_unmapped,,,False,research_or_trial,,,,,Stage3J_curated_policy,drop_first_pass,low
DRUG//START//118//19915,v4_curated_unmapped,,,False,research_or_trial,,,,,Stage3J_curated_policy,drop_first_pass,low
DRUG//START//118//20093,v4_curated_unmapped,,,False,research_or_trial,,,,,Stage3J_curated_policy,drop_first_pass,low
DRUG//START//118//21219,v4_curated_unmapped,,,False,research_or_trial,,,,,Stage3J_curated_policy,drop_first_pass,low
DRUG//START//29//12466,v4_curated_unmapped,,,False,,,,,,Stage3J_curated_policy,drop_first_pass,low
DRUG//START//42//15073,v4_curated_unmapped,NUTRITION//ORAL,,True,oral_drink,AUMC_LOCAL,,,NUTRITION//ORAL,Stage3J_curated_policy,local_parent_token,medium
DRUG//START//42//20732,v4_curated_unmapped,NUTRITION//ENTERAL,,True,enteral_nutrition,AUMC_LOCAL,,,NUTRITION//ENTERAL,Stage3J_curated_policy,local_parent_token,medium
DRUG//START//42//20734,v4_curated_unmapped,NUTRITION//ENTERAL,,True,enteral_nutrition,AUMC_LOCAL,,,NUTRITION//ENTERAL,Stage3J_curated_policy,local_parent_token,medium
DRUG//START//42//20738,v4_curated_unmapped,NUTRITION//ENTERAL,,True,enteral_nutrition,AUMC_LOCAL,,,NUTRITION//ENTERAL,Stage3J_curated_policy,local_parent_token,medium
DRUG//START//56//14797,v4_curated_unmapped,NUTRITION//ORAL,,True,oral_food,AUMC_LOCAL,,,NUTRITION//ORAL,Stage3J_curated_policy,local_parent_token,medium
DRUG//START//56//14806,v4_curated_unmapped,NUTRITION//ORAL,,True,oral_food,AUMC_LOCAL,,,NUTRITION//ORAL,Stage3J_curated_policy,local_parent_token,medium
DRUG//START//56//14813,v4_curated_unmapped,NUTRITION//ORAL,,True,oral_food,AUMC_LOCAL,,,NUTRITION//ORAL,Stage3J_curated_policy,local_parent_token,medium
DRUG//START//56//14826,v4_curated_unmapped,NUTRITION//ORAL,,True,oral_food,AUMC_LOCAL,,,NUTRITION//ORAL,Stage3J_curated_policy,local_parent_token,medium
DRUG//START//56//14965,v4_curated_unmapped,NUTRITION//ORAL,,True,oral_food,AUMC_LOCAL,,,NUTRITION//ORAL,Stage3J_curated_policy,local_parent_token,medium
DRUG//START//56//15011,v4_curated_unmapped,NUTRITION//ORAL,,True,oral_food,AUMC_LOCAL,,,NUTRITION//ORAL,Stage3J_curated_policy,local_parent_token,medium
DRUG//START//118//16750,v4_curated_unmapped,,,False,research_or_trial,,,,,Stage3J_curated_policy,drop_first_pass,low
DRUG//START//118//16913,v4_curated_unmapped,,,False,research_or_trial,,,,,Stage3J_curated_policy,drop_first_pass,low
DRUG//START//118//19744,v4_curated_unmapped,,,False,research_or_trial,,,,,Stage3J_curated_policy,drop_first_pass,low
DRUG//START//118//20704,v4_curated_unmapped,,,False,research_or_trial,,,,,Stage3J_curated_policy,drop_first_pass,low
DRUG//START//118//21019,v4_curated_unmapped,,,False,research_or_trial,,,,,Stage3J_curated_policy,drop_first_pass,low
DRUG//START//118//21055,v4_curated_unmapped,,,False,research_or_trial,,,,,Stage3J_curated_policy,drop_first_pass,low
DRUG//START//118//21218,v4_curated_unmapped,,,False,research_or_trial,,,,,Stage3J_curated_policy,drop_first_pass,low
DRUG//START//21//12990,v4_curated_unmapped,,,False,,,,,,Stage3J_curated_policy,drop_first_pass,low
DRUG//START//21//19051,v4_curated_unmapped,,,False,,,,,,Stage3J_curated_policy,drop_first_pass,low
DRUG//START//30//20170,v4_curated_unmapped,OMOP//OMOP_CONCEPT//4213850,,True,,OMOP_CONCEPT,4213850,,Lercanidipine,Stage3J_curated_policy,curated_exact_omop_lookup,high
DRUG//START//30//9058,v4_curated_unmapped,,,False,,,,,,Stage3J_curated_policy,drop_first_pass,low
DRUG//START//32//14755,v4_curated_unmapped,,,False,research_or_trial,,,,,Stage3J_curated_policy,drop_first_pass,low
DRUG//START//42//15057,v4_curated_unmapped,NUTRITION//ORAL,,True,oral_drink,AUMC_LOCAL,,,NUTRITION//ORAL,Stage3J_curated_policy,local_parent_token,medium
DRUG//START//56//14778,v4_curated_unmapped,NUTRITION//ORAL,,True,oral_food,AUMC_LOCAL,,,NUTRITION//ORAL,Stage3J_curated_policy,local_parent_token,medium
DRUG//START//56//14784,v4_curated_unmapped,NUTRITION//ORAL,,True,oral_food,AUMC_LOCAL,,,NUTRITION//ORAL,Stage3J_curated_policy,local_parent_token,medium
DRUG//START//56//14792,v4_curated_unmapped,NUTRITION//ORAL,,True,oral_food,AUMC_LOCAL,,,NUTRITION//ORAL,Stage3J_curated_policy,local_parent_token,medium
DRUG//START//56//14796,v4_curated_unmapped,NUTRITION//ORAL,,True,oral_food,AUMC_LOCAL,,,NUTRITION//ORAL,Stage3J_curated_policy,local_parent_token,medium
DRUG//START//56//14816,v4_curated_unmapped,NUTRITION//ORAL,,True,oral_food,AUMC_LOCAL,,,NUTRITION//ORAL,Stage3J_curated_policy,local_parent_token,medium
DRUG//START//56//14820,v4_curated_unmapped,NUTRITION//ORAL,,True,oral_food,AUMC_LOCAL,,,NUTRITION//ORAL,Stage3J_curated_policy,local_parent_token,medium
DRUG//START//67//9042,v4_curated_unmapped,OMOP//OMOP_CONCEPT//19047752,,True,,OMOP_CONCEPT,19047752,,Celestone,Stage3J_curated_policy,curated_exact_omop_lookup,high
DRUG//START//118//13473,v4_curated_unmapped,,,False,research_or_trial,,,,,Stage3J_curated_policy,drop_first_pass,low
DRUG//START//118//13477,v4_curated_unmapped,,,False,research_or_trial,,,,,Stage3J_curated_policy,drop_first_pass,low
DRUG//START//118//15313,v4_curated_unmapped,,,False,research_or_trial,,,,,Stage3J_curated_policy,drop_first_pass,low
DRUG//START//118//15794,v4_curated_unmapped,,,False,research_or_trial,,,,,Stage3J_curated_policy,drop_first_pass,low
DRUG//START//118//19525,v4_curated_unmapped,,,False,research_or_trial,,,,,Stage3J_curated_policy,drop_first_pass,low
DRUG//START//118//20640,v4_curated_unmapped,,,False,research_or_trial,,,,,Stage3J_curated_policy,drop_first_pass,low
DRUG//START//21//9076,v4_curated_unmapped,,,False,,,,,,Stage3J_curated_policy,drop_first_pass,low
DRUG//START//27//9121,v4_curated_unmapped,,,False,,,,,,Stage3J_curated_policy,drop_first_pass,low
DRUG//START//29//9099,v4_curated_unmapped,OMOP//OMOP_CONCEPT//19045914,,True,,OMOP_CONCEPT,19045914,,MS Contin,Stage3J_curated_policy,curated_exact_omop_lookup,high
DRUG//START//31//12978,v4_curated_unmapped,,,False,,,,,,Stage3J_curated_policy,drop_first_pass,low
DRUG//START//42//19171,v4_curated_unmapped,NUTRITION//ORAL,,True,oral_drink,AUMC_LOCAL,,,NUTRITION//ORAL,Stage3J_curated_policy,local_parent_token,medium
DRUG//START//56//14793,v4_curated_unmapped,NUTRITION//ORAL,,True,oral_food,AUMC_LOCAL,,,NUTRITION//ORAL,Stage3J_curated_policy,local_parent_token,medium
DRUG//START//56//14804,v4_curated_unmapped,NUTRITION//ORAL,,True,oral_food,AUMC_LOCAL,,,NUTRITION//ORAL,Stage3J_curated_policy,local_parent_token,medium
DRUG//START//56//14807,v4_curated_unmapped,NUTRITION//ORAL,,True,oral_food,AUMC_LOCAL,,,NUTRITION//ORAL,Stage3J_curated_policy,local_parent_token,medium
DRUG//START//56//14815,v4_curated_unmapped,NUTRITION//ORAL,,True,oral_food,AUMC_LOCAL,,,NUTRITION//ORAL,Stage3J_curated_policy,local_parent_token,medium
DRUG//START//56//14817,v4_curated_unmapped,NUTRITION//ORAL,,True,oral_food,AUMC_LOCAL,,,NUTRITION//ORAL,Stage3J_curated_policy,local_parent_token,medium
DRUG//START//56//14828,v4_curated_unmapped,NUTRITION//ORAL,,True,oral_food,AUMC_LOCAL,,,NUTRITION//ORAL,Stage3J_curated_policy,local_parent_token,medium
DRUG//START//56//14833,v4_curated_unmapped,NUTRITION//ORAL,,True,oral_food,AUMC_LOCAL,,,NUTRITION//ORAL,Stage3J_curated_policy,local_parent_token,medium
DRUG//START//56//15013,v4_curated_unmapped,NUTRITION//ORAL,,True,oral_food,AUMC_LOCAL,,,NUTRITION//ORAL,Stage3J_curated_policy,local_parent_token,medium
DRUG//START//118//16364,v4_curated_unmapped,,,False,research_or_trial,,,,,Stage3J_curated_policy,drop_first_pass,low
DRUG//START//118//21020,v4_curated_unmapped,,,False,research_or_trial,,,,,Stage3J_curated_policy,drop_first_pass,low
DRUG//START//21//9618,v4_curated_unmapped,OMOP//OMOP_CONCEPT//40813273,,True,,OMOP_CONCEPT,40813273,,PantoPac,Stage3J_curated_policy,curated_exact_omop_lookup,high
DRUG//START//25//18753,v4_curated_unmapped,OMOP//OMOP_CONCEPT//947745,,True,,OMOP_CONCEPT,947745,,Bevacizumab,Stage3J_curated_policy,curated_exact_omop_lookup,high
DRUG//START//25//7991,v4_curated_unmapped,,,False,,,,,,Stage3J_curated_policy,drop_first_pass,low
DRUG//START//27//9622,v4_curated_unmapped,,,False,,,,,,Stage3J_curated_policy,drop_first_pass,low
DRUG//START//42//15037,v4_curated_unmapped,NUTRITION//ORAL,,True,oral_drink,AUMC_LOCAL,,,NUTRITION//ORAL,Stage3J_curated_policy,local_parent_token,medium
DRUG//START//42//15085,v4_curated_unmapped,NUTRITION//ORAL,,True,oral_drink,AUMC_LOCAL,,,NUTRITION//ORAL,Stage3J_curated_policy,local_parent_token,medium
DRUG//START//56//14799,v4_curated_unmapped,NUTRITION//ORAL,,True,oral_food,AUMC_LOCAL,,,NUTRITION//ORAL,Stage3J_curated_policy,local_parent_token,medium
DRUG//START//56//14800,v4_curated_unmapped,NUTRITION//ORAL,,True,oral_food,AUMC_LOCAL,,,NUTRITION//ORAL,Stage3J_curated_policy,local_parent_token,medium
DRUG//START//56//14803,v4_curated_unmapped,NUTRITION//ORAL,,True,oral_food,AUMC_LOCAL,,,NUTRITION//ORAL,Stage3J_curated_policy,local_parent_token,medium
DRUG//START//56//14824,v4_curated_unmapped,NUTRITION//ORAL,,True,oral_food,AUMC_LOCAL,,,NUTRITION//ORAL,Stage3J_curated_policy,local_parent_token,medium
DRUG//START//71//19895,v4_curated_unmapped,,,False,,,,,,Stage3J_curated_policy,drop_first_pass,low
FREETEXT//11015//1,v4_curated_unmapped,,,False,,,,,,Stage3J_curated_policy,drop_first_pass,unmapped
FREETEXT//14552//1,v4_curated_unmapped,,,False,,,,,,Stage3J_curated_policy,drop_first_pass,unmapped
FREETEXT//15454//1,v4_curated_unmapped,,,False,,,,,,Stage3J_curated_policy,drop_first_pass,unmapped
FREETEXT//11385//1,v4_curated_unmapped,,,False,,,,,,Stage3J_curated_policy,drop_first_pass,unmapped
FREETEXT//14558//1,v4_curated_unmapped,,,False,,,,,,Stage3J_curated_policy,drop_first_pass,unmapped
FREETEXT//15655//1,v4_curated_unmapped,,,False,,,,,,Stage3J_curated_policy,drop_first_pass,unmapped
FREETEXT//15448//1,v4_curated_unmapped,,,False,,,,,,Stage3J_curated_policy,drop_first_pass,unmapped
FREETEXT//11110//1,v4_curated_unmapped,,,False,,,,,,Stage3J_curated_policy,drop_first_pass,unmapped
FREETEXT//10946//1,v4_curated_unmapped,,,False,,,,,,Stage3J_curated_policy,drop_first_pass,unmapped
FREETEXT//11229//1,v4_curated_unmapped,,,False,,,,,,Stage3J_curated_policy,drop_first_pass,unmapped
FREETEXT//17308//1,v4_curated_unmapped,,,False,,,,,,Stage3J_curated_policy,drop_first_pass,unmapped
FREETEXT//15403//1,v4_curated_unmapped,,,False,,,,,,Stage3J_curated_policy,drop_first_pass,unmapped
FREETEXT//19090//1,v4_curated_unmapped,,,False,,,,,,Stage3J_curated_policy,drop_first_pass,unmapped
FREETEXT//19091//1,v4_curated_unmapped,,,False,,,,,,Stage3J_curated_policy,drop_first_pass,unmapped
FREETEXT//10813//1,v4_curated_unmapped,,,False,,,,,,Stage3J_curated_policy,drop_first_pass,unmapped
FREETEXT//11136//1,v4_curated_unmapped,,,False,,,,,,Stage3J_curated_policy,drop_first_pass,unmapped
FREETEXT//11414//1,v4_curated_unmapped,,,False,,,,,,Stage3J_curated_policy,drop_first_pass,unmapped
FREETEXT//12150//1,v4_curated_unmapped,,,False,,,,,,Stage3J_curated_policy,drop_first_pass,unmapped
FREETEXT//12243//1,v4_curated_unmapped,,,False,,,,,,Stage3J_curated_policy,drop_first_pass,unmapped
FREETEXT//11384//1,v4_curated_unmapped,,,False,,,,,,Stage3J_curated_policy,drop_first_pass,unmapped
FREETEXT//15384//1,v4_curated_unmapped,,,False,,,,,,Stage3J_curated_policy,drop_first_pass,unmapped
FREETEXT//19701//1,v4_curated_unmapped,,,False,,,,,,Stage3J_curated_policy,drop_first_pass,unmapped
FREETEXT//17744//1,v4_curated_unmapped,,,False,,,,,,Stage3J_curated_policy,drop_first_pass,unmapped
FREETEXT//11019//1,v4_curated_unmapped,,,False,,,,,,Stage3J_curated_policy,drop_first_pass,unmapped
FREETEXT//11283//1,v4_curated_unmapped,,,False,,,,,,Stage3J_curated_policy,drop_first_pass,unmapped
FREETEXT//17845//1,v4_curated_unmapped,,,False,,,,,,Stage3J_curated_policy,drop_first_pass,unmapped
FREETEXT//10766//1,v4_curated_unmapped,,,False,,,,,,Stage3J_curated_policy,drop_first_pass,unmapped
FREETEXT//19580//1,v4_curated_unmapped,,,False,,,,,,Stage3J_curated_policy,drop_first_pass,unmapped
FREETEXT//14312//1,v4_curated_unmapped,,,False,,,,,,Stage3J_curated_policy,drop_first_pass,unmapped
FREETEXT//10815//1,v4_curated_unmapped,,,False,,,,,,Stage3J_curated_policy,drop_first_pass,unmapped
FREETEXT//17677//1,v4_curated_unmapped,,,False,,,,,,Stage3J_curated_policy,drop_first_pass,unmapped
FREETEXT//17689//1,v4_curated_unmapped,,,False,,,,,,Stage3J_curated_policy,drop_first_pass,unmapped
FREETEXT//17701//1,v4_curated_unmapped,,,False,,,,,,Stage3J_curated_policy,drop_first_pass,unmapped
FREETEXT//15383//1,v4_curated_unmapped,,,False,,,,,,Stage3J_curated_policy,drop_first_pass,unmapped
FREETEXT//17078//1,v4_curated_unmapped,,,False,,,,,,Stage3J_curated_policy,drop_first_pass,unmapped
FREETEXT//11415//1,v4_curated_unmapped,,,False,,,,,,Stage3J_curated_policy,drop_first_pass,unmapped
FREETEXT//12168//1,v4_curated_unmapped,,,False,,,,,,Stage3J_curated_policy,drop_first_pass,unmapped
FREETEXT//15611//1,v4_curated_unmapped,,,False,,,,,,Stage3J_curated_policy,drop_first_pass,unmapped
FREETEXT//15745//1,v4_curated_unmapped,,,False,,,,,,Stage3J_curated_policy,drop_first_pass,unmapped
FREETEXT//15748//1,v4_curated_unmapped,,,False,,,,,,Stage3J_curated_policy,drop_first_pass,unmapped
FREETEXT//11120//1,v4_curated_unmapped,,,False,,,,,,Stage3J_curated_policy,drop_first_pass,unmapped
FREETEXT//14380//1,v4_curated_unmapped,,,False,,,,,,Stage3J_curated_policy,drop_first_pass,unmapped
FREETEXT//17743//1,v4_curated_unmapped,,,False,,,,,,Stage3J_curated_policy,drop_first_pass,unmapped
FREETEXT//11118//1,v4_curated_unmapped,,,False,,,,,,Stage3J_curated_policy,drop_first_pass,unmapped
FREETEXT//11119//1,v4_curated_unmapped,,,False,,,,,,Stage3J_curated_policy,drop_first_pass,unmapped
FREETEXT//11122//1,v4_curated_unmapped,,,False,,,,,,Stage3J_curated_policy,drop_first_pass,unmapped
FREETEXT//11247//1,v4_curated_unmapped,,,False,,,,,,Stage3J_curated_policy,drop_first_pass,unmapped
FREETEXT//14360//1,v4_curated_unmapped,,,False,,,,,,Stage3J_curated_policy,drop_first_pass,unmapped
FREETEXT//10923//1,v4_curated_unmapped,,,False,,,,,,Stage3J_curated_policy,drop_first_pass,unmapped
FREETEXT//11300//1,v4_curated_unmapped,,,False,,,,,,Stage3J_curated_policy,drop_first_pass,unmapped
FREETEXT//14403//1,v4_curated_unmapped,,,False,,,,,,Stage3J_curated_policy,drop_first_pass,unmapped
FREETEXT//17846//1,v4_curated_unmapped,,,False,,,,,,Stage3J_curated_policy,drop_first_pass,unmapped
FREETEXT//12244//1,v4_curated_unmapped,,,False,,,,,,Stage3J_curated_policy,drop_first_pass,unmapped
FREETEXT//14383//1,v4_curated_unmapped,,,False,,,,,,Stage3J_curated_policy,drop_first_pass,unmapped
FREETEXT//15423//1,v4_curated_unmapped,,,False,,,,,,Stage3J_curated_policy,drop_first_pass,unmapped
FREETEXT//11327//1,v4_curated_unmapped,,,False,,,,,,Stage3J_curated_policy,drop_first_pass,unmapped
FREETEXT//11419//1,v4_curated_unmapped,,,False,,,,,,Stage3J_curated_policy,drop_first_pass,unmapped
FREETEXT//12166//1,v4_curated_unmapped,,,False,,,,,,Stage3J_curated_policy,drop_first_pass,unmapped
FREETEXT//17884//1,v4_curated_unmapped,,,False,,,,,,Stage3J_curated_policy,drop_first_pass,unmapped
FREETEXT//10859//1,v4_curated_unmapped,,,False,,,,,,Stage3J_curated_policy,drop_first_pass,unmapped
FREETEXT//10861//1,v4_curated_unmapped,,,False,,,,,,Stage3J_curated_policy,drop_first_pass,unmapped
FREETEXT//11353//1,v4_curated_unmapped,,,False,,,,,,Stage3J_curated_policy,drop_first_pass,unmapped
FREETEXT//10896//1,v4_curated_unmapped,,,False,,,,,,Stage3J_curated_policy,drop_first_pass,unmapped
FREETEXT//11328//1,v4_curated_unmapped,,,False,,,,,,Stage3J_curated_policy,drop_first_pass,unmapped
FREETEXT//14308//1,v4_curated_unmapped,,,False,,,,,,Stage3J_curated_policy,drop_first_pass,unmapped
FREETEXT//11375//1,v4_curated_unmapped,,,False,,,,,,Stage3J_curated_policy,drop_first_pass,unmapped
FREETEXT//10768//1,v4_curated_unmapped,,,False,,,,,,Stage3J_curated_policy,drop_first_pass,unmapped
FREETEXT//17354//1,v4_curated_unmapped,,,False,,,,,,Stage3J_curated_policy,drop_first_pass,unmapped
FREETEXT//11391//1,v4_curated_unmapped,,,False,,,,,,Stage3J_curated_policy,drop_first_pass,unmapped
FREETEXT//14404//1,v4_curated_unmapped,,,False,,,,,,Stage3J_curated_policy,drop_first_pass,unmapped
FREETEXT//11257//1,v4_curated_unmapped,,,False,,,,,,Stage3J_curated_policy,drop_first_pass,unmapped
FREETEXT//11259//1,v4_curated_unmapped,,,False,,,,,,Stage3J_curated_policy,drop_first_pass,unmapped
FREETEXT//15397//1,v4_curated_unmapped,,,False,,,,,,Stage3J_curated_policy,drop_first_pass,unmapped
FREETEXT//11207//1,v4_curated_unmapped,,,False,,,,,,Stage3J_curated_policy,drop_first_pass,unmapped
FREETEXT//11263//1,v4_curated_unmapped,,,False,,,,,,Stage3J_curated_policy,drop_first_pass,unmapped
FREETEXT//11407//1,v4_curated_unmapped,,,False,,,,,,Stage3J_curated_policy,drop_first_pass,unmapped
FREETEXT//15587//1,v4_curated_unmapped,,,False,,,,,,Stage3J_curated_policy,drop_first_pass,unmapped
FREETEXT//11232//1,v4_curated_unmapped,,,False,,,,,,Stage3J_curated_policy,drop_first_pass,unmapped
FREETEXT//11406//1,v4_curated_unmapped,,,False,,,,,,Stage3J_curated_policy,drop_first_pass,unmapped
FREETEXT//11409//1,v4_curated_unmapped,,,False,,,,,,Stage3J_curated_policy,drop_first_pass,unmapped
FREETEXT//10771//1,v4_curated_unmapped,,,False,,,,,,Stage3J_curated_policy,drop_first_pass,unmapped
FREETEXT//10969//1,v4_curated_unmapped,,,False,,,,,,Stage3J_curated_policy,drop_first_pass,unmapped
FREETEXT//11016//1,v4_curated_unmapped,,,False,,,,,,Stage3J_curated_policy,drop_first_pass,unmapped
FREETEXT//11111//1,v4_curated_unmapped,,,False,,,,,,Stage3J_curated_policy,drop_first_pass,unmapped
FREETEXT//15388//1,v4_curated_unmapped,,,False,,,,,,Stage3J_curated_policy,drop_first_pass,unmapped
FREETEXT//15429//1,v4_curated_unmapped,,,False,,,,,,Stage3J_curated_policy,drop_first_pass,unmapped
FREETEXT//17580//1,v4_curated_unmapped,,,False,,,,,,Stage3J_curated_policy,drop_first_pass,unmapped
FREETEXT//17663//1,v4_curated_unmapped,,,False,,,,,,Stage3J_curated_policy,drop_first_pass,unmapped
FREETEXT//17939//1,v4_curated_unmapped,,,False,,,,,,Stage3J_curated_policy,drop_first_pass,unmapped
FREETEXT//17275//1,v4_curated_unmapped,,,False,,,,,,Stage3J_curated_policy,drop_first_pass,unmapped
FREETEXT//17886//1,v4_curated_unmapped,,,False,,,,,,Stage3J_curated_policy,drop_first_pass,unmapped
FREETEXT//11286//1,v4_curated_unmapped,,,False,,,,,,Stage3J_curated_policy,drop_first_pass,unmapped
FREETEXT//10877//1,v4_curated_unmapped,,,False,,,,,,Stage3J_curated_policy,drop_first_pass,unmapped
FREETEXT//10880//1,v4_curated_unmapped,,,False,,,,,,Stage3J_curated_policy,drop_first_pass,unmapped
FREETEXT//11401//1,v4_curated_unmapped,,,False,,,,,,Stage3J_curated_policy,drop_first_pass,unmapped
FREETEXT//14378//1,v4_curated_unmapped,,,False,,,,,,Stage3J_curated_policy,drop_first_pass,unmapped
FREETEXT//17923//1,v4_curated_unmapped,,,False,,,,,,Stage3J_curated_policy,drop_first_pass,unmapped
FREETEXT//11116//1,v4_curated_unmapped,,,False,,,,,,Stage3J_curated_policy,drop_first_pass,unmapped
FREETEXT//17451//1,v4_curated_unmapped,,,False,,,,,,Stage3J_curated_policy,drop_first_pass,unmapped
FREETEXT//18922//1,v4_curated_unmapped,,,False,,,,,,Stage3J_curated_policy,drop_first_pass,unmapped
FREETEXT//10944//1,v4_curated_unmapped,,,False,,,,,,Stage3J_curated_policy,drop_first_pass,unmapped
FREETEXT//11114//1,v4_curated_unmapped,,,False,,,,,,Stage3J_curated_policy,drop_first_pass,unmapped
FREETEXT//11305//1,v4_curated_unmapped,,,False,,,,,,Stage3J_curated_policy,drop_first_pass,unmapped
FREETEXT//12183//1,v4_curated_unmapped,,,False,,,,,,Stage3J_curated_policy,drop_first_pass,unmapped
FREETEXT//14297//1,v4_curated_unmapped,,,False,,,,,,Stage3J_curated_policy,drop_first_pass,unmapped
FREETEXT//17932//1,v4_curated_unmapped,,,False,,,,,,Stage3J_curated_policy,drop_first_pass,unmapped
FREETEXT//19010//1,v4_curated_unmapped,,,False,,,,,,Stage3J_curated_policy,drop_first_pass,unmapped
FREETEXT//19011//1,v4_curated_unmapped,,,False,,,,,,Stage3J_curated_policy,drop_first_pass,unmapped
FREETEXT//10869//1,v4_curated_unmapped,,,False,,,,,,Stage3J_curated_policy,drop_first_pass,unmapped
FREETEXT//11264//1,v4_curated_unmapped,,,False,,,,,,Stage3J_curated_policy,drop_first_pass,unmapped
FREETEXT//15430//1,v4_curated_unmapped,,,False,,,,,,Stage3J_curated_policy,drop_first_pass,unmapped
FREETEXT//19078//1,v4_curated_unmapped,,,False,,,,,,Stage3J_curated_policy,drop_first_pass,unmapped
FREETEXT//19079//1,v4_curated_unmapped,,,False,,,,,,Stage3J_curated_policy,drop_first_pass,unmapped
FREETEXT//10967//1,v4_curated_unmapped,,,False,,,,,,Stage3J_curated_policy,drop_first_pass,unmapped
FREETEXT//14373//1,v4_curated_unmapped,,,False,,,,,,Stage3J_curated_policy,drop_first_pass,unmapped
FREETEXT//15387//1,v4_curated_unmapped,,,False,,,,,,Stage3J_curated_policy,drop_first_pass,unmapped
FREETEXT//10848//1,v4_curated_unmapped,,,False,,,,,,Stage3J_curated_policy,drop_first_pass,unmapped
FREETEXT//11021//1,v4_curated_unmapped,,,False,,,,,,Stage3J_curated_policy,drop_first_pass,unmapped
FREETEXT//11129//1,v4_curated_unmapped,,,False,,,,,,Stage3J_curated_policy,drop_first_pass,unmapped
FREETEXT//11337//1,v4_curated_unmapped,,,False,,,,,,Stage3J_curated_policy,drop_first_pass,unmapped
FREETEXT//17228//1,v4_curated_unmapped,,,False,,,,,,Stage3J_curated_policy,drop_first_pass,unmapped
FREETEXT//11289//1,v4_curated_unmapped,,,False,,,,,,Stage3J_curated_policy,drop_first_pass,unmapped
FREETEXT//11317//1,v4_curated_unmapped,,,False,,,,,,Stage3J_curated_policy,drop_first_pass,unmapped
FREETEXT//10921//1,v4_curated_unmapped,,,False,,,,,,Stage3J_curated_policy,drop_first_pass,unmapped
FREETEXT//11123//1,v4_curated_unmapped,,,False,,,,,,Stage3J_curated_policy,drop_first_pass,unmapped
FREETEXT//11311//1,v4_curated_unmapped,,,False,,,,,,Stage3J_curated_policy,drop_first_pass,unmapped
FREETEXT//17901//1,v4_curated_unmapped,,,False,,,,,,Stage3J_curated_policy,drop_first_pass,unmapped
FREETEXT//11213//1,v4_curated_unmapped,,,False,,,,,,Stage3J_curated_policy,drop_first_pass,unmapped
FREETEXT//11287//1,v4_curated_unmapped,,,False,,,,,,Stage3J_curated_policy,drop_first_pass,unmapped
FREETEXT//11334//1,v4_curated_unmapped,,,False,,,,,,Stage3J_curated_policy,drop_first_pass,unmapped
FREETEXT//11389//1,v4_curated_unmapped,,,False,,,,,,Stage3J_curated_policy,drop_first_pass,unmapped
FREETEXT//17482//1,v4_curated_unmapped,,,False,,,,,,Stage3J_curated_policy,drop_first_pass,unmapped
FREETEXT//10932//1,v4_curated_unmapped,,,False,,,,,,Stage3J_curated_policy,drop_first_pass,unmapped
FREETEXT//11211//1,v4_curated_unmapped,,,False,,,,,,Stage3J_curated_policy,drop_first_pass,unmapped
FREETEXT//11215//1,v4_curated_unmapped,,,False,,,,,,Stage3J_curated_policy,drop_first_pass,unmapped
FREETEXT//11217//1,v4_curated_unmapped,,,False,,,,,,Stage3J_curated_policy,drop_first_pass,unmapped
FREETEXT//12169//1,v4_curated_unmapped,,,False,,,,,,Stage3J_curated_policy,drop_first_pass,unmapped
FREETEXT//17366//1,v4_curated_unmapped,,,False,,,,,,Stage3J_curated_policy,drop_first_pass,unmapped
FREETEXT//17934//1,v4_curated_unmapped,,,False,,,,,,Stage3J_curated_policy,drop_first_pass,unmapped
FREETEXT//17935//1,v4_curated_unmapped,,,False,,,,,,Stage3J_curated_policy,drop_first_pass,unmapped
FREETEXT//17945//1,v4_curated_unmapped,,,False,,,,,,Stage3J_curated_policy,drop_first_pass,unmapped
FREETEXT//10823//1,v4_curated_unmapped,,,False,,,,,,Stage3J_curated_policy,drop_first_pass,unmapped
FREETEXT//10826//1,v4_curated_unmapped,,,False,,,,,,Stage3J_curated_policy,drop_first_pass,unmapped
FREETEXT//11252//1,v4_curated_unmapped,,,False,,,,,,Stage3J_curated_policy,drop_first_pass,unmapped
FREETEXT//11304//1,v4_curated_unmapped,,,False,,,,,,Stage3J_curated_policy,drop_first_pass,unmapped
FREETEXT//11404//1,v4_curated_unmapped,,,False,,,,,,Stage3J_curated_policy,drop_first_pass,unmapped
FREETEXT//12202//1,v4_curated_unmapped,,,False,,,,,,Stage3J_curated_policy,drop_first_pass,unmapped
FREETEXT//14377//1,v4_curated_unmapped,,,False,,,,,,Stage3J_curated_policy,drop_first_pass,unmapped
FREETEXT//15752//1,v4_curated_unmapped,,,False,,,,,,Stage3J_curated_policy,drop_first_pass,unmapped
FREETEXT//17526//1,v4_curated_unmapped,,,False,,,,,,Stage3J_curated_policy,drop_first_pass,unmapped
FREETEXT//19074//1,v4_curated_unmapped,,,False,,,,,,Stage3J_curated_policy,drop_first_pass,unmapped
FREETEXT//12185//1,v4_curated_unmapped,,,False,,,,,,Stage3J_curated_policy,drop_first_pass,unmapped
FREETEXT//19399//1,v4_curated_unmapped,,,False,,,,,,Stage3J_curated_policy,drop_first_pass,unmapped
FREETEXT//19404//1,v4_curated_unmapped,,,False,,,,,,Stage3J_curated_policy,drop_first_pass,unmapped
FREETEXT//10918//1,v4_curated_unmapped,,,False,,,,,,Stage3J_curated_policy,drop_first_pass,unmapped
FREETEXT//11369//1,v4_curated_unmapped,,,False,,,,,,Stage3J_curated_policy,drop_first_pass,unmapped
FREETEXT//14345//1,v4_curated_unmapped,,,False,,,,,,Stage3J_curated_policy,drop_first_pass,unmapped
FREETEXT//14555//1,v4_curated_unmapped,,,False,,,,,,Stage3J_curated_policy,drop_first_pass,unmapped
FREETEXT//14561//1,v4_curated_unmapped,,,False,,,,,,Stage3J_curated_policy,drop_first_pass,unmapped
FREETEXT//15451//1,v4_curated_unmapped,,,False,,,,,,Stage3J_curated_policy,drop_first_pass,unmapped
FREETEXT//15457//1,v4_curated_unmapped,,,False,,,,,,Stage3J_curated_policy,drop_first_pass,unmapped
FREETEXT//15615//1,v4_curated_unmapped,,,False,,,,,,Stage3J_curated_policy,drop_first_pass,unmapped
FREETEXT//15658//1,v4_curated_unmapped,,,False,,,,,,Stage3J_curated_policy,drop_first_pass,unmapped
FREETEXT//17531//1,v4_curated_unmapped,,,False,,,,,,Stage3J_curated_policy,drop_first_pass,unmapped
FREETEXT//17938//1,v4_curated_unmapped,,,False,,,,,,Stage3J_curated_policy,drop_first_pass,unmapped
FREETEXT//19042//1,v4_curated_unmapped,,,False,,,,,,Stage3J_curated_policy,drop_first_pass,unmapped
FREETEXT//19049//1,v4_curated_unmapped,,,False,,,,,,Stage3J_curated_policy,drop_first_pass,unmapped
FREETEXT//10959//1,v4_curated_unmapped,,,False,,,,,,Stage3J_curated_policy,drop_first_pass,unmapped
FREETEXT//11255//1,v4_curated_unmapped,,,False,,,,,,Stage3J_curated_policy,drop_first_pass,unmapped
FREETEXT//12209//1,v4_curated_unmapped,,,False,,,,,,Stage3J_curated_policy,drop_first_pass,unmapped
FREETEXT//15375//1,v4_curated_unmapped,,,False,,,,,,Stage3J_curated_policy,drop_first_pass,unmapped
FREETEXT//15425//1,v4_curated_unmapped,,,False,,,,,,Stage3J_curated_policy,drop_first_pass,unmapped
FREETEXT//17679//1,v4_curated_unmapped,,,False,,,,,,Stage3J_curated_policy,drop_first_pass,unmapped
FREETEXT//17691//1,v4_curated_unmapped,,,False,,,,,,Stage3J_curated_policy,drop_first_pass,unmapped
FREETEXT//17703//1,v4_curated_unmapped,,,False,,,,,,Stage3J_curated_policy,drop_first_pass,unmapped
FREETEXT//17914//1,v4_curated_unmapped,,,False,,,,,,Stage3J_curated_policy,drop_first_pass,unmapped
FREETEXT//10910//1,v4_curated_unmapped,,,False,,,,,,Stage3J_curated_policy,drop_first_pass,unmapped
FREETEXT//11405//1,v4_curated_unmapped,,,False,,,,,,Stage3J_curated_policy,drop_first_pass,unmapped
FREETEXT//12158//1,v4_curated_unmapped,,,False,,,,,,Stage3J_curated_policy,drop_first_pass,unmapped
FREETEXT//15698//1,v4_curated_unmapped,,,False,,,,,,Stage3J_curated_policy,drop_first_pass,unmapped
FREETEXT//17388//1,v4_curated_unmapped,,,False,,,,,,Stage3J_curated_policy,drop_first_pass,unmapped
FREETEXT//17557//1,v4_curated_unmapped,,,False,,,,,,Stage3J_curated_policy,drop_first_pass,unmapped
FREETEXT//17618//1,v4_curated_unmapped,,,False,,,,,,Stage3J_curated_policy,drop_first_pass,unmapped
FREETEXT//17838//1,v4_curated_unmapped,,,False,,,,,,Stage3J_curated_policy,drop_first_pass,unmapped
FREETEXT//17873//1,v4_curated_unmapped,,,False,,,,,,Stage3J_curated_policy,drop_first_pass,unmapped
FREETEXT//11372//1,v4_curated_unmapped,,,False,,,,,,Stage3J_curated_policy,drop_first_pass,unmapped
FREETEXT//14371//1,v4_curated_unmapped,,,False,,,,,,Stage3J_curated_policy,drop_first_pass,unmapped
FREETEXT//14379//1,v4_curated_unmapped,,,False,,,,,,Stage3J_curated_policy,drop_first_pass,unmapped
FREETEXT//15386//1,v4_curated_unmapped,,,False,,,,,,Stage3J_curated_policy,drop_first_pass,unmapped
FREETEXT//17042//1,v4_curated_unmapped,,,False,,,,,,Stage3J_curated_policy,drop_first_pass,unmapped
FREETEXT//17340//1,v4_curated_unmapped,,,False,,,,,,Stage3J_curated_policy,drop_first_pass,unmapped
FREETEXT//18928//1,v4_curated_unmapped,,,False,,,,,,Stage3J_curated_policy,drop_first_pass,unmapped
FREETEXT//18944//1,v4_curated_unmapped,,,False,,,,,,Stage3J_curated_policy,drop_first_pass,unmapped
FREETEXT//10773//1,v4_curated_unmapped,,,False,,,,,,Stage3J_curated_policy,drop_first_pass,unmapped
FREETEXT//10835//1,v4_curated_unmapped,,,False,,,,,,Stage3J_curated_policy,drop_first_pass,unmapped
FREETEXT//10956//1,v4_curated_unmapped,,,False,,,,,,Stage3J_curated_policy,drop_first_pass,unmapped
FREETEXT//11310//1,v4_curated_unmapped,,,False,,,,,,Stage3J_curated_policy,drop_first_pass,unmapped
FREETEXT//11316//1,v4_curated_unmapped,,,False,,,,,,Stage3J_curated_policy,drop_first_pass,unmapped
FREETEXT//11388//1,v4_curated_unmapped,,,False,,,,,,Stage3J_curated_policy,drop_first_pass,unmapped
FREETEXT//12171//1,v4_curated_unmapped,,,False,,,,,,Stage3J_curated_policy,drop_first_pass,unmapped
FREETEXT//15614//1,v4_curated_unmapped,,,False,,,,,,Stage3J_curated_policy,drop_first_pass,unmapped
FREETEXT//17197//1,v4_curated_unmapped,,,False,,,,,,Stage3J_curated_policy,drop_first_pass,unmapped
FREETEXT//17379//1,v4_curated_unmapped,,,False,,,,,,Stage3J_curated_policy,drop_first_pass,unmapped
FREETEXT//17383//1,v4_curated_unmapped,,,False,,,,,,Stage3J_curated_policy,drop_first_pass,unmapped
FREETEXT//17513//1,v4_curated_unmapped,,,False,,,,,,Stage3J_curated_policy,drop_first_pass,unmapped
FREETEXT//17577//1,v4_curated_unmapped,,,False,,,,,,Stage3J_curated_policy,drop_first_pass,unmapped
FREETEXT//17844//1,v4_curated_unmapped,,,False,,,,,,Stage3J_curated_policy,drop_first_pass,unmapped
FREETEXT//17936//1,v4_curated_unmapped,,,False,,,,,,Stage3J_curated_policy,drop_first_pass,unmapped
FREETEXT//19450//1,v4_curated_unmapped,,,False,,,,,,Stage3J_curated_policy,drop_first_pass,unmapped
FREETEXT//10821//1,v4_curated_unmapped,,,False,,,,,,Stage3J_curated_policy,drop_first_pass,unmapped
FREETEXT//10949//1,v4_curated_unmapped,,,False,,,,,,Stage3J_curated_policy,drop_first_pass,unmapped
FREETEXT//10977//1,v4_curated_unmapped,,,False,,,,,,Stage3J_curated_policy,drop_first_pass,unmapped
FREETEXT//11294//1,v4_curated_unmapped,,,False,,,,,,Stage3J_curated_policy,drop_first_pass,unmapped
FREETEXT//12184//1,v4_curated_unmapped,,,False,,,,,,Stage3J_curated_policy,drop_first_pass,unmapped
FREETEXT//15433//1,v4_curated_unmapped,,,False,,,,,,Stage3J_curated_policy,drop_first_pass,unmapped
FREETEXT//15466//1,v4_curated_unmapped,,,False,,,,,,Stage3J_curated_policy,drop_first_pass,unmapped
FREETEXT//15468//1,v4_curated_unmapped,,,False,,,,,,Stage3J_curated_policy,drop_first_pass,unmapped
FREETEXT//15695//1,v4_curated_unmapped,,,False,,,,,,Stage3J_curated_policy,drop_first_pass,unmapped
FREETEXT//15697//1,v4_curated_unmapped,,,False,,,,,,Stage3J_curated_policy,drop_first_pass,unmapped
FREETEXT//17192//1,v4_curated_unmapped,,,False,,,,,,Stage3J_curated_policy,drop_first_pass,unmapped
FREETEXT//17472//1,v4_curated_unmapped,,,False,,,,,,Stage3J_curated_policy,drop_first_pass,unmapped
FREETEXT//17480//1,v4_curated_unmapped,,,False,,,,,,Stage3J_curated_policy,drop_first_pass,unmapped
FREETEXT//17481//1,v4_curated_unmapped,,,False,,,,,,Stage3J_curated_policy,drop_first_pass,unmapped
FREETEXT//17518//1,v4_curated_unmapped,,,False,,,,,,Stage3J_curated_policy,drop_first_pass,unmapped
FREETEXT//17596//1,v4_curated_unmapped,,,False,,,,,,Stage3J_curated_policy,drop_first_pass,unmapped
FREETEXT//19166//1,v4_curated_unmapped,,,False,,,,,,Stage3J_curated_policy,drop_first_pass,unmapped
FREETEXT//19907//1,v4_curated_unmapped,,,False,,,,,,Stage3J_curated_policy,drop_first_pass,unmapped
FREETEXT//11225//1,v4_curated_unmapped,,,False,,,,,,Stage3J_curated_policy,drop_first_pass,unmapped
FREETEXT//11248//1,v4_curated_unmapped,,,False,,,,,,Stage3J_curated_policy,drop_first_pass,unmapped
FREETEXT//11373//1,v4_curated_unmapped,,,False,,,,,,Stage3J_curated_policy,drop_first_pass,unmapped
FREETEXT//11399//1,v4_curated_unmapped,,,False,,,,,,Stage3J_curated_policy,drop_first_pass,unmapped
FREETEXT//12160//1,v4_curated_unmapped,,,False,,,,,,Stage3J_curated_policy,drop_first_pass,unmapped
FREETEXT//12167//1,v4_curated_unmapped,,,False,,,,,,Stage3J_curated_policy,drop_first_pass,unmapped
FREETEXT//14374//1,v4_curated_unmapped,,,False,,,,,,Stage3J_curated_policy,drop_first_pass,unmapped
FREETEXT//15400//1,v4_curated_unmapped,,,False,,,,,,Stage3J_curated_policy,drop_first_pass,unmapped
FREETEXT//15480//1,v4_curated_unmapped,,,False,,,,,,Stage3J_curated_policy,drop_first_pass,unmapped
FREETEXT//15643//1,v4_curated_unmapped,,,False,,,,,,Stage3J_curated_policy,drop_first_pass,unmapped
FREETEXT//15644//1,v4_curated_unmapped,,,False,,,,,,Stage3J_curated_policy,drop_first_pass,unmapped
FREETEXT//15754//1,v4_curated_unmapped,,,False,,,,,,Stage3J_curated_policy,drop_first_pass,unmapped
FREETEXT//17060//1,v4_curated_unmapped,,,False,,,,,,Stage3J_curated_policy,drop_first_pass,unmapped
FREETEXT//17061//1,v4_curated_unmapped,,,False,,,,,,Stage3J_curated_policy,drop_first_pass,unmapped
FREETEXT//17062//1,v4_curated_unmapped,,,False,,,,,,Stage3J_curated_policy,drop_first_pass,unmapped
FREETEXT//17064//1,v4_curated_unmapped,,,False,,,,,,Stage3J_curated_policy,drop_first_pass,unmapped
FREETEXT//17079//1,v4_curated_unmapped,,,False,,,,,,Stage3J_curated_policy,drop_first_pass,unmapped
FREETEXT//17120//1,v4_curated_unmapped,,,False,,,,,,Stage3J_curated_policy,drop_first_pass,unmapped
FREETEXT//17148//1,v4_curated_unmapped,,,False,,,,,,Stage3J_curated_policy,drop_first_pass,unmapped
FREETEXT//17193//1,v4_curated_unmapped,,,False,,,,,,Stage3J_curated_policy,drop_first_pass,unmapped
FREETEXT//17218//1,v4_curated_unmapped,,,False,,,,,,Stage3J_curated_policy,drop_first_pass,unmapped
FREETEXT//17219//1,v4_curated_unmapped,,,False,,,,,,Stage3J_curated_policy,drop_first_pass,unmapped
FREETEXT//17222//1,v4_curated_unmapped,,,False,,,,,,Stage3J_curated_policy,drop_first_pass,unmapped
FREETEXT//17226//1,v4_curated_unmapped,,,False,,,,,,Stage3J_curated_policy,drop_first_pass,unmapped
FREETEXT//17247//1,v4_curated_unmapped,,,False,,,,,,Stage3J_curated_policy,drop_first_pass,unmapped
FREETEXT//17260//1,v4_curated_unmapped,,,False,,,,,,Stage3J_curated_policy,drop_first_pass,unmapped
FREETEXT//17286//1,v4_curated_unmapped,,,False,,,,,,Stage3J_curated_policy,drop_first_pass,unmapped
FREETEXT//17313//1,v4_curated_unmapped,,,False,,,,,,Stage3J_curated_policy,drop_first_pass,unmapped
FREETEXT//17314//1,v4_curated_unmapped,,,False,,,,,,Stage3J_curated_policy,drop_first_pass,unmapped
FREETEXT//17336//1,v4_curated_unmapped,,,False,,,,,,Stage3J_curated_policy,drop_first_pass,unmapped
FREETEXT//17406//1,v4_curated_unmapped,,,False,,,,,,Stage3J_curated_policy,drop_first_pass,unmapped
FREETEXT//17407//1,v4_curated_unmapped,,,False,,,,,,Stage3J_curated_policy,drop_first_pass,unmapped
FREETEXT//17441//1,v4_curated_unmapped,,,False,,,,,,Stage3J_curated_policy,drop_first_pass,unmapped
FREETEXT//17446//1,v4_curated_unmapped,,,False,,,,,,Stage3J_curated_policy,drop_first_pass,unmapped
FREETEXT//17551//1,v4_curated_unmapped,,,False,,,,,,Stage3J_curated_policy,drop_first_pass,unmapped
FREETEXT//17591//1,v4_curated_unmapped,,,False,,,,,,Stage3J_curated_policy,drop_first_pass,unmapped
FREETEXT//17592//1,v4_curated_unmapped,,,False,,,,,,Stage3J_curated_policy,drop_first_pass,unmapped
FREETEXT//17609//1,v4_curated_unmapped,,,False,,,,,,Stage3J_curated_policy,drop_first_pass,unmapped
FREETEXT//17664//1,v4_curated_unmapped,,,False,,,,,,Stage3J_curated_policy,drop_first_pass,unmapped
FREETEXT//17739//1,v4_curated_unmapped,,,False,,,,,,Stage3J_curated_policy,drop_first_pass,unmapped
FREETEXT//17740//1,v4_curated_unmapped,,,False,,,,,,Stage3J_curated_policy,drop_first_pass,unmapped
FREETEXT//17745//1,v4_curated_unmapped,,,False,,,,,,Stage3J_curated_policy,drop_first_pass,unmapped
FREETEXT//17771//1,v4_curated_unmapped,,,False,,,,,,Stage3J_curated_policy,drop_first_pass,unmapped
FREETEXT//17818//1,v4_curated_unmapped,,,False,,,,,,Stage3J_curated_policy,drop_first_pass,unmapped
FREETEXT//17819//1,v4_curated_unmapped,,,False,,,,,,Stage3J_curated_policy,drop_first_pass,unmapped
FREETEXT//17820//1,v4_curated_unmapped,,,False,,,,,,Stage3J_curated_policy,drop_first_pass,unmapped
FREETEXT//17821//1,v4_curated_unmapped,,,False,,,,,,Stage3J_curated_policy,drop_first_pass,unmapped
FREETEXT//17839//1,v4_curated_unmapped,,,False,,,,,,Stage3J_curated_policy,drop_first_pass,unmapped
FREETEXT//17882//1,v4_curated_unmapped,,,False,,,,,,Stage3J_curated_policy,drop_first_pass,unmapped
FREETEXT//18947//1,v4_curated_unmapped,,,False,,,,,,Stage3J_curated_policy,drop_first_pass,unmapped
FREETEXT//18949//1,v4_curated_unmapped,,,False,,,,,,Stage3J_curated_policy,drop_first_pass,unmapped
FREETEXT//20024//1,v4_curated_unmapped,,,False,,,,,,Stage3J_curated_policy,drop_first_pass,unmapped
FREETEXT//20054//1,v4_curated_unmapped,,,False,,,,,,Stage3J_curated_policy,drop_first_pass,unmapped
FREETEXT//20290//1,v4_curated_unmapped,,,False,,,,,,Stage3J_curated_policy,drop_first_pass,unmapped
FREETEXT//20308//1,v4_curated_unmapped,,,False,,,,,,Stage3J_curated_policy,drop_first_pass,unmapped
FREETEXT//20330//1,v4_curated_unmapped,,,False,,,,,,Stage3J_curated_policy,drop_first_pass,unmapped
FREETEXT//20333//1,v4_curated_unmapped,,,False,,,,,,Stage3J_curated_policy,drop_first_pass,unmapped
FREETEXT//10765//1,v4_curated_unmapped,,,False,,,,,,Stage3J_curated_policy,drop_first_pass,unmapped
FREETEXT//10908//1,v4_curated_unmapped,,,False,,,,,,Stage3J_curated_policy,drop_first_pass,unmapped
FREETEXT//10951//1,v4_curated_unmapped,,,False,,,,,,Stage3J_curated_policy,drop_first_pass,unmapped
FREETEXT//11008//1,v4_curated_unmapped,,,False,,,,,,Stage3J_curated_policy,drop_first_pass,unmapped
FREETEXT//11103//1,v4_curated_unmapped,,,False,,,,,,Stage3J_curated_policy,drop_first_pass,unmapped
FREETEXT//11105//1,v4_curated_unmapped,,,False,,,,,,Stage3J_curated_policy,drop_first_pass,unmapped
FREETEXT//11190//1,v4_curated_unmapped,,,False,,,,,,Stage3J_curated_policy,drop_first_pass,unmapped
FREETEXT//11338//1,v4_curated_unmapped,,,False,,,,,,Stage3J_curated_policy,drop_first_pass,unmapped
FREETEXT//11354//1,v4_curated_unmapped,,,False,,,,,,Stage3J_curated_policy,drop_first_pass,unmapped
FREETEXT//11394//1,v4_curated_unmapped,,,False,,,,,,Stage3J_curated_policy,drop_first_pass,unmapped
FREETEXT//15412//1,v4_curated_unmapped,,,False,,,,,,Stage3J_curated_policy,drop_first_pass,unmapped
FREETEXT//15415//1,v4_curated_unmapped,,,False,,,,,,Stage3J_curated_policy,drop_first_pass,unmapped
FREETEXT//15479//1,v4_curated_unmapped,,,False,,,,,,Stage3J_curated_policy,drop_first_pass,unmapped
FREETEXT//15744//1,v4_curated_unmapped,,,False,,,,,,Stage3J_curated_policy,drop_first_pass,unmapped
FREETEXT//15747//1,v4_curated_unmapped,,,False,,,,,,Stage3J_curated_policy,drop_first_pass,unmapped
FREETEXT//17043//1,v4_curated_unmapped,,,False,,,,,,Stage3J_curated_policy,drop_first_pass,unmapped
FREETEXT//17044//1,v4_curated_unmapped,,,False,,,,,,Stage3J_curated_policy,drop_first_pass,unmapped
FREETEXT//17046//1,v4_curated_unmapped,,,False,,,,,,Stage3J_curated_policy,drop_first_pass,unmapped
FREETEXT//17173//1,v4_curated_unmapped,,,False,,,,,,Stage3J_curated_policy,drop_first_pass,unmapped
FREETEXT//17182//1,v4_curated_unmapped,,,False,,,,,,Stage3J_curated_policy,drop_first_pass,unmapped
FREETEXT//17204//1,v4_curated_unmapped,,,False,,,,,,Stage3J_curated_policy,drop_first_pass,unmapped
FREETEXT//17213//1,v4_curated_unmapped,,,False,,,,,,Stage3J_curated_policy,drop_first_pass,unmapped
FREETEXT//17220//1,v4_curated_unmapped,,,False,,,,,,Stage3J_curated_policy,drop_first_pass,unmapped
FREETEXT//17221//1,v4_curated_unmapped,,,False,,,,,,Stage3J_curated_policy,drop_first_pass,unmapped
FREETEXT//17603//1,v4_curated_unmapped,,,False,,,,,,Stage3J_curated_policy,drop_first_pass,unmapped
FREETEXT//17619//1,v4_curated_unmapped,,,False,,,,,,Stage3J_curated_policy,drop_first_pass,unmapped
FREETEXT//17720//1,v4_curated_unmapped,,,False,,,,,,Stage3J_curated_policy,drop_first_pass,unmapped
FREETEXT//19077//1,v4_curated_unmapped,,,False,,,,,,Stage3J_curated_policy,drop_first_pass,unmapped
FREETEXT//19908//1,v4_curated_unmapped,,,False,,,,,,Stage3J_curated_policy,drop_first_pass,unmapped
FREETEXT//20055//1,v4_curated_unmapped,,,False,,,,,,Stage3J_curated_policy,drop_first_pass,unmapped
FREETEXT//20384//1,v4_curated_unmapped,,,False,,,,,,Stage3J_curated_policy,drop_first_pass,unmapped
FREETEXT//20388//1,v4_curated_unmapped,,,False,,,,,,Stage3J_curated_policy,drop_first_pass,unmapped
FREETEXT//10779//1,v4_curated_unmapped,,,False,,,,,,Stage3J_curated_policy,drop_first_pass,unmapped
FREETEXT//10927//1,v4_curated_unmapped,,,False,,,,,,Stage3J_curated_policy,drop_first_pass,unmapped
FREETEXT//10950//1,v4_curated_unmapped,,,False,,,,,,Stage3J_curated_policy,drop_first_pass,unmapped
FREETEXT//10958//1,v4_curated_unmapped,,,False,,,,,,Stage3J_curated_policy,drop_first_pass,unmapped
FREETEXT//11088//1,v4_curated_unmapped,,,False,,,,,,Stage3J_curated_policy,drop_first_pass,unmapped
FREETEXT//11112//1,v4_curated_unmapped,,,False,,,,,,Stage3J_curated_policy,drop_first_pass,unmapped
FREETEXT//11148//1,v4_curated_unmapped,,,False,,,,,,Stage3J_curated_policy,drop_first_pass,unmapped
FREETEXT//11183//1,v4_curated_unmapped,,,False,,,,,,Stage3J_curated_policy,drop_first_pass,unmapped
FREETEXT//11228//1,v4_curated_unmapped,,,False,,,,,,Stage3J_curated_policy,drop_first_pass,unmapped
FREETEXT//12170//1,v4_curated_unmapped,,,False,,,,,,Stage3J_curated_policy,drop_first_pass,unmapped
FREETEXT//12201//1,v4_curated_unmapped,,,False,,,,,,Stage3J_curated_policy,drop_first_pass,unmapped
FREETEXT//14392//1,v4_curated_unmapped,,,False,,,,,,Stage3J_curated_policy,drop_first_pass,unmapped
FREETEXT//14400//1,v4_curated_unmapped,,,False,,,,,,Stage3J_curated_policy,drop_first_pass,unmapped
FREETEXT//15376//1,v4_curated_unmapped,,,False,,,,,,Stage3J_curated_policy,drop_first_pass,unmapped
FREETEXT//15391//1,v4_curated_unmapped,,,False,,,,,,Stage3J_curated_policy,drop_first_pass,unmapped
FREETEXT//15751//1,v4_curated_unmapped,,,False,,,,,,Stage3J_curated_policy,drop_first_pass,unmapped
FREETEXT//17057//1,v4_curated_unmapped,,,False,,,,,,Stage3J_curated_policy,drop_first_pass,unmapped
FREETEXT//17201//1,v4_curated_unmapped,,,False,,,,,,Stage3J_curated_policy,drop_first_pass,unmapped
FREETEXT//17271//1,v4_curated_unmapped,,,False,,,,,,Stage3J_curated_policy,drop_first_pass,unmapped
FREETEXT//17326//1,v4_curated_unmapped,,,False,,,,,,Stage3J_curated_policy,drop_first_pass,unmapped
FREETEXT//17327//1,v4_curated_unmapped,,,False,,,,,,Stage3J_curated_policy,drop_first_pass,unmapped
FREETEXT//17512//1,v4_curated_unmapped,,,False,,,,,,Stage3J_curated_policy,drop_first_pass,unmapped
FREETEXT//17525//1,v4_curated_unmapped,,,False,,,,,,Stage3J_curated_policy,drop_first_pass,unmapped
FREETEXT//17811//1,v4_curated_unmapped,,,False,,,,,,Stage3J_curated_policy,drop_first_pass,unmapped
FREETEXT//17813//1,v4_curated_unmapped,,,False,,,,,,Stage3J_curated_policy,drop_first_pass,unmapped
FREETEXT//17815//1,v4_curated_unmapped,,,False,,,,,,Stage3J_curated_policy,drop_first_pass,unmapped
FREETEXT//17861//1,v4_curated_unmapped,,,False,,,,,,Stage3J_curated_policy,drop_first_pass,unmapped
FREETEXT//19159//1,v4_curated_unmapped,,,False,,,,,,Stage3J_curated_policy,drop_first_pass,unmapped
FREETEXT//19761//1,v4_curated_unmapped,,,False,,,,,,Stage3J_curated_policy,drop_first_pass,unmapped
FREETEXT//20037//1,v4_curated_unmapped,,,False,,,,,,Stage3J_curated_policy,drop_first_pass,unmapped
FREETEXT//20053//1,v4_curated_unmapped,,,False,,,,,,Stage3J_curated_policy,drop_first_pass,unmapped
FREETEXT//10800//1,v4_curated_unmapped,,,False,,,,,,Stage3J_curated_policy,drop_first_pass,unmapped
FREETEXT//10870//1,v4_curated_unmapped,,,False,,,,,,Stage3J_curated_policy,drop_first_pass,unmapped
FREETEXT//10882//1,v4_curated_unmapped,,,False,,,,,,Stage3J_curated_policy,drop_first_pass,unmapped
FREETEXT//10963//1,v4_curated_unmapped,,,False,,,,,,Stage3J_curated_policy,drop_first_pass,unmapped
FREETEXT//10988//1,v4_curated_unmapped,,,False,,,,,,Stage3J_curated_policy,drop_first_pass,unmapped
FREETEXT//11024//1,v4_curated_unmapped,,,False,,,,,,Stage3J_curated_policy,drop_first_pass,unmapped
FREETEXT//11130//1,v4_curated_unmapped,,,False,,,,,,Stage3J_curated_policy,drop_first_pass,unmapped
FREETEXT//11131//1,v4_curated_unmapped,,,False,,,,,,Stage3J_curated_policy,drop_first_pass,unmapped
FREETEXT//11181//1,v4_curated_unmapped,,,False,,,,,,Stage3J_curated_policy,drop_first_pass,unmapped
FREETEXT//11206//1,v4_curated_unmapped,,,False,,,,,,Stage3J_curated_policy,drop_first_pass,unmapped
FREETEXT//11209//1,v4_curated_unmapped,,,False,,,,,,Stage3J_curated_policy,drop_first_pass,unmapped
FREETEXT//11227//1,v4_curated_unmapped,,,False,,,,,,Stage3J_curated_policy,drop_first_pass,unmapped
FREETEXT//11256//1,v4_curated_unmapped,,,False,,,,,,Stage3J_curated_policy,drop_first_pass,unmapped
FREETEXT//11258//1,v4_curated_unmapped,,,False,,,,,,Stage3J_curated_policy,drop_first_pass,unmapped
FREETEXT//11260//1,v4_curated_unmapped,,,False,,,,,,Stage3J_curated_policy,drop_first_pass,unmapped
FREETEXT//11261//1,v4_curated_unmapped,,,False,,,,,,Stage3J_curated_policy,drop_first_pass,unmapped
FREETEXT//11262//1,v4_curated_unmapped,,,False,,,,,,Stage3J_curated_policy,drop_first_pass,unmapped
FREETEXT//11339//1,v4_curated_unmapped,,,False,,,,,,Stage3J_curated_policy,drop_first_pass,unmapped
FREETEXT//11411//1,v4_curated_unmapped,,,False,,,,,,Stage3J_curated_policy,drop_first_pass,unmapped
FREETEXT//11417//1,v4_curated_unmapped,,,False,,,,,,Stage3J_curated_policy,drop_first_pass,unmapped
FREETEXT//12200//1,v4_curated_unmapped,,,False,,,,,,Stage3J_curated_policy,drop_first_pass,unmapped
FREETEXT//12204//1,v4_curated_unmapped,,,False,,,,,,Stage3J_curated_policy,drop_first_pass,unmapped
FREETEXT//14414//1,v4_curated_unmapped,,,False,,,,,,Stage3J_curated_policy,drop_first_pass,unmapped
FREETEXT//15377//1,v4_curated_unmapped,,,False,,,,,,Stage3J_curated_policy,drop_first_pass,unmapped
FREETEXT//15399//1,v4_curated_unmapped,,,False,,,,,,Stage3J_curated_policy,drop_first_pass,unmapped
FREETEXT//15401//1,v4_curated_unmapped,,,False,,,,,,Stage3J_curated_policy,drop_first_pass,unmapped
FREETEXT//15405//1,v4_curated_unmapped,,,False,,,,,,Stage3J_curated_policy,drop_first_pass,unmapped
FREETEXT//15408//1,v4_curated_unmapped,,,False,,,,,,Stage3J_curated_policy,drop_first_pass,unmapped
FREETEXT//15409//1,v4_curated_unmapped,,,False,,,,,,Stage3J_curated_policy,drop_first_pass,unmapped
FREETEXT//15642//1,v4_curated_unmapped,,,False,,,,,,Stage3J_curated_policy,drop_first_pass,unmapped
FREETEXT//15694//1,v4_curated_unmapped,,,False,,,,,,Stage3J_curated_policy,drop_first_pass,unmapped
FREETEXT//15792//1,v4_curated_unmapped,,,False,,,,,,Stage3J_curated_policy,drop_first_pass,unmapped
FREETEXT//15873//1,v4_curated_unmapped,,,False,,,,,,Stage3J_curated_policy,drop_first_pass,unmapped
FREETEXT//17210//1,v4_curated_unmapped,,,False,,,,,,Stage3J_curated_policy,drop_first_pass,unmapped
FREETEXT//17333//1,v4_curated_unmapped,,,False,,,,,,Stage3J_curated_policy,drop_first_pass,unmapped
FREETEXT//17353//1,v4_curated_unmapped,,,False,,,,,,Stage3J_curated_policy,drop_first_pass,unmapped
FREETEXT//17389//1,v4_curated_unmapped,,,False,,,,,,Stage3J_curated_policy,drop_first_pass,unmapped
FREETEXT//17560//1,v4_curated_unmapped,,,False,,,,,,Stage3J_curated_policy,drop_first_pass,unmapped
FREETEXT//17608//1,v4_curated_unmapped,,,False,,,,,,Stage3J_curated_policy,drop_first_pass,unmapped
FREETEXT//17617//1,v4_curated_unmapped,,,False,,,,,,Stage3J_curated_policy,drop_first_pass,unmapped
FREETEXT//17644//1,v4_curated_unmapped,,,False,,,,,,Stage3J_curated_policy,drop_first_pass,unmapped
FREETEXT//17655//1,v4_curated_unmapped,,,False,,,,,,Stage3J_curated_policy,drop_first_pass,unmapped
FREETEXT//17657//1,v4_curated_unmapped,,,False,,,,,,Stage3J_curated_policy,drop_first_pass,unmapped
FREETEXT//17891//1,v4_curated_unmapped,,,False,,,,,,Stage3J_curated_policy,drop_first_pass,unmapped
FREETEXT//17892//1,v4_curated_unmapped,,,False,,,,,,Stage3J_curated_policy,drop_first_pass,unmapped
FREETEXT//19401//1,v4_curated_unmapped,,,False,,,,,,Stage3J_curated_policy,drop_first_pass,unmapped
FREETEXT//19406//1,v4_curated_unmapped,,,False,,,,,,Stage3J_curated_policy,drop_first_pass,unmapped
FREETEXT//20302//1,v4_curated_unmapped,,,False,,,,,,Stage3J_curated_policy,drop_first_pass,unmapped
FREETEXT//10872//1,v4_curated_unmapped,,,False,,,,,,Stage3J_curated_policy,drop_first_pass,unmapped
FREETEXT//10887//1,v4_curated_unmapped,,,False,,,,,,Stage3J_curated_policy,drop_first_pass,unmapped
FREETEXT//10893//1,v4_curated_unmapped,,,False,,,,,,Stage3J_curated_policy,drop_first_pass,unmapped
FREETEXT//10926//1,v4_curated_unmapped,,,False,,,,,,Stage3J_curated_policy,drop_first_pass,unmapped
FREETEXT//10973//1,v4_curated_unmapped,,,False,,,,,,Stage3J_curated_policy,drop_first_pass,unmapped
FREETEXT//11138//1,v4_curated_unmapped,,,False,,,,,,Stage3J_curated_policy,drop_first_pass,unmapped
FREETEXT//11160//1,v4_curated_unmapped,,,False,,,,,,Stage3J_curated_policy,drop_first_pass,unmapped
FREETEXT//11178//1,v4_curated_unmapped,,,False,,,,,,Stage3J_curated_policy,drop_first_pass,unmapped
FREETEXT//11221//1,v4_curated_unmapped,,,False,,,,,,Stage3J_curated_policy,drop_first_pass,unmapped
FREETEXT//11224//1,v4_curated_unmapped,,,False,,,,,,Stage3J_curated_policy,drop_first_pass,unmapped
FREETEXT//11231//1,v4_curated_unmapped,,,False,,,,,,Stage3J_curated_policy,drop_first_pass,unmapped
FREETEXT//11422//1,v4_curated_unmapped,,,False,,,,,,Stage3J_curated_policy,drop_first_pass,unmapped
FREETEXT//12159//1,v4_curated_unmapped,,,False,,,,,,Stage3J_curated_policy,drop_first_pass,unmapped
FREETEXT//14313//1,v4_curated_unmapped,,,False,,,,,,Stage3J_curated_policy,drop_first_pass,unmapped
FREETEXT//14397//1,v4_curated_unmapped,,,False,,,,,,Stage3J_curated_policy,drop_first_pass,unmapped
FREETEXT//14407//1,v4_curated_unmapped,,,False,,,,,,Stage3J_curated_policy,drop_first_pass,unmapped
FREETEXT//14685//1,v4_curated_unmapped,,,False,,,,,,Stage3J_curated_policy,drop_first_pass,unmapped
FREETEXT//15462//1,v4_curated_unmapped,,,False,,,,,,Stage3J_curated_policy,drop_first_pass,unmapped
FREETEXT//15510//1,v4_curated_unmapped,,,False,,,,,,Stage3J_curated_policy,drop_first_pass,unmapped
FREETEXT//15588//1,v4_curated_unmapped,,,False,,,,,,Stage3J_curated_policy,drop_first_pass,unmapped
FREETEXT//15659//1,v4_curated_unmapped,,,False,,,,,,Stage3J_curated_policy,drop_first_pass,unmapped
FREETEXT//17059//1,v4_curated_unmapped,,,False,,,,,,Stage3J_curated_policy,drop_first_pass,unmapped
FREETEXT//17109//1,v4_curated_unmapped,,,False,,,,,,Stage3J_curated_policy,drop_first_pass,unmapped
FREETEXT//17202//1,v4_curated_unmapped,,,False,,,,,,Stage3J_curated_policy,drop_first_pass,unmapped
FREETEXT//17203//1,v4_curated_unmapped,,,False,,,,,,Stage3J_curated_policy,drop_first_pass,unmapped
FREETEXT//17205//1,v4_curated_unmapped,,,False,,,,,,Stage3J_curated_policy,drop_first_pass,unmapped
FREETEXT//17212//1,v4_curated_unmapped,,,False,,,,,,Stage3J_curated_policy,drop_first_pass,unmapped
FREETEXT//17227//1,v4_curated_unmapped,,,False,,,,,,Stage3J_curated_policy,drop_first_pass,unmapped
FREETEXT//17265//1,v4_curated_unmapped,,,False,,,,,,Stage3J_curated_policy,drop_first_pass,unmapped
FREETEXT//17266//1,v4_curated_unmapped,,,False,,,,,,Stage3J_curated_policy,drop_first_pass,unmapped
FREETEXT//17341//1,v4_curated_unmapped,,,False,,,,,,Stage3J_curated_policy,drop_first_pass,unmapped
FREETEXT//17361//1,v4_curated_unmapped,,,False,,,,,,Stage3J_curated_policy,drop_first_pass,unmapped
FREETEXT//17426//1,v4_curated_unmapped,,,False,,,,,,Stage3J_curated_policy,drop_first_pass,unmapped
FREETEXT//17436//1,v4_curated_unmapped,,,False,,,,,,Stage3J_curated_policy,drop_first_pass,unmapped
FREETEXT//17447//1,v4_curated_unmapped,,,False,,,,,,Stage3J_curated_policy,drop_first_pass,unmapped
FREETEXT//17459//1,v4_curated_unmapped,,,False,,,,,,Stage3J_curated_policy,drop_first_pass,unmapped
FREETEXT//17470//1,v4_curated_unmapped,,,False,,,,,,Stage3J_curated_policy,drop_first_pass,unmapped
FREETEXT//17471//1,v4_curated_unmapped,,,False,,,,,,Stage3J_curated_policy,drop_first_pass,unmapped
FREETEXT//17590//1,v4_curated_unmapped,,,False,,,,,,Stage3J_curated_policy,drop_first_pass,unmapped
FREETEXT//17600//1,v4_curated_unmapped,,,False,,,,,,Stage3J_curated_policy,drop_first_pass,unmapped
FREETEXT//17602//1,v4_curated_unmapped,,,False,,,,,,Stage3J_curated_policy,drop_first_pass,unmapped
FREETEXT//17604//1,v4_curated_unmapped,,,False,,,,,,Stage3J_curated_policy,drop_first_pass,unmapped
FREETEXT//17631//1,v4_curated_unmapped,,,False,,,,,,Stage3J_curated_policy,drop_first_pass,unmapped
FREETEXT//17666//1,v4_curated_unmapped,,,False,,,,,,Stage3J_curated_policy,drop_first_pass,unmapped
FREETEXT//17672//1,v4_curated_unmapped,,,False,,,,,,Stage3J_curated_policy,drop_first_pass,unmapped
FREETEXT//17684//1,v4_curated_unmapped,,,False,,,,,,Stage3J_curated_policy,drop_first_pass,unmapped
FREETEXT//17696//1,v4_curated_unmapped,,,False,,,,,,Stage3J_curated_policy,drop_first_pass,unmapped
FREETEXT//17773//1,v4_curated_unmapped,,,False,,,,,,Stage3J_curated_policy,drop_first_pass,unmapped
FREETEXT//17847//1,v4_curated_unmapped,,,False,,,,,,Stage3J_curated_policy,drop_first_pass,unmapped
FREETEXT//17902//1,v4_curated_unmapped,,,False,,,,,,Stage3J_curated_policy,drop_first_pass,unmapped
FREETEXT//17929//1,v4_curated_unmapped,,,False,,,,,,Stage3J_curated_policy,drop_first_pass,unmapped
FREETEXT//18950//1,v4_curated_unmapped,,,False,,,,,,Stage3J_curated_policy,drop_first_pass,unmapped
FREETEXT//19017//1,v4_curated_unmapped,,,False,,,,,,Stage3J_curated_policy,drop_first_pass,unmapped
FREETEXT//19019//1,v4_curated_unmapped,,,False,,,,,,Stage3J_curated_policy,drop_first_pass,unmapped
FREETEXT//19021//1,v4_curated_unmapped,,,False,,,,,,Stage3J_curated_policy,drop_first_pass,unmapped
FREETEXT//19044//1,v4_curated_unmapped,,,False,,,,,,Stage3J_curated_policy,drop_first_pass,unmapped
FREETEXT//19392//1,v4_curated_unmapped,,,False,,,,,,Stage3J_curated_policy,drop_first_pass,unmapped
FREETEXT//19415//1,v4_curated_unmapped,,,False,,,,,,Stage3J_curated_policy,drop_first_pass,unmapped
FREETEXT//19905//1,v4_curated_unmapped,,,False,,,,,,Stage3J_curated_policy,drop_first_pass,unmapped
FREETEXT//20049//1,v4_curated_unmapped,,,False,,,,,,Stage3J_curated_policy,drop_first_pass,unmapped
FREETEXT//20297//1,v4_curated_unmapped,,,False,,,,,,Stage3J_curated_policy,drop_first_pass,unmapped
FREETEXT//10775//1,v4_curated_unmapped,,,False,,,,,,Stage3J_curated_policy,drop_first_pass,unmapped
FREETEXT//10786//1,v4_curated_unmapped,,,False,,,,,,Stage3J_curated_policy,drop_first_pass,unmapped
FREETEXT//10788//1,v4_curated_unmapped,,,False,,,,,,Stage3J_curated_policy,drop_first_pass,unmapped
FREETEXT//10792//1,v4_curated_unmapped,,,False,,,,,,Stage3J_curated_policy,drop_first_pass,unmapped
FREETEXT//10808//1,v4_curated_unmapped,,,False,,,,,,Stage3J_curated_policy,drop_first_pass,unmapped
FREETEXT//10818//1,v4_curated_unmapped,,,False,,,,,,Stage3J_curated_policy,drop_first_pass,unmapped
FREETEXT//10828//1,v4_curated_unmapped,,,False,,,,,,Stage3J_curated_policy,drop_first_pass,unmapped
FREETEXT//10849//1,v4_curated_unmapped,,,False,,,,,,Stage3J_curated_policy,drop_first_pass,unmapped
FREETEXT//10863//1,v4_curated_unmapped,,,False,,,,,,Stage3J_curated_policy,drop_first_pass,unmapped
FREETEXT//10867//1,v4_curated_unmapped,,,False,,,,,,Stage3J_curated_policy,drop_first_pass,unmapped
FREETEXT//10902//1,v4_curated_unmapped,,,False,,,,,,Stage3J_curated_policy,drop_first_pass,unmapped
FREETEXT//10953//1,v4_curated_unmapped,,,False,,,,,,Stage3J_curated_policy,drop_first_pass,unmapped
FREETEXT//10954//1,v4_curated_unmapped,,,False,,,,,,Stage3J_curated_policy,drop_first_pass,unmapped
FREETEXT//10962//1,v4_curated_unmapped,,,False,,,,,,Stage3J_curated_policy,drop_first_pass,unmapped
FREETEXT//11013//1,v4_curated_unmapped,,,False,,,,,,Stage3J_curated_policy,drop_first_pass,unmapped
FREETEXT//11031//1,v4_curated_unmapped,,,False,,,,,,Stage3J_curated_policy,drop_first_pass,unmapped
FREETEXT//11086//1,v4_curated_unmapped,,,False,,,,,,Stage3J_curated_policy,drop_first_pass,unmapped
FREETEXT//11091//1,v4_curated_unmapped,,,False,,,,,,Stage3J_curated_policy,drop_first_pass,unmapped
FREETEXT//11101//1,v4_curated_unmapped,,,False,,,,,,Stage3J_curated_policy,drop_first_pass,unmapped
FREETEXT//11139//1,v4_curated_unmapped,,,False,,,,,,Stage3J_curated_policy,drop_first_pass,unmapped
FREETEXT//11140//1,v4_curated_unmapped,,,False,,,,,,Stage3J_curated_policy,drop_first_pass,unmapped
FREETEXT//11141//1,v4_curated_unmapped,,,False,,,,,,Stage3J_curated_policy,drop_first_pass,unmapped
FREETEXT//11144//1,v4_curated_unmapped,,,False,,,,,,Stage3J_curated_policy,drop_first_pass,unmapped
FREETEXT//11147//1,v4_curated_unmapped,,,False,,,,,,Stage3J_curated_policy,drop_first_pass,unmapped
FREETEXT//11197//1,v4_curated_unmapped,,,False,,,,,,Stage3J_curated_policy,drop_first_pass,unmapped
FREETEXT//11208//1,v4_curated_unmapped,,,False,,,,,,Stage3J_curated_policy,drop_first_pass,unmapped
FREETEXT//11233//1,v4_curated_unmapped,,,False,,,,,,Stage3J_curated_policy,drop_first_pass,unmapped
FREETEXT//11234//1,v4_curated_unmapped,,,False,,,,,,Stage3J_curated_policy,drop_first_pass,unmapped
FREETEXT//11265//1,v4_curated_unmapped,,,False,,,,,,Stage3J_curated_policy,drop_first_pass,unmapped
FREETEXT//11356//1,v4_curated_unmapped,,,False,,,,,,Stage3J_curated_policy,drop_first_pass,unmapped
FREETEXT//11361//1,v4_curated_unmapped,,,False,,,,,,Stage3J_curated_policy,drop_first_pass,unmapped
FREETEXT//11396//1,v4_curated_unmapped,,,False,,,,,,Stage3J_curated_policy,drop_first_pass,unmapped
FREETEXT//11410//1,v4_curated_unmapped,,,False,,,,,,Stage3J_curated_policy,drop_first_pass,unmapped
FREETEXT//11416//1,v4_curated_unmapped,,,False,,,,,,Stage3J_curated_policy,drop_first_pass,unmapped
FREETEXT//12208//1,v4_curated_unmapped,,,False,,,,,,Stage3J_curated_policy,drop_first_pass,unmapped
FREETEXT//14219//1,v4_curated_unmapped,,,False,,,,,,Stage3J_curated_policy,drop_first_pass,unmapped
FREETEXT//14220//1,v4_curated_unmapped,,,False,,,,,,Stage3J_curated_policy,drop_first_pass,unmapped
FREETEXT//14406//1,v4_curated_unmapped,,,False,,,,,,Stage3J_curated_policy,drop_first_pass,unmapped
FREETEXT//14554//1,v4_curated_unmapped,,,False,,,,,,Stage3J_curated_policy,drop_first_pass,unmapped
FREETEXT//14560//1,v4_curated_unmapped,,,False,,,,,,Stage3J_curated_policy,drop_first_pass,unmapped
FREETEXT//15434//1,v4_curated_unmapped,,,False,,,,,,Stage3J_curated_policy,drop_first_pass,unmapped
FREETEXT//15439//1,v4_curated_unmapped,,,False,,,,,,Stage3J_curated_policy,drop_first_pass,unmapped
FREETEXT//15450//1,v4_curated_unmapped,,,False,,,,,,Stage3J_curated_policy,drop_first_pass,unmapped
FREETEXT//15456//1,v4_curated_unmapped,,,False,,,,,,Stage3J_curated_policy,drop_first_pass,unmapped
FREETEXT//15471//1,v4_curated_unmapped,,,False,,,,,,Stage3J_curated_policy,drop_first_pass,unmapped
FREETEXT//15472//1,v4_curated_unmapped,,,False,,,,,,Stage3J_curated_policy,drop_first_pass,unmapped
FREETEXT//15516//1,v4_curated_unmapped,,,False,,,,,,Stage3J_curated_policy,drop_first_pass,unmapped
FREETEXT//15532//1,v4_curated_unmapped,,,False,,,,,,Stage3J_curated_policy,drop_first_pass,unmapped
FREETEXT//15550//1,v4_curated_unmapped,,,False,,,,,,Stage3J_curated_policy,drop_first_pass,unmapped
FREETEXT//15605//1,v4_curated_unmapped,,,False,,,,,,Stage3J_curated_policy,drop_first_pass,unmapped
FREETEXT//15626//1,v4_curated_unmapped,,,False,,,,,,Stage3J_curated_policy,drop_first_pass,unmapped
FREETEXT//15657//1,v4_curated_unmapped,,,False,,,,,,Stage3J_curated_policy,drop_first_pass,unmapped
FREETEXT//15686//1,v4_curated_unmapped,,,False,,,,,,Stage3J_curated_policy,drop_first_pass,unmapped
FREETEXT//15759//1,v4_curated_unmapped,,,False,,,,,,Stage3J_curated_policy,drop_first_pass,unmapped
FREETEXT//15765//1,v4_curated_unmapped,,,False,,,,,,Stage3J_curated_policy,drop_first_pass,unmapped
FREETEXT//15766//1,v4_curated_unmapped,,,False,,,,,,Stage3J_curated_policy,drop_first_pass,unmapped
FREETEXT//15789//1,v4_curated_unmapped,,,False,,,,,,Stage3J_curated_policy,drop_first_pass,unmapped
FREETEXT//17075//1,v4_curated_unmapped,,,False,,,,,,Stage3J_curated_policy,drop_first_pass,unmapped
FREETEXT//17124//1,v4_curated_unmapped,,,False,,,,,,Stage3J_curated_policy,drop_first_pass,unmapped
FREETEXT//17129//1,v4_curated_unmapped,,,False,,,,,,Stage3J_curated_policy,drop_first_pass,unmapped
FREETEXT//17134//1,v4_curated_unmapped,,,False,,,,,,Stage3J_curated_policy,drop_first_pass,unmapped
FREETEXT//17139//1,v4_curated_unmapped,,,False,,,,,,Stage3J_curated_policy,drop_first_pass,unmapped
FREETEXT//17156//1,v4_curated_unmapped,,,False,,,,,,Stage3J_curated_policy,drop_first_pass,unmapped
FREETEXT//17157//1,v4_curated_unmapped,,,False,,,,,,Stage3J_curated_policy,drop_first_pass,unmapped
FREETEXT//17177//1,v4_curated_unmapped,,,False,,,,,,Stage3J_curated_policy,drop_first_pass,unmapped
FREETEXT//17208//1,v4_curated_unmapped,,,False,,,,,,Stage3J_curated_policy,drop_first_pass,unmapped
FREETEXT//17225//1,v4_curated_unmapped,,,False,,,,,,Stage3J_curated_policy,drop_first_pass,unmapped
FREETEXT//17232//1,v4_curated_unmapped,,,False,,,,,,Stage3J_curated_policy,drop_first_pass,unmapped
FREETEXT//17245//1,v4_curated_unmapped,,,False,,,,,,Stage3J_curated_policy,drop_first_pass,unmapped
FREETEXT//17251//1,v4_curated_unmapped,,,False,,,,,,Stage3J_curated_policy,drop_first_pass,unmapped
FREETEXT//17252//1,v4_curated_unmapped,,,False,,,,,,Stage3J_curated_policy,drop_first_pass,unmapped
FREETEXT//17268//1,v4_curated_unmapped,,,False,,,,,,Stage3J_curated_policy,drop_first_pass,unmapped
FREETEXT//17280//1,v4_curated_unmapped,,,False,,,,,,Stage3J_curated_policy,drop_first_pass,unmapped
FREETEXT//17352//1,v4_curated_unmapped,,,False,,,,,,Stage3J_curated_policy,drop_first_pass,unmapped
FREETEXT//17357//1,v4_curated_unmapped,,,False,,,,,,Stage3J_curated_policy,drop_first_pass,unmapped
FREETEXT//17360//1,v4_curated_unmapped,,,False,,,,,,Stage3J_curated_policy,drop_first_pass,unmapped
FREETEXT//17390//1,v4_curated_unmapped,,,False,,,,,,Stage3J_curated_policy,drop_first_pass,unmapped
FREETEXT//17397//1,v4_curated_unmapped,,,False,,,,,,Stage3J_curated_policy,drop_first_pass,unmapped
FREETEXT//17422//1,v4_curated_unmapped,,,False,,,,,,Stage3J_curated_policy,drop_first_pass,unmapped
FREETEXT//17425//1,v4_curated_unmapped,,,False,,,,,,Stage3J_curated_policy,drop_first_pass,unmapped
FREETEXT//17432//1,v4_curated_unmapped,,,False,,,,,,Stage3J_curated_policy,drop_first_pass,unmapped
FREETEXT//17435//1,v4_curated_unmapped,,,False,,,,,,Stage3J_curated_policy,drop_first_pass,unmapped
FREETEXT//17458//1,v4_curated_unmapped,,,False,,,,,,Stage3J_curated_policy,drop_first_pass,unmapped
FREETEXT//17502//1,v4_curated_unmapped,,,False,,,,,,Stage3J_curated_policy,drop_first_pass,unmapped
FREETEXT//17521//1,v4_curated_unmapped,,,False,,,,,,Stage3J_curated_policy,drop_first_pass,unmapped
FREETEXT//17537//1,v4_curated_unmapped,,,False,,,,,,Stage3J_curated_policy,drop_first_pass,unmapped
FREETEXT//17556//1,v4_curated_unmapped,,,False,,,,,,Stage3J_curated_policy,drop_first_pass,unmapped
FREETEXT//17559//1,v4_curated_unmapped,,,False,,,,,,Stage3J_curated_policy,drop_first_pass,unmapped
FREETEXT//17601//1,v4_curated_unmapped,,,False,,,,,,Stage3J_curated_policy,drop_first_pass,unmapped
FREETEXT//17606//1,v4_curated_unmapped,,,False,,,,,,Stage3J_curated_policy,drop_first_pass,unmapped
FREETEXT//17614//1,v4_curated_unmapped,,,False,,,,,,Stage3J_curated_policy,drop_first_pass,unmapped
FREETEXT//17615//1,v4_curated_unmapped,,,False,,,,,,Stage3J_curated_policy,drop_first_pass,unmapped
FREETEXT//17642//1,v4_curated_unmapped,,,False,,,,,,Stage3J_curated_policy,drop_first_pass,unmapped
FREETEXT//17645//1,v4_curated_unmapped,,,False,,,,,,Stage3J_curated_policy,drop_first_pass,unmapped
FREETEXT//17646//1,v4_curated_unmapped,,,False,,,,,,Stage3J_curated_policy,drop_first_pass,unmapped
FREETEXT//17650//1,v4_curated_unmapped,,,False,,,,,,Stage3J_curated_policy,drop_first_pass,unmapped
FREETEXT//17652//1,v4_curated_unmapped,,,False,,,,,,Stage3J_curated_policy,drop_first_pass,unmapped
FREETEXT//17665//1,v4_curated_unmapped,,,False,,,,,,Stage3J_curated_policy,drop_first_pass,unmapped
FREETEXT//17671//1,v4_curated_unmapped,,,False,,,,,,Stage3J_curated_policy,drop_first_pass,unmapped
FREETEXT//17678//1,v4_curated_unmapped,,,False,,,,,,Stage3J_curated_policy,drop_first_pass,unmapped
FREETEXT//17683//1,v4_curated_unmapped,,,False,,,,,,Stage3J_curated_policy,drop_first_pass,unmapped
FREETEXT//17690//1,v4_curated_unmapped,,,False,,,,,,Stage3J_curated_policy,drop_first_pass,unmapped
FREETEXT//17695//1,v4_curated_unmapped,,,False,,,,,,Stage3J_curated_policy,drop_first_pass,unmapped
FREETEXT//17702//1,v4_curated_unmapped,,,False,,,,,,Stage3J_curated_policy,drop_first_pass,unmapped
FREETEXT//17708//1,v4_curated_unmapped,,,False,,,,,,Stage3J_curated_policy,drop_first_pass,unmapped
FREETEXT//17767//1,v4_curated_unmapped,,,False,,,,,,Stage3J_curated_policy,drop_first_pass,unmapped
FREETEXT//17768//1,v4_curated_unmapped,,,False,,,,,,Stage3J_curated_policy,drop_first_pass,unmapped
FREETEXT//17772//1,v4_curated_unmapped,,,False,,,,,,Stage3J_curated_policy,drop_first_pass,unmapped
FREETEXT//17790//1,v4_curated_unmapped,,,False,,,,,,Stage3J_curated_policy,drop_first_pass,unmapped
FREETEXT//17795//1,v4_curated_unmapped,,,False,,,,,,Stage3J_curated_policy,drop_first_pass,unmapped
FREETEXT//17797//1,v4_curated_unmapped,,,False,,,,,,Stage3J_curated_policy,drop_first_pass,unmapped
FREETEXT//17840//1,v4_curated_unmapped,,,False,,,,,,Stage3J_curated_policy,drop_first_pass,unmapped
FREETEXT//17848//1,v4_curated_unmapped,,,False,,,,,,Stage3J_curated_policy,drop_first_pass,unmapped
FREETEXT//17862//1,v4_curated_unmapped,,,False,,,,,,Stage3J_curated_policy,drop_first_pass,unmapped
FREETEXT//17863//1,v4_curated_unmapped,,,False,,,,,,Stage3J_curated_policy,drop_first_pass,unmapped
FREETEXT//17869//1,v4_curated_unmapped,,,False,,,,,,Stage3J_curated_policy,drop_first_pass,unmapped
FREETEXT//17870//1,v4_curated_unmapped,,,False,,,,,,Stage3J_curated_policy,drop_first_pass,unmapped
FREETEXT//18918//1,v4_curated_unmapped,,,False,,,,,,Stage3J_curated_policy,drop_first_pass,unmapped
FREETEXT//18929//1,v4_curated_unmapped,,,False,,,,,,Stage3J_curated_policy,drop_first_pass,unmapped
FREETEXT//18931//1,v4_curated_unmapped,,,False,,,,,,Stage3J_curated_policy,drop_first_pass,unmapped
FREETEXT//18938//1,v4_curated_unmapped,,,False,,,,,,Stage3J_curated_policy,drop_first_pass,unmapped
FREETEXT//18945//1,v4_curated_unmapped,,,False,,,,,,Stage3J_curated_policy,drop_first_pass,unmapped
FREETEXT//18946//1,v4_curated_unmapped,,,False,,,,,,Stage3J_curated_policy,drop_first_pass,unmapped
FREETEXT//19003//1,v4_curated_unmapped,,,False,,,,,,Stage3J_curated_policy,drop_first_pass,unmapped
FREETEXT//19007//1,v4_curated_unmapped,,,False,,,,,,Stage3J_curated_policy,drop_first_pass,unmapped
FREETEXT//19092//1,v4_curated_unmapped,,,False,,,,,,Stage3J_curated_policy,drop_first_pass,unmapped
FREETEXT//19095//1,v4_curated_unmapped,,,False,,,,,,Stage3J_curated_policy,drop_first_pass,unmapped
FREETEXT//19096//1,v4_curated_unmapped,,,False,,,,,,Stage3J_curated_policy,drop_first_pass,unmapped
FREETEXT//19148//1,v4_curated_unmapped,,,False,,,,,,Stage3J_curated_policy,drop_first_pass,unmapped
FREETEXT//19167//1,v4_curated_unmapped,,,False,,,,,,Stage3J_curated_policy,drop_first_pass,unmapped
FREETEXT//19410//1,v4_curated_unmapped,,,False,,,,,,Stage3J_curated_policy,drop_first_pass,unmapped
FREETEXT//19912//1,v4_curated_unmapped,,,False,,,,,,Stage3J_curated_policy,drop_first_pass,unmapped
FREETEXT//20028//1,v4_curated_unmapped,,,False,,,,,,Stage3J_curated_policy,drop_first_pass,unmapped
FREETEXT//20048//1,v4_curated_unmapped,,,False,,,,,,Stage3J_curated_policy,drop_first_pass,unmapped
FREETEXT//20310//1,v4_curated_unmapped,,,False,,,,,,Stage3J_curated_policy,drop_first_pass,unmapped
FREETEXT//20315//1,v4_curated_unmapped,,,False,,,,,,Stage3J_curated_policy,drop_first_pass,unmapped
FREETEXT//20352//1,v4_curated_unmapped,,,False,,,,,,Stage3J_curated_policy,drop_first_pass,unmapped
FREETEXT//20372//1,v4_curated_unmapped,,,False,,,,,,Stage3J_curated_policy,drop_first_pass,unmapped
FREETEXT//20378//1,v4_curated_unmapped,,,False,,,,,,Stage3J_curated_policy,drop_first_pass,unmapped
FREETEXT//20972//1,v4_curated_unmapped,,,False,,,,,,Stage3J_curated_policy,drop_first_pass,unmapped
FREETEXT//20975//1,v4_curated_unmapped,,,False,,,,,,Stage3J_curated_policy,drop_first_pass,unmapped
FREETEXT//20976//1,v4_curated_unmapped,,,False,,,,,,Stage3J_curated_policy,drop_first_pass,unmapped
FREETEXT//20977//1,v4_curated_unmapped,,,False,,,,,,Stage3J_curated_policy,drop_first_pass,unmapped
FREETEXT//21084//1,v4_curated_unmapped,,,False,,,,,,Stage3J_curated_policy,drop_first_pass,unmapped
FREETEXT//21114//1,v4_curated_unmapped,,,False,,,,,,Stage3J_curated_policy,drop_first_pass,unmapped
FREETEXT//21205//1,v4_curated_unmapped,,,False,,,,,,Stage3J_curated_policy,drop_first_pass,unmapped
MEASUREMENT_CATEGORICAL//19608//1,v4_curated_unmapped,SCORE//BEHAVIORAL_PAIN_SCALE,,True,,AUMC_LOCAL,,,SCORE//BEHAVIORAL_PAIN_SCALE,Stage3J_curated_policy,local_parent_token,medium
MEASUREMENT_CATEGORICAL//19606//1,v4_curated_unmapped,SCORE//BEHAVIORAL_PAIN_SCALE,,True,,AUMC_LOCAL,,,SCORE//BEHAVIORAL_PAIN_SCALE,Stage3J_curated_policy,local_parent_token,medium
MEASUREMENT_CATEGORICAL//18840//4,v4_curated_unmapped,,,False,,,,,,Stage3J_curated_policy,drop_first_pass,unmapped
MEASUREMENT_CATEGORICAL//19607//1,v4_curated_unmapped,SCORE//BEHAVIORAL_PAIN_SCALE,,True,,AUMC_LOCAL,,,SCORE//BEHAVIORAL_PAIN_SCALE,Stage3J_curated_policy,local_parent_token,medium
MEASUREMENT_CATEGORICAL//18645//1,v4_curated_unmapped,,,False,,,,,,Stage3J_curated_policy,drop_first_pass,unmapped
MEASUREMENT_CATEGORICAL//19607//2,v4_curated_unmapped,SCORE//BEHAVIORAL_PAIN_SCALE,,True,,AUMC_LOCAL,,,SCORE//BEHAVIORAL_PAIN_SCALE,Stage3J_curated_policy,local_parent_token,medium
MEASUREMENT_CATEGORICAL//20351//2,v4_curated_unmapped,OMOP//OMOP_CONCEPT//373995,,True,,OMOP_CONCEPT,373995,,CAM-ICU score,Stage3J_curated_policy,curated_exact_omop_lookup,high
MEASUREMENT_CATEGORICAL//19608//2,v4_curated_unmapped,SCORE//BEHAVIORAL_PAIN_SCALE,,True,,AUMC_LOCAL,,,SCORE//BEHAVIORAL_PAIN_SCALE,Stage3J_curated_policy,local_parent_token,medium
MEASUREMENT_CATEGORICAL//19606//2,v4_curated_unmapped,SCORE//BEHAVIORAL_PAIN_SCALE,,True,,AUMC_LOCAL,,,SCORE//BEHAVIORAL_PAIN_SCALE,Stage3J_curated_policy,local_parent_token,medium
MEASUREMENT_CATEGORICAL//15715//2,v4_curated_unmapped,,,False,,,,,,Stage3J_curated_policy,drop_first_pass,unmapped
MEASUREMENT_CATEGORICAL//15711//2,v4_curated_unmapped,,,False,,,,,,Stage3J_curated_policy,drop_first_pass,unmapped
MEASUREMENT_CATEGORICAL//15709//2,v4_curated_unmapped,,,False,,,,,,Stage3J_curated_policy,drop_first_pass,unmapped
MEASUREMENT_CATEGORICAL//15712//2,v4_curated_unmapped,,,False,,,,,,Stage3J_curated_policy,drop_first_pass,unmapped
MEASUREMENT_CATEGORICAL//15710//2,v4_curated_unmapped,,,False,,,,,,Stage3J_curated_policy,drop_first_pass,unmapped
MEASUREMENT_CATEGORICAL//15713//2,v4_curated_unmapped,,,False,,,,,,Stage3J_curated_policy,drop_first_pass,unmapped
MEASUREMENT_CATEGORICAL//15715//3,v4_curated_unmapped,,,False,,,,,,Stage3J_curated_policy,drop_first_pass,unmapped
MEASUREMENT_CATEGORICAL//15713//3,v4_curated_unmapped,,,False,,,,,,Stage3J_curated_policy,drop_first_pass,unmapped
MEASUREMENT_CATEGORICAL//15711//3,v4_curated_unmapped,,,False,,,,,,Stage3J_curated_policy,drop_first_pass,unmapped
MEASUREMENT_CATEGORICAL//15712//3,v4_curated_unmapped,,,False,,,,,,Stage3J_curated_policy,drop_first_pass,unmapped
MEASUREMENT_CATEGORICAL//15709//3,v4_curated_unmapped,,,False,,,,,,Stage3J_curated_policy,drop_first_pass,unmapped
MEASUREMENT_CATEGORICAL//15710//3,v4_curated_unmapped,,,False,,,,,,Stage3J_curated_policy,drop_first_pass,unmapped
MEASUREMENT_CATEGORICAL//18814//5,v4_curated_unmapped,,,False,,,,,,Stage3J_curated_policy,drop_first_pass,unmapped
MEASUREMENT_CATEGORICAL//19796//1,v4_curated_unmapped,,,False,,,,,,Stage3J_curated_policy,drop_first_pass,unmapped
MEASUREMENT_CATEGORICAL//19797//3,v4_curated_unmapped,,,False,,,,,,Stage3J_curated_policy,drop_first_pass,unmapped
MEASUREMENT_CATEGORICAL//19831//1,v4_curated_unmapped,,,False,,,,,,Stage3J_curated_policy,drop_first_pass,unmapped
MEASUREMENT_CATEGORICAL//19798//5,v4_curated_unmapped,,,False,,,,,,Stage3J_curated_policy,drop_first_pass,unmapped
MEASUREMENT_CATEGORICAL//19816//1,v4_curated_unmapped,,,False,,,,,,Stage3J_curated_policy,drop_first_pass,unmapped
MEASUREMENT_CATEGORICAL//19607//3,v4_curated_unmapped,SCORE//BEHAVIORAL_PAIN_SCALE,,True,,AUMC_LOCAL,,,SCORE//BEHAVIORAL_PAIN_SCALE,Stage3J_curated_policy,local_parent_token,medium
MEASUREMENT_CATEGORICAL//18619//2,v4_curated_unmapped,,,False,,,,,,Stage3J_curated_policy,drop_first_pass,unmapped
MEASUREMENT_CATEGORICAL//19608//3,v4_curated_unmapped,SCORE//BEHAVIORAL_PAIN_SCALE,,True,,AUMC_LOCAL,,,SCORE//BEHAVIORAL_PAIN_SCALE,Stage3J_curated_policy,local_parent_token,medium
MEASUREMENT_CATEGORICAL//8616//3,v4_curated_unmapped,,,False,,,,,,Stage3J_curated_policy,drop_first_pass,unmapped
MEASUREMENT_CATEGORICAL//19799//7,v4_curated_unmapped,,,False,,,,,,Stage3J_curated_policy,drop_first_pass,unmapped
MEASUREMENT_CATEGORICAL//19727//1,v4_curated_unmapped,,,False,,,,,,Stage3J_curated_policy,drop_first_pass,unmapped
MEASUREMENT_CATEGORICAL//20139//5,v4_curated_unmapped,,,False,,,,,,Stage3J_curated_policy,drop_first_pass,unmapped
MEASUREMENT_CATEGORICAL//19729//1,v4_curated_unmapped,,,False,,,,,,Stage3J_curated_policy,drop_first_pass,unmapped
MEASUREMENT_CATEGORICAL//16959//1,v4_curated_unmapped,,,False,,,,,,Stage3J_curated_policy,drop_first_pass,unmapped
MEASUREMENT_CATEGORICAL//19724//2,v4_curated_unmapped,,,False,,,,,,Stage3J_curated_policy,drop_first_pass,unmapped
MEASUREMENT_CATEGORICAL//12629//2,v4_curated_unmapped,,,False,,,,,,Stage3J_curated_policy,drop_first_pass,unmapped
MEASUREMENT_CATEGORICAL//21233//1,v4_curated_unmapped,,,False,,,,,,Stage3J_curated_policy,drop_first_pass,unmapped
MEASUREMENT_CATEGORICAL//19720//1,v4_curated_unmapped,,,False,,,,,,Stage3J_curated_policy,drop_first_pass,unmapped
MEASUREMENT_CATEGORICAL//19732//2,v4_curated_unmapped,,,False,,,,,,Stage3J_curated_policy,drop_first_pass,unmapped
MEASUREMENT_CATEGORICAL//16948//1,v4_curated_unmapped,,,False,,,,,,Stage3J_curated_policy,drop_first_pass,unmapped
MEASUREMENT_CATEGORICAL//20139//1,v4_curated_unmapped,,,False,,,,,,Stage3J_curated_policy,drop_first_pass,unmapped
MEASUREMENT_CATEGORICAL//19607//4,v4_curated_unmapped,SCORE//BEHAVIORAL_PAIN_SCALE,,True,,AUMC_LOCAL,,,SCORE//BEHAVIORAL_PAIN_SCALE,Stage3J_curated_policy,local_parent_token,medium
MEASUREMENT_CATEGORICAL//19730//3,v4_curated_unmapped,,,False,,,,,,Stage3J_curated_policy,drop_first_pass,unmapped
MEASUREMENT_CATEGORICAL//15713//1,v4_curated_unmapped,,,False,,,,,,Stage3J_curated_policy,drop_first_pass,unmapped
MEASUREMENT_CATEGORICAL//16651//11,v4_curated_unmapped,,,False,,,,,,Stage3J_curated_policy,drop_first_pass,unmapped
MEASUREMENT_CATEGORICAL//16956//1,v4_curated_unmapped,,,False,,,,,,Stage3J_curated_policy,drop_first_pass,unmapped
MEASUREMENT_CATEGORICAL//19726//1,v4_curated_unmapped,,,False,,,,,,Stage3J_curated_policy,drop_first_pass,unmapped
MEASUREMENT_CATEGORICAL//20004//1,v4_curated_unmapped,,,False,,,,,,Stage3J_curated_policy,drop_first_pass,unmapped
MEASUREMENT_CATEGORICAL//19722//3,v4_curated_unmapped,,,False,,,,,,Stage3J_curated_policy,drop_first_pass,unmapped
MEASUREMENT_CATEGORICAL//19796//2,v4_curated_unmapped,,,False,,,,,,Stage3J_curated_policy,drop_first_pass,unmapped
MEASUREMENT_CATEGORICAL//19725//1,v4_curated_unmapped,,,False,,,,,,Stage3J_curated_policy,drop_first_pass,unmapped
MEASUREMENT_CATEGORICAL//19606//3,v4_curated_unmapped,SCORE//BEHAVIORAL_PAIN_SCALE,,True,,AUMC_LOCAL,,,SCORE//BEHAVIORAL_PAIN_SCALE,Stage3J_curated_policy,local_parent_token,medium
MEASUREMENT_CATEGORICAL//8898//2,v4_curated_unmapped,,,False,,,,,,Stage3J_curated_policy,drop_first_pass,unmapped
MEASUREMENT_CATEGORICAL//19800//9,v4_curated_unmapped,,,False,,,,,,Stage3J_curated_policy,drop_first_pass,unmapped
MEASUREMENT_CATEGORICAL//20549//2,v4_curated_unmapped,,,False,,,,,,Stage3J_curated_policy,drop_first_pass,unmapped
MEASUREMENT_CATEGORICAL//16962//1,v4_curated_unmapped,,,False,,,,,,Stage3J_curated_policy,drop_first_pass,unmapped
MEASUREMENT_CATEGORICAL//13403//3,v4_curated_unmapped,,,False,,,,,,Stage3J_curated_policy,drop_first_pass,unmapped
MEASUREMENT_CATEGORICAL//8848//1,v4_curated_unmapped,DEVICE//VENTILATION_RESPIRATORY,,True,,AUMC_LOCAL,,,DEVICE//VENTILATION_RESPIRATORY,Stage3J_curated_policy,local_parent_token,medium
MEASUREMENT_CATEGORICAL//7969//3,v4_curated_unmapped,DEVICE//CRRT_CVVH,,True,,AUMC_LOCAL,,,DEVICE//CRRT_CVVH,Stage3J_curated_policy,local_parent_token,medium
MEASUREMENT_CATEGORICAL//18814//6,v4_curated_unmapped,,,False,,,,,,Stage3J_curated_policy,drop_first_pass,unmapped
MEASUREMENT_CATEGORICAL//8898//10,v4_curated_unmapped,,,False,,,,,,Stage3J_curated_policy,drop_first_pass,unmapped
MEASUREMENT_CATEGORICAL//16951//1,v4_curated_unmapped,,,False,,,,,,Stage3J_curated_policy,drop_first_pass,unmapped
MEASUREMENT_CATEGORICAL//20626//1,v4_curated_unmapped,,,False,,,,,,Stage3J_curated_policy,drop_first_pass,unmapped
MEASUREMENT_CATEGORICAL//16953//1,v4_curated_unmapped,,,False,,,,,,Stage3J_curated_policy,drop_first_pass,unmapped
MEASUREMENT_CATEGORICAL//19712//2,v4_curated_unmapped,,,False,,,,,,Stage3J_curated_policy,drop_first_pass,unmapped
MEASUREMENT_CATEGORICAL//19797//4,v4_curated_unmapped,,,False,,,,,,Stage3J_curated_policy,drop_first_pass,unmapped
MEASUREMENT_CATEGORICAL//8848//3,v4_curated_unmapped,DEVICE//VENTILATION_RESPIRATORY,,True,,AUMC_LOCAL,,,DEVICE//VENTILATION_RESPIRATORY,Stage3J_curated_policy,local_parent_token,medium
MEASUREMENT_CATEGORICAL//19817//3,v4_curated_unmapped,,,False,,,,,,Stage3J_curated_policy,drop_first_pass,unmapped
MEASUREMENT_CATEGORICAL//7969//2,v4_curated_unmapped,DEVICE//CRRT_CVVH,,True,,AUMC_LOCAL,,,DEVICE//CRRT_CVVH,Stage3J_curated_policy,local_parent_token,medium
MEASUREMENT_CATEGORICAL//12629//1,v4_curated_unmapped,,,False,,,,,,Stage3J_curated_policy,drop_first_pass,unmapped
MEASUREMENT_CATEGORICAL//19832//3,v4_curated_unmapped,,,False,,,,,,Stage3J_curated_policy,drop_first_pass,unmapped
MEASUREMENT_CATEGORICAL//20006//3,v4_curated_unmapped,,,False,,,,,,Stage3J_curated_policy,drop_first_pass,unmapped
MEASUREMENT_CATEGORICAL//19726//2,v4_curated_unmapped,,,False,,,,,,Stage3J_curated_policy,drop_first_pass,unmapped
MEASUREMENT_CATEGORICAL//20000//2,v4_curated_unmapped,,,False,,,,,,Stage3J_curated_policy,drop_first_pass,unmapped
MEASUREMENT_CATEGORICAL//8848//2,v4_curated_unmapped,DEVICE//VENTILATION_RESPIRATORY,,True,,AUMC_LOCAL,,,DEVICE//VENTILATION_RESPIRATORY,Stage3J_curated_policy,local_parent_token,medium
MEASUREMENT_CATEGORICAL//19994//5,v4_curated_unmapped,,,False,,,,,,Stage3J_curated_policy,drop_first_pass,unmapped
MEASUREMENT_CATEGORICAL//19725//2,v4_curated_unmapped,,,False,,,,,,Stage3J_curated_policy,drop_first_pass,unmapped
MEASUREMENT_CATEGORICAL//15710//1,v4_curated_unmapped,,,False,,,,,,Stage3J_curated_policy,drop_first_pass,unmapped
MEASUREMENT_CATEGORICAL//19608//4,v4_curated_unmapped,SCORE//BEHAVIORAL_PAIN_SCALE,,True,,AUMC_LOCAL,,,SCORE//BEHAVIORAL_PAIN_SCALE,Stage3J_curated_policy,local_parent_token,medium
MEASUREMENT_CATEGORICAL//21234//34,v4_curated_unmapped,,,False,,,,,,Stage3J_curated_policy,drop_first_pass,unmapped
MEASUREMENT_CATEGORICAL//16950//1,v4_curated_unmapped,,,False,,,,,,Stage3J_curated_policy,drop_first_pass,unmapped
MEASUREMENT_CATEGORICAL//19837//1,v4_curated_unmapped,,,False,,,,,,Stage3J_curated_policy,drop_first_pass,unmapped
MEASUREMENT_CATEGORICAL//20137//2,v4_curated_unmapped,,,False,,,,,,Stage3J_curated_policy,drop_first_pass,unmapped
MEASUREMENT_CATEGORICAL//16956//2,v4_curated_unmapped,,,False,,,,,,Stage3J_curated_policy,drop_first_pass,unmapped
MEASUREMENT_CATEGORICAL//19732//1,v4_curated_unmapped,,,False,,,,,,Stage3J_curated_policy,drop_first_pass,unmapped
MEASUREMENT_CATEGORICAL//15712//1,v4_curated_unmapped,,,False,,,,,,Stage3J_curated_policy,drop_first_pass,unmapped
MEASUREMENT_CATEGORICAL//20628//1,v4_curated_unmapped,,,False,,,,,,Stage3J_curated_policy,drop_first_pass,unmapped
MEASUREMENT_CATEGORICAL//16957//1,v4_curated_unmapped,DEVICE//VENTILATION_RESPIRATORY,,True,,AUMC_LOCAL,,,DEVICE//VENTILATION_RESPIRATORY,Stage3J_curated_policy,local_parent_token,medium
MEASUREMENT_CATEGORICAL//7969//12,v4_curated_unmapped,DEVICE//CRRT_CVVH,,True,,AUMC_LOCAL,,,DEVICE//CRRT_CVVH,Stage3J_curated_policy,local_parent_token,medium
MEASUREMENT_CATEGORICAL//21233//3,v4_curated_unmapped,DEVICE//VENTILATION_RESPIRATORY,,True,,AUMC_LOCAL,,,DEVICE//VENTILATION_RESPIRATORY,Stage3J_curated_policy,local_parent_token,medium
MEASUREMENT_CATEGORICAL//20006//1,v4_curated_unmapped,,,False,,,,,,Stage3J_curated_policy,drop_first_pass,unmapped
MEASUREMENT_CATEGORICAL//16952//1,v4_curated_unmapped,,,False,,,,,,Stage3J_curated_policy,drop_first_pass,unmapped
MEASUREMENT_CATEGORICAL//21234//18,v4_curated_unmapped,,,False,,,,,,Stage3J_curated_policy,drop_first_pass,unmapped
MEASUREMENT_CATEGORICAL//19798//6,v4_curated_unmapped,,,False,,,,,,Stage3J_curated_policy,drop_first_pass,unmapped
MEASUREMENT_CATEGORICAL//19801//11,v4_curated_unmapped,,,False,,,,,,Stage3J_curated_policy,drop_first_pass,unmapped
MEASUREMENT_CATEGORICAL//21234//20,v4_curated_unmapped,DEVICE//VENTILATION_RESPIRATORY,,True,,AUMC_LOCAL,,,DEVICE//VENTILATION_RESPIRATORY,Stage3J_curated_policy,local_parent_token,medium
MEASUREMENT_CATEGORICAL//16954//3,v4_curated_unmapped,,,False,,,,,,Stage3J_curated_policy,drop_first_pass,unmapped
MEASUREMENT_CATEGORICAL//19722//2,v4_curated_unmapped,,,False,,,,,,Stage3J_curated_policy,drop_first_pass,unmapped
MEASUREMENT_CATEGORICAL//19995//1,v4_curated_unmapped,,,False,,,,,,Stage3J_curated_policy,drop_first_pass,unmapped
MEASUREMENT_CATEGORICAL//15715//1,v4_curated_unmapped,,,False,,,,,,Stage3J_curated_policy,drop_first_pass,unmapped
MEASUREMENT_CATEGORICAL//15709//1,v4_curated_unmapped,,,False,,,,,,Stage3J_curated_policy,drop_first_pass,unmapped
MEASUREMENT_CATEGORICAL//16954//2,v4_curated_unmapped,,,False,,,,,,Stage3J_curated_policy,drop_first_pass,unmapped
MEASUREMENT_CATEGORICAL//13403//4,v4_curated_unmapped,,,False,,,,,,Stage3J_curated_policy,drop_first_pass,unmapped
MEASUREMENT_CATEGORICAL//20139//7,v4_curated_unmapped,,,False,,,,,,Stage3J_curated_policy,drop_first_pass,unmapped
MEASUREMENT_CATEGORICAL//14565//66,v4_curated_unmapped,,,False,,,,,,Stage3J_curated_policy,drop_first_pass,unmapped
MEASUREMENT_CATEGORICAL//19994//2,v4_curated_unmapped,,,False,,,,,,Stage3J_curated_policy,drop_first_pass,unmapped
MEASUREMENT_CATEGORICAL//20145//1,v4_curated_unmapped,,,False,,,,,,Stage3J_curated_policy,drop_first_pass,unmapped
MEASUREMENT_CATEGORICAL//20149//1,v4_curated_unmapped,,,False,,,,,,Stage3J_curated_policy,drop_first_pass,unmapped
MEASUREMENT_CATEGORICAL//7969//4,v4_curated_unmapped,DEVICE//CRRT_CVVH,,True,,AUMC_LOCAL,,,DEVICE//CRRT_CVVH,Stage3J_curated_policy,local_parent_token,medium
MEASUREMENT_CATEGORICAL//16959//2,v4_curated_unmapped,,,False,,,,,,Stage3J_curated_policy,drop_first_pass,unmapped
MEASUREMENT_CATEGORICAL//20536//1,v4_curated_unmapped,DEVICE//CRRT_CVVH,,True,,AUMC_LOCAL,,,DEVICE//CRRT_CVVH,Stage3J_curated_policy,local_parent_token,medium
MEASUREMENT_CATEGORICAL//20141//3,v4_curated_unmapped,,,False,,,,,,Stage3J_curated_policy,drop_first_pass,unmapped
MEASUREMENT_CATEGORICAL//20149//4,v4_curated_unmapped,,,False,,,,,,Stage3J_curated_policy,drop_first_pass,unmapped
MEASUREMENT_CATEGORICAL//15711//1,v4_curated_unmapped,,,False,,,,,,Stage3J_curated_policy,drop_first_pass,unmapped
MEASUREMENT_CATEGORICAL//20671//3,v4_curated_unmapped,,,False,,,,,,Stage3J_curated_policy,drop_first_pass,unmapped
MEASUREMENT_CATEGORICAL//19724//1,v4_curated_unmapped,,,False,,,,,,Stage3J_curated_policy,drop_first_pass,unmapped
MEASUREMENT_CATEGORICAL//20548//1,v4_curated_unmapped,DEVICE//CRRT_CVVH,,True,,AUMC_LOCAL,,,DEVICE//CRRT_CVVH,Stage3J_curated_policy,local_parent_token,medium
MEASUREMENT_CATEGORICAL//16954//1,v4_curated_unmapped,,,False,,,,,,Stage3J_curated_policy,drop_first_pass,unmapped
MEASUREMENT_CATEGORICAL//19995//3,v4_curated_unmapped,,,False,,,,,,Stage3J_curated_policy,drop_first_pass,unmapped
MEASUREMENT_CATEGORICAL//19799//8,v4_curated_unmapped,,,False,,,,,,Stage3J_curated_policy,drop_first_pass,unmapped
MEASUREMENT_CATEGORICAL//19730//2,v4_curated_unmapped,,,False,,,,,,Stage3J_curated_policy,drop_first_pass,unmapped
MEASUREMENT_CATEGORICAL//21233//17,v4_curated_unmapped,,,False,,,,,,Stage3J_curated_policy,drop_first_pass,unmapped
MEASUREMENT_CATEGORICAL//13105//3,v4_curated_unmapped,DEVICE//VENTILATION_RESPIRATORY,,True,,AUMC_LOCAL,,,DEVICE//VENTILATION_RESPIRATORY,Stage3J_curated_policy,local_parent_token,medium
MEASUREMENT_CATEGORICAL//7969//1,v4_curated_unmapped,DEVICE//CRRT_CVVH,,True,,AUMC_LOCAL,,,DEVICE//CRRT_CVVH,Stage3J_curated_policy,local_parent_token,medium
MEASUREMENT_CATEGORICAL//19816//2,v4_curated_unmapped,,,False,,,,,,Stage3J_curated_policy,drop_first_pass,unmapped
MEASUREMENT_CATEGORICAL//21234//21,v4_curated_unmapped,,,False,,,,,,Stage3J_curated_policy,drop_first_pass,unmapped
MEASUREMENT_CATEGORICAL//19802//13,v4_curated_unmapped,,,False,,,,,,Stage3J_curated_policy,drop_first_pass,unmapped
MEASUREMENT_CATEGORICAL//19841//9,v4_curated_unmapped,,,False,,,,,,Stage3J_curated_policy,drop_first_pass,unmapped
MEASUREMENT_CATEGORICAL//20141//1,v4_curated_unmapped,,,False,,,,,,Stage3J_curated_policy,drop_first_pass,unmapped
MEASUREMENT_CATEGORICAL//20542//2,v4_curated_unmapped,DEVICE//CRRT_CVVH,,True,,AUMC_LOCAL,,,DEVICE//CRRT_CVVH,Stage3J_curated_policy,local_parent_token,medium
MEASUREMENT_CATEGORICAL//8898//7,v4_curated_unmapped,,,False,,,,,,Stage3J_curated_policy,drop_first_pass,unmapped
MEASUREMENT_CATEGORICAL//19844//13,v4_curated_unmapped,,,False,,,,,,Stage3J_curated_policy,drop_first_pass,unmapped
MEASUREMENT_CATEGORICAL//20144//2,v4_curated_unmapped,,,False,,,,,,Stage3J_curated_policy,drop_first_pass,unmapped
MEASUREMENT_CATEGORICAL//8898//3,v4_curated_unmapped,,,False,,,,,,Stage3J_curated_policy,drop_first_pass,unmapped
MEASUREMENT_CATEGORICAL//19840//8,v4_curated_unmapped,,,False,,,,,,Stage3J_curated_policy,drop_first_pass,unmapped
MEASUREMENT_CATEGORICAL//19235//1,v4_curated_unmapped,,,False,,,,,,Stage3J_curated_policy,drop_first_pass,unmapped
MEASUREMENT_CATEGORICAL//20546//3,v4_curated_unmapped,DEVICE//CRRT_CVVH,,True,,AUMC_LOCAL,,,DEVICE//CRRT_CVVH,Stage3J_curated_policy,local_parent_token,medium
MEASUREMENT_CATEGORICAL//20549//1,v4_curated_unmapped,,,False,,,,,,Stage3J_curated_policy,drop_first_pass,unmapped
MEASUREMENT_CATEGORICAL//20146//6,v4_curated_unmapped,DEVICE//DRAINAGE,,True,,AUMC_LOCAL,,,DEVICE//DRAINAGE,Stage3J_curated_policy,local_parent_token,medium
MEASUREMENT_CATEGORICAL//19994//1,v4_curated_unmapped,,,False,,,,,,Stage3J_curated_policy,drop_first_pass,unmapped
MEASUREMENT_CATEGORICAL//21234//19,v4_curated_unmapped,,,False,,,,,,Stage3J_curated_policy,drop_first_pass,unmapped
MEASUREMENT_CATEGORICAL//19720//3,v4_curated_unmapped,,,False,,,,,,Stage3J_curated_policy,drop_first_pass,unmapped
MEASUREMENT_CATEGORICAL//19800//10,v4_curated_unmapped,,,False,,,,,,Stage3J_curated_policy,drop_first_pass,unmapped
MEASUREMENT_CATEGORICAL//19235//5,v4_curated_unmapped,,,False,,,,,,Stage3J_curated_policy,drop_first_pass,unmapped
MEASUREMENT_CATEGORICAL//19717//2,v4_curated_unmapped,,,False,,,,,,Stage3J_curated_policy,drop_first_pass,unmapped
MEASUREMENT_CATEGORICAL//19732//3,v4_curated_unmapped,,,False,,,,,,Stage3J_curated_policy,drop_first_pass,unmapped
MEASUREMENT_CATEGORICAL//21233//2,v4_curated_unmapped,,,False,,,,,,Stage3J_curated_policy,drop_first_pass,unmapped
MEASUREMENT_CATEGORICAL//16101//2,v4_curated_unmapped,,,False,,,,,,Stage3J_curated_policy,drop_first_pass,unmapped
MEASUREMENT_CATEGORICAL//21233//4,v4_curated_unmapped,,,False,,,,,,Stage3J_curated_policy,drop_first_pass,unmapped
MEASUREMENT_CATEGORICAL//19732//4,v4_curated_unmapped,,,False,,,,,,Stage3J_curated_policy,drop_first_pass,unmapped
MEASUREMENT_CATEGORICAL//19994//6,v4_curated_unmapped,,,False,,,,,,Stage3J_curated_policy,drop_first_pass,unmapped
MEASUREMENT_CATEGORICAL//16411//4,v4_curated_unmapped,DEVICE//DRAINAGE,,True,,AUMC_LOCAL,,,DEVICE//DRAINAGE,Stage3J_curated_policy,local_parent_token,medium
MEASUREMENT_CATEGORICAL//19818//5,v4_curated_unmapped,,,False,,,,,,Stage3J_curated_policy,drop_first_pass,unmapped
MEASUREMENT_CATEGORICAL//16181//5,v4_curated_unmapped,,,False,,,,,,Stage3J_curated_policy,drop_first_pass,unmapped
MEASUREMENT_CATEGORICAL//19641//2,v4_curated_unmapped,,,False,,,,,,Stage3J_curated_policy,drop_first_pass,unmapped
MEASUREMENT_CATEGORICAL//19725//3,v4_curated_unmapped,,,False,,,,,,Stage3J_curated_policy,drop_first_pass,unmapped
MEASUREMENT_CATEGORICAL//20628//3,v4_curated_unmapped,,,False,,,,,,Stage3J_curated_policy,drop_first_pass,unmapped
MEASUREMENT_CATEGORICAL//16957//3,v4_curated_unmapped,DEVICE//VENTILATION_RESPIRATORY,,True,,AUMC_LOCAL,,,DEVICE//VENTILATION_RESPIRATORY,Stage3J_curated_policy,local_parent_token,medium
MEASUREMENT_CATEGORICAL//19994//4,v4_curated_unmapped,,,False,,,,,,Stage3J_curated_policy,drop_first_pass,unmapped
MEASUREMENT_CATEGORICAL//19833//5,v4_curated_unmapped,,,False,,,,,,Stage3J_curated_policy,drop_first_pass,unmapped
MEASUREMENT_CATEGORICAL//20006//4,v4_curated_unmapped,,,False,,,,,,Stage3J_curated_policy,drop_first_pass,unmapped
MEASUREMENT_CATEGORICAL//16666//10,v4_curated_unmapped,,,False,,,,,,Stage3J_curated_policy,drop_first_pass,unmapped
MEASUREMENT_CATEGORICAL//19729//2,v4_curated_unmapped,,,False,,,,,,Stage3J_curated_policy,drop_first_pass,unmapped
MEASUREMENT_CATEGORICAL//19847//28,v4_curated_unmapped,NUTRITION//ENTERAL,,True,,AUMC_LOCAL,,,NUTRITION//ENTERAL,Stage3J_curated_policy,local_parent_token,medium
MEASUREMENT_CATEGORICAL//19838//4,v4_curated_unmapped,,,False,,,,,,Stage3J_curated_policy,drop_first_pass,unmapped
MEASUREMENT_CATEGORICAL//20137//1,v4_curated_unmapped,,,False,,,,,,Stage3J_curated_policy,drop_first_pass,unmapped
MEASUREMENT_CATEGORICAL//19720//2,v4_curated_unmapped,,,False,,,,,,Stage3J_curated_policy,drop_first_pass,unmapped
MEASUREMENT_CATEGORICAL//20006//2,v4_curated_unmapped,,,False,,,,,,Stage3J_curated_policy,drop_first_pass,unmapped
MEASUREMENT_CATEGORICAL//16228//3,v4_curated_unmapped,,,False,,,,,,Stage3J_curated_policy,drop_first_pass,unmapped
MEASUREMENT_CATEGORICAL//18697//1,v4_curated_unmapped,,,False,,,,,,Stage3J_curated_policy,drop_first_pass,unmapped
MEASUREMENT_CATEGORICAL//19727//2,v4_curated_unmapped,,,False,,,,,,Stage3J_curated_policy,drop_first_pass,unmapped
MEASUREMENT_CATEGORICAL//19890//6,v4_curated_unmapped,,,False,,,,,,Stage3J_curated_policy,drop_first_pass,unmapped
MEASUREMENT_CATEGORICAL//19805//17,v4_curated_unmapped,,,False,,,,,,Stage3J_curated_policy,drop_first_pass,unmapped
MEASUREMENT_CATEGORICAL//16952//3,v4_curated_unmapped,,,False,,,,,,Stage3J_curated_policy,drop_first_pass,unmapped
MEASUREMENT_CATEGORICAL//20144//1,v4_curated_unmapped,,,False,,,,,,Stage3J_curated_policy,drop_first_pass,unmapped
MEASUREMENT_CATEGORICAL//7969//15,v4_curated_unmapped,DEVICE//CRRT_CVVH,,True,,AUMC_LOCAL,,,DEVICE//CRRT_CVVH,Stage3J_curated_policy,local_parent_token,medium
MEASUREMENT_CATEGORICAL//20626//2,v4_curated_unmapped,,,False,,,,,,Stage3J_curated_policy,drop_first_pass,unmapped
MEASUREMENT_CATEGORICAL//8654//4,v4_curated_unmapped,DEVICE//HEMODYNAMIC_SUPPORT_MONITORING,,True,,AUMC_LOCAL,,,DEVICE//HEMODYNAMIC_SUPPORT_MONITORING,Stage3J_curated_policy,local_parent_token,medium
MEASUREMENT_CATEGORICAL//21234//24,v4_curated_unmapped,,,False,,,,,,Stage3J_curated_policy,drop_first_pass,unmapped
MEASUREMENT_CATEGORICAL//20000//1,v4_curated_unmapped,,,False,,,,,,Stage3J_curated_policy,drop_first_pass,unmapped
MEASUREMENT_CATEGORICAL//16651//10,v4_curated_unmapped,,,False,,,,,,Stage3J_curated_policy,drop_first_pass,unmapped
MEASUREMENT_CATEGORICAL//19890//4,v4_curated_unmapped,,,False,,,,,,Stage3J_curated_policy,drop_first_pass,unmapped
MEASUREMENT_CATEGORICAL//20004//2,v4_curated_unmapped,,,False,,,,,,Stage3J_curated_policy,drop_first_pass,unmapped
MEASUREMENT_CATEGORICAL//19727//3,v4_curated_unmapped,,,False,,,,,,Stage3J_curated_policy,drop_first_pass,unmapped
MEASUREMENT_CATEGORICAL//18692//2,v4_curated_unmapped,,,False,,,,,,Stage3J_curated_policy,drop_first_pass,unmapped
MEASUREMENT_CATEGORICAL//19817//4,v4_curated_unmapped,,,False,,,,,,Stage3J_curated_policy,drop_first_pass,unmapped
MEASUREMENT_CATEGORICAL//13313//1,v4_curated_unmapped,,,False,,,,,,Stage3J_curated_policy,drop_first_pass,unmapped
MEASUREMENT_CATEGORICAL//18588//5,v4_curated_unmapped,,,False,,,,,,Stage3J_curated_policy,drop_first_pass,unmapped
MEASUREMENT_CATEGORICAL//19712//6,v4_curated_unmapped,,,False,,,,,,Stage3J_curated_policy,drop_first_pass,unmapped
MEASUREMENT_CATEGORICAL//20015//5,v4_curated_unmapped,,,False,,,,,,Stage3J_curated_policy,drop_first_pass,unmapped
MEASUREMENT_CATEGORICAL//13105//2,v4_curated_unmapped,,,False,,,,,,Stage3J_curated_policy,drop_first_pass,unmapped
MEASUREMENT_CATEGORICAL//16411//1,v4_curated_unmapped,,,False,,,,,,Stage3J_curated_policy,drop_first_pass,unmapped
MEASUREMENT_CATEGORICAL//18603//24,v4_curated_unmapped,,,False,,,,,,Stage3J_curated_policy,drop_first_pass,unmapped
MEASUREMENT_CATEGORICAL//19712//3,v4_curated_unmapped,,,False,,,,,,Stage3J_curated_policy,drop_first_pass,unmapped
MEASUREMENT_CATEGORICAL//19722//1,v4_curated_unmapped,,,False,,,,,,Stage3J_curated_policy,drop_first_pass,unmapped
MEASUREMENT_CATEGORICAL//19730//5,v4_curated_unmapped,,,False,,,,,,Stage3J_curated_policy,drop_first_pass,unmapped
MEASUREMENT_CATEGORICAL//20140//2,v4_curated_unmapped,,,False,,,,,,Stage3J_curated_policy,drop_first_pass,unmapped
MEASUREMENT_CATEGORICAL//19726//3,v4_curated_unmapped,,,False,,,,,,Stage3J_curated_policy,drop_first_pass,unmapped
MEASUREMENT_CATEGORICAL//20140//1,v4_curated_unmapped,,,False,,,,,,Stage3J_curated_policy,drop_first_pass,unmapped
MEASUREMENT_CATEGORICAL//21042//7,v4_curated_unmapped,,,False,,,,,,Stage3J_curated_policy,drop_first_pass,unmapped
MEASUREMENT_CATEGORICAL//20626//3,v4_curated_unmapped,,,False,,,,,,Stage3J_curated_policy,drop_first_pass,unmapped
MEASUREMENT_CATEGORICAL//16962//2,v4_curated_unmapped,,,False,,,,,,Stage3J_curated_policy,drop_first_pass,unmapped
MEASUREMENT_CATEGORICAL//18682//37,v4_curated_unmapped,,,False,,,,,,Stage3J_curated_policy,drop_first_pass,unmapped
MEASUREMENT_CATEGORICAL//19717//3,v4_curated_unmapped,,,False,,,,,,Stage3J_curated_policy,drop_first_pass,unmapped
MEASUREMENT_CATEGORICAL//19801//12,v4_curated_unmapped,,,False,,,,,,Stage3J_curated_policy,drop_first_pass,unmapped
MEASUREMENT_CATEGORICAL//17018//24,v4_curated_unmapped,,,False,,,,,,Stage3J_curated_policy,drop_first_pass,unmapped
MEASUREMENT_CATEGORICAL//19606//4,v4_curated_unmapped,,,False,,,,,,Stage3J_curated_policy,drop_first_pass,unmapped
MEASUREMENT_CATEGORICAL//19819//7,v4_curated_unmapped,,,False,,,,,,Stage3J_curated_policy,drop_first_pass,unmapped
MEASUREMENT_CATEGORICAL//20626//4,v4_curated_unmapped,,,False,,,,,,Stage3J_curated_policy,drop_first_pass,unmapped
MEASUREMENT_CATEGORICAL//16950//2,v4_curated_unmapped,,,False,,,,,,Stage3J_curated_policy,drop_first_pass,unmapped
MEASUREMENT_CATEGORICAL//20139//2,v4_curated_unmapped,,,False,,,,,,Stage3J_curated_policy,drop_first_pass,unmapped
MEASUREMENT_CATEGORICAL//21037//2,v4_curated_unmapped,,,False,,,,,,Stage3J_curated_policy,drop_first_pass,unmapped
MEASUREMENT_CATEGORICAL//20140//3,v4_curated_unmapped,,,False,,,,,,Stage3J_curated_policy,drop_first_pass,unmapped
MEASUREMENT_CATEGORICAL//20348//4,v4_curated_unmapped,,,False,,,,,,Stage3J_curated_policy,drop_first_pass,unmapped
MEASUREMENT_CATEGORICAL//19729//4,v4_curated_unmapped,,,False,,,,,,Stage3J_curated_policy,drop_first_pass,unmapped
MEASUREMENT_CATEGORICAL//13105//5,v4_curated_unmapped,,,False,,,,,,Stage3J_curated_policy,drop_first_pass,unmapped
MEASUREMENT_CATEGORICAL//16958//3,v4_curated_unmapped,,,False,,,,,,Stage3J_curated_policy,drop_first_pass,unmapped
MEASUREMENT_CATEGORICAL//19847//25,v4_curated_unmapped,NUTRITION//ENTERAL,,True,,AUMC_LOCAL,,,NUTRITION//ENTERAL,Stage3J_curated_policy,local_parent_token,medium
MEASUREMENT_CATEGORICAL//20149//2,v4_curated_unmapped,,,False,,,,,,Stage3J_curated_policy,drop_first_pass,unmapped
MEASUREMENT_CATEGORICAL//16667//4,v4_curated_unmapped,,,False,,,,,,Stage3J_curated_policy,drop_first_pass,unmapped
MEASUREMENT_CATEGORICAL//19712//4,v4_curated_unmapped,,,False,,,,,,Stage3J_curated_policy,drop_first_pass,unmapped
MEASUREMENT_CATEGORICAL//17018//40,v4_curated_unmapped,,,False,,,,,,Stage3J_curated_policy,drop_first_pass,unmapped
MEASUREMENT_CATEGORICAL//19642//2,v4_curated_unmapped,,,False,,,,,,Stage3J_curated_policy,drop_first_pass,unmapped
MEASUREMENT_CATEGORICAL//21239//3,v4_curated_unmapped,,,False,,,,,,Stage3J_curated_policy,drop_first_pass,unmapped
MEASUREMENT_CATEGORICAL//14484//2,v4_curated_unmapped,,,False,,,,,,Stage3J_curated_policy,drop_first_pass,unmapped
MEASUREMENT_CATEGORICAL//16958//2,v4_curated_unmapped,,,False,,,,,,Stage3J_curated_policy,drop_first_pass,unmapped
MEASUREMENT_CATEGORICAL//17018//38,v4_curated_unmapped,,,False,,,,,,Stage3J_curated_policy,drop_first_pass,unmapped
MEASUREMENT_CATEGORICAL//18687//2,v4_curated_unmapped,,,False,,,,,,Stage3J_curated_policy,drop_first_pass,unmapped
MEASUREMENT_CATEGORICAL//19838//1,v4_curated_unmapped,,,False,,,,,,Stage3J_curated_policy,drop_first_pass,unmapped
MEASUREMENT_CATEGORICAL//16666//9,v4_curated_unmapped,,,False,,,,,,Stage3J_curated_policy,drop_first_pass,unmapped
MEASUREMENT_CATEGORICAL//14483//1,v4_curated_unmapped,,,False,,,,,,Stage3J_curated_policy,drop_first_pass,unmapped
MEASUREMENT_CATEGORICAL//19724//3,v4_curated_unmapped,,,False,,,,,,Stage3J_curated_policy,drop_first_pass,unmapped
MEASUREMENT_CATEGORICAL//16665//14,v4_curated_unmapped,,,False,,,,,,Stage3J_curated_policy,drop_first_pass,unmapped
MEASUREMENT_CATEGORICAL//19235//2,v4_curated_unmapped,,,False,,,,,,Stage3J_curated_policy,drop_first_pass,unmapped
MEASUREMENT_CATEGORICAL//20349//2,v4_curated_unmapped,,,False,,,,,,Stage3J_curated_policy,drop_first_pass,unmapped
MEASUREMENT_CATEGORICAL//19995//2,v4_curated_unmapped,,,False,,,,,,Stage3J_curated_policy,drop_first_pass,unmapped
MEASUREMENT_CATEGORICAL//20011//8,v4_curated_unmapped,,,False,,,,,,Stage3J_curated_policy,drop_first_pass,unmapped
MEASUREMENT_CATEGORICAL//21192//17,v4_curated_unmapped,,,False,,,,,,Stage3J_curated_policy,drop_first_pass,unmapped
MEASUREMENT_CATEGORICAL//16952//2,v4_curated_unmapped,,,False,,,,,,Stage3J_curated_policy,drop_first_pass,unmapped
MEASUREMENT_CATEGORICAL//18682//29,v4_curated_unmapped,,,False,,,,,,Stage3J_curated_policy,drop_first_pass,unmapped
MEASUREMENT_CATEGORICAL//20671//2,v4_curated_unmapped,,,False,,,,,,Stage3J_curated_policy,drop_first_pass,unmapped
MEASUREMENT_CATEGORICAL//14565//73,v4_curated_unmapped,,,False,,,,,,Stage3J_curated_policy,drop_first_pass,unmapped
MEASUREMENT_CATEGORICAL//20014//1,v4_curated_unmapped,,,False,,,,,,Stage3J_curated_policy,drop_first_pass,unmapped
MEASUREMENT_CATEGORICAL//8898//5,v4_curated_unmapped,,,False,,,,,,Stage3J_curated_policy,drop_first_pass,unmapped
MEASUREMENT_CATEGORICAL//19246//5,v4_curated_unmapped,,,False,,,,,,Stage3J_curated_policy,drop_first_pass,unmapped
MEASUREMENT_CATEGORICAL//20015//1,v4_curated_unmapped,,,False,,,,,,Stage3J_curated_policy,drop_first_pass,unmapped
MEASUREMENT_CATEGORICAL//16950//3,v4_curated_unmapped,,,False,,,,,,Stage3J_curated_policy,drop_first_pass,unmapped
MEASUREMENT_CATEGORICAL//18647//3,v4_curated_unmapped,,,False,,,,,,Stage3J_curated_policy,drop_first_pass,unmapped
MEASUREMENT_CATEGORICAL//19233//4,v4_curated_unmapped,,,False,,,,,,Stage3J_curated_policy,drop_first_pass,unmapped
MEASUREMENT_CATEGORICAL//19831//2,v4_curated_unmapped,,,False,,,,,,Stage3J_curated_policy,drop_first_pass,unmapped
MEASUREMENT_CATEGORICAL//20348//2,v4_curated_unmapped,,,False,,,,,,Stage3J_curated_policy,drop_first_pass,unmapped
MEASUREMENT_CATEGORICAL//16666//13,v4_curated_unmapped,,,False,,,,,,Stage3J_curated_policy,drop_first_pass,unmapped
MEASUREMENT_CATEGORICAL//19802//14,v4_curated_unmapped,,,False,,,,,,Stage3J_curated_policy,drop_first_pass,unmapped
MEASUREMENT_CATEGORICAL//20004//3,v4_curated_unmapped,,,False,,,,,,Stage3J_curated_policy,drop_first_pass,unmapped
MEASUREMENT_CATEGORICAL//16961//2,v4_curated_unmapped,,,False,,,,,,Stage3J_curated_policy,drop_first_pass,unmapped
MEASUREMENT_CATEGORICAL//18619//3,v4_curated_unmapped,,,False,,,,,,Stage3J_curated_policy,drop_first_pass,unmapped
MEASUREMENT_CATEGORICAL//14143//16,v4_curated_unmapped,,,False,,,,,,Stage3J_curated_policy,drop_first_pass,unmapped
MEASUREMENT_CATEGORICAL//16296//6,v4_curated_unmapped,,,False,,,,,,Stage3J_curated_policy,drop_first_pass,unmapped
MEASUREMENT_CATEGORICAL//13403//1,v4_curated_unmapped,,,False,,,,,,Stage3J_curated_policy,drop_first_pass,unmapped
MEASUREMENT_CATEGORICAL//16229//3,v4_curated_unmapped,,,False,,,,,,Stage3J_curated_policy,drop_first_pass,unmapped
MEASUREMENT_CATEGORICAL//16320//11,v4_curated_unmapped,,,False,,,,,,Stage3J_curated_policy,drop_first_pass,unmapped
MEASUREMENT_CATEGORICAL//16997//15,v4_curated_unmapped,,,False,,,,,,Stage3J_curated_policy,drop_first_pass,unmapped
MEASUREMENT_CATEGORICAL//16181//2,v4_curated_unmapped,,,False,,,,,,Stage3J_curated_policy,drop_first_pass,unmapped
MEASUREMENT_CATEGORICAL//16297//11,v4_curated_unmapped,,,False,,,,,,Stage3J_curated_policy,drop_first_pass,unmapped
MEASUREMENT_CATEGORICAL//16299//21,v4_curated_unmapped,,,False,,,,,,Stage3J_curated_policy,drop_first_pass,unmapped
MEASUREMENT_CATEGORICAL//16328//31,v4_curated_unmapped,,,False,,,,,,Stage3J_curated_policy,drop_first_pass,unmapped
MEASUREMENT_CATEGORICAL//19834//7,v4_curated_unmapped,,,False,,,,,,Stage3J_curated_policy,drop_first_pass,unmapped
MEASUREMENT_CATEGORICAL//16322//16,v4_curated_unmapped,,,False,,,,,,Stage3J_curated_policy,drop_first_pass,unmapped
MEASUREMENT_CATEGORICAL//12114//3,v4_curated_unmapped,,,False,,,,,,Stage3J_curated_policy,drop_first_pass,unmapped
MEASUREMENT_CATEGORICAL//14646//2,v4_curated_unmapped,,,False,,,,,,Stage3J_curated_policy,drop_first_pass,unmapped
MEASUREMENT_CATEGORICAL//16317//26,v4_curated_unmapped,,,False,,,,,,Stage3J_curated_policy,drop_first_pass,unmapped
MEASUREMENT_CATEGORICAL//19803//15,v4_curated_unmapped,,,False,,,,,,Stage3J_curated_policy,drop_first_pass,unmapped
MEASUREMENT_CATEGORICAL//20146//3,v4_curated_unmapped,,,False,,,,,,Stage3J_curated_policy,drop_first_pass,unmapped
MEASUREMENT_CATEGORICAL//20348//1,v4_curated_unmapped,,,False,,,,,,Stage3J_curated_policy,drop_first_pass,unmapped
MEASUREMENT_CATEGORICAL//16300//26,v4_curated_unmapped,,,False,,,,,,Stage3J_curated_policy,drop_first_pass,unmapped
MEASUREMENT_CATEGORICAL//16301//31,v4_curated_unmapped,,,False,,,,,,Stage3J_curated_policy,drop_first_pass,unmapped
MEASUREMENT_CATEGORICAL//16327//36,v4_curated_unmapped,,,False,,,,,,Stage3J_curated_policy,drop_first_pass,unmapped
MEASUREMENT_CATEGORICAL//19719//5,v4_curated_unmapped,,,False,,,,,,Stage3J_curated_policy,drop_first_pass,unmapped
MEASUREMENT_CATEGORICAL//20348//3,v4_curated_unmapped,,,False,,,,,,Stage3J_curated_policy,drop_first_pass,unmapped
MEASUREMENT_CATEGORICAL//21189//5,v4_curated_unmapped,,,False,,,,,,Stage3J_curated_policy,drop_first_pass,unmapped
MEASUREMENT_CATEGORICAL//13105//6,v4_curated_unmapped,,,False,,,,,,Stage3J_curated_policy,drop_first_pass,unmapped
MEASUREMENT_CATEGORICAL//14565//89,v4_curated_unmapped,,,False,,,,,,Stage3J_curated_policy,drop_first_pass,unmapped
MEASUREMENT_CATEGORICAL//17018//33,v4_curated_unmapped,,,False,,,,,,Stage3J_curated_policy,drop_first_pass,unmapped
MEASUREMENT_CATEGORICAL//20348//8,v4_curated_unmapped,,,False,,,,,,Stage3J_curated_policy,drop_first_pass,unmapped
MEASUREMENT_CATEGORICAL//20536//3,v4_curated_unmapped,,,False,,,,,,Stage3J_curated_policy,drop_first_pass,unmapped
MEASUREMENT_CATEGORICAL//16181//3,v4_curated_unmapped,,,False,,,,,,Stage3J_curated_policy,drop_first_pass,unmapped
MEASUREMENT_CATEGORICAL//16310//76,v4_curated_unmapped,,,False,,,,,,Stage3J_curated_policy,drop_first_pass,unmapped
MEASUREMENT_CATEGORICAL//16311//81,v4_curated_unmapped,,,False,,,,,,Stage3J_curated_policy,drop_first_pass,unmapped
MEASUREMENT_CATEGORICAL//16665//18,v4_curated_unmapped,,,False,,,,,,Stage3J_curated_policy,drop_first_pass,unmapped
MEASUREMENT_CATEGORICAL//16949//3,v4_curated_unmapped,,,False,,,,,,Stage3J_curated_policy,drop_first_pass,unmapped
MEASUREMENT_CATEGORICAL//16254//1,v4_curated_unmapped,,,False,,,,,,Stage3J_curated_policy,drop_first_pass,unmapped
MEASUREMENT_CATEGORICAL//19730//4,v4_curated_unmapped,,,False,,,,,,Stage3J_curated_policy,drop_first_pass,unmapped
MEASUREMENT_CATEGORICAL//20628//2,v4_curated_unmapped,,,False,,,,,,Stage3J_curated_policy,drop_first_pass,unmapped
MEASUREMENT_CATEGORICAL//21233//7,v4_curated_unmapped,,,False,,,,,,Stage3J_curated_policy,drop_first_pass,unmapped
MEASUREMENT_CATEGORICAL//13105//1,v4_curated_unmapped,,,False,,,,,,Stage3J_curated_policy,drop_first_pass,unmapped
MEASUREMENT_CATEGORICAL//16312//6,v4_curated_unmapped,,,False,,,,,,Stage3J_curated_policy,drop_first_pass,unmapped
MEASUREMENT_CATEGORICAL//16321//81,v4_curated_unmapped,,,False,,,,,,Stage3J_curated_policy,drop_first_pass,unmapped
MEASUREMENT_CATEGORICAL//21042//2,v4_curated_unmapped,,,False,,,,,,Stage3J_curated_policy,drop_first_pass,unmapped
MEASUREMENT_CATEGORICAL//21191//13,v4_curated_unmapped,,,False,,,,,,Stage3J_curated_policy,drop_first_pass,unmapped
MEASUREMENT_CATEGORICAL//16324//86,v4_curated_unmapped,,,False,,,,,,Stage3J_curated_policy,drop_first_pass,unmapped
MEASUREMENT_CATEGORICAL//14143//23,v4_curated_unmapped,,,False,,,,,,Stage3J_curated_policy,drop_first_pass,unmapped
MEASUREMENT_CATEGORICAL//16295//1,v4_curated_unmapped,,,False,,,,,,Stage3J_curated_policy,drop_first_pass,unmapped
MEASUREMENT_CATEGORICAL//16305//51,v4_curated_unmapped,,,False,,,,,,Stage3J_curated_policy,drop_first_pass,unmapped
MEASUREMENT_CATEGORICAL//16666//12,v4_curated_unmapped,,,False,,,,,,Stage3J_curated_policy,drop_first_pass,unmapped
MEASUREMENT_CATEGORICAL//19995//4,v4_curated_unmapped,,,False,,,,,,Stage3J_curated_policy,drop_first_pass,unmapped
MEASUREMENT_CATEGORICAL//20011//2,v4_curated_unmapped,,,False,,,,,,Stage3J_curated_policy,drop_first_pass,unmapped
MEASUREMENT_CATEGORICAL//20015//3,v4_curated_unmapped,,,False,,,,,,Stage3J_curated_policy,drop_first_pass,unmapped
MEASUREMENT_CATEGORICAL//20536//2,v4_curated_unmapped,,,False,,,,,,Stage3J_curated_policy,drop_first_pass,unmapped
MEASUREMENT_CATEGORICAL//21042//1,v4_curated_unmapped,,,False,,,,,,Stage3J_curated_policy,drop_first_pass,unmapped
MEASUREMENT_CATEGORICAL//14646//3,v4_curated_unmapped,,,False,,,,,,Stage3J_curated_policy,drop_first_pass,unmapped
MEASUREMENT_CATEGORICAL//16304//46,v4_curated_unmapped,,,False,,,,,,Stage3J_curated_policy,drop_first_pass,unmapped
MEASUREMENT_CATEGORICAL//16325//21,v4_curated_unmapped,,,False,,,,,,Stage3J_curated_policy,drop_first_pass,unmapped
MEASUREMENT_CATEGORICAL//16326//56,v4_curated_unmapped,,,False,,,,,,Stage3J_curated_policy,drop_first_pass,unmapped
MEASUREMENT_CATEGORICAL//16668//4,v4_curated_unmapped,,,False,,,,,,Stage3J_curated_policy,drop_first_pass,unmapped
MEASUREMENT_CATEGORICAL//17018//36,v4_curated_unmapped,,,False,,,,,,Stage3J_curated_policy,drop_first_pass,unmapped
MEASUREMENT_CATEGORICAL//19233//3,v4_curated_unmapped,,,False,,,,,,Stage3J_curated_policy,drop_first_pass,unmapped
MEASUREMENT_CATEGORICAL//19645//3,v4_curated_unmapped,,,False,,,,,,Stage3J_curated_policy,drop_first_pass,unmapped
MEASUREMENT_CATEGORICAL//19818//6,v4_curated_unmapped,,,False,,,,,,Stage3J_curated_policy,drop_first_pass,unmapped
MEASUREMENT_CATEGORICAL//20014//2,v4_curated_unmapped,,,False,,,,,,Stage3J_curated_policy,drop_first_pass,unmapped
MEASUREMENT_CATEGORICAL//16298//16,v4_curated_unmapped,,,False,,,,,,Stage3J_curated_policy,drop_first_pass,unmapped
MEASUREMENT_CATEGORICAL//16303//41,v4_curated_unmapped,,,False,,,,,,Stage3J_curated_policy,drop_first_pass,unmapped
MEASUREMENT_CATEGORICAL//16318//51,v4_curated_unmapped,,,False,,,,,,Stage3J_curated_policy,drop_first_pass,unmapped
MEASUREMENT_CATEGORICAL//18603//18,v4_curated_unmapped,,,False,,,,,,Stage3J_curated_policy,drop_first_pass,unmapped
MEASUREMENT_CATEGORICAL//19731//2,v4_curated_unmapped,,,False,,,,,,Stage3J_curated_policy,drop_first_pass,unmapped
MEASUREMENT_CATEGORICAL//19837//3,v4_curated_unmapped,,,False,,,,,,Stage3J_curated_policy,drop_first_pass,unmapped
MEASUREMENT_CATEGORICAL//20348//5,v4_curated_unmapped,,,False,,,,,,Stage3J_curated_policy,drop_first_pass,unmapped
MEASUREMENT_CATEGORICAL//14565//68,v4_curated_unmapped,,,False,,,,,,Stage3J_curated_policy,drop_first_pass,unmapped
MEASUREMENT_CATEGORICAL//19722//4,v4_curated_unmapped,,,False,,,,,,Stage3J_curated_policy,drop_first_pass,unmapped
MEASUREMENT_CATEGORICAL//20145//3,v4_curated_unmapped,,,False,,,,,,Stage3J_curated_policy,drop_first_pass,unmapped
MEASUREMENT_CATEGORICAL//21239//1,v4_curated_unmapped,,,False,,,,,,Stage3J_curated_policy,drop_first_pass,unmapped
MEASUREMENT_CATEGORICAL//7969//8,v4_curated_unmapped,,,False,,,,,,Stage3J_curated_policy,drop_first_pass,unmapped
MEASUREMENT_CATEGORICAL//16319//46,v4_curated_unmapped,,,False,,,,,,Stage3J_curated_policy,drop_first_pass,unmapped
MEASUREMENT_CATEGORICAL//19995//6,v4_curated_unmapped,,,False,,,,,,Stage3J_curated_policy,drop_first_pass,unmapped
MEASUREMENT_CATEGORICAL//12629//3,v4_curated_unmapped,,,False,,,,,,Stage3J_curated_policy,drop_first_pass,unmapped
MEASUREMENT_CATEGORICAL//14562//8,v4_curated_unmapped,,,False,,,,,,Stage3J_curated_policy,drop_first_pass,unmapped
MEASUREMENT_CATEGORICAL//14565//60,v4_curated_unmapped,,,False,,,,,,Stage3J_curated_policy,drop_first_pass,unmapped
MEASUREMENT_CATEGORICAL//19645//1,v4_curated_unmapped,,,False,,,,,,Stage3J_curated_policy,drop_first_pass,unmapped
MEASUREMENT_CATEGORICAL//19820//9,v4_curated_unmapped,,,False,,,,,,Stage3J_curated_policy,drop_first_pass,unmapped
MEASUREMENT_CATEGORICAL//20350//4,v4_curated_unmapped,,,False,,,,,,Stage3J_curated_policy,drop_first_pass,unmapped
MEASUREMENT_CATEGORICAL//14565//84,v4_curated_unmapped,,,False,,,,,,Stage3J_curated_policy,drop_first_pass,unmapped
MEASUREMENT_CATEGORICAL//16262//3,v4_curated_unmapped,,,False,,,,,,Stage3J_curated_policy,drop_first_pass,unmapped
MEASUREMENT_CATEGORICAL//16314//41,v4_curated_unmapped,,,False,,,,,,Stage3J_curated_policy,drop_first_pass,unmapped
MEASUREMENT_CATEGORICAL//16962//3,v4_curated_unmapped,,,False,,,,,,Stage3J_curated_policy,drop_first_pass,unmapped
MEASUREMENT_CATEGORICAL//16997//6,v4_curated_unmapped,,,False,,,,,,Stage3J_curated_policy,drop_first_pass,unmapped
MEASUREMENT_CATEGORICAL//19731//4,v4_curated_unmapped,,,False,,,,,,Stage3J_curated_policy,drop_first_pass,unmapped
MEASUREMENT_CATEGORICAL//20013//5,v4_curated_unmapped,,,False,,,,,,Stage3J_curated_policy,drop_first_pass,unmapped
MEASUREMENT_CATEGORICAL//20014//3,v4_curated_unmapped,,,False,,,,,,Stage3J_curated_policy,drop_first_pass,unmapped
MEASUREMENT_CATEGORICAL//16235//3,v4_curated_unmapped,,,False,,,,,,Stage3J_curated_policy,drop_first_pass,unmapped
MEASUREMENT_CATEGORICAL//19718//2,v4_curated_unmapped,,,False,,,,,,Stage3J_curated_policy,drop_first_pass,unmapped
MEASUREMENT_CATEGORICAL//20146//1,v4_curated_unmapped,,,False,,,,,,Stage3J_curated_policy,drop_first_pass,unmapped
MEASUREMENT_CATEGORICAL//20546//2,v4_curated_unmapped,,,False,,,,,,Stage3J_curated_policy,drop_first_pass,unmapped
MEASUREMENT_CATEGORICAL//7969//7,v4_curated_unmapped,,,False,,,,,,Stage3J_curated_policy,drop_first_pass,unmapped
MEASUREMENT_CATEGORICAL//14565//74,v4_curated_unmapped,,,False,,,,,,Stage3J_curated_policy,drop_first_pass,unmapped
MEASUREMENT_CATEGORICAL//19720//4,v4_curated_unmapped,,,False,,,,,,Stage3J_curated_policy,drop_first_pass,unmapped
MEASUREMENT_CATEGORICAL//20011//3,v4_curated_unmapped,,,False,,,,,,Stage3J_curated_policy,drop_first_pass,unmapped
MEASUREMENT_CATEGORICAL//20349//1,v4_curated_unmapped,,,False,,,,,,Stage3J_curated_policy,drop_first_pass,unmapped
MEASUREMENT_CATEGORICAL//20752//1,v4_curated_unmapped,,,False,,,,,,Stage3J_curated_policy,drop_first_pass,unmapped
MEASUREMENT_CATEGORICAL//12664//1,v4_curated_unmapped,,,False,,,,,,Stage3J_curated_policy,drop_first_pass,unmapped
MEASUREMENT_CATEGORICAL//16263//3,v4_curated_unmapped,,,False,,,,,,Stage3J_curated_policy,drop_first_pass,unmapped
MEASUREMENT_CATEGORICAL//16307//61,v4_curated_unmapped,,,False,,,,,,Stage3J_curated_policy,drop_first_pass,unmapped
MEASUREMENT_CATEGORICAL//12119//2,v4_curated_unmapped,,,False,,,,,,Stage3J_curated_policy,drop_first_pass,unmapped
MEASUREMENT_CATEGORICAL//16237//8,v4_curated_unmapped,,,False,,,,,,Stage3J_curated_policy,drop_first_pass,unmapped
MEASUREMENT_CATEGORICAL//16258//2,v4_curated_unmapped,,,False,,,,,,Stage3J_curated_policy,drop_first_pass,unmapped
MEASUREMENT_CATEGORICAL//16308//66,v4_curated_unmapped,,,False,,,,,,Stage3J_curated_policy,drop_first_pass,unmapped
MEASUREMENT_CATEGORICAL//19246//4,v4_curated_unmapped,,,False,,,,,,Stage3J_curated_policy,drop_first_pass,unmapped
MEASUREMENT_CATEGORICAL//19832//4,v4_curated_unmapped,,,False,,,,,,Stage3J_curated_policy,drop_first_pass,unmapped
MEASUREMENT_CATEGORICAL//20149//5,v4_curated_unmapped,,,False,,,,,,Stage3J_curated_policy,drop_first_pass,unmapped
MEASUREMENT_CATEGORICAL//20671//1,v4_curated_unmapped,,,False,,,,,,Stage3J_curated_policy,drop_first_pass,unmapped
MEASUREMENT_CATEGORICAL//21234//26,v4_curated_unmapped,,,False,,,,,,Stage3J_curated_policy,drop_first_pass,unmapped
MEASUREMENT_CATEGORICAL//10464//2,v4_curated_unmapped,,,False,,,,,,Stage3J_curated_policy,drop_first_pass,unmapped
MEASUREMENT_CATEGORICAL//10502//1,v4_curated_unmapped,,,False,,,,,,Stage3J_curated_policy,drop_first_pass,unmapped
MEASUREMENT_CATEGORICAL//14565//91,v4_curated_unmapped,,,False,,,,,,Stage3J_curated_policy,drop_first_pass,unmapped
MEASUREMENT_CATEGORICAL//16306//56,v4_curated_unmapped,,,False,,,,,,Stage3J_curated_policy,drop_first_pass,unmapped
MEASUREMENT_CATEGORICAL//16315//71,v4_curated_unmapped,,,False,,,,,,Stage3J_curated_policy,drop_first_pass,unmapped
MEASUREMENT_CATEGORICAL//16316//66,v4_curated_unmapped,,,False,,,,,,Stage3J_curated_policy,drop_first_pass,unmapped
MEASUREMENT_CATEGORICAL//16323//61,v4_curated_unmapped,,,False,,,,,,Stage3J_curated_policy,drop_first_pass,unmapped
MEASUREMENT_CATEGORICAL//16666//11,v4_curated_unmapped,,,False,,,,,,Stage3J_curated_policy,drop_first_pass,unmapped
MEASUREMENT_CATEGORICAL//19246//3,v4_curated_unmapped,,,False,,,,,,Stage3J_curated_policy,drop_first_pass,unmapped
MEASUREMENT_CATEGORICAL//21233//10,v4_curated_unmapped,,,False,,,,,,Stage3J_curated_policy,drop_first_pass,unmapped
MEASUREMENT_CATEGORICAL//16259//2,v4_curated_unmapped,,,False,,,,,,Stage3J_curated_policy,drop_first_pass,unmapped
MEASUREMENT_CATEGORICAL//16260//1,v4_curated_unmapped,,,False,,,,,,Stage3J_curated_policy,drop_first_pass,unmapped
MEASUREMENT_CATEGORICAL//16256//1,v4_curated_unmapped,,,False,,,,,,Stage3J_curated_policy,drop_first_pass,unmapped
MEASUREMENT_CATEGORICAL//16263//2,v4_curated_unmapped,,,False,,,,,,Stage3J_curated_policy,drop_first_pass,unmapped
MEASUREMENT_CATEGORICAL//16665//19,v4_curated_unmapped,,,False,,,,,,Stage3J_curated_policy,drop_first_pass,unmapped
MEASUREMENT_CATEGORICAL//19235//3,v4_curated_unmapped,,,False,,,,,,Stage3J_curated_policy,drop_first_pass,unmapped
MEASUREMENT_CATEGORICAL//20139//3,v4_curated_unmapped,,,False,,,,,,Stage3J_curated_policy,drop_first_pass,unmapped
MEASUREMENT_CATEGORICAL//16255//1,v4_curated_unmapped,,,False,,,,,,Stage3J_curated_policy,drop_first_pass,unmapped
MEASUREMENT_CATEGORICAL//16278//20,v4_curated_unmapped,,,False,,,,,,Stage3J_curated_policy,drop_first_pass,unmapped
MEASUREMENT_CATEGORICAL//19646//3,v4_curated_unmapped,,,False,,,,,,Stage3J_curated_policy,drop_first_pass,unmapped
MEASUREMENT_CATEGORICAL//19805//18,v4_curated_unmapped,,,False,,,,,,Stage3J_curated_policy,drop_first_pass,unmapped
MEASUREMENT_CATEGORICAL//20013//3,v4_curated_unmapped,,,False,,,,,,Stage3J_curated_policy,drop_first_pass,unmapped
MEASUREMENT_CATEGORICAL//20149//3,v4_curated_unmapped,,,False,,,,,,Stage3J_curated_policy,drop_first_pass,unmapped
MEASUREMENT_CATEGORICAL//20348//6,v4_curated_unmapped,,,False,,,,,,Stage3J_curated_policy,drop_first_pass,unmapped
MEASUREMENT_CATEGORICAL//20348//7,v4_curated_unmapped,,,False,,,,,,Stage3J_curated_policy,drop_first_pass,unmapped
MEASUREMENT_CATEGORICAL//16261//3,v4_curated_unmapped,,,False,,,,,,Stage3J_curated_policy,drop_first_pass,unmapped
MEASUREMENT_CATEGORICAL//16302//36,v4_curated_unmapped,,,False,,,,,,Stage3J_curated_policy,drop_first_pass,unmapped
MEASUREMENT_CATEGORICAL//19730//1,v4_curated_unmapped,,,False,,,,,,Stage3J_curated_policy,drop_first_pass,unmapped
MEASUREMENT_CATEGORICAL//20013//2,v4_curated_unmapped,,,False,,,,,,Stage3J_curated_policy,drop_first_pass,unmapped
MEASUREMENT_CATEGORICAL//21234//27,v4_curated_unmapped,,,False,,,,,,Stage3J_curated_policy,drop_first_pass,unmapped
MEASUREMENT_CATEGORICAL//14565//83,v4_curated_unmapped,,,False,,,,,,Stage3J_curated_policy,drop_first_pass,unmapped
MEASUREMENT_CATEGORICAL//16257//1,v4_curated_unmapped,,,False,,,,,,Stage3J_curated_policy,drop_first_pass,unmapped
MEASUREMENT_CATEGORICAL//16957//2,v4_curated_unmapped,,,False,,,,,,Stage3J_curated_policy,drop_first_pass,unmapped
MEASUREMENT_CATEGORICAL//19995//5,v4_curated_unmapped,,,False,,,,,,Stage3J_curated_policy,drop_first_pass,unmapped
MEASUREMENT_CATEGORICAL//20141//2,v4_curated_unmapped,,,False,,,,,,Stage3J_curated_policy,drop_first_pass,unmapped
MEASUREMENT_CATEGORICAL//12523//5,v4_curated_unmapped,,,False,,,,,,Stage3J_curated_policy,drop_first_pass,unmapped
MEASUREMENT_CATEGORICAL//14486//24,v4_curated_unmapped,,,False,,,,,,Stage3J_curated_policy,drop_first_pass,unmapped
MEASUREMENT_CATEGORICAL//16253//5,v4_curated_unmapped,,,False,,,,,,Stage3J_curated_policy,drop_first_pass,unmapped
MEASUREMENT_CATEGORICAL//19235//4,v4_curated_unmapped,,,False,,,,,,Stage3J_curated_policy,drop_first_pass,unmapped
MEASUREMENT_CATEGORICAL//19840//5,v4_curated_unmapped,,,False,,,,,,Stage3J_curated_policy,drop_first_pass,unmapped
MEASUREMENT_CATEGORICAL//21037//1,v4_curated_unmapped,,,False,,,,,,Stage3J_curated_policy,drop_first_pass,unmapped
MEASUREMENT_CATEGORICAL//7969//11,v4_curated_unmapped,,,False,,,,,,Stage3J_curated_policy,drop_first_pass,unmapped
MEASUREMENT_CATEGORICAL//14143//18,v4_curated_unmapped,,,False,,,,,,Stage3J_curated_policy,drop_first_pass,unmapped
MEASUREMENT_CATEGORICAL//14565//69,v4_curated_unmapped,,,False,,,,,,Stage3J_curated_policy,drop_first_pass,unmapped
MEASUREMENT_CATEGORICAL//16277//18,v4_curated_unmapped,,,False,,,,,,Stage3J_curated_policy,drop_first_pass,unmapped
MEASUREMENT_CATEGORICAL//16285//5,v4_curated_unmapped,,,False,,,,,,Stage3J_curated_policy,drop_first_pass,unmapped
MEASUREMENT_CATEGORICAL//16948//2,v4_curated_unmapped,,,False,,,,,,Stage3J_curated_policy,drop_first_pass,unmapped
MEASUREMENT_CATEGORICAL//20014//5,v4_curated_unmapped,,,False,,,,,,Stage3J_curated_policy,drop_first_pass,unmapped
MEASUREMENT_CATEGORICAL//20350//5,v4_curated_unmapped,,,False,,,,,,Stage3J_curated_policy,drop_first_pass,unmapped
MEASUREMENT_CATEGORICAL//20536//4,v4_curated_unmapped,,,False,,,,,,Stage3J_curated_policy,drop_first_pass,unmapped
MEASUREMENT_CATEGORICAL//21042//4,v4_curated_unmapped,,,False,,,,,,Stage3J_curated_policy,drop_first_pass,unmapped
MEASUREMENT_CATEGORICAL//10464//4,v4_curated_unmapped,,,False,,,,,,Stage3J_curated_policy,drop_first_pass,unmapped
MEASUREMENT_CATEGORICAL//12526//5,v4_curated_unmapped,,,False,,,,,,Stage3J_curated_policy,drop_first_pass,unmapped
MEASUREMENT_CATEGORICAL//14143//7,v4_curated_unmapped,,,False,,,,,,Stage3J_curated_policy,drop_first_pass,unmapped
MEASUREMENT_CATEGORICAL//14562//4,v4_curated_unmapped,,,False,,,,,,Stage3J_curated_policy,drop_first_pass,unmapped
MEASUREMENT_CATEGORICAL//16235//4,v4_curated_unmapped,,,False,,,,,,Stage3J_curated_policy,drop_first_pass,unmapped
MEASUREMENT_CATEGORICAL//16258//3,v4_curated_unmapped,,,False,,,,,,Stage3J_curated_policy,drop_first_pass,unmapped
MEASUREMENT_CATEGORICAL//16283//52,v4_curated_unmapped,,,False,,,,,,Stage3J_curated_policy,drop_first_pass,unmapped
MEASUREMENT_CATEGORICAL//19237//1,v4_curated_unmapped,,,False,,,,,,Stage3J_curated_policy,drop_first_pass,unmapped
MEASUREMENT_CATEGORICAL//20350//2,v4_curated_unmapped,,,False,,,,,,Stage3J_curated_policy,drop_first_pass,unmapped
MEASUREMENT_CATEGORICAL//21234//25,v4_curated_unmapped,,,False,,,,,,Stage3J_curated_policy,drop_first_pass,unmapped
MEASUREMENT_CATEGORICAL//7969//13,v4_curated_unmapped,,,False,,,,,,Stage3J_curated_policy,drop_first_pass,unmapped
MEASUREMENT_CATEGORICAL//14562//10,v4_curated_unmapped,,,False,,,,,,Stage3J_curated_policy,drop_first_pass,unmapped
MEASUREMENT_CATEGORICAL//16255//2,v4_curated_unmapped,,,False,,,,,,Stage3J_curated_policy,drop_first_pass,unmapped
MEASUREMENT_CATEGORICAL//16271//2,v4_curated_unmapped,,,False,,,,,,Stage3J_curated_policy,drop_first_pass,unmapped
MEASUREMENT_CATEGORICAL//16279//28,v4_curated_unmapped,,,False,,,,,,Stage3J_curated_policy,drop_first_pass,unmapped
MEASUREMENT_CATEGORICAL//16282//46,v4_curated_unmapped,,,False,,,,,,Stage3J_curated_policy,drop_first_pass,unmapped
MEASUREMENT_CATEGORICAL//16309//71,v4_curated_unmapped,,,False,,,,,,Stage3J_curated_policy,drop_first_pass,unmapped
MEASUREMENT_CATEGORICAL//16313//76,v4_curated_unmapped,,,False,,,,,,Stage3J_curated_policy,drop_first_pass,unmapped
MEASUREMENT_CATEGORICAL//18603//19,v4_curated_unmapped,,,False,,,,,,Stage3J_curated_policy,drop_first_pass,unmapped
MEASUREMENT_CATEGORICAL//20014//4,v4_curated_unmapped,,,False,,,,,,Stage3J_curated_policy,drop_first_pass,unmapped
MEASUREMENT_CATEGORICAL//20107//41,v4_curated_unmapped,,,False,,,,,,Stage3J_curated_policy,drop_first_pass,unmapped
MEASUREMENT_CATEGORICAL//20146//4,v4_curated_unmapped,,,False,,,,,,Stage3J_curated_policy,drop_first_pass,unmapped
MEASUREMENT_CATEGORICAL//21233//11,v4_curated_unmapped,,,False,,,,,,Stage3J_curated_policy,drop_first_pass,unmapped
MEASUREMENT_CATEGORICAL//21234//28,v4_curated_unmapped,,,False,,,,,,Stage3J_curated_policy,drop_first_pass,unmapped
MEASUREMENT_CATEGORICAL//21234//31,v4_curated_unmapped,,,False,,,,,,Stage3J_curated_policy,drop_first_pass,unmapped
MEASUREMENT_CATEGORICAL//8616//2,v4_curated_unmapped,,,False,,,,,,Stage3J_curated_policy,drop_first_pass,unmapped
MEASUREMENT_CATEGORICAL//12127//3,v4_curated_unmapped,,,False,,,,,,Stage3J_curated_policy,drop_first_pass,unmapped
MEASUREMENT_CATEGORICAL//12524//5,v4_curated_unmapped,,,False,,,,,,Stage3J_curated_policy,drop_first_pass,unmapped
MEASUREMENT_CATEGORICAL//12629//5,v4_curated_unmapped,,,False,,,,,,Stage3J_curated_policy,drop_first_pass,unmapped
MEASUREMENT_CATEGORICAL//16256//2,v4_curated_unmapped,,,False,,,,,,Stage3J_curated_policy,drop_first_pass,unmapped
MEASUREMENT_CATEGORICAL//16274//2,v4_curated_unmapped,,,False,,,,,,Stage3J_curated_policy,drop_first_pass,unmapped
MEASUREMENT_CATEGORICAL//16276//11,v4_curated_unmapped,,,False,,,,,,Stage3J_curated_policy,drop_first_pass,unmapped
MEASUREMENT_CATEGORICAL//16280//34,v4_curated_unmapped,,,False,,,,,,Stage3J_curated_policy,drop_first_pass,unmapped
MEASUREMENT_CATEGORICAL//16282//44,v4_curated_unmapped,,,False,,,,,,Stage3J_curated_policy,drop_first_pass,unmapped
MEASUREMENT_CATEGORICAL//16286//9,v4_curated_unmapped,,,False,,,,,,Stage3J_curated_policy,drop_first_pass,unmapped
MEASUREMENT_CATEGORICAL//16287//13,v4_curated_unmapped,,,False,,,,,,Stage3J_curated_policy,drop_first_pass,unmapped
MEASUREMENT_CATEGORICAL//16665//17,v4_curated_unmapped,,,False,,,,,,Stage3J_curated_policy,drop_first_pass,unmapped
MEASUREMENT_CATEGORICAL//16666//16,v4_curated_unmapped,,,False,,,,,,Stage3J_curated_policy,drop_first_pass,unmapped
MEASUREMENT_CATEGORICAL//18687//6,v4_curated_unmapped,,,False,,,,,,Stage3J_curated_policy,drop_first_pass,unmapped
MEASUREMENT_CATEGORICAL//19237//2,v4_curated_unmapped,,,False,,,,,,Stage3J_curated_policy,drop_first_pass,unmapped
MEASUREMENT_CATEGORICAL//19712//5,v4_curated_unmapped,,,False,,,,,,Stage3J_curated_policy,drop_first_pass,unmapped
MEASUREMENT_CATEGORICAL//20013//1,v4_curated_unmapped,,,False,,,,,,Stage3J_curated_policy,drop_first_pass,unmapped
MEASUREMENT_CATEGORICAL//21189//8,v4_curated_unmapped,,,False,,,,,,Stage3J_curated_policy,drop_first_pass,unmapped
MEASUREMENT_CATEGORICAL//21233//9,v4_curated_unmapped,,,False,,,,,,Stage3J_curated_policy,drop_first_pass,unmapped
MEASUREMENT_CATEGORICAL//12525//5,v4_curated_unmapped,,,False,,,,,,Stage3J_curated_policy,drop_first_pass,unmapped
MEASUREMENT_CATEGORICAL//16257//2,v4_curated_unmapped,,,False,,,,,,Stage3J_curated_policy,drop_first_pass,unmapped
MEASUREMENT_CATEGORICAL//16273//4,v4_curated_unmapped,,,False,,,,,,Stage3J_curated_policy,drop_first_pass,unmapped
MEASUREMENT_CATEGORICAL//16275//4,v4_curated_unmapped,,,False,,,,,,Stage3J_curated_policy,drop_first_pass,unmapped
MEASUREMENT_CATEGORICAL//16279//29,v4_curated_unmapped,,,False,,,,,,Stage3J_curated_policy,drop_first_pass,unmapped
MEASUREMENT_CATEGORICAL//19233//1,v4_curated_unmapped,,,False,,,,,,Stage3J_curated_policy,drop_first_pass,unmapped
MEASUREMENT_CATEGORICAL//19248//2,v4_curated_unmapped,,,False,,,,,,Stage3J_curated_policy,drop_first_pass,unmapped
MEASUREMENT_CATEGORICAL//20137//3,v4_curated_unmapped,,,False,,,,,,Stage3J_curated_policy,drop_first_pass,unmapped
MEASUREMENT_CATEGORICAL//21234//22,v4_curated_unmapped,,,False,,,,,,Stage3J_curated_policy,drop_first_pass,unmapped
MEASUREMENT_CATEGORICAL//12119//1,v4_curated_unmapped,,,False,,,,,,Stage3J_curated_policy,drop_first_pass,unmapped
MEASUREMENT_CATEGORICAL//12520//5,v4_curated_unmapped,,,False,,,,,,Stage3J_curated_policy,drop_first_pass,unmapped
MEASUREMENT_CATEGORICAL//16259//1,v4_curated_unmapped,,,False,,,,,,Stage3J_curated_policy,drop_first_pass,unmapped
MEASUREMENT_CATEGORICAL//16260//2,v4_curated_unmapped,,,False,,,,,,Stage3J_curated_policy,drop_first_pass,unmapped
MEASUREMENT_CATEGORICAL//16261//1,v4_curated_unmapped,,,False,,,,,,Stage3J_curated_policy,drop_first_pass,unmapped
MEASUREMENT_CATEGORICAL//16276//10,v4_curated_unmapped,,,False,,,,,,Stage3J_curated_policy,drop_first_pass,unmapped
MEASUREMENT_CATEGORICAL//16277//16,v4_curated_unmapped,,,False,,,,,,Stage3J_curated_policy,drop_first_pass,unmapped
MEASUREMENT_CATEGORICAL//20140//4,v4_curated_unmapped,,,False,,,,,,Stage3J_curated_policy,drop_first_pass,unmapped
MEASUREMENT_CATEGORICAL//20146//5,v4_curated_unmapped,,,False,,,,,,Stage3J_curated_policy,drop_first_pass,unmapped
MEASUREMENT_CATEGORICAL//21190//9,v4_curated_unmapped,,,False,,,,,,Stage3J_curated_policy,drop_first_pass,unmapped
MEASUREMENT_CATEGORICAL//12116//2,v4_curated_unmapped,,,False,,,,,,Stage3J_curated_policy,drop_first_pass,unmapped
MEASUREMENT_CATEGORICAL//16254//2,v4_curated_unmapped,,,False,,,,,,Stage3J_curated_policy,drop_first_pass,unmapped
MEASUREMENT_CATEGORICAL//16257//3,v4_curated_unmapped,,,False,,,,,,Stage3J_curated_policy,drop_first_pass,unmapped
MEASUREMENT_CATEGORICAL//16261//2,v4_curated_unmapped,,,False,,,,,,Stage3J_curated_policy,drop_first_pass,unmapped
MEASUREMENT_CATEGORICAL//16280//35,v4_curated_unmapped,,,False,,,,,,Stage3J_curated_policy,drop_first_pass,unmapped
MEASUREMENT_CATEGORICAL//16280//36,v4_curated_unmapped,,,False,,,,,,Stage3J_curated_policy,drop_first_pass,unmapped
MEASUREMENT_CATEGORICAL//16288//19,v4_curated_unmapped,,,False,,,,,,Stage3J_curated_policy,drop_first_pass,unmapped
MEASUREMENT_CATEGORICAL//16411//5,v4_curated_unmapped,,,False,,,,,,Stage3J_curated_policy,drop_first_pass,unmapped
MEASUREMENT_CATEGORICAL//16953//2,v4_curated_unmapped,,,False,,,,,,Stage3J_curated_policy,drop_first_pass,unmapped
MEASUREMENT_CATEGORICAL//17018//26,v4_curated_unmapped,,,False,,,,,,Stage3J_curated_policy,drop_first_pass,unmapped
MEASUREMENT_CATEGORICAL//19804//17,v4_curated_unmapped,,,False,,,,,,Stage3J_curated_policy,drop_first_pass,unmapped
MEASUREMENT_CATEGORICAL//20013//4,v4_curated_unmapped,,,False,,,,,,Stage3J_curated_policy,drop_first_pass,unmapped
MEASUREMENT_CATEGORICAL//20146//2,v4_curated_unmapped,,,False,,,,,,Stage3J_curated_policy,drop_first_pass,unmapped
MEASUREMENT_CATEGORICAL//20350//3,v4_curated_unmapped,,,False,,,,,,Stage3J_curated_policy,drop_first_pass,unmapped
MEASUREMENT_CATEGORICAL//21234//23,v4_curated_unmapped,,,False,,,,,,Stage3J_curated_policy,drop_first_pass,unmapped
MEASUREMENT_CATEGORICAL//14565//67,v4_curated_unmapped,,,False,,,,,,Stage3J_curated_policy,drop_first_pass,unmapped
MEASUREMENT_CATEGORICAL//16177//6,v4_curated_unmapped,,,False,,,,,,Stage3J_curated_policy,drop_first_pass,unmapped
MEASUREMENT_CATEGORICAL//16253//4,v4_curated_unmapped,,,False,,,,,,Stage3J_curated_policy,drop_first_pass,unmapped
MEASUREMENT_CATEGORICAL//16271//3,v4_curated_unmapped,,,False,,,,,,Stage3J_curated_policy,drop_first_pass,unmapped
MEASUREMENT_CATEGORICAL//16276//12,v4_curated_unmapped,,,False,,,,,,Stage3J_curated_policy,drop_first_pass,unmapped
MEASUREMENT_CATEGORICAL//16287//14,v4_curated_unmapped,,,False,,,,,,Stage3J_curated_policy,drop_first_pass,unmapped
MEASUREMENT_CATEGORICAL//16302//40,v4_curated_unmapped,,,False,,,,,,Stage3J_curated_policy,drop_first_pass,unmapped
MEASUREMENT_CATEGORICAL//16309//75,v4_curated_unmapped,,,False,,,,,,Stage3J_curated_policy,drop_first_pass,unmapped
MEASUREMENT_CATEGORICAL//16668//3,v4_curated_unmapped,,,False,,,,,,Stage3J_curated_policy,drop_first_pass,unmapped
MEASUREMENT_CATEGORICAL//19246//2,v4_curated_unmapped,,,False,,,,,,Stage3J_curated_policy,drop_first_pass,unmapped
MEASUREMENT_CATEGORICAL//19835//9,v4_curated_unmapped,,,False,,,,,,Stage3J_curated_policy,drop_first_pass,unmapped
MEASUREMENT_CATEGORICAL//21234//29,v4_curated_unmapped,,,False,,,,,,Stage3J_curated_policy,drop_first_pass,unmapped
MEASUREMENT_CATEGORICAL//12521//6,v4_curated_unmapped,,,False,,,,,,Stage3J_curated_policy,drop_first_pass,unmapped
MEASUREMENT_CATEGORICAL//12664//2,v4_curated_unmapped,,,False,,,,,,Stage3J_curated_policy,drop_first_pass,unmapped
MEASUREMENT_CATEGORICAL//16259//3,v4_curated_unmapped,,,False,,,,,,Stage3J_curated_policy,drop_first_pass,unmapped
MEASUREMENT_CATEGORICAL//16260//3,v4_curated_unmapped,,,False,,,,,,Stage3J_curated_policy,drop_first_pass,unmapped
MEASUREMENT_CATEGORICAL//16273//1,v4_curated_unmapped,,,False,,,,,,Stage3J_curated_policy,drop_first_pass,unmapped
MEASUREMENT_CATEGORICAL//16275//2,v4_curated_unmapped,,,False,,,,,,Stage3J_curated_policy,drop_first_pass,unmapped
MEASUREMENT_CATEGORICAL//16277//17,v4_curated_unmapped,,,False,,,,,,Stage3J_curated_policy,drop_first_pass,unmapped
MEASUREMENT_CATEGORICAL//16284//3,v4_curated_unmapped,,,False,,,,,,Stage3J_curated_policy,drop_first_pass,unmapped
MEASUREMENT_CATEGORICAL//16288//17,v4_curated_unmapped,,,False,,,,,,Stage3J_curated_policy,drop_first_pass,unmapped
MEASUREMENT_CATEGORICAL//16669//8,v4_curated_unmapped,,,False,,,,,,Stage3J_curated_policy,drop_first_pass,unmapped
MEASUREMENT_CATEGORICAL//18588//3,v4_curated_unmapped,,,False,,,,,,Stage3J_curated_policy,drop_first_pass,unmapped
MEASUREMENT_CATEGORICAL//19233//2,v4_curated_unmapped,,,False,,,,,,Stage3J_curated_policy,drop_first_pass,unmapped
MEASUREMENT_CATEGORICAL//19833//6,v4_curated_unmapped,,,False,,,,,,Stage3J_curated_policy,drop_first_pass,unmapped
MEASUREMENT_CATEGORICAL//12114//2,v4_curated_unmapped,,,False,,,,,,Stage3J_curated_policy,drop_first_pass,unmapped
MEASUREMENT_CATEGORICAL//14171//10,v4_curated_unmapped,,,False,,,,,,Stage3J_curated_policy,drop_first_pass,unmapped
MEASUREMENT_CATEGORICAL//14565//80,v4_curated_unmapped,,,False,,,,,,Stage3J_curated_policy,drop_first_pass,unmapped
MEASUREMENT_CATEGORICAL//16237//9,v4_curated_unmapped,,,False,,,,,,Stage3J_curated_policy,drop_first_pass,unmapped
MEASUREMENT_CATEGORICAL//16253//3,v4_curated_unmapped,,,False,,,,,,Stage3J_curated_policy,drop_first_pass,unmapped
MEASUREMENT_CATEGORICAL//16255//3,v4_curated_unmapped,,,False,,,,,,Stage3J_curated_policy,drop_first_pass,unmapped
MEASUREMENT_CATEGORICAL//16256//3,v4_curated_unmapped,,,False,,,,,,Stage3J_curated_policy,drop_first_pass,unmapped
MEASUREMENT_CATEGORICAL//16262//2,v4_curated_unmapped,,,False,,,,,,Stage3J_curated_policy,drop_first_pass,unmapped
MEASUREMENT_CATEGORICAL//16274//1,v4_curated_unmapped,,,False,,,,,,Stage3J_curated_policy,drop_first_pass,unmapped
MEASUREMENT_CATEGORICAL//16274//3,v4_curated_unmapped,,,False,,,,,,Stage3J_curated_policy,drop_first_pass,unmapped
MEASUREMENT_CATEGORICAL//16281//39,v4_curated_unmapped,,,False,,,,,,Stage3J_curated_policy,drop_first_pass,unmapped
MEASUREMENT_CATEGORICAL//16281//40,v4_curated_unmapped,,,False,,,,,,Stage3J_curated_policy,drop_first_pass,unmapped
MEASUREMENT_CATEGORICAL//16281//41,v4_curated_unmapped,,,False,,,,,,Stage3J_curated_policy,drop_first_pass,unmapped
MEASUREMENT_CATEGORICAL//16287//15,v4_curated_unmapped,,,False,,,,,,Stage3J_curated_policy,drop_first_pass,unmapped
MEASUREMENT_CATEGORICAL//20011//1,v4_curated_unmapped,,,False,,,,,,Stage3J_curated_policy,drop_first_pass,unmapped
MEASUREMENT_CATEGORICAL//20961//4,v4_curated_unmapped,,,False,,,,,,Stage3J_curated_policy,drop_first_pass,unmapped
MEASUREMENT_CATEGORICAL//21233//5,v4_curated_unmapped,,,False,,,,,,Stage3J_curated_policy,drop_first_pass,unmapped
MEASUREMENT_CATEGORICAL//10464//8,v4_curated_unmapped,,,False,,,,,,Stage3J_curated_policy,drop_first_pass,unmapped
MEASUREMENT_CATEGORICAL//12096//2,v4_curated_unmapped,,,False,,,,,,Stage3J_curated_policy,drop_first_pass,unmapped
MEASUREMENT_CATEGORICAL//12522//5,v4_curated_unmapped,,,False,,,,,,Stage3J_curated_policy,drop_first_pass,unmapped
MEASUREMENT_CATEGORICAL//14143//8,v4_curated_unmapped,,,False,,,,,,Stage3J_curated_policy,drop_first_pass,unmapped
MEASUREMENT_CATEGORICAL//16271//1,v4_curated_unmapped,,,False,,,,,,Stage3J_curated_policy,drop_first_pass,unmapped
MEASUREMENT_CATEGORICAL//16273//3,v4_curated_unmapped,,,False,,,,,,Stage3J_curated_policy,drop_first_pass,unmapped
MEASUREMENT_CATEGORICAL//16278//21,v4_curated_unmapped,,,False,,,,,,Stage3J_curated_policy,drop_first_pass,unmapped
MEASUREMENT_CATEGORICAL//16283//49,v4_curated_unmapped,,,False,,,,,,Stage3J_curated_policy,drop_first_pass,unmapped
MEASUREMENT_CATEGORICAL//16284//2,v4_curated_unmapped,,,False,,,,,,Stage3J_curated_policy,drop_first_pass,unmapped
MEASUREMENT_CATEGORICAL//16285//3,v4_curated_unmapped,,,False,,,,,,Stage3J_curated_policy,drop_first_pass,unmapped
MEASUREMENT_CATEGORICAL//16286//10,v4_curated_unmapped,,,False,,,,,,Stage3J_curated_policy,drop_first_pass,unmapped
MEASUREMENT_CATEGORICAL//16286//7,v4_curated_unmapped,,,False,,,,,,Stage3J_curated_policy,drop_first_pass,unmapped
MEASUREMENT_CATEGORICAL//16288//18,v4_curated_unmapped,,,False,,,,,,Stage3J_curated_policy,drop_first_pass,unmapped
MEASUREMENT_CATEGORICAL//16411//6,v4_curated_unmapped,,,False,,,,,,Stage3J_curated_policy,drop_first_pass,unmapped
MEASUREMENT_CATEGORICAL//16665//15,v4_curated_unmapped,,,False,,,,,,Stage3J_curated_policy,drop_first_pass,unmapped
MEASUREMENT_CATEGORICAL//19844//14,v4_curated_unmapped,,,False,,,,,,Stage3J_curated_policy,drop_first_pass,unmapped
MEASUREMENT_CATEGORICAL//19995//9,v4_curated_unmapped,,,False,,,,,,Stage3J_curated_policy,drop_first_pass,unmapped
MEASUREMENT_CATEGORICAL//20011//7,v4_curated_unmapped,,,False,,,,,,Stage3J_curated_policy,drop_first_pass,unmapped
MEASUREMENT_CATEGORICAL//7969//10,v4_curated_unmapped,,,False,,,,,,Stage3J_curated_policy,drop_first_pass,unmapped
MEASUREMENT_CATEGORICAL//14171//1,v4_curated_unmapped,,,False,,,,,,Stage3J_curated_policy,drop_first_pass,unmapped
MEASUREMENT_CATEGORICAL//14171//3,v4_curated_unmapped,,,False,,,,,,Stage3J_curated_policy,drop_first_pass,unmapped
MEASUREMENT_CATEGORICAL//14483//2,v4_curated_unmapped,,,False,,,,,,Stage3J_curated_policy,drop_first_pass,unmapped
MEASUREMENT_CATEGORICAL//16237//10,v4_curated_unmapped,,,False,,,,,,Stage3J_curated_policy,drop_first_pass,unmapped
MEASUREMENT_CATEGORICAL//16262//1,v4_curated_unmapped,,,False,,,,,,Stage3J_curated_policy,drop_first_pass,unmapped
MEASUREMENT_CATEGORICAL//16283//51,v4_curated_unmapped,,,False,,,,,,Stage3J_curated_policy,drop_first_pass,unmapped
MEASUREMENT_CATEGORICAL//16284//1,v4_curated_unmapped,,,False,,,,,,Stage3J_curated_policy,drop_first_pass,unmapped
MEASUREMENT_CATEGORICAL//16288//20,v4_curated_unmapped,,,False,,,,,,Stage3J_curated_policy,drop_first_pass,unmapped
MEASUREMENT_CATEGORICAL//16669//6,v4_curated_unmapped,,,False,,,,,,Stage3J_curated_policy,drop_first_pass,unmapped
MEASUREMENT_CATEGORICAL//20014//6,v4_curated_unmapped,,,False,,,,,,Stage3J_curated_policy,drop_first_pass,unmapped
MEASUREMENT_CATEGORICAL//21233//14,v4_curated_unmapped,,,False,,,,,,Stage3J_curated_policy,drop_first_pass,unmapped
MEASUREMENT_CATEGORICAL//21233//16,v4_curated_unmapped,,,False,,,,,,Stage3J_curated_policy,drop_first_pass,unmapped
MEASUREMENT_CATEGORICAL//12116//1,v4_curated_unmapped,,,False,,,,,,Stage3J_curated_policy,drop_first_pass,unmapped
MEASUREMENT_CATEGORICAL//12520//1,v4_curated_unmapped,,,False,,,,,,Stage3J_curated_policy,drop_first_pass,unmapped
MEASUREMENT_CATEGORICAL//12668//1,v4_curated_unmapped,,,False,,,,,,Stage3J_curated_policy,drop_first_pass,unmapped
MEASUREMENT_CATEGORICAL//14163//6,v4_curated_unmapped,,,False,,,,,,Stage3J_curated_policy,drop_first_pass,unmapped
MEASUREMENT_CATEGORICAL//14183//1,v4_curated_unmapped,,,False,,,,,,Stage3J_curated_policy,drop_first_pass,unmapped
MEASUREMENT_CATEGORICAL//14565//82,v4_curated_unmapped,,,False,,,,,,Stage3J_curated_policy,drop_first_pass,unmapped
MEASUREMENT_CATEGORICAL//16177//3,v4_curated_unmapped,,,False,,,,,,Stage3J_curated_policy,drop_first_pass,unmapped
MEASUREMENT_CATEGORICAL//16182//18,v4_curated_unmapped,,,False,,,,,,Stage3J_curated_policy,drop_first_pass,unmapped
MEASUREMENT_CATEGORICAL//16275//3,v4_curated_unmapped,,,False,,,,,,Stage3J_curated_policy,drop_first_pass,unmapped
MEASUREMENT_CATEGORICAL//16307//65,v4_curated_unmapped,,,False,,,,,,Stage3J_curated_policy,drop_first_pass,unmapped
MEASUREMENT_CATEGORICAL//16666//14,v4_curated_unmapped,,,False,,,,,,Stage3J_curated_policy,drop_first_pass,unmapped
MEASUREMENT_CATEGORICAL//18682//51,v4_curated_unmapped,,,False,,,,,,Stage3J_curated_policy,drop_first_pass,unmapped
MEASUREMENT_CATEGORICAL//18687//3,v4_curated_unmapped,,,False,,,,,,Stage3J_curated_policy,drop_first_pass,unmapped
MEASUREMENT_CATEGORICAL//19645//2,v4_curated_unmapped,,,False,,,,,,Stage3J_curated_policy,drop_first_pass,unmapped
MEASUREMENT_CATEGORICAL//19995//7,v4_curated_unmapped,,,False,,,,,,Stage3J_curated_policy,drop_first_pass,unmapped
MEASUREMENT_CATEGORICAL//19995//8,v4_curated_unmapped,,,False,,,,,,Stage3J_curated_policy,drop_first_pass,unmapped
MEASUREMENT_CATEGORICAL//20145//2,v4_curated_unmapped,,,False,,,,,,Stage3J_curated_policy,drop_first_pass,unmapped
MEASUREMENT_CATEGORICAL//10464//3,v4_curated_unmapped,,,False,,,,,,Stage3J_curated_policy,drop_first_pass,unmapped
MEASUREMENT_CATEGORICAL//12664//3,v4_curated_unmapped,,,False,,,,,,Stage3J_curated_policy,drop_first_pass,unmapped
MEASUREMENT_CATEGORICAL//12667//1,v4_curated_unmapped,,,False,,,,,,Stage3J_curated_policy,drop_first_pass,unmapped
MEASUREMENT_CATEGORICAL//13403//2,v4_curated_unmapped,,,False,,,,,,Stage3J_curated_policy,drop_first_pass,unmapped
MEASUREMENT_CATEGORICAL//14484//1,v4_curated_unmapped,,,False,,,,,,Stage3J_curated_policy,drop_first_pass,unmapped
MEASUREMENT_CATEGORICAL//14486//13,v4_curated_unmapped,,,False,,,,,,Stage3J_curated_policy,drop_first_pass,unmapped
MEASUREMENT_CATEGORICAL//14486//17,v4_curated_unmapped,,,False,,,,,,Stage3J_curated_policy,drop_first_pass,unmapped
MEASUREMENT_CATEGORICAL//14562//3,v4_curated_unmapped,,,False,,,,,,Stage3J_curated_policy,drop_first_pass,unmapped
MEASUREMENT_CATEGORICAL//16177//2,v4_curated_unmapped,,,False,,,,,,Stage3J_curated_policy,drop_first_pass,unmapped
MEASUREMENT_CATEGORICAL//16273//2,v4_curated_unmapped,,,False,,,,,,Stage3J_curated_policy,drop_first_pass,unmapped
MEASUREMENT_CATEGORICAL//16281//42,v4_curated_unmapped,,,False,,,,,,Stage3J_curated_policy,drop_first_pass,unmapped
MEASUREMENT_CATEGORICAL//16282//45,v4_curated_unmapped,,,False,,,,,,Stage3J_curated_policy,drop_first_pass,unmapped
MEASUREMENT_CATEGORICAL//16286//8,v4_curated_unmapped,,,False,,,,,,Stage3J_curated_policy,drop_first_pass,unmapped
MEASUREMENT_CATEGORICAL//16298//17,v4_curated_unmapped,,,False,,,,,,Stage3J_curated_policy,drop_first_pass,unmapped
MEASUREMENT_CATEGORICAL//16313//79,v4_curated_unmapped,,,False,,,,,,Stage3J_curated_policy,drop_first_pass,unmapped
MEASUREMENT_CATEGORICAL//16313//80,v4_curated_unmapped,,,False,,,,,,Stage3J_curated_policy,drop_first_pass,unmapped
MEASUREMENT_CATEGORICAL//16316//70,v4_curated_unmapped,,,False,,,,,,Stage3J_curated_policy,drop_first_pass,unmapped
MEASUREMENT_CATEGORICAL//16411//3,v4_curated_unmapped,,,False,,,,,,Stage3J_curated_policy,drop_first_pass,unmapped
MEASUREMENT_CATEGORICAL//16665//11,v4_curated_unmapped,,,False,,,,,,Stage3J_curated_policy,drop_first_pass,unmapped
MEASUREMENT_CATEGORICAL//17018//39,v4_curated_unmapped,,,False,,,,,,Stage3J_curated_policy,drop_first_pass,unmapped
MEASUREMENT_CATEGORICAL//18682//48,v4_curated_unmapped,,,False,,,,,,Stage3J_curated_policy,drop_first_pass,unmapped
MEASUREMENT_CATEGORICAL//20011//4,v4_curated_unmapped,,,False,,,,,,Stage3J_curated_policy,drop_first_pass,unmapped
MEASUREMENT_CATEGORICAL//20960//1,v4_curated_unmapped,,,False,,,,,,Stage3J_curated_policy,drop_first_pass,unmapped
MEASUREMENT_CATEGORICAL//21233//8,v4_curated_unmapped,,,False,,,,,,Stage3J_curated_policy,drop_first_pass,unmapped
MEASUREMENT_CATEGORICAL//12127//2,v4_curated_unmapped,,,False,,,,,,Stage3J_curated_policy,drop_first_pass,unmapped
MEASUREMENT_CATEGORICAL//12521//1,v4_curated_unmapped,,,False,,,,,,Stage3J_curated_policy,drop_first_pass,unmapped
MEASUREMENT_CATEGORICAL//12522//4,v4_curated_unmapped,,,False,,,,,,Stage3J_curated_policy,drop_first_pass,unmapped
MEASUREMENT_CATEGORICAL//14149//2,v4_curated_unmapped,,,False,,,,,,Stage3J_curated_policy,drop_first_pass,unmapped
MEASUREMENT_CATEGORICAL//16101//8,v4_curated_unmapped,,,False,,,,,,Stage3J_curated_policy,drop_first_pass,unmapped
MEASUREMENT_CATEGORICAL//16181//4,v4_curated_unmapped,,,False,,,,,,Stage3J_curated_policy,drop_first_pass,unmapped
MEASUREMENT_CATEGORICAL//16182//1,v4_curated_unmapped,,,False,,,,,,Stage3J_curated_policy,drop_first_pass,unmapped
MEASUREMENT_CATEGORICAL//16235//5,v4_curated_unmapped,,,False,,,,,,Stage3J_curated_policy,drop_first_pass,unmapped
MEASUREMENT_CATEGORICAL//16284//4,v4_curated_unmapped,,,False,,,,,,Stage3J_curated_policy,drop_first_pass,unmapped
MEASUREMENT_CATEGORICAL//16284//5,v4_curated_unmapped,,,False,,,,,,Stage3J_curated_policy,drop_first_pass,unmapped
MEASUREMENT_CATEGORICAL//16285//4,v4_curated_unmapped,,,False,,,,,,Stage3J_curated_policy,drop_first_pass,unmapped
MEASUREMENT_CATEGORICAL//19729//3,v4_curated_unmapped,,,False,,,,,,Stage3J_curated_policy,drop_first_pass,unmapped
MEASUREMENT_CATEGORICAL//20106//37,v4_curated_unmapped,,,False,,,,,,Stage3J_curated_policy,drop_first_pass,unmapped
MEASUREMENT_CATEGORICAL//21189//7,v4_curated_unmapped,,,False,,,,,,Stage3J_curated_policy,drop_first_pass,unmapped
MEASUREMENT_CATEGORICAL//21233//6,v4_curated_unmapped,,,False,,,,,,Stage3J_curated_policy,drop_first_pass,unmapped
MEASUREMENT_CATEGORICAL//21234//33,v4_curated_unmapped,,,False,,,,,,Stage3J_curated_policy,drop_first_pass,unmapped
MEASUREMENT_CATEGORICAL//12665//1,v4_curated_unmapped,,,False,,,,,,Stage3J_curated_policy,drop_first_pass,unmapped
MEASUREMENT_CATEGORICAL//14149//7,v4_curated_unmapped,,,False,,,,,,Stage3J_curated_policy,drop_first_pass,unmapped
MEASUREMENT_CATEGORICAL//14163//2,v4_curated_unmapped,,,False,,,,,,Stage3J_curated_policy,drop_first_pass,unmapped
MEASUREMENT_CATEGORICAL//14562//12,v4_curated_unmapped,,,False,,,,,,Stage3J_curated_policy,drop_first_pass,unmapped
MEASUREMENT_CATEGORICAL//14562//2,v4_curated_unmapped,,,False,,,,,,Stage3J_curated_policy,drop_first_pass,unmapped
MEASUREMENT_CATEGORICAL//14565//72,v4_curated_unmapped,,,False,,,,,,Stage3J_curated_policy,drop_first_pass,unmapped
MEASUREMENT_CATEGORICAL//16258//1,v4_curated_unmapped,,,False,,,,,,Stage3J_curated_policy,drop_first_pass,unmapped
MEASUREMENT_CATEGORICAL//16278//19,v4_curated_unmapped,,,False,,,,,,Stage3J_curated_policy,drop_first_pass,unmapped
MEASUREMENT_CATEGORICAL//16285//1,v4_curated_unmapped,,,False,,,,,,Stage3J_curated_policy,drop_first_pass,unmapped
MEASUREMENT_CATEGORICAL//16306//57,v4_curated_unmapped,,,False,,,,,,Stage3J_curated_policy,drop_first_pass,unmapped
MEASUREMENT_CATEGORICAL//16306//58,v4_curated_unmapped,,,False,,,,,,Stage3J_curated_policy,drop_first_pass,unmapped
MEASUREMENT_CATEGORICAL//16308//68,v4_curated_unmapped,,,False,,,,,,Stage3J_curated_policy,drop_first_pass,unmapped
MEASUREMENT_CATEGORICAL//16309//74,v4_curated_unmapped,,,False,,,,,,Stage3J_curated_policy,drop_first_pass,unmapped
MEASUREMENT_CATEGORICAL//16323//62,v4_curated_unmapped,,,False,,,,,,Stage3J_curated_policy,drop_first_pass,unmapped
MEASUREMENT_CATEGORICAL//16997//9,v4_curated_unmapped,,,False,,,,,,Stage3J_curated_policy,drop_first_pass,unmapped
MEASUREMENT_CATEGORICAL//19646//2,v4_curated_unmapped,,,False,,,,,,Stage3J_curated_policy,drop_first_pass,unmapped
MEASUREMENT_CATEGORICAL//19803//16,v4_curated_unmapped,,,False,,,,,,Stage3J_curated_policy,drop_first_pass,unmapped
MEASUREMENT_CATEGORICAL//19846//24,v4_curated_unmapped,,,False,,,,,,Stage3J_curated_policy,drop_first_pass,unmapped
MEASUREMENT_CATEGORICAL//20098//14,v4_curated_unmapped,,,False,,,,,,Stage3J_curated_policy,drop_first_pass,unmapped
MEASUREMENT_CATEGORICAL//20121//82,v4_curated_unmapped,,,False,,,,,,Stage3J_curated_policy,drop_first_pass,unmapped
MEASUREMENT_CATEGORICAL//20121//83,v4_curated_unmapped,,,False,,,,,,Stage3J_curated_policy,drop_first_pass,unmapped
MEASUREMENT_CATEGORICAL//20140//5,v4_curated_unmapped,,,False,,,,,,Stage3J_curated_policy,drop_first_pass,unmapped
MEASUREMENT_CATEGORICAL//20542//1,v4_curated_unmapped,,,False,,,,,,Stage3J_curated_policy,drop_first_pass,unmapped
MEASUREMENT_CATEGORICAL//20961//5,v4_curated_unmapped,,,False,,,,,,Stage3J_curated_policy,drop_first_pass,unmapped
MEASUREMENT_CATEGORICAL//21042//5,v4_curated_unmapped,,,False,,,,,,Stage3J_curated_policy,drop_first_pass,unmapped
MEASUREMENT_CATEGORICAL//12520//4,v4_curated_unmapped,,,False,,,,,,Stage3J_curated_policy,drop_first_pass,unmapped
MEASUREMENT_CATEGORICAL//12666//1,v4_curated_unmapped,,,False,,,,,,Stage3J_curated_policy,drop_first_pass,unmapped
MEASUREMENT_CATEGORICAL//12670//2,v4_curated_unmapped,,,False,,,,,,Stage3J_curated_policy,drop_first_pass,unmapped
MEASUREMENT_CATEGORICAL//14562//13,v4_curated_unmapped,,,False,,,,,,Stage3J_curated_policy,drop_first_pass,unmapped
MEASUREMENT_CATEGORICAL//16237//7,v4_curated_unmapped,,,False,,,,,,Stage3J_curated_policy,drop_first_pass,unmapped
MEASUREMENT_CATEGORICAL//16275//5,v4_curated_unmapped,,,False,,,,,,Stage3J_curated_policy,drop_first_pass,unmapped
MEASUREMENT_CATEGORICAL//16278//22,v4_curated_unmapped,,,False,,,,,,Stage3J_curated_policy,drop_first_pass,unmapped
MEASUREMENT_CATEGORICAL//16279//26,v4_curated_unmapped,,,False,,,,,,Stage3J_curated_policy,drop_first_pass,unmapped
MEASUREMENT_CATEGORICAL//16283//50,v4_curated_unmapped,,,False,,,,,,Stage3J_curated_policy,drop_first_pass,unmapped
MEASUREMENT_CATEGORICAL//16285//2,v4_curated_unmapped,,,False,,,,,,Stage3J_curated_policy,drop_first_pass,unmapped
MEASUREMENT_CATEGORICAL//16295//3,v4_curated_unmapped,,,False,,,,,,Stage3J_curated_policy,drop_first_pass,unmapped
MEASUREMENT_CATEGORICAL//16307//63,v4_curated_unmapped,,,False,,,,,,Stage3J_curated_policy,drop_first_pass,unmapped
MEASUREMENT_CATEGORICAL//16308//67,v4_curated_unmapped,,,False,,,,,,Stage3J_curated_policy,drop_first_pass,unmapped
MEASUREMENT_CATEGORICAL//16312//9,v4_curated_unmapped,,,False,,,,,,Stage3J_curated_policy,drop_first_pass,unmapped
MEASUREMENT_CATEGORICAL//16313//78,v4_curated_unmapped,,,False,,,,,,Stage3J_curated_policy,drop_first_pass,unmapped
MEASUREMENT_CATEGORICAL//16315//72,v4_curated_unmapped,,,False,,,,,,Stage3J_curated_policy,drop_first_pass,unmapped
MEASUREMENT_CATEGORICAL//16315//73,v4_curated_unmapped,,,False,,,,,,Stage3J_curated_policy,drop_first_pass,unmapped
MEASUREMENT_CATEGORICAL//19642//1,v4_curated_unmapped,,,False,,,,,,Stage3J_curated_policy,drop_first_pass,unmapped
MEASUREMENT_CATEGORICAL//19804//18,v4_curated_unmapped,,,False,,,,,,Stage3J_curated_policy,drop_first_pass,unmapped
MEASUREMENT_CATEGORICAL//19841//12,v4_curated_unmapped,,,False,,,,,,Stage3J_curated_policy,drop_first_pass,unmapped
MEASUREMENT_CATEGORICAL//19845//20,v4_curated_unmapped,,,False,,,,,,Stage3J_curated_policy,drop_first_pass,unmapped
MEASUREMENT_CATEGORICAL//20004//4,v4_curated_unmapped,,,False,,,,,,Stage3J_curated_policy,drop_first_pass,unmapped
MEASUREMENT_CATEGORICAL//20106//38,v4_curated_unmapped,,,False,,,,,,Stage3J_curated_policy,drop_first_pass,unmapped
MEASUREMENT_CATEGORICAL//20350//1,v4_curated_unmapped,,,False,,,,,,Stage3J_curated_policy,drop_first_pass,unmapped
MEASUREMENT_CATEGORICAL//20961//1,v4_curated_unmapped,,,False,,,,,,Stage3J_curated_policy,drop_first_pass,unmapped
MEASUREMENT_CATEGORICAL//21233//12,v4_curated_unmapped,,,False,,,,,,Stage3J_curated_policy,drop_first_pass,unmapped
MEASUREMENT_CATEGORICAL//21239//2,v4_curated_unmapped,,,False,,,,,,Stage3J_curated_policy,drop_first_pass,unmapped
MEASUREMENT_CATEGORICAL//12520//3,v4_curated_unmapped,,,False,,,,,,Stage3J_curated_policy,drop_first_pass,unmapped
MEASUREMENT_CATEGORICAL//12526//4,v4_curated_unmapped,,,False,,,,,,Stage3J_curated_policy,drop_first_pass,unmapped
MEASUREMENT_CATEGORICAL//12669//1,v4_curated_unmapped,,,False,,,,,,Stage3J_curated_policy,drop_first_pass,unmapped
MEASUREMENT_CATEGORICAL//14486//16,v4_curated_unmapped,,,False,,,,,,Stage3J_curated_policy,drop_first_pass,unmapped
MEASUREMENT_CATEGORICAL//14565//75,v4_curated_unmapped,,,False,,,,,,Stage3J_curated_policy,drop_first_pass,unmapped
MEASUREMENT_CATEGORICAL//14565//79,v4_curated_unmapped,,,False,,,,,,Stage3J_curated_policy,drop_first_pass,unmapped
MEASUREMENT_CATEGORICAL//14579//3,v4_curated_unmapped,,,False,,,,,,Stage3J_curated_policy,drop_first_pass,unmapped
MEASUREMENT_CATEGORICAL//16181//1,v4_curated_unmapped,,,False,,,,,,Stage3J_curated_policy,drop_first_pass,unmapped
MEASUREMENT_CATEGORICAL//16182//17,v4_curated_unmapped,,,False,,,,,,Stage3J_curated_policy,drop_first_pass,unmapped
MEASUREMENT_CATEGORICAL//16182//8,v4_curated_unmapped,,,False,,,,,,Stage3J_curated_policy,drop_first_pass,unmapped
MEASUREMENT_CATEGORICAL//16235//2,v4_curated_unmapped,,,False,,,,,,Stage3J_curated_policy,drop_first_pass,unmapped
MEASUREMENT_CATEGORICAL//16271//4,v4_curated_unmapped,,,False,,,,,,Stage3J_curated_policy,drop_first_pass,unmapped
MEASUREMENT_CATEGORICAL//16271//5,v4_curated_unmapped,,,False,,,,,,Stage3J_curated_policy,drop_first_pass,unmapped
MEASUREMENT_CATEGORICAL//16274//5,v4_curated_unmapped,,,False,,,,,,Stage3J_curated_policy,drop_first_pass,unmapped
MEASUREMENT_CATEGORICAL//16279//27,v4_curated_unmapped,,,False,,,,,,Stage3J_curated_policy,drop_first_pass,unmapped
MEASUREMENT_CATEGORICAL//16287//11,v4_curated_unmapped,,,False,,,,,,Stage3J_curated_policy,drop_first_pass,unmapped
MEASUREMENT_CATEGORICAL//16295//2,v4_curated_unmapped,,,False,,,,,,Stage3J_curated_policy,drop_first_pass,unmapped
MEASUREMENT_CATEGORICAL//16303//43,v4_curated_unmapped,,,False,,,,,,Stage3J_curated_policy,drop_first_pass,unmapped
MEASUREMENT_CATEGORICAL//16306//60,v4_curated_unmapped,,,False,,,,,,Stage3J_curated_policy,drop_first_pass,unmapped
MEASUREMENT_CATEGORICAL//16313//77,v4_curated_unmapped,,,False,,,,,,Stage3J_curated_policy,drop_first_pass,unmapped
MEASUREMENT_CATEGORICAL//16319//48,v4_curated_unmapped,,,False,,,,,,Stage3J_curated_policy,drop_first_pass,unmapped
MEASUREMENT_CATEGORICAL//16323//63,v4_curated_unmapped,,,False,,,,,,Stage3J_curated_policy,drop_first_pass,unmapped
MEASUREMENT_CATEGORICAL//16323//64,v4_curated_unmapped,,,False,,,,,,Stage3J_curated_policy,drop_first_pass,unmapped
MEASUREMENT_CATEGORICAL//16953//3,v4_curated_unmapped,,,False,,,,,,Stage3J_curated_policy,drop_first_pass,unmapped
MEASUREMENT_CATEGORICAL//17018//34,v4_curated_unmapped,,,False,,,,,,Stage3J_curated_policy,drop_first_pass,unmapped
MEASUREMENT_CATEGORICAL//18682//1,v4_curated_unmapped,,,False,,,,,,Stage3J_curated_policy,drop_first_pass,unmapped
MEASUREMENT_CATEGORICAL//18682//6,v4_curated_unmapped,,,False,,,,,,Stage3J_curated_policy,drop_first_pass,unmapped
MEASUREMENT_CATEGORICAL//18687//1,v4_curated_unmapped,,,False,,,,,,Stage3J_curated_policy,drop_first_pass,unmapped
MEASUREMENT_CATEGORICAL//18687//5,v4_curated_unmapped,,,False,,,,,,Stage3J_curated_policy,drop_first_pass,unmapped
MEASUREMENT_CATEGORICAL//18692//1,v4_curated_unmapped,,,False,,,,,,Stage3J_curated_policy,drop_first_pass,unmapped
MEASUREMENT_CATEGORICAL//19237//3,v4_curated_unmapped,,,False,,,,,,Stage3J_curated_policy,drop_first_pass,unmapped
MEASUREMENT_CATEGORICAL//19642//3,v4_curated_unmapped,,,False,,,,,,Stage3J_curated_policy,drop_first_pass,unmapped
MEASUREMENT_CATEGORICAL//19643//1,v4_curated_unmapped,,,False,,,,,,Stage3J_curated_policy,drop_first_pass,unmapped
MEASUREMENT_CATEGORICAL//19844//16,v4_curated_unmapped,,,False,,,,,,Stage3J_curated_policy,drop_first_pass,unmapped
MEASUREMENT_CATEGORICAL//19845//18,v4_curated_unmapped,,,False,,,,,,Stage3J_curated_policy,drop_first_pass,unmapped
MEASUREMENT_CATEGORICAL//20015//4,v4_curated_unmapped,,,False,,,,,,Stage3J_curated_policy,drop_first_pass,unmapped
MEASUREMENT_CATEGORICAL//21042//3,v4_curated_unmapped,,,False,,,,,,Stage3J_curated_policy,drop_first_pass,unmapped
MEASUREMENT_CATEGORICAL//21042//6,v4_curated_unmapped,,,False,,,,,,Stage3J_curated_policy,drop_first_pass,unmapped
MEASUREMENT_CATEGORICAL//21191//14,v4_curated_unmapped,,,False,,,,,,Stage3J_curated_policy,drop_first_pass,unmapped
MEASUREMENT_CATEGORICAL//21233//13,v4_curated_unmapped,,,False,,,,,,Stage3J_curated_policy,drop_first_pass,unmapped
MEASUREMENT_CATEGORICAL//12665//2,v4_curated_unmapped,,,False,,,,,,Stage3J_curated_policy,drop_first_pass,unmapped
MEASUREMENT_CATEGORICAL//12670//4,v4_curated_unmapped,,,False,,,,,,Stage3J_curated_policy,drop_first_pass,unmapped
MEASUREMENT_CATEGORICAL//14163//5,v4_curated_unmapped,,,False,,,,,,Stage3J_curated_policy,drop_first_pass,unmapped
MEASUREMENT_CATEGORICAL//14486//1,v4_curated_unmapped,,,False,,,,,,Stage3J_curated_policy,drop_first_pass,unmapped
MEASUREMENT_CATEGORICAL//14562//11,v4_curated_unmapped,,,False,,,,,,Stage3J_curated_policy,drop_first_pass,unmapped
MEASUREMENT_CATEGORICAL//14565//81,v4_curated_unmapped,,,False,,,,,,Stage3J_curated_policy,drop_first_pass,unmapped
MEASUREMENT_CATEGORICAL//14579//1,v4_curated_unmapped,,,False,,,,,,Stage3J_curated_policy,drop_first_pass,unmapped
MEASUREMENT_CATEGORICAL//16182//10,v4_curated_unmapped,,,False,,,,,,Stage3J_curated_policy,drop_first_pass,unmapped
MEASUREMENT_CATEGORICAL//16182//31,v4_curated_unmapped,,,False,,,,,,Stage3J_curated_policy,drop_first_pass,unmapped
MEASUREMENT_CATEGORICAL//16229//2,v4_curated_unmapped,,,False,,,,,,Stage3J_curated_policy,drop_first_pass,unmapped
MEASUREMENT_CATEGORICAL//16235//1,v4_curated_unmapped,,,False,,,,,,Stage3J_curated_policy,drop_first_pass,unmapped
MEASUREMENT_CATEGORICAL//16253//1,v4_curated_unmapped,,,False,,,,,,Stage3J_curated_policy,drop_first_pass,unmapped
MEASUREMENT_CATEGORICAL//16275//1,v4_curated_unmapped,,,False,,,,,,Stage3J_curated_policy,drop_first_pass,unmapped
MEASUREMENT_CATEGORICAL//16303//45,v4_curated_unmapped,,,False,,,,,,Stage3J_curated_policy,drop_first_pass,unmapped
MEASUREMENT_CATEGORICAL//16304//48,v4_curated_unmapped,,,False,,,,,,Stage3J_curated_policy,drop_first_pass,unmapped
MEASUREMENT_CATEGORICAL//16308//70,v4_curated_unmapped,,,False,,,,,,Stage3J_curated_policy,drop_first_pass,unmapped
MEASUREMENT_CATEGORICAL//16309//72,v4_curated_unmapped,,,False,,,,,,Stage3J_curated_policy,drop_first_pass,unmapped
MEASUREMENT_CATEGORICAL//16309//73,v4_curated_unmapped,,,False,,,,,,Stage3J_curated_policy,drop_first_pass,unmapped
MEASUREMENT_CATEGORICAL//16311//83,v4_curated_unmapped,,,False,,,,,,Stage3J_curated_policy,drop_first_pass,unmapped
MEASUREMENT_CATEGORICAL//16316//69,v4_curated_unmapped,,,False,,,,,,Stage3J_curated_policy,drop_first_pass,unmapped
MEASUREMENT_CATEGORICAL//16318//52,v4_curated_unmapped,,,False,,,,,,Stage3J_curated_policy,drop_first_pass,unmapped
MEASUREMENT_CATEGORICAL//16325//23,v4_curated_unmapped,,,False,,,,,,Stage3J_curated_policy,drop_first_pass,unmapped
MEASUREMENT_CATEGORICAL//16328//33,v4_curated_unmapped,,,False,,,,,,Stage3J_curated_policy,drop_first_pass,unmapped
MEASUREMENT_CATEGORICAL//16951//2,v4_curated_unmapped,,,False,,,,,,Stage3J_curated_policy,drop_first_pass,unmapped
MEASUREMENT_CATEGORICAL//16951//3,v4_curated_unmapped,,,False,,,,,,Stage3J_curated_policy,drop_first_pass,unmapped
MEASUREMENT_CATEGORICAL//18682//18,v4_curated_unmapped,,,False,,,,,,Stage3J_curated_policy,drop_first_pass,unmapped
MEASUREMENT_CATEGORICAL//18682//34,v4_curated_unmapped,,,False,,,,,,Stage3J_curated_policy,drop_first_pass,unmapped
MEASUREMENT_CATEGORICAL//18682//43,v4_curated_unmapped,,,False,,,,,,Stage3J_curated_policy,drop_first_pass,unmapped
MEASUREMENT_CATEGORICAL//19646//1,v4_curated_unmapped,,,False,,,,,,Stage3J_curated_policy,drop_first_pass,unmapped
MEASUREMENT_CATEGORICAL//19719//6,v4_curated_unmapped,,,False,,,,,,Stage3J_curated_policy,drop_first_pass,unmapped
MEASUREMENT_CATEGORICAL//20098//13,v4_curated_unmapped,,,False,,,,,,Stage3J_curated_policy,drop_first_pass,unmapped
MEASUREMENT_CATEGORICAL//20104//31,v4_curated_unmapped,,,False,,,,,,Stage3J_curated_policy,drop_first_pass,unmapped
MEASUREMENT_CATEGORICAL//20105//35,v4_curated_unmapped,,,False,,,,,,Stage3J_curated_policy,drop_first_pass,unmapped
MEASUREMENT_CATEGORICAL//20107//40,v4_curated_unmapped,,,False,,,,,,Stage3J_curated_policy,drop_first_pass,unmapped
MEASUREMENT_CATEGORICAL//20960//2,v4_curated_unmapped,,,False,,,,,,Stage3J_curated_policy,drop_first_pass,unmapped
MEASUREMENT_CATEGORICAL//21192//18,v4_curated_unmapped,,,False,,,,,,Stage3J_curated_policy,drop_first_pass,unmapped
MEASUREMENT_CATEGORICAL//10464//6,v4_curated_unmapped,,,False,,,,,,Stage3J_curated_policy,drop_first_pass,unmapped
MEASUREMENT_CATEGORICAL//10543//1,v4_curated_unmapped,,,False,,,,,,Stage3J_curated_policy,drop_first_pass,unmapped
MEASUREMENT_CATEGORICAL//12520//2,v4_curated_unmapped,,,False,,,,,,Stage3J_curated_policy,drop_first_pass,unmapped
MEASUREMENT_CATEGORICAL//12666//2,v4_curated_unmapped,,,False,,,,,,Stage3J_curated_policy,drop_first_pass,unmapped
MEASUREMENT_CATEGORICAL//12666//3,v4_curated_unmapped,,,False,,,,,,Stage3J_curated_policy,drop_first_pass,unmapped
MEASUREMENT_CATEGORICAL//12670//1,v4_curated_unmapped,,,False,,,,,,Stage3J_curated_policy,drop_first_pass,unmapped
MEASUREMENT_CATEGORICAL//14143//12,v4_curated_unmapped,,,False,,,,,,Stage3J_curated_policy,drop_first_pass,unmapped
MEASUREMENT_CATEGORICAL//14149//1,v4_curated_unmapped,,,False,,,,,,Stage3J_curated_policy,drop_first_pass,unmapped
MEASUREMENT_CATEGORICAL//14163//1,v4_curated_unmapped,,,False,,,,,,Stage3J_curated_policy,drop_first_pass,unmapped
MEASUREMENT_CATEGORICAL//14562//7,v4_curated_unmapped,,,False,,,,,,Stage3J_curated_policy,drop_first_pass,unmapped
MEASUREMENT_CATEGORICAL//14565//55,v4_curated_unmapped,,,False,,,,,,Stage3J_curated_policy,drop_first_pass,unmapped
MEASUREMENT_CATEGORICAL//14565//76,v4_curated_unmapped,,,False,,,,,,Stage3J_curated_policy,drop_first_pass,unmapped
MEASUREMENT_CATEGORICAL//16177//5,v4_curated_unmapped,,,False,,,,,,Stage3J_curated_policy,drop_first_pass,unmapped
MEASUREMENT_CATEGORICAL//16182//32,v4_curated_unmapped,,,False,,,,,,Stage3J_curated_policy,drop_first_pass,unmapped
MEASUREMENT_CATEGORICAL//16182//7,v4_curated_unmapped,,,False,,,,,,Stage3J_curated_policy,drop_first_pass,unmapped
MEASUREMENT_CATEGORICAL//16253//2,v4_curated_unmapped,,,False,,,,,,Stage3J_curated_policy,drop_first_pass,unmapped
MEASUREMENT_CATEGORICAL//16274//4,v4_curated_unmapped,,,False,,,,,,Stage3J_curated_policy,drop_first_pass,unmapped
MEASUREMENT_CATEGORICAL//16281//37,v4_curated_unmapped,,,False,,,,,,Stage3J_curated_policy,drop_first_pass,unmapped
MEASUREMENT_CATEGORICAL//16282//43,v4_curated_unmapped,,,False,,,,,,Stage3J_curated_policy,drop_first_pass,unmapped
MEASUREMENT_CATEGORICAL//16282//47,v4_curated_unmapped,,,False,,,,,,Stage3J_curated_policy,drop_first_pass,unmapped
MEASUREMENT_CATEGORICAL//16287//12,v4_curated_unmapped,,,False,,,,,,Stage3J_curated_policy,drop_first_pass,unmapped
MEASUREMENT_CATEGORICAL//16295//5,v4_curated_unmapped,,,False,,,,,,Stage3J_curated_policy,drop_first_pass,unmapped
MEASUREMENT_CATEGORICAL//16298//19,v4_curated_unmapped,,,False,,,,,,Stage3J_curated_policy,drop_first_pass,unmapped
MEASUREMENT_CATEGORICAL//16302//37,v4_curated_unmapped,,,False,,,,,,Stage3J_curated_policy,drop_first_pass,unmapped
MEASUREMENT_CATEGORICAL//16304//47,v4_curated_unmapped,,,False,,,,,,Stage3J_curated_policy,drop_first_pass,unmapped
MEASUREMENT_CATEGORICAL//16305//53,v4_curated_unmapped,,,False,,,,,,Stage3J_curated_policy,drop_first_pass,unmapped
MEASUREMENT_CATEGORICAL//16306//59,v4_curated_unmapped,,,False,,,,,,Stage3J_curated_policy,drop_first_pass,unmapped
MEASUREMENT_CATEGORICAL//16308//69,v4_curated_unmapped,,,False,,,,,,Stage3J_curated_policy,drop_first_pass,unmapped
MEASUREMENT_CATEGORICAL//16310//78,v4_curated_unmapped,,,False,,,,,,Stage3J_curated_policy,drop_first_pass,unmapped
MEASUREMENT_CATEGORICAL//16312//8,v4_curated_unmapped,,,False,,,,,,Stage3J_curated_policy,drop_first_pass,unmapped
MEASUREMENT_CATEGORICAL//16314//43,v4_curated_unmapped,,,False,,,,,,Stage3J_curated_policy,drop_first_pass,unmapped
MEASUREMENT_CATEGORICAL//16314//45,v4_curated_unmapped,,,False,,,,,,Stage3J_curated_policy,drop_first_pass,unmapped
MEASUREMENT_CATEGORICAL//16315//74,v4_curated_unmapped,,,False,,,,,,Stage3J_curated_policy,drop_first_pass,unmapped
MEASUREMENT_CATEGORICAL//16316//68,v4_curated_unmapped,,,False,,,,,,Stage3J_curated_policy,drop_first_pass,unmapped
MEASUREMENT_CATEGORICAL//16319//50,v4_curated_unmapped,,,False,,,,,,Stage3J_curated_policy,drop_first_pass,unmapped
MEASUREMENT_CATEGORICAL//16321//83,v4_curated_unmapped,,,False,,,,,,Stage3J_curated_policy,drop_first_pass,unmapped
MEASUREMENT_CATEGORICAL//16323//65,v4_curated_unmapped,,,False,,,,,,Stage3J_curated_policy,drop_first_pass,unmapped
MEASUREMENT_CATEGORICAL//16324//88,v4_curated_unmapped,,,False,,,,,,Stage3J_curated_policy,drop_first_pass,unmapped
MEASUREMENT_CATEGORICAL//16325//22,v4_curated_unmapped,,,False,,,,,,Stage3J_curated_policy,drop_first_pass,unmapped
MEASUREMENT_CATEGORICAL//16325//24,v4_curated_unmapped,,,False,,,,,,Stage3J_curated_policy,drop_first_pass,unmapped
MEASUREMENT_CATEGORICAL//16326//58,v4_curated_unmapped,,,False,,,,,,Stage3J_curated_policy,drop_first_pass,unmapped
MEASUREMENT_CATEGORICAL//16666//15,v4_curated_unmapped,,,False,,,,,,Stage3J_curated_policy,drop_first_pass,unmapped
MEASUREMENT_CATEGORICAL//17018//35,v4_curated_unmapped,,,False,,,,,,Stage3J_curated_policy,drop_first_pass,unmapped
MEASUREMENT_CATEGORICAL//18682//30,v4_curated_unmapped,,,False,,,,,,Stage3J_curated_policy,drop_first_pass,unmapped
MEASUREMENT_CATEGORICAL//18682//31,v4_curated_unmapped,,,False,,,,,,Stage3J_curated_policy,drop_first_pass,unmapped
MEASUREMENT_CATEGORICAL//18682//47,v4_curated_unmapped,,,False,,,,,,Stage3J_curated_policy,drop_first_pass,unmapped
MEASUREMENT_CATEGORICAL//19641//3,v4_curated_unmapped,,,False,,,,,,Stage3J_curated_policy,drop_first_pass,unmapped
MEASUREMENT_CATEGORICAL//19643//3,v4_curated_unmapped,,,False,,,,,,Stage3J_curated_policy,drop_first_pass,unmapped
MEASUREMENT_CATEGORICAL//19643//4,v4_curated_unmapped,,,False,,,,,,Stage3J_curated_policy,drop_first_pass,unmapped
MEASUREMENT_CATEGORICAL//19718//3,v4_curated_unmapped,,,False,,,,,,Stage3J_curated_policy,drop_first_pass,unmapped
MEASUREMENT_CATEGORICAL//19846//22,v4_curated_unmapped,,,False,,,,,,Stage3J_curated_policy,drop_first_pass,unmapped
MEASUREMENT_CATEGORICAL//19994//3,v4_curated_unmapped,,,False,,,,,,Stage3J_curated_policy,drop_first_pass,unmapped
MEASUREMENT_CATEGORICAL//20011//5,v4_curated_unmapped,,,False,,,,,,Stage3J_curated_policy,drop_first_pass,unmapped
MEASUREMENT_CATEGORICAL//20100//20,v4_curated_unmapped,,,False,,,,,,Stage3J_curated_policy,drop_first_pass,unmapped
MEASUREMENT_CATEGORICAL//20124//92,v4_curated_unmapped,,,False,,,,,,Stage3J_curated_policy,drop_first_pass,unmapped
MEASUREMENT_CATEGORICAL//20960//3,v4_curated_unmapped,,,False,,,,,,Stage3J_curated_policy,drop_first_pass,unmapped
MEASUREMENT_CATEGORICAL//20960//5,v4_curated_unmapped,,,False,,,,,,Stage3J_curated_policy,drop_first_pass,unmapped
MEASUREMENT_CATEGORICAL//10464//1,v4_curated_unmapped,,,False,,,,,,Stage3J_curated_policy,drop_first_pass,unmapped
MEASUREMENT_CATEGORICAL//12114//1,v4_curated_unmapped,,,False,,,,,,Stage3J_curated_policy,drop_first_pass,unmapped
MEASUREMENT_CATEGORICAL//12127//1,v4_curated_unmapped,,,False,,,,,,Stage3J_curated_policy,drop_first_pass,unmapped
MEASUREMENT_CATEGORICAL//12521//2,v4_curated_unmapped,,,False,,,,,,Stage3J_curated_policy,drop_first_pass,unmapped
MEASUREMENT_CATEGORICAL//12524//2,v4_curated_unmapped,,,False,,,,,,Stage3J_curated_policy,drop_first_pass,unmapped
MEASUREMENT_CATEGORICAL//12526//1,v4_curated_unmapped,,,False,,,,,,Stage3J_curated_policy,drop_first_pass,unmapped
MEASUREMENT_CATEGORICAL//12665//4,v4_curated_unmapped,,,False,,,,,,Stage3J_curated_policy,drop_first_pass,unmapped
MEASUREMENT_CATEGORICAL//12667//3,v4_curated_unmapped,,,False,,,,,,Stage3J_curated_policy,drop_first_pass,unmapped
MEASUREMENT_CATEGORICAL//12667//4,v4_curated_unmapped,,,False,,,,,,Stage3J_curated_policy,drop_first_pass,unmapped
MEASUREMENT_CATEGORICAL//12668//3,v4_curated_unmapped,,,False,,,,,,Stage3J_curated_policy,drop_first_pass,unmapped
MEASUREMENT_CATEGORICAL//12668//4,v4_curated_unmapped,,,False,,,,,,Stage3J_curated_policy,drop_first_pass,unmapped
MEASUREMENT_CATEGORICAL//12669//2,v4_curated_unmapped,,,False,,,,,,Stage3J_curated_policy,drop_first_pass,unmapped
MEASUREMENT_CATEGORICAL//12669//3,v4_curated_unmapped,,,False,,,,,,Stage3J_curated_policy,drop_first_pass,unmapped
MEASUREMENT_CATEGORICAL//12669//5,v4_curated_unmapped,,,False,,,,,,Stage3J_curated_policy,drop_first_pass,unmapped
MEASUREMENT_CATEGORICAL//12670//5,v4_curated_unmapped,,,False,,,,,,Stage3J_curated_policy,drop_first_pass,unmapped
MEASUREMENT_CATEGORICAL//14143//15,v4_curated_unmapped,,,False,,,,,,Stage3J_curated_policy,drop_first_pass,unmapped
MEASUREMENT_CATEGORICAL//14143//20,v4_curated_unmapped,,,False,,,,,,Stage3J_curated_policy,drop_first_pass,unmapped
MEASUREMENT_CATEGORICAL//14149//5,v4_curated_unmapped,,,False,,,,,,Stage3J_curated_policy,drop_first_pass,unmapped
MEASUREMENT_CATEGORICAL//14562//1,v4_curated_unmapped,,,False,,,,,,Stage3J_curated_policy,drop_first_pass,unmapped
MEASUREMENT_CATEGORICAL//16177//1,v4_curated_unmapped,,,False,,,,,,Stage3J_curated_policy,drop_first_pass,unmapped
MEASUREMENT_CATEGORICAL//16182//15,v4_curated_unmapped,,,False,,,,,,Stage3J_curated_policy,drop_first_pass,unmapped
MEASUREMENT_CATEGORICAL//16182//4,v4_curated_unmapped,,,False,,,,,,Stage3J_curated_policy,drop_first_pass,unmapped
MEASUREMENT_CATEGORICAL//16182//6,v4_curated_unmapped,,,False,,,,,,Stage3J_curated_policy,drop_first_pass,unmapped
MEASUREMENT_CATEGORICAL//16182//9,v4_curated_unmapped,,,False,,,,,,Stage3J_curated_policy,drop_first_pass,unmapped
MEASUREMENT_CATEGORICAL//16263//1,v4_curated_unmapped,,,False,,,,,,Stage3J_curated_policy,drop_first_pass,unmapped
MEASUREMENT_CATEGORICAL//16277//15,v4_curated_unmapped,,,False,,,,,,Stage3J_curated_policy,drop_first_pass,unmapped
MEASUREMENT_CATEGORICAL//16278//23,v4_curated_unmapped,,,False,,,,,,Stage3J_curated_policy,drop_first_pass,unmapped
MEASUREMENT_CATEGORICAL//16279//25,v4_curated_unmapped,,,False,,,,,,Stage3J_curated_policy,drop_first_pass,unmapped
MEASUREMENT_CATEGORICAL//16280//33,v4_curated_unmapped,,,False,,,,,,Stage3J_curated_policy,drop_first_pass,unmapped
MEASUREMENT_CATEGORICAL//16281//38,v4_curated_unmapped,,,False,,,,,,Stage3J_curated_policy,drop_first_pass,unmapped
MEASUREMENT_CATEGORICAL//16283//53,v4_curated_unmapped,,,False,,,,,,Stage3J_curated_policy,drop_first_pass,unmapped
MEASUREMENT_CATEGORICAL//16283//54,v4_curated_unmapped,,,False,,,,,,Stage3J_curated_policy,drop_first_pass,unmapped
MEASUREMENT_CATEGORICAL//16286//6,v4_curated_unmapped,,,False,,,,,,Stage3J_curated_policy,drop_first_pass,unmapped
MEASUREMENT_CATEGORICAL//16298//18,v4_curated_unmapped,,,False,,,,,,Stage3J_curated_policy,drop_first_pass,unmapped
MEASUREMENT_CATEGORICAL//16299//22,v4_curated_unmapped,,,False,,,,,,Stage3J_curated_policy,drop_first_pass,unmapped
MEASUREMENT_CATEGORICAL//16300//28,v4_curated_unmapped,,,False,,,,,,Stage3J_curated_policy,drop_first_pass,unmapped
MEASUREMENT_CATEGORICAL//16300//30,v4_curated_unmapped,,,False,,,,,,Stage3J_curated_policy,drop_first_pass,unmapped
MEASUREMENT_CATEGORICAL//16301//32,v4_curated_unmapped,,,False,,,,,,Stage3J_curated_policy,drop_first_pass,unmapped
MEASUREMENT_CATEGORICAL//16301//35,v4_curated_unmapped,,,False,,,,,,Stage3J_curated_policy,drop_first_pass,unmapped
MEASUREMENT_CATEGORICAL//16302//38,v4_curated_unmapped,,,False,,,,,,Stage3J_curated_policy,drop_first_pass,unmapped
MEASUREMENT_CATEGORICAL//16304//50,v4_curated_unmapped,,,False,,,,,,Stage3J_curated_policy,drop_first_pass,unmapped
MEASUREMENT_CATEGORICAL//16305//52,v4_curated_unmapped,,,False,,,,,,Stage3J_curated_policy,drop_first_pass,unmapped
MEASUREMENT_CATEGORICAL//16305//54,v4_curated_unmapped,,,False,,,,,,Stage3J_curated_policy,drop_first_pass,unmapped
MEASUREMENT_CATEGORICAL//16305//55,v4_curated_unmapped,,,False,,,,,,Stage3J_curated_policy,drop_first_pass,unmapped
MEASUREMENT_CATEGORICAL//16307//64,v4_curated_unmapped,,,False,,,,,,Stage3J_curated_policy,drop_first_pass,unmapped
MEASUREMENT_CATEGORICAL//16310//80,v4_curated_unmapped,,,False,,,,,,Stage3J_curated_policy,drop_first_pass,unmapped
MEASUREMENT_CATEGORICAL//16312//7,v4_curated_unmapped,,,False,,,,,,Stage3J_curated_policy,drop_first_pass,unmapped
MEASUREMENT_CATEGORICAL//16314//42,v4_curated_unmapped,,,False,,,,,,Stage3J_curated_policy,drop_first_pass,unmapped
MEASUREMENT_CATEGORICAL//16314//44,v4_curated_unmapped,,,False,,,,,,Stage3J_curated_policy,drop_first_pass,unmapped
MEASUREMENT_CATEGORICAL//16315//75,v4_curated_unmapped,,,False,,,,,,Stage3J_curated_policy,drop_first_pass,unmapped
MEASUREMENT_CATEGORICAL//16316//67,v4_curated_unmapped,,,False,,,,,,Stage3J_curated_policy,drop_first_pass,unmapped
MEASUREMENT_CATEGORICAL//16318//53,v4_curated_unmapped,,,False,,,,,,Stage3J_curated_policy,drop_first_pass,unmapped
MEASUREMENT_CATEGORICAL//16318//55,v4_curated_unmapped,,,False,,,,,,Stage3J_curated_policy,drop_first_pass,unmapped
MEASUREMENT_CATEGORICAL//16319//47,v4_curated_unmapped,,,False,,,,,,Stage3J_curated_policy,drop_first_pass,unmapped
MEASUREMENT_CATEGORICAL//16321//85,v4_curated_unmapped,,,False,,,,,,Stage3J_curated_policy,drop_first_pass,unmapped
MEASUREMENT_CATEGORICAL//16322//19,v4_curated_unmapped,,,False,,,,,,Stage3J_curated_policy,drop_first_pass,unmapped
MEASUREMENT_CATEGORICAL//16324//89,v4_curated_unmapped,,,False,,,,,,Stage3J_curated_policy,drop_first_pass,unmapped
MEASUREMENT_CATEGORICAL//16325//25,v4_curated_unmapped,,,False,,,,,,Stage3J_curated_policy,drop_first_pass,unmapped
MEASUREMENT_CATEGORICAL//16326//59,v4_curated_unmapped,,,False,,,,,,Stage3J_curated_policy,drop_first_pass,unmapped
MEASUREMENT_CATEGORICAL//16326//60,v4_curated_unmapped,,,False,,,,,,Stage3J_curated_policy,drop_first_pass,unmapped
MEASUREMENT_CATEGORICAL//16669//7,v4_curated_unmapped,,,False,,,,,,Stage3J_curated_policy,drop_first_pass,unmapped
MEASUREMENT_CATEGORICAL//17018//29,v4_curated_unmapped,,,False,,,,,,Stage3J_curated_policy,drop_first_pass,unmapped
MEASUREMENT_CATEGORICAL//18603//17,v4_curated_unmapped,,,False,,,,,,Stage3J_curated_policy,drop_first_pass,unmapped
MEASUREMENT_CATEGORICAL//18697//2,v4_curated_unmapped,,,False,,,,,,Stage3J_curated_policy,drop_first_pass,unmapped
MEASUREMENT_CATEGORICAL//19248//1,v4_curated_unmapped,,,False,,,,,,Stage3J_curated_policy,drop_first_pass,unmapped
MEASUREMENT_CATEGORICAL//19819//8,v4_curated_unmapped,,,False,,,,,,Stage3J_curated_policy,drop_first_pass,unmapped
MEASUREMENT_CATEGORICAL//19840//7,v4_curated_unmapped,,,False,,,,,,Stage3J_curated_policy,drop_first_pass,unmapped
MEASUREMENT_CATEGORICAL//20011//6,v4_curated_unmapped,,,False,,,,,,Stage3J_curated_policy,drop_first_pass,unmapped
MEASUREMENT_CATEGORICAL//20094//2,v4_curated_unmapped,,,False,,,,,,Stage3J_curated_policy,drop_first_pass,unmapped
MEASUREMENT_CATEGORICAL//20106//39,v4_curated_unmapped,,,False,,,,,,Stage3J_curated_policy,drop_first_pass,unmapped
MEASUREMENT_CATEGORICAL//20108//44,v4_curated_unmapped,,,False,,,,,,Stage3J_curated_policy,drop_first_pass,unmapped
MEASUREMENT_CATEGORICAL//20109//47,v4_curated_unmapped,,,False,,,,,,Stage3J_curated_policy,drop_first_pass,unmapped
MEASUREMENT_CATEGORICAL//20110//50,v4_curated_unmapped,,,False,,,,,,Stage3J_curated_policy,drop_first_pass,unmapped
MEASUREMENT_CATEGORICAL//20115//65,v4_curated_unmapped,,,False,,,,,,Stage3J_curated_policy,drop_first_pass,unmapped
MEASUREMENT_CATEGORICAL//20121//84,v4_curated_unmapped,,,False,,,,,,Stage3J_curated_policy,drop_first_pass,unmapped
MEASUREMENT_CATEGORICAL//20122//86,v4_curated_unmapped,,,False,,,,,,Stage3J_curated_policy,drop_first_pass,unmapped
MEASUREMENT_CATEGORICAL//20123//89,v4_curated_unmapped,,,False,,,,,,Stage3J_curated_policy,drop_first_pass,unmapped
MEASUREMENT_CATEGORICAL//20961//3,v4_curated_unmapped,,,False,,,,,,Stage3J_curated_policy,drop_first_pass,unmapped
MEASUREMENT_CATEGORICAL//21234//30,v4_curated_unmapped,,,False,,,,,,Stage3J_curated_policy,drop_first_pass,unmapped
MEASUREMENT_CATEGORICAL//7969//14,v4_curated_unmapped,,,False,,,,,,Stage3J_curated_policy,drop_first_pass,unmapped
MEASUREMENT_CATEGORICAL//7969//9,v4_curated_unmapped,,,False,,,,,,Stage3J_curated_policy,drop_first_pass,unmapped
MEASUREMENT_CATEGORICAL//10474//1,v4_curated_unmapped,,,False,,,,,,Stage3J_curated_policy,drop_first_pass,unmapped
MEASUREMENT_CATEGORICAL//10474//10,v4_curated_unmapped,,,False,,,,,,Stage3J_curated_policy,drop_first_pass,unmapped
MEASUREMENT_CATEGORICAL//10502//2,v4_curated_unmapped,,,False,,,,,,Stage3J_curated_policy,drop_first_pass,unmapped
MEASUREMENT_CATEGORICAL//10515//1,v4_curated_unmapped,,,False,,,,,,Stage3J_curated_policy,drop_first_pass,unmapped
MEASUREMENT_CATEGORICAL//10515//2,v4_curated_unmapped,,,False,,,,,,Stage3J_curated_policy,drop_first_pass,unmapped
MEASUREMENT_CATEGORICAL//10522//1,v4_curated_unmapped,,,False,,,,,,Stage3J_curated_policy,drop_first_pass,unmapped
MEASUREMENT_CATEGORICAL//12522//1,v4_curated_unmapped,,,False,,,,,,Stage3J_curated_policy,drop_first_pass,unmapped
MEASUREMENT_CATEGORICAL//12522//2,v4_curated_unmapped,,,False,,,,,,Stage3J_curated_policy,drop_first_pass,unmapped
MEASUREMENT_CATEGORICAL//12523//1,v4_curated_unmapped,,,False,,,,,,Stage3J_curated_policy,drop_first_pass,unmapped
MEASUREMENT_CATEGORICAL//12525//2,v4_curated_unmapped,,,False,,,,,,Stage3J_curated_policy,drop_first_pass,unmapped
MEASUREMENT_CATEGORICAL//12525//3,v4_curated_unmapped,,,False,,,,,,Stage3J_curated_policy,drop_first_pass,unmapped
MEASUREMENT_CATEGORICAL//12525//4,v4_curated_unmapped,,,False,,,,,,Stage3J_curated_policy,drop_first_pass,unmapped
MEASUREMENT_CATEGORICAL//12665//3,v4_curated_unmapped,,,False,,,,,,Stage3J_curated_policy,drop_first_pass,unmapped
MEASUREMENT_CATEGORICAL//12666//4,v4_curated_unmapped,,,False,,,,,,Stage3J_curated_policy,drop_first_pass,unmapped
MEASUREMENT_CATEGORICAL//12669//4,v4_curated_unmapped,,,False,,,,,,Stage3J_curated_policy,drop_first_pass,unmapped
MEASUREMENT_CATEGORICAL//14171//4,v4_curated_unmapped,,,False,,,,,,Stage3J_curated_policy,drop_first_pass,unmapped
MEASUREMENT_CATEGORICAL//14171//7,v4_curated_unmapped,,,False,,,,,,Stage3J_curated_policy,drop_first_pass,unmapped
MEASUREMENT_CATEGORICAL//14183//10,v4_curated_unmapped,,,False,,,,,,Stage3J_curated_policy,drop_first_pass,unmapped
MEASUREMENT_CATEGORICAL//14486//11,v4_curated_unmapped,,,False,,,,,,Stage3J_curated_policy,drop_first_pass,unmapped
MEASUREMENT_CATEGORICAL//14486//18,v4_curated_unmapped,,,False,,,,,,Stage3J_curated_policy,drop_first_pass,unmapped
MEASUREMENT_CATEGORICAL//14486//22,v4_curated_unmapped,,,False,,,,,,Stage3J_curated_policy,drop_first_pass,unmapped
MEASUREMENT_CATEGORICAL//14486//3,v4_curated_unmapped,,,False,,,,,,Stage3J_curated_policy,drop_first_pass,unmapped
MEASUREMENT_CATEGORICAL//14486//7,v4_curated_unmapped,,,False,,,,,,Stage3J_curated_policy,drop_first_pass,unmapped
MEASUREMENT_CATEGORICAL//14565//54,v4_curated_unmapped,,,False,,,,,,Stage3J_curated_policy,drop_first_pass,unmapped
MEASUREMENT_CATEGORICAL//14565//56,v4_curated_unmapped,,,False,,,,,,Stage3J_curated_policy,drop_first_pass,unmapped
MEASUREMENT_CATEGORICAL//14565//88,v4_curated_unmapped,,,False,,,,,,Stage3J_curated_policy,drop_first_pass,unmapped
MEASUREMENT_CATEGORICAL//14579//8,v4_curated_unmapped,,,False,,,,,,Stage3J_curated_policy,drop_first_pass,unmapped
MEASUREMENT_CATEGORICAL//16182//11,v4_curated_unmapped,,,False,,,,,,Stage3J_curated_policy,drop_first_pass,unmapped
MEASUREMENT_CATEGORICAL//16182//12,v4_curated_unmapped,,,False,,,,,,Stage3J_curated_policy,drop_first_pass,unmapped
MEASUREMENT_CATEGORICAL//16182//21,v4_curated_unmapped,,,False,,,,,,Stage3J_curated_policy,drop_first_pass,unmapped
MEASUREMENT_CATEGORICAL//16182//3,v4_curated_unmapped,,,False,,,,,,Stage3J_curated_policy,drop_first_pass,unmapped
MEASUREMENT_CATEGORICAL//16182//33,v4_curated_unmapped,,,False,,,,,,Stage3J_curated_policy,drop_first_pass,unmapped
MEASUREMENT_CATEGORICAL//16182//5,v4_curated_unmapped,,,False,,,,,,Stage3J_curated_policy,drop_first_pass,unmapped
MEASUREMENT_CATEGORICAL//16228//1,v4_curated_unmapped,,,False,,,,,,Stage3J_curated_policy,drop_first_pass,unmapped
MEASUREMENT_CATEGORICAL//16228//2,v4_curated_unmapped,,,False,,,,,,Stage3J_curated_policy,drop_first_pass,unmapped
MEASUREMENT_CATEGORICAL//16229//1,v4_curated_unmapped,,,False,,,,,,Stage3J_curated_policy,drop_first_pass,unmapped
MEASUREMENT_CATEGORICAL//16273//6,v4_curated_unmapped,,,False,,,,,,Stage3J_curated_policy,drop_first_pass,unmapped
MEASUREMENT_CATEGORICAL//16275//6,v4_curated_unmapped,,,False,,,,,,Stage3J_curated_policy,drop_first_pass,unmapped
MEASUREMENT_CATEGORICAL//16276//8,v4_curated_unmapped,,,False,,,,,,Stage3J_curated_policy,drop_first_pass,unmapped
MEASUREMENT_CATEGORICAL//16276//9,v4_curated_unmapped,,,False,,,,,,Stage3J_curated_policy,drop_first_pass,unmapped
MEASUREMENT_CATEGORICAL//16279//30,v4_curated_unmapped,,,False,,,,,,Stage3J_curated_policy,drop_first_pass,unmapped
MEASUREMENT_CATEGORICAL//16280//31,v4_curated_unmapped,,,False,,,,,,Stage3J_curated_policy,drop_first_pass,unmapped
MEASUREMENT_CATEGORICAL//16288//16,v4_curated_unmapped,,,False,,,,,,Stage3J_curated_policy,drop_first_pass,unmapped
MEASUREMENT_CATEGORICAL//16296//10,v4_curated_unmapped,,,False,,,,,,Stage3J_curated_policy,drop_first_pass,unmapped
MEASUREMENT_CATEGORICAL//16297//13,v4_curated_unmapped,,,False,,,,,,Stage3J_curated_policy,drop_first_pass,unmapped
MEASUREMENT_CATEGORICAL//16297//14,v4_curated_unmapped,,,False,,,,,,Stage3J_curated_policy,drop_first_pass,unmapped
MEASUREMENT_CATEGORICAL//16297//15,v4_curated_unmapped,,,False,,,,,,Stage3J_curated_policy,drop_first_pass,unmapped
MEASUREMENT_CATEGORICAL//16298//20,v4_curated_unmapped,,,False,,,,,,Stage3J_curated_policy,drop_first_pass,unmapped
MEASUREMENT_CATEGORICAL//16300//27,v4_curated_unmapped,,,False,,,,,,Stage3J_curated_policy,drop_first_pass,unmapped
MEASUREMENT_CATEGORICAL//16301//33,v4_curated_unmapped,,,False,,,,,,Stage3J_curated_policy,drop_first_pass,unmapped
MEASUREMENT_CATEGORICAL//16302//39,v4_curated_unmapped,,,False,,,,,,Stage3J_curated_policy,drop_first_pass,unmapped
MEASUREMENT_CATEGORICAL//16303//42,v4_curated_unmapped,,,False,,,,,,Stage3J_curated_policy,drop_first_pass,unmapped
MEASUREMENT_CATEGORICAL//16303//44,v4_curated_unmapped,,,False,,,,,,Stage3J_curated_policy,drop_first_pass,unmapped
MEASUREMENT_CATEGORICAL//16304//49,v4_curated_unmapped,,,False,,,,,,Stage3J_curated_policy,drop_first_pass,unmapped
MEASUREMENT_CATEGORICAL//16307//62,v4_curated_unmapped,,,False,,,,,,Stage3J_curated_policy,drop_first_pass,unmapped
MEASUREMENT_CATEGORICAL//16310//77,v4_curated_unmapped,,,False,,,,,,Stage3J_curated_policy,drop_first_pass,unmapped
MEASUREMENT_CATEGORICAL//16311//82,v4_curated_unmapped,,,False,,,,,,Stage3J_curated_policy,drop_first_pass,unmapped
MEASUREMENT_CATEGORICAL//16311//85,v4_curated_unmapped,,,False,,,,,,Stage3J_curated_policy,drop_first_pass,unmapped
MEASUREMENT_CATEGORICAL//16317//28,v4_curated_unmapped,,,False,,,,,,Stage3J_curated_policy,drop_first_pass,unmapped
MEASUREMENT_CATEGORICAL//16318//54,v4_curated_unmapped,,,False,,,,,,Stage3J_curated_policy,drop_first_pass,unmapped
MEASUREMENT_CATEGORICAL//16319//49,v4_curated_unmapped,,,False,,,,,,Stage3J_curated_policy,drop_first_pass,unmapped
MEASUREMENT_CATEGORICAL//16320//15,v4_curated_unmapped,,,False,,,,,,Stage3J_curated_policy,drop_first_pass,unmapped
MEASUREMENT_CATEGORICAL//16324//87,v4_curated_unmapped,,,False,,,,,,Stage3J_curated_policy,drop_first_pass,unmapped
MEASUREMENT_CATEGORICAL//16326//57,v4_curated_unmapped,,,False,,,,,,Stage3J_curated_policy,drop_first_pass,unmapped
MEASUREMENT_CATEGORICAL//16327//39,v4_curated_unmapped,,,False,,,,,,Stage3J_curated_policy,drop_first_pass,unmapped
MEASUREMENT_CATEGORICAL//16327//40,v4_curated_unmapped,,,False,,,,,,Stage3J_curated_policy,drop_first_pass,unmapped
MEASUREMENT_CATEGORICAL//16411//2,v4_curated_unmapped,,,False,,,,,,Stage3J_curated_policy,drop_first_pass,unmapped
MEASUREMENT_CATEGORICAL//18682//12,v4_curated_unmapped,,,False,,,,,,Stage3J_curated_policy,drop_first_pass,unmapped
MEASUREMENT_CATEGORICAL//18682//15,v4_curated_unmapped,,,False,,,,,,Stage3J_curated_policy,drop_first_pass,unmapped
MEASUREMENT_CATEGORICAL//18682//23,v4_curated_unmapped,,,False,,,,,,Stage3J_curated_policy,drop_first_pass,unmapped
MEASUREMENT_CATEGORICAL//18682//32,v4_curated_unmapped,,,False,,,,,,Stage3J_curated_policy,drop_first_pass,unmapped
MEASUREMENT_CATEGORICAL//18682//38,v4_curated_unmapped,,,False,,,,,,Stage3J_curated_policy,drop_first_pass,unmapped
MEASUREMENT_CATEGORICAL//18683//56,v4_curated_unmapped,,,False,,,,,,Stage3J_curated_policy,drop_first_pass,unmapped
MEASUREMENT_CATEGORICAL//18693//3,v4_curated_unmapped,,,False,,,,,,Stage3J_curated_policy,drop_first_pass,unmapped
MEASUREMENT_CATEGORICAL//18697//3,v4_curated_unmapped,,,False,,,,,,Stage3J_curated_policy,drop_first_pass,unmapped
MEASUREMENT_CATEGORICAL//19643//2,v4_curated_unmapped,,,False,,,,,,Stage3J_curated_policy,drop_first_pass,unmapped
MEASUREMENT_CATEGORICAL//19820//10,v4_curated_unmapped,,,False,,,,,,Stage3J_curated_policy,drop_first_pass,unmapped
MEASUREMENT_CATEGORICAL//19837//2,v4_curated_unmapped,,,False,,,,,,Stage3J_curated_policy,drop_first_pass,unmapped
MEASUREMENT_CATEGORICAL//19841//10,v4_curated_unmapped,,,False,,,,,,Stage3J_curated_policy,drop_first_pass,unmapped
MEASUREMENT_CATEGORICAL//20015//2,v4_curated_unmapped,,,False,,,,,,Stage3J_curated_policy,drop_first_pass,unmapped
MEASUREMENT_CATEGORICAL//20015//6,v4_curated_unmapped,,,False,,,,,,Stage3J_curated_policy,drop_first_pass,unmapped
MEASUREMENT_CATEGORICAL//20094//1,v4_curated_unmapped,,,False,,,,,,Stage3J_curated_policy,drop_first_pass,unmapped
MEASUREMENT_CATEGORICAL//20098//15,v4_curated_unmapped,,,False,,,,,,Stage3J_curated_policy,drop_first_pass,unmapped
MEASUREMENT_CATEGORICAL//20104//32,v4_curated_unmapped,,,False,,,,,,Stage3J_curated_policy,drop_first_pass,unmapped
MEASUREMENT_CATEGORICAL//20111//53,v4_curated_unmapped,,,False,,,,,,Stage3J_curated_policy,drop_first_pass,unmapped
MEASUREMENT_CATEGORICAL//20115//64,v4_curated_unmapped,,,False,,,,,,Stage3J_curated_policy,drop_first_pass,unmapped
MEASUREMENT_CATEGORICAL//20141//5,v4_curated_unmapped,,,False,,,,,,Stage3J_curated_policy,drop_first_pass,unmapped
MEASUREMENT_CATEGORICAL//20961//2,v4_curated_unmapped,,,False,,,,,,Stage3J_curated_policy,drop_first_pass,unmapped
MEASUREMENT_CATEGORICAL//21191//16,v4_curated_unmapped,,,False,,,,,,Stage3J_curated_policy,drop_first_pass,unmapped
MEASUREMENT_CATEGORICAL//8840//2,v4_curated_unmapped,,,False,,,,,,Stage3J_curated_policy,drop_first_pass,unmapped
MEASUREMENT_CATEGORICAL//12521//4,v4_curated_unmapped,,,False,,,,,,Stage3J_curated_policy,drop_first_pass,unmapped
MEASUREMENT_CATEGORICAL//12524//3,v4_curated_unmapped,,,False,,,,,,Stage3J_curated_policy,drop_first_pass,unmapped
MEASUREMENT_CATEGORICAL//12524//4,v4_curated_unmapped,,,False,,,,,,Stage3J_curated_policy,drop_first_pass,unmapped
MEASUREMENT_CATEGORICAL//12668//2,v4_curated_unmapped,,,False,,,,,,Stage3J_curated_policy,drop_first_pass,unmapped
MEASUREMENT_CATEGORICAL//12670//3,v4_curated_unmapped,,,False,,,,,,Stage3J_curated_policy,drop_first_pass,unmapped
MEASUREMENT_CATEGORICAL//14143//13,v4_curated_unmapped,,,False,,,,,,Stage3J_curated_policy,drop_first_pass,unmapped
MEASUREMENT_CATEGORICAL//14143//9,v4_curated_unmapped,,,False,,,,,,Stage3J_curated_policy,drop_first_pass,unmapped
MEASUREMENT_CATEGORICAL//14163//3,v4_curated_unmapped,,,False,,,,,,Stage3J_curated_policy,drop_first_pass,unmapped
MEASUREMENT_CATEGORICAL//14171//2,v4_curated_unmapped,,,False,,,,,,Stage3J_curated_policy,drop_first_pass,unmapped
MEASUREMENT_CATEGORICAL//14171//5,v4_curated_unmapped,,,False,,,,,,Stage3J_curated_policy,drop_first_pass,unmapped
MEASUREMENT_CATEGORICAL//14486//19,v4_curated_unmapped,,,False,,,,,,Stage3J_curated_policy,drop_first_pass,unmapped
MEASUREMENT_CATEGORICAL//14486//21,v4_curated_unmapped,,,False,,,,,,Stage3J_curated_policy,drop_first_pass,unmapped
MEASUREMENT_CATEGORICAL//14486//4,v4_curated_unmapped,,,False,,,,,,Stage3J_curated_policy,drop_first_pass,unmapped
MEASUREMENT_CATEGORICAL//14562//6,v4_curated_unmapped,,,False,,,,,,Stage3J_curated_policy,drop_first_pass,unmapped
MEASUREMENT_CATEGORICAL//14565//52,v4_curated_unmapped,,,False,,,,,,Stage3J_curated_policy,drop_first_pass,unmapped
MEASUREMENT_CATEGORICAL//14565//53,v4_curated_unmapped,,,False,,,,,,Stage3J_curated_policy,drop_first_pass,unmapped
MEASUREMENT_CATEGORICAL//14565//65,v4_curated_unmapped,,,False,,,,,,Stage3J_curated_policy,drop_first_pass,unmapped
MEASUREMENT_CATEGORICAL//14565//87,v4_curated_unmapped,,,False,,,,,,Stage3J_curated_policy,drop_first_pass,unmapped
MEASUREMENT_CATEGORICAL//16177//4,v4_curated_unmapped,,,False,,,,,,Stage3J_curated_policy,drop_first_pass,unmapped
MEASUREMENT_CATEGORICAL//16182//13,v4_curated_unmapped,,,False,,,,,,Stage3J_curated_policy,drop_first_pass,unmapped
MEASUREMENT_CATEGORICAL//16182//14,v4_curated_unmapped,,,False,,,,,,Stage3J_curated_policy,drop_first_pass,unmapped
MEASUREMENT_CATEGORICAL//16182//16,v4_curated_unmapped,,,False,,,,,,Stage3J_curated_policy,drop_first_pass,unmapped
MEASUREMENT_CATEGORICAL//16182//2,v4_curated_unmapped,,,False,,,,,,Stage3J_curated_policy,drop_first_pass,unmapped
MEASUREMENT_CATEGORICAL//16182//35,v4_curated_unmapped,,,False,,,,,,Stage3J_curated_policy,drop_first_pass,unmapped
MEASUREMENT_CATEGORICAL//16254//3,v4_curated_unmapped,,,False,,,,,,Stage3J_curated_policy,drop_first_pass,unmapped
MEASUREMENT_CATEGORICAL//16273//5,v4_curated_unmapped,,,False,,,,,,Stage3J_curated_policy,drop_first_pass,unmapped
MEASUREMENT_CATEGORICAL//16276//7,v4_curated_unmapped,,,False,,,,,,Stage3J_curated_policy,drop_first_pass,unmapped
MEASUREMENT_CATEGORICAL//16277//13,v4_curated_unmapped,,,False,,,,,,Stage3J_curated_policy,drop_first_pass,unmapped
MEASUREMENT_CATEGORICAL//16278//24,v4_curated_unmapped,,,False,,,,,,Stage3J_curated_policy,drop_first_pass,unmapped
MEASUREMENT_CATEGORICAL//16282//48,v4_curated_unmapped,,,False,,,,,,Stage3J_curated_policy,drop_first_pass,unmapped
MEASUREMENT_CATEGORICAL//16295//4,v4_curated_unmapped,,,False,,,,,,Stage3J_curated_policy,drop_first_pass,unmapped
MEASUREMENT_CATEGORICAL//16296//7,v4_curated_unmapped,,,False,,,,,,Stage3J_curated_policy,drop_first_pass,unmapped
MEASUREMENT_CATEGORICAL//16296//8,v4_curated_unmapped,,,False,,,,,,Stage3J_curated_policy,drop_first_pass,unmapped
MEASUREMENT_CATEGORICAL//16296//9,v4_curated_unmapped,,,False,,,,,,Stage3J_curated_policy,drop_first_pass,unmapped
MEASUREMENT_CATEGORICAL//16297//12,v4_curated_unmapped,,,False,,,,,,Stage3J_curated_policy,drop_first_pass,unmapped
MEASUREMENT_CATEGORICAL//16299//23,v4_curated_unmapped,,,False,,,,,,Stage3J_curated_policy,drop_first_pass,unmapped
MEASUREMENT_CATEGORICAL//16299//24,v4_curated_unmapped,,,False,,,,,,Stage3J_curated_policy,drop_first_pass,unmapped
MEASUREMENT_CATEGORICAL//16299//25,v4_curated_unmapped,,,False,,,,,,Stage3J_curated_policy,drop_first_pass,unmapped
MEASUREMENT_CATEGORICAL//16300//29,v4_curated_unmapped,,,False,,,,,,Stage3J_curated_policy,drop_first_pass,unmapped
MEASUREMENT_CATEGORICAL//16301//34,v4_curated_unmapped,,,False,,,,,,Stage3J_curated_policy,drop_first_pass,unmapped
MEASUREMENT_CATEGORICAL//16312//10,v4_curated_unmapped,,,False,,,,,,Stage3J_curated_policy,drop_first_pass,unmapped
MEASUREMENT_CATEGORICAL//16317//27,v4_curated_unmapped,,,False,,,,,,Stage3J_curated_policy,drop_first_pass,unmapped
MEASUREMENT_CATEGORICAL//16317//29,v4_curated_unmapped,,,False,,,,,,Stage3J_curated_policy,drop_first_pass,unmapped
MEASUREMENT_CATEGORICAL//16317//30,v4_curated_unmapped,,,False,,,,,,Stage3J_curated_policy,drop_first_pass,unmapped
MEASUREMENT_CATEGORICAL//16320//12,v4_curated_unmapped,,,False,,,,,,Stage3J_curated_policy,drop_first_pass,unmapped
MEASUREMENT_CATEGORICAL//16320//13,v4_curated_unmapped,,,False,,,,,,Stage3J_curated_policy,drop_first_pass,unmapped
MEASUREMENT_CATEGORICAL//16320//14,v4_curated_unmapped,,,False,,,,,,Stage3J_curated_policy,drop_first_pass,unmapped
MEASUREMENT_CATEGORICAL//16321//82,v4_curated_unmapped,,,False,,,,,,Stage3J_curated_policy,drop_first_pass,unmapped
MEASUREMENT_CATEGORICAL//16322//17,v4_curated_unmapped,,,False,,,,,,Stage3J_curated_policy,drop_first_pass,unmapped
MEASUREMENT_CATEGORICAL//16322//18,v4_curated_unmapped,,,False,,,,,,Stage3J_curated_policy,drop_first_pass,unmapped
MEASUREMENT_CATEGORICAL//16322//20,v4_curated_unmapped,,,False,,,,,,Stage3J_curated_policy,drop_first_pass,unmapped
MEASUREMENT_CATEGORICAL//16324//90,v4_curated_unmapped,,,False,,,,,,Stage3J_curated_policy,drop_first_pass,unmapped
MEASUREMENT_CATEGORICAL//16327//38,v4_curated_unmapped,,,False,,,,,,Stage3J_curated_policy,drop_first_pass,unmapped
MEASUREMENT_CATEGORICAL//16328//32,v4_curated_unmapped,,,False,,,,,,Stage3J_curated_policy,drop_first_pass,unmapped
MEASUREMENT_CATEGORICAL//16328//34,v4_curated_unmapped,,,False,,,,,,Stage3J_curated_policy,drop_first_pass,unmapped
MEASUREMENT_CATEGORICAL//16328//35,v4_curated_unmapped,,,False,,,,,,Stage3J_curated_policy,drop_first_pass,unmapped
MEASUREMENT_CATEGORICAL//16997//14,v4_curated_unmapped,,,False,,,,,,Stage3J_curated_policy,drop_first_pass,unmapped
MEASUREMENT_CATEGORICAL//18682//33,v4_curated_unmapped,,,False,,,,,,Stage3J_curated_policy,drop_first_pass,unmapped
MEASUREMENT_CATEGORICAL//18682//49,v4_curated_unmapped,,,False,,,,,,Stage3J_curated_policy,drop_first_pass,unmapped
MEASUREMENT_CATEGORICAL//18683//88,v4_curated_unmapped,,,False,,,,,,Stage3J_curated_policy,drop_first_pass,unmapped
MEASUREMENT_CATEGORICAL//18684//105,v4_curated_unmapped,,,False,,,,,,Stage3J_curated_policy,drop_first_pass,unmapped
MEASUREMENT_CATEGORICAL//18688//8,v4_curated_unmapped,,,False,,,,,,Stage3J_curated_policy,drop_first_pass,unmapped
MEASUREMENT_CATEGORICAL//18693//4,v4_curated_unmapped,,,False,,,,,,Stage3J_curated_policy,drop_first_pass,unmapped
MEASUREMENT_CATEGORICAL//18698//4,v4_curated_unmapped,,,False,,,,,,Stage3J_curated_policy,drop_first_pass,unmapped
MEASUREMENT_CATEGORICAL//19731//3,v4_curated_unmapped,,,False,,,,,,Stage3J_curated_policy,drop_first_pass,unmapped
MEASUREMENT_CATEGORICAL//19834//8,v4_curated_unmapped,,,False,,,,,,Stage3J_curated_policy,drop_first_pass,unmapped
MEASUREMENT_CATEGORICAL//19841//11,v4_curated_unmapped,,,False,,,,,,Stage3J_curated_policy,drop_first_pass,unmapped
MEASUREMENT_CATEGORICAL//19847//26,v4_curated_unmapped,NUTRITION//ENTERAL,,True,,AUMC_LOCAL,,,NUTRITION//ENTERAL,Stage3J_curated_policy,local_parent_token,medium
MEASUREMENT_CATEGORICAL//19847//27,v4_curated_unmapped,NUTRITION//ENTERAL,,True,,AUMC_LOCAL,,,NUTRITION//ENTERAL,Stage3J_curated_policy,local_parent_token,medium
MEASUREMENT_CATEGORICAL//20094//3,v4_curated_unmapped,,,False,,,,,,Stage3J_curated_policy,drop_first_pass,unmapped
MEASUREMENT_CATEGORICAL//20096//7,v4_curated_unmapped,,,False,,,,,,Stage3J_curated_policy,drop_first_pass,unmapped
MEASUREMENT_CATEGORICAL//20100//19,v4_curated_unmapped,,,False,,,,,,Stage3J_curated_policy,drop_first_pass,unmapped
MEASUREMENT_CATEGORICAL//20100//21,v4_curated_unmapped,,,False,,,,,,Stage3J_curated_policy,drop_first_pass,unmapped
MEASUREMENT_CATEGORICAL//20101//23,v4_curated_unmapped,,,False,,,,,,Stage3J_curated_policy,drop_first_pass,unmapped
MEASUREMENT_CATEGORICAL//20102//26,v4_curated_unmapped,,,False,,,,,,Stage3J_curated_policy,drop_first_pass,unmapped
MEASUREMENT_CATEGORICAL//20102//27,v4_curated_unmapped,,,False,,,,,,Stage3J_curated_policy,drop_first_pass,unmapped
MEASUREMENT_CATEGORICAL//20107//42,v4_curated_unmapped,,,False,,,,,,Stage3J_curated_policy,drop_first_pass,unmapped
MEASUREMENT_CATEGORICAL//20109//46,v4_curated_unmapped,,,False,,,,,,Stage3J_curated_policy,drop_first_pass,unmapped
MEASUREMENT_CATEGORICAL//20110//49,v4_curated_unmapped,,,False,,,,,,Stage3J_curated_policy,drop_first_pass,unmapped
MEASUREMENT_CATEGORICAL//20111//52,v4_curated_unmapped,,,False,,,,,,Stage3J_curated_policy,drop_first_pass,unmapped
MEASUREMENT_CATEGORICAL//20114//61,v4_curated_unmapped,,,False,,,,,,Stage3J_curated_policy,drop_first_pass,unmapped
MEASUREMENT_CATEGORICAL//20114//62,v4_curated_unmapped,,,False,,,,,,Stage3J_curated_policy,drop_first_pass,unmapped
MEASUREMENT_CATEGORICAL//20119//77,v4_curated_unmapped,,,False,,,,,,Stage3J_curated_policy,drop_first_pass,unmapped
MEASUREMENT_CATEGORICAL//20122//85,v4_curated_unmapped,,,False,,,,,,Stage3J_curated_policy,drop_first_pass,unmapped
MEASUREMENT_CATEGORICAL//20124//91,v4_curated_unmapped,,,False,,,,,,Stage3J_curated_policy,drop_first_pass,unmapped
MEASUREMENT_CATEGORICAL//21190//12,v4_curated_unmapped,,,False,,,,,,Stage3J_curated_policy,drop_first_pass,unmapped
MEASUREMENT_CATEGORICAL//21191//15,v4_curated_unmapped,,,False,,,,,,Stage3J_curated_policy,drop_first_pass,unmapped
MEASUREMENT_CATEGORICAL//21192//19,v4_curated_unmapped,,,False,,,,,,Stage3J_curated_policy,drop_first_pass,unmapped
MEASUREMENT_CATEGORICAL//21192//20,v4_curated_unmapped,,,False,,,,,,Stage3J_curated_policy,drop_first_pass,unmapped
MEASUREMENT_CATEGORICAL//21233//15,v4_curated_unmapped,,,False,,,,,,Stage3J_curated_policy,drop_first_pass,unmapped
MEASUREMENT_CATEGORICAL//7969//6,v4_curated_unmapped,,,False,,,,,,Stage3J_curated_policy,drop_first_pass,unmapped
MEASUREMENT_CATEGORICAL//8400//3,v4_curated_unmapped,,,False,,,,,,Stage3J_curated_policy,drop_first_pass,unmapped
MEASUREMENT_CATEGORICAL//9631//2,v4_curated_unmapped,,,False,,,,,,Stage3J_curated_policy,drop_first_pass,unmapped
MEASUREMENT_BEDSIDE//12567//J/l,v4_curated_unmapped,DEVICE//VENTILATION_RESPIRATORY,,True,,AUMC_LOCAL,,,DEVICE//VENTILATION_RESPIRATORY,Stage3J_curated_policy,local_parent_token,medium
MEASUREMENT_BEDSIDE//12303//Geen,v4_curated_unmapped,DEVICE//VENTILATION_RESPIRATORY,,True,,AUMC_LOCAL,,,DEVICE//VENTILATION_RESPIRATORY,Stage3J_curated_policy,local_parent_token,medium
MEASUREMENT_BEDSIDE//14842//mmHg,v4_curated_unmapped,DEVICE//CRRT_CVVH,,True,,AUMC_LOCAL,,,DEVICE//CRRT_CVVH,Stage3J_curated_policy,local_parent_token,medium
MEASUREMENT_BEDSIDE//14840//mmHg,v4_curated_unmapped,DEVICE//CRRT_CVVH,,True,,AUMC_LOCAL,,,DEVICE//CRRT_CVVH,Stage3J_curated_policy,local_parent_token,medium
MEASUREMENT_BEDSIDE//14841//mmHg,v4_curated_unmapped,DEVICE//CRRT_CVVH,,True,,AUMC_LOCAL,,,DEVICE//CRRT_CVVH,Stage3J_curated_policy,local_parent_token,medium
MEASUREMENT_BEDSIDE//14843//mmHg,v4_curated_unmapped,DEVICE//CRRT_CVVH,,True,,AUMC_LOCAL,,,DEVICE//CRRT_CVVH,Stage3J_curated_policy,local_parent_token,medium
MEASUREMENT_BEDSIDE//14845//mmHg,v4_curated_unmapped,DEVICE//CRRT_CVVH,,True,,AUMC_LOCAL,,,DEVICE//CRRT_CVVH,Stage3J_curated_policy,local_parent_token,medium
MEASUREMENT_BEDSIDE//14844//mmHg,v4_curated_unmapped,DEVICE//CRRT_CVVH,,True,,AUMC_LOCAL,,,DEVICE//CRRT_CVVH,Stage3J_curated_policy,local_parent_token,medium
MEASUREMENT_BEDSIDE//14851//ml,v4_curated_unmapped,DEVICE//CRRT_CVVH,,True,,AUMC_LOCAL,,,DEVICE//CRRT_CVVH,Stage3J_curated_policy,local_parent_token,medium
MEASUREMENT_BEDSIDE//20078//l,v4_curated_unmapped,DEVICE//CRRT_CVVH,,True,,AUMC_LOCAL,,,DEVICE//CRRT_CVVH,Stage3J_curated_policy,local_parent_token,medium
MEASUREMENT_BEDSIDE//20340//uur,v4_curated_unmapped,DEVICE//CRRT_CVVH,,True,,AUMC_LOCAL,,,DEVICE//CRRT_CVVH,Stage3J_curated_policy,local_parent_token,medium
MEASUREMENT_BEDSIDE//20706//l,v4_curated_unmapped,DEVICE//CRRT_CVVH,,True,,AUMC_LOCAL,,,DEVICE//CRRT_CVVH,Stage3J_curated_policy,local_parent_token,medium
MEASUREMENT_BEDSIDE//20708//l,v4_curated_unmapped,DEVICE//CRRT_CVVH,,True,,AUMC_LOCAL,,,DEVICE//CRRT_CVVH,Stage3J_curated_policy,local_parent_token,medium
MEASUREMENT_BEDSIDE//8671//ml,v4_curated_unmapped,DEVICE//DRAINAGE,,True,,AUMC_LOCAL,,,DEVICE//DRAINAGE,Stage3J_curated_policy,local_parent_token,medium
MEASUREMENT_BEDSIDE//8655//mmHg,v4_curated_unmapped,DEVICE//HEMODYNAMIC_SUPPORT_MONITORING,,True,,AUMC_LOCAL,,,DEVICE//HEMODYNAMIC_SUPPORT_MONITORING,Stage3J_curated_policy,local_parent_token,medium
MEASUREMENT_BEDSIDE//8649//mmHg,v4_curated_unmapped,DEVICE//HEMODYNAMIC_SUPPORT_MONITORING,,True,,AUMC_LOCAL,,,DEVICE//HEMODYNAMIC_SUPPORT_MONITORING,Stage3J_curated_policy,local_parent_token,medium
MEASUREMENT_BEDSIDE//14091//µV,v4_curated_unmapped,DEVICE//VENTILATION_RESPIRATORY,,True,,AUMC_LOCAL,,,DEVICE//VENTILATION_RESPIRATORY,Stage3J_curated_policy,local_parent_token,medium
MEASUREMENT_BEDSIDE//14092//µV,v4_curated_unmapped,DEVICE//VENTILATION_RESPIRATORY,,True,,AUMC_LOCAL,,,DEVICE//VENTILATION_RESPIRATORY,Stage3J_curated_policy,local_parent_token,medium
MEASUREMENT_BEDSIDE//9583//ml,v4_curated_unmapped,DEVICE//DRAINAGE,,True,,AUMC_LOCAL,,,DEVICE//DRAINAGE,Stage3J_curated_policy,local_parent_token,medium
MEASUREMENT_BEDSIDE//8672//ml,v4_curated_unmapped,DEVICE//DRAINAGE,,True,,AUMC_LOCAL,,,DEVICE//DRAINAGE,Stage3J_curated_policy,local_parent_token,medium
MEASUREMENT_BEDSIDE//14089//cmH2O/µV,v4_curated_unmapped,DEVICE//VENTILATION_RESPIRATORY,,True,,AUMC_LOCAL,,,DEVICE//VENTILATION_RESPIRATORY,Stage3J_curated_policy,local_parent_token,medium
MEASUREMENT_BEDSIDE//14090//µV,v4_curated_unmapped,DEVICE//VENTILATION_RESPIRATORY,,True,,AUMC_LOCAL,,,DEVICE//VENTILATION_RESPIRATORY,Stage3J_curated_policy,local_parent_token,medium
MEASUREMENT_BEDSIDE//9584//ml,v4_curated_unmapped,DEVICE//DRAINAGE,,True,,AUMC_LOCAL,,,DEVICE//DRAINAGE,Stage3J_curated_policy,local_parent_token,medium
MEASUREMENT_BEDSIDE//13076//Geen,v4_curated_unmapped,DEVICE//VENTILATION_RESPIRATORY,,True,,AUMC_LOCAL,,,DEVICE//VENTILATION_RESPIRATORY,Stage3J_curated_policy,local_parent_token,medium
MEASUREMENT_BEDSIDE//9585//ml,v4_curated_unmapped,DEVICE//DRAINAGE,,True,,AUMC_LOCAL,,,DEVICE//DRAINAGE,Stage3J_curated_policy,local_parent_token,medium
MEASUREMENT_BEDSIDE//8673//ml,v4_curated_unmapped,DEVICE//DRAINAGE,,True,,AUMC_LOCAL,,,DEVICE//DRAINAGE,Stage3J_curated_policy,local_parent_token,medium
MEASUREMENT_BEDSIDE//13155//Geen,v4_curated_unmapped,DEVICE//HEMODYNAMIC_SUPPORT_MONITORING,,True,,AUMC_LOCAL,,,DEVICE//HEMODYNAMIC_SUPPORT_MONITORING,Stage3J_curated_policy,local_parent_token,medium
MEASUREMENT_BEDSIDE//14048//kg,v4_curated_unmapped,DEVICE//HEMODYNAMIC_SUPPORT_MONITORING,,True,,AUMC_LOCAL,,,DEVICE//HEMODYNAMIC_SUPPORT_MONITORING,Stage3J_curated_policy,local_parent_token,medium
MEASUREMENT_BEDSIDE//14050//[0.0001] m2,v4_curated_unmapped,DEVICE//HEMODYNAMIC_SUPPORT_MONITORING,,True,,AUMC_LOCAL,,,DEVICE//HEMODYNAMIC_SUPPORT_MONITORING,Stage3J_curated_policy,local_parent_token,medium
MEASUREMENT_BEDSIDE//12778//ml,v4_curated_unmapped,DEVICE//DRAINAGE,,True,,AUMC_LOCAL,,,DEVICE//DRAINAGE,Stage3J_curated_policy,local_parent_token,medium
MEASUREMENT_BEDSIDE//9587//ml,v4_curated_unmapped,DEVICE//DRAINAGE,,True,,AUMC_LOCAL,,,DEVICE//DRAINAGE,Stage3J_curated_policy,local_parent_token,medium
MEASUREMENT_BEDSIDE//16629//Geen,v4_curated_unmapped,DEVICE//VENTILATION_RESPIRATORY,,True,,AUMC_LOCAL,,,DEVICE//VENTILATION_RESPIRATORY,Stage3J_curated_policy,local_parent_token,medium
MEASUREMENT_BEDSIDE//12507//ml,v4_curated_unmapped,DEVICE//DRAINAGE,,True,,AUMC_LOCAL,,,DEVICE//DRAINAGE,Stage3J_curated_policy,local_parent_token,medium
MEASUREMENT_BEDSIDE//13152//ml/m2,v4_curated_unmapped,DEVICE//HEMODYNAMIC_SUPPORT_MONITORING,,True,,AUMC_LOCAL,,,DEVICE//HEMODYNAMIC_SUPPORT_MONITORING,Stage3J_curated_policy,local_parent_token,medium
MEASUREMENT_BEDSIDE//14066//ml,v4_curated_unmapped,DEVICE//HEMODYNAMIC_SUPPORT_MONITORING,,True,,AUMC_LOCAL,,,DEVICE//HEMODYNAMIC_SUPPORT_MONITORING,Stage3J_curated_policy,local_parent_token,medium
MEASUREMENT_BEDSIDE//14067//ml,v4_curated_unmapped,DEVICE//HEMODYNAMIC_SUPPORT_MONITORING,,True,,AUMC_LOCAL,,,DEVICE//HEMODYNAMIC_SUPPORT_MONITORING,Stage3J_curated_policy,local_parent_token,medium
MEASUREMENT_BEDSIDE//14430//ml,v4_curated_unmapped,DEVICE//DRAINAGE,,True,,AUMC_LOCAL,,,DEVICE//DRAINAGE,Stage3J_curated_policy,local_parent_token,medium
MEASUREMENT_BEDSIDE//20547//ml,v4_curated_unmapped,DEVICE//CRRT_CVVH,,True,,AUMC_LOCAL,,,DEVICE//CRRT_CVVH,Stage3J_curated_policy,local_parent_token,medium
MEASUREMENT_BEDSIDE//20543//ml/uur,v4_curated_unmapped,DEVICE//CRRT_CVVH,,True,,AUMC_LOCAL,,,DEVICE//CRRT_CVVH,Stage3J_curated_policy,local_parent_token,medium
MEASUREMENT_BEDSIDE//12776//ml,v4_curated_unmapped,DEVICE//DRAINAGE,,True,,AUMC_LOCAL,,,DEVICE//DRAINAGE,Stage3J_curated_policy,local_parent_token,medium
MEASUREMENT_BEDSIDE//20544//ml,v4_curated_unmapped,DEVICE//CRRT_CVVH,,True,,AUMC_LOCAL,,,DEVICE//CRRT_CVVH,Stage3J_curated_policy,local_parent_token,medium
MEASUREMENT_BEDSIDE//16385//UNKNOWN,v4_curated_unmapped,DEVICE//DRAINAGE,,True,,AUMC_LOCAL,,,DEVICE//DRAINAGE,Stage3J_curated_policy,local_parent_token,medium
MEASUREMENT_BEDSIDE//16382//UNKNOWN,v4_curated_unmapped,DEVICE//DRAINAGE,,True,,AUMC_LOCAL,,,DEVICE//DRAINAGE,Stage3J_curated_policy,local_parent_token,medium
MEASUREMENT_BEDSIDE//12777//ml,v4_curated_unmapped,DEVICE//DRAINAGE,,True,,AUMC_LOCAL,,,DEVICE//DRAINAGE,Stage3J_curated_policy,local_parent_token,medium
MEASUREMENT_BEDSIDE//14431//ml,v4_curated_unmapped,DEVICE//DRAINAGE,,True,,AUMC_LOCAL,,,DEVICE//DRAINAGE,Stage3J_curated_policy,local_parent_token,medium
MEASUREMENT_BEDSIDE//12508//ml,v4_curated_unmapped,DEVICE//DRAINAGE,,True,,AUMC_LOCAL,,,DEVICE//DRAINAGE,Stage3J_curated_policy,local_parent_token,medium
MEASUREMENT_BEDSIDE//12773//ml,v4_curated_unmapped,DEVICE//DRAINAGE,,True,,AUMC_LOCAL,,,DEVICE//DRAINAGE,Stage3J_curated_policy,local_parent_token,medium
MEASUREMENT_BEDSIDE//12775//ml,v4_curated_unmapped,DEVICE//DRAINAGE,,True,,AUMC_LOCAL,,,DEVICE//DRAINAGE,Stage3J_curated_policy,local_parent_token,medium
MEASUREMENT_BEDSIDE//12774//ml,v4_curated_unmapped,DEVICE//DRAINAGE,,True,,AUMC_LOCAL,,,DEVICE//DRAINAGE,Stage3J_curated_policy,local_parent_token,medium
LAB//9961//mmol/l,v4_curated_unmapped,,,False,,,,,,Stage3J_curated_policy,drop_first_pass,unmapped
LAB//10210//nmol/l,v4_curated_unmapped,,,False,,,,,,Stage3J_curated_policy,drop_first_pass,unmapped
MEASUREMENT_BEDSIDE//13092///min,v4_curated_unmapped,,,False,,,,,,Stage3J_curated_policy,drop_first_pass,unmapped
LAB//12062//E/l,v4_curated_unmapped,,,False,,,,,,Stage3J_curated_policy,drop_first_pass,unmapped
LAB//10156//µg/l,v4_curated_unmapped,,,False,,,,,,Stage3J_curated_policy,drop_first_pass,unmapped
LAB//10346//g/l,v4_curated_unmapped,,,False,,,,,,Stage3J_curated_policy,drop_first_pass,unmapped
LAB//10347//g/l,v4_curated_unmapped,,,False,,,,,,Stage3J_curated_policy,drop_first_pass,unmapped
MEASUREMENT_BEDSIDE//13093//mmHg,v4_curated_unmapped,,,False,,,,,,Stage3J_curated_policy,drop_first_pass,unmapped
LAB//11873//Geen,v4_curated_unmapped,,,False,,,,,,Stage3J_curated_policy,drop_first_pass,unmapped
LAB//11874//Geen,v4_curated_unmapped,,,False,,,,,,Stage3J_curated_policy,drop_first_pass,unmapped
MEASUREMENT_BEDSIDE//12509//ml,v4_curated_unmapped,,,False,,,,,,Stage3J_curated_policy,drop_first_pass,unmapped
LAB//11585//Geen,v4_curated_unmapped,,,False,,,,,,Stage3J_curated_policy,drop_first_pass,unmapped
MEASUREMENT_BEDSIDE//14471//Geen,v4_curated_unmapped,,,False,,,,,,Stage3J_curated_policy,drop_first_pass,unmapped
MEASUREMENT_BEDSIDE//14453//Geen,v4_curated_unmapped,,,False,,,,,,Stage3J_curated_policy,drop_first_pass,unmapped
MEASUREMENT_BEDSIDE//18633//UNKNOWN,v4_curated_unmapped,,,False,,,,,,Stage3J_curated_policy,drop_first_pass,unmapped
LAB//14502//g/l,v4_curated_unmapped,,,False,,,,,,Stage3J_curated_policy,drop_first_pass,unmapped
LAB//14504//g/l,v4_curated_unmapped,,,False,,,,,,Stage3J_curated_policy,drop_first_pass,unmapped
LAB//14506//g/l,v4_curated_unmapped,,,False,,,,,,Stage3J_curated_policy,drop_first_pass,unmapped
LAB//14508//g/l,v4_curated_unmapped,,,False,,,,,,Stage3J_curated_policy,drop_first_pass,unmapped
LAB//9984//µmol/l,v4_curated_unmapped,,,False,,,,,,Stage3J_curated_policy,drop_first_pass,unmapped
MEASUREMENT_BEDSIDE//16197//kg,v4_curated_unmapped,,,False,,,,,,Stage3J_curated_policy,drop_first_pass,unmapped
LAB//11959//E/ml,v4_curated_unmapped,,,False,,,,,,Stage3J_curated_policy,drop_first_pass,unmapped
LAB//18952//UNKNOWN,v4_curated_unmapped,,,False,,,,,,Stage3J_curated_policy,drop_first_pass,unmapped
LAB//11865//Geen,v4_curated_unmapped,,,False,,,,,,Stage3J_curated_policy,drop_first_pass,unmapped
LAB//11962//E/ml,v4_curated_unmapped,,,False,,,,,,Stage3J_curated_policy,drop_first_pass,unmapped
MEASUREMENT_BEDSIDE//16198//kg,v4_curated_unmapped,,,False,,,,,,Stage3J_curated_policy,drop_first_pass,unmapped
LAB//11700//Geen,v4_curated_unmapped,,,False,,,,,,Stage3J_curated_policy,drop_first_pass,unmapped
LAB//11695//Geen,v4_curated_unmapped,,,False,,,,,,Stage3J_curated_policy,drop_first_pass,unmapped
LAB//11712//Geen,v4_curated_unmapped,,,False,,,,,,Stage3J_curated_policy,drop_first_pass,unmapped
LAB//11804//Geen,v4_curated_unmapped,,,False,,,,,,Stage3J_curated_policy,drop_first_pass,unmapped
LAB//9926//mmol/l,v4_curated_unmapped,,,False,,,,,,Stage3J_curated_policy,drop_first_pass,unmapped
MEASUREMENT_BEDSIDE//13075///min,v4_curated_unmapped,,,False,,,,,,Stage3J_curated_policy,drop_first_pass,unmapped
MEASUREMENT_BEDSIDE//16637//µmol/l,v4_curated_unmapped,,,False,,,,,,Stage3J_curated_policy,drop_first_pass,unmapped
LAB//11684//g/24uur,v4_curated_unmapped,,,False,,,,,,Stage3J_curated_policy,drop_first_pass,unmapped
LAB//12181//mE/l,v4_curated_unmapped,,,False,,,,,,Stage3J_curated_policy,drop_first_pass,unmapped
LAB//11886//Geen,v4_curated_unmapped,,,False,,,,,,Stage3J_curated_policy,drop_first_pass,unmapped
LAB//10074//nmol/l,v4_curated_unmapped,,,False,,,,,,Stage3J_curated_policy,drop_first_pass,unmapped
LAB//9980//g/l,v4_curated_unmapped,,,False,,,,,,Stage3J_curated_policy,drop_first_pass,unmapped
MEASUREMENT_BEDSIDE//16633//10^9/l,v4_curated_unmapped,,,False,,,,,,Stage3J_curated_policy,drop_first_pass,unmapped
MEASUREMENT_BEDSIDE//16636//mmol/l,v4_curated_unmapped,,,False,,,,,,Stage3J_curated_policy,drop_first_pass,unmapped
LAB//10293//g/l,v4_curated_unmapped,,,False,,,,,,Stage3J_curated_policy,drop_first_pass,unmapped
LAB//6805//µmol,v4_curated_unmapped,,,False,,,,,,Stage3J_curated_policy,drop_first_pass,unmapped
LAB//7109//mmol/l,v4_curated_unmapped,,,False,,,,,,Stage3J_curated_policy,drop_first_pass,unmapped
LAB//9955//mmol/l,v4_curated_unmapped,,,False,,,,,,Stage3J_curated_policy,drop_first_pass,unmapped
MEASUREMENT_BEDSIDE//13068//mmol/l,v4_curated_unmapped,,,False,,,,,,Stage3J_curated_policy,drop_first_pass,unmapped
LAB//10176//min,v4_curated_unmapped,,,False,,,,,,Stage3J_curated_policy,drop_first_pass,unmapped
LAB//9942//µmol/l,v4_curated_unmapped,,,False,,,,,,Stage3J_curated_policy,drop_first_pass,unmapped
MEASUREMENT_BEDSIDE//16638//mmol/l,v4_curated_unmapped,,,False,,,,,,Stage3J_curated_policy,drop_first_pass,unmapped
MEASUREMENT_BEDSIDE//16631//Geen,v4_curated_unmapped,,,False,,,,,,Stage3J_curated_policy,drop_first_pass,unmapped
MEASUREMENT_BEDSIDE//13074//Geen,v4_curated_unmapped,,,False,,,,,,Stage3J_curated_policy,drop_first_pass,unmapped
LAB//11510//Geen,v4_curated_unmapped,,,False,,,,,,Stage3J_curated_policy,drop_first_pass,unmapped
MEASUREMENT_BEDSIDE//13070//mmol/l,v4_curated_unmapped,,,False,,,,,,Stage3J_curated_policy,drop_first_pass,unmapped
LAB//10152//g/l,v4_curated_unmapped,,,False,,,,,,Stage3J_curated_policy,drop_first_pass,unmapped
LAB//10153//g/l,v4_curated_unmapped,,,False,,,,,,Stage3J_curated_policy,drop_first_pass,unmapped
LAB//10154//g/l,v4_curated_unmapped,,,False,,,,,,Stage3J_curated_policy,drop_first_pass,unmapped
LAB//10155//g/l,v4_curated_unmapped,,,False,,,,,,Stage3J_curated_policy,drop_first_pass,unmapped
LAB//12011//E/l,v4_curated_unmapped,,,False,,,,,,Stage3J_curated_policy,drop_first_pass,unmapped
LAB//11951//sec,v4_curated_unmapped,,,False,,,,,,Stage3J_curated_policy,drop_first_pass,unmapped
LAB//9674//mg/l,v4_curated_unmapped,,,False,,,,,,Stage3J_curated_policy,drop_first_pass,unmapped
LAB//11956//E/ml,v4_curated_unmapped,,,False,,,,,,Stage3J_curated_policy,drop_first_pass,unmapped
LAB//18560//g/l,v4_curated_unmapped,,,False,,,,,,Stage3J_curated_policy,drop_first_pass,unmapped
LAB//11682//g/24uur,v4_curated_unmapped,,,False,,,,,,Stage3J_curated_policy,drop_first_pass,unmapped
LAB//12241//mg/24uur,v4_curated_unmapped,,,False,,,,,,Stage3J_curated_policy,drop_first_pass,unmapped
LAB//6791//UNKNOWN,v4_curated_unmapped,,,False,,,,,,Stage3J_curated_policy,drop_first_pass,unmapped
MEASUREMENT_BEDSIDE//18642//UNKNOWN,v4_curated_unmapped,,,False,,,,,,Stage3J_curated_policy,drop_first_pass,unmapped
LAB//12028//E/l,v4_curated_unmapped,,,False,,,,,,Stage3J_curated_policy,drop_first_pass,unmapped
MEASUREMENT_BEDSIDE//16613///min,v4_curated_unmapped,,,False,,,,,,Stage3J_curated_policy,drop_first_pass,unmapped
LAB//11557//Geen,v4_curated_unmapped,,,False,,,,,,Stage3J_curated_policy,drop_first_pass,unmapped
LAB//10197//nmol/l,v4_curated_unmapped,,,False,,,,,,Stage3J_curated_policy,drop_first_pass,unmapped
LAB//10204//nmol/l,v4_curated_unmapped,,,False,,,,,,Stage3J_curated_policy,drop_first_pass,unmapped
LAB//18860//mmol/l,v4_curated_unmapped,,,False,,,,,,Stage3J_curated_policy,drop_first_pass,unmapped
LAB//14315//mg/l,v4_curated_unmapped,,,False,,,,,,Stage3J_curated_policy,drop_first_pass,unmapped
LAB//14318//mg/l,v4_curated_unmapped,,,False,,,,,,Stage3J_curated_policy,drop_first_pass,unmapped
LAB//9981//g/l,v4_curated_unmapped,,,False,,,,,,Stage3J_curated_policy,drop_first_pass,unmapped
LAB//10131//g/l,v4_curated_unmapped,,,False,,,,,,Stage3J_curated_policy,drop_first_pass,unmapped
LAB//14352//g/l,v4_curated_unmapped,,,False,,,,,,Stage3J_curated_policy,drop_first_pass,unmapped
LAB//10336//mmol/l,v4_curated_unmapped,,,False,,,,,,Stage3J_curated_policy,drop_first_pass,unmapped
MEASUREMENT_BEDSIDE//13030//ml,v4_curated_unmapped,,,False,,,,,,Stage3J_curated_policy,drop_first_pass,unmapped
LAB//11898//kE/l,v4_curated_unmapped,,,False,,,,,,Stage3J_curated_policy,drop_first_pass,unmapped
MEASUREMENT_BEDSIDE//12662//°,v4_curated_unmapped,,,False,,,,,,Stage3J_curated_policy,drop_first_pass,unmapped
LAB//11941//nmol/24uur,v4_curated_unmapped,,,False,,,,,,Stage3J_curated_policy,drop_first_pass,unmapped
LAB//14534//µmol/10^11 PLT,v4_curated_unmapped,,,False,,,,,,Stage3J_curated_policy,drop_first_pass,unmapped
MEASUREMENT_BEDSIDE//16639//°C,v4_curated_unmapped,,,False,,,,,,Stage3J_curated_policy,drop_first_pass,unmapped
LAB//10383//mg/l,v4_curated_unmapped,,,False,,,,,,Stage3J_curated_policy,drop_first_pass,unmapped
MEASUREMENT_BEDSIDE//12663//°,v4_curated_unmapped,,,False,,,,,,Stage3J_curated_policy,drop_first_pass,unmapped
MEASUREMENT_BEDSIDE//16494//UNKNOWN,v4_curated_unmapped,,,False,,,,,,Stage3J_curated_policy,drop_first_pass,unmapped
LAB//10209//pmol/l,v4_curated_unmapped,,,False,,,,,,Stage3J_curated_policy,drop_first_pass,unmapped
LAB//11494//Geen,v4_curated_unmapped,,,False,,,,,,Stage3J_curated_policy,drop_first_pass,unmapped
LAB//14328//mg/l,v4_curated_unmapped,,,False,,,,,,Stage3J_curated_policy,drop_first_pass,unmapped
LAB//7821//UNKNOWN,v4_curated_unmapped,OMOP//OMOP_CONCEPT//4095462,,True,,OMOP_CONCEPT,4095462,,Thrombotest,Stage3J_curated_policy,curated_exact_omop_lookup,high
LAB//9804//mg/l,v4_curated_unmapped,,,False,,,,,,Stage3J_curated_policy,drop_first_pass,unmapped
LAB//9985//nmol/l,v4_curated_unmapped,,,False,,,,,,Stage3J_curated_policy,drop_first_pass,unmapped
LAB//10258//µmol/24uur,v4_curated_unmapped,,,False,,,,,,Stage3J_curated_policy,drop_first_pass,unmapped
LAB//10259//µmol/24uur,v4_curated_unmapped,,,False,,,,,,Stage3J_curated_policy,drop_first_pass,unmapped
LAB//14325//mg/l,v4_curated_unmapped,,,False,,,,,,Stage3J_curated_policy,drop_first_pass,unmapped
LAB//14415//Geen,v4_curated_unmapped,,,False,,,,,,Stage3J_curated_policy,drop_first_pass,unmapped
MEASUREMENT_BEDSIDE//8704//ml,v4_curated_unmapped,,,False,,,,,,Stage3J_curated_policy,drop_first_pass,unmapped
LAB//12191//mmol/l,v4_curated_unmapped,,,False,,,,,,Stage3J_curated_policy,drop_first_pass,unmapped
LAB//10230//pmol/l,v4_curated_unmapped,,,False,,,,,,Stage3J_curated_policy,drop_first_pass,unmapped
MEASUREMENT_BEDSIDE//13496//ml,v4_curated_unmapped,,,False,,,,,,Stage3J_curated_policy,drop_first_pass,unmapped
MEASUREMENT_BEDSIDE//20631//Geen,v4_curated_unmapped,,,False,,,,,,Stage3J_curated_policy,drop_first_pass,unmapped
LAB//11965//µl,v4_curated_unmapped,,,False,,,,,,Stage3J_curated_policy,drop_first_pass,unmapped
MEASUREMENT_BEDSIDE//18635//UNKNOWN,v4_curated_unmapped,,,False,,,,,,Stage3J_curated_policy,drop_first_pass,unmapped
MEASUREMENT_BEDSIDE//20134//UNKNOWN,v4_curated_unmapped,,,False,,,,,,Stage3J_curated_policy,drop_first_pass,unmapped
LAB//10163//mg/l,v4_curated_unmapped,,,False,,,,,,Stage3J_curated_policy,drop_first_pass,unmapped
LAB//10167//µg/l,v4_curated_unmapped,,,False,,,,,,Stage3J_curated_policy,drop_first_pass,unmapped
LAB//10356//10^9/l,v4_curated_unmapped,,,False,,,,,,Stage3J_curated_policy,drop_first_pass,unmapped
LAB//11784//Geen,v4_curated_unmapped,,,False,,,,,,Stage3J_curated_policy,drop_first_pass,unmapped
LAB//12156//E/ml,v4_curated_unmapped,,,False,,,,,,Stage3J_curated_policy,drop_first_pass,unmapped
LAB//14331//Geen,v4_curated_unmapped,,,False,,,,,,Stage3J_curated_policy,drop_first_pass,unmapped
LAB//14522//mg/l,v4_curated_unmapped,,,False,,,,,,Stage3J_curated_policy,drop_first_pass,unmapped
MEASUREMENT_BEDSIDE//14481//°C,v4_curated_unmapped,,,False,,,,,,Stage3J_curated_policy,drop_first_pass,unmapped
LAB//12140//IE/ml,v4_curated_unmapped,,,False,,,,,,Stage3J_curated_policy,drop_first_pass,unmapped
LAB//14320//Geen,v4_curated_unmapped,,,False,,,,,,Stage3J_curated_policy,drop_first_pass,unmapped
LAB//10064//mmol/l,v4_curated_unmapped,,,False,,,,,,Stage3J_curated_policy,drop_first_pass,unmapped
LAB//10076//µmol/l,v4_curated_unmapped,,,False,,,,,,Stage3J_curated_policy,drop_first_pass,unmapped
LAB//11511//Geen,v4_curated_unmapped,,,False,,,,,,Stage3J_curated_policy,drop_first_pass,unmapped
LAB//17990//Geen,v4_curated_unmapped,,,False,,,,,,Stage3J_curated_policy,drop_first_pass,unmapped
LAB//17997//min,v4_curated_unmapped,,,False,,,,,,Stage3J_curated_policy,drop_first_pass,unmapped
MEASUREMENT_BEDSIDE//12671//Geen,v4_curated_unmapped,,,False,,,,,,Stage3J_curated_policy,drop_first_pass,unmapped
MEASUREMENT_BEDSIDE//12672//Geen,v4_curated_unmapped,,,False,,,,,,Stage3J_curated_policy,drop_first_pass,unmapped
MEASUREMENT_BEDSIDE//12673//Geen,v4_curated_unmapped,,,False,,,,,,Stage3J_curated_policy,drop_first_pass,unmapped
MEASUREMENT_BEDSIDE//12674//Geen,v4_curated_unmapped,,,False,,,,,,Stage3J_curated_policy,drop_first_pass,unmapped
MEASUREMENT_BEDSIDE//12675//Geen,v4_curated_unmapped,,,False,,,,,,Stage3J_curated_policy,drop_first_pass,unmapped
MEASUREMENT_BEDSIDE//12676//Geen,v4_curated_unmapped,,,False,,,,,,Stage3J_curated_policy,drop_first_pass,unmapped
LAB//10751//nmol/l,v4_curated_unmapped,,,False,,,,,,Stage3J_curated_policy,drop_first_pass,unmapped
LAB//11491//Geen,v4_curated_unmapped,,,False,,,,,,Stage3J_curated_policy,drop_first_pass,unmapped
MEASUREMENT_BEDSIDE//18636//UNKNOWN,v4_curated_unmapped,,,False,,,,,,Stage3J_curated_policy,drop_first_pass,unmapped
LAB//10075//µmol/l,v4_curated_unmapped,,,False,,,,,,Stage3J_curated_policy,drop_first_pass,unmapped
LAB//11673//10^7/kg,v4_curated_unmapped,,,False,,,,,,Stage3J_curated_policy,drop_first_pass,unmapped
LAB//11877//Geen,v4_curated_unmapped,,,False,,,,,,Stage3J_curated_policy,drop_first_pass,unmapped
LAB//12312//nmol/10^9 PLT,v4_curated_unmapped,,,False,,,,,,Stage3J_curated_policy,drop_first_pass,unmapped
LAB//18571//uur,v4_curated_unmapped,,,False,,,,,,Stage3J_curated_policy,drop_first_pass,unmapped
LAB//18867//g/l,v4_curated_unmapped,,,False,,,,,,Stage3J_curated_policy,drop_first_pass,unmapped
LAB//7000//µmol,v4_curated_unmapped,,,False,,,,,,Stage3J_curated_policy,drop_first_pass,unmapped
LAB//7136//g/l,v4_curated_unmapped,,,False,,,,,,Stage3J_curated_policy,drop_first_pass,unmapped
LAB//8912//mmol/l,v4_curated_unmapped,,,False,,,,,,Stage3J_curated_policy,drop_first_pass,unmapped
LAB//10368//µmol/l,v4_curated_unmapped,,,False,,,,,,Stage3J_curated_policy,drop_first_pass,unmapped
LAB//10384//mg/l,v4_curated_unmapped,,,False,,,,,,Stage3J_curated_policy,drop_first_pass,unmapped
LAB//11670//10^6/kg,v4_curated_unmapped,,,False,,,,,,Stage3J_curated_policy,drop_first_pass,unmapped
LAB//11671//10^6/kg,v4_curated_unmapped,,,False,,,,,,Stage3J_curated_policy,drop_first_pass,unmapped
LAB//11689//%Blast +,v4_curated_unmapped,,,False,,,,,,Stage3J_curated_policy,drop_first_pass,unmapped
LAB//18363//kg,v4_curated_unmapped,,,False,,,,,,Stage3J_curated_policy,drop_first_pass,unmapped
LAB//18438//cm,v4_curated_unmapped,,,False,,,,,,Stage3J_curated_policy,drop_first_pass,unmapped
LAB//18526//Geen,v4_curated_unmapped,,,False,,,,,,Stage3J_curated_policy,drop_first_pass,unmapped
LAB//18927//µmol/24uur,v4_curated_unmapped,,,False,,,,,,Stage3J_curated_policy,drop_first_pass,unmapped
MEASUREMENT_BEDSIDE//12650//°,v4_curated_unmapped,,,False,,,,,,Stage3J_curated_policy,drop_first_pass,unmapped
LAB//10252//µmol/24uur,v4_curated_unmapped,,,False,,,,,,Stage3J_curated_policy,drop_first_pass,unmapped
LAB//11672//10^7/kg,v4_curated_unmapped,,,False,,,,,,Stage3J_curated_policy,drop_first_pass,unmapped
LAB//11678//10^8,v4_curated_unmapped,,,False,,,,,,Stage3J_curated_policy,drop_first_pass,unmapped
LAB//11736//Geen,v4_curated_unmapped,,,False,,,,,,Stage3J_curated_policy,drop_first_pass,unmapped
LAB//12147//µg/l,v4_curated_unmapped,,,False,,,,,,Stage3J_curated_policy,drop_first_pass,unmapped
LAB//18561//g/l,v4_curated_unmapped,,,False,,,,,,Stage3J_curated_policy,drop_first_pass,unmapped
LAB//11759//Geen,v4_curated_unmapped,,,False,,,,,,Stage3J_curated_policy,drop_first_pass,unmapped
LAB//11779//Geen,v4_curated_unmapped,,,False,,,,,,Stage3J_curated_policy,drop_first_pass,unmapped
LAB//11860//Geen,v4_curated_unmapped,,,False,,,,,,Stage3J_curated_policy,drop_first_pass,unmapped
LAB//11883//Geen,v4_curated_unmapped,,,False,,,,,,Stage3J_curated_policy,drop_first_pass,unmapped
LAB//11885//Geen,v4_curated_unmapped,,,False,,,,,,Stage3J_curated_policy,drop_first_pass,unmapped
LAB//11896//kE/l,v4_curated_unmapped,,,False,,,,,,Stage3J_curated_policy,drop_first_pass,unmapped
LAB//11996//E/l,v4_curated_unmapped,,,False,,,,,,Stage3J_curated_policy,drop_first_pass,unmapped
LAB//14354//g/l,v4_curated_unmapped,,,False,,,,,,Stage3J_curated_policy,drop_first_pass,unmapped
LAB//18258//µg/l,v4_curated_unmapped,,,False,,,,,,Stage3J_curated_policy,drop_first_pass,unmapped
LAB//18503//Geen,v4_curated_unmapped,,,False,,,,,,Stage3J_curated_policy,drop_first_pass,unmapped
LAB//6820//mmol/l,v4_curated_unmapped,OMOP//OMOP_CONCEPT//4224820,,True,,OMOP_CONCEPT,4224820,,Cholesterol,Stage3J_curated_policy,curated_exact_omop_lookup,high
MEASUREMENT_BEDSIDE//12651//°,v4_curated_unmapped,,,False,,,,,,Stage3J_curated_policy,drop_first_pass,unmapped
MEASUREMENT_BEDSIDE//16612//mmHg,v4_curated_unmapped,,,False,,,,,,Stage3J_curated_policy,drop_first_pass,unmapped
LAB//10139//g/l,v4_curated_unmapped,,,False,,,,,,Stage3J_curated_policy,drop_first_pass,unmapped
LAB//10157//µg/l,v4_curated_unmapped,,,False,,,,,,Stage3J_curated_policy,drop_first_pass,unmapped
LAB//10193//nmol/l,v4_curated_unmapped,,,False,,,,,,Stage3J_curated_policy,drop_first_pass,unmapped
LAB//10283//ml/dl,v4_curated_unmapped,,,False,,,,,,Stage3J_curated_policy,drop_first_pass,unmapped
LAB//10318//µmol/l,v4_curated_unmapped,,,False,,,,,,Stage3J_curated_policy,drop_first_pass,unmapped
LAB//11754//Geen,v4_curated_unmapped,,,False,,,,,,Stage3J_curated_policy,drop_first_pass,unmapped
LAB//11765//Geen,v4_curated_unmapped,,,False,,,,,,Stage3J_curated_policy,drop_first_pass,unmapped
LAB//11786//Geen,v4_curated_unmapped,,,False,,,,,,Stage3J_curated_policy,drop_first_pass,unmapped
LAB//11919//mosmol/kg,v4_curated_unmapped,,,False,,,,,,Stage3J_curated_policy,drop_first_pass,unmapped
LAB//12215//µmol/24uur,v4_curated_unmapped,,,False,,,,,,Stage3J_curated_policy,drop_first_pass,unmapped
LAB//14322//mg/l,v4_curated_unmapped,,,False,,,,,,Stage3J_curated_policy,drop_first_pass,unmapped
LAB//14498//pmol/RBC,v4_curated_unmapped,,,False,,,,,,Stage3J_curated_policy,drop_first_pass,unmapped
LAB//14686//µg/l,v4_curated_unmapped,,,False,,,,,,Stage3J_curated_policy,drop_first_pass,unmapped
LAB//18041//Geen,v4_curated_unmapped,,,False,,,,,,Stage3J_curated_policy,drop_first_pass,unmapped
LAB//18124//10^6/kg,v4_curated_unmapped,,,False,,,,,,Stage3J_curated_policy,drop_first_pass,unmapped
LAB//18210//Geen,v4_curated_unmapped,,,False,,,,,,Stage3J_curated_policy,drop_first_pass,unmapped
LAB//18274//10^6/kg,v4_curated_unmapped,,,False,,,,,,Stage3J_curated_policy,drop_first_pass,unmapped
LAB//18278//10^7/kg,v4_curated_unmapped,,,False,,,,,,Stage3J_curated_policy,drop_first_pass,unmapped
LAB//18289//Geen,v4_curated_unmapped,,,False,,,,,,Stage3J_curated_policy,drop_first_pass,unmapped
LAB//18297//Geen,v4_curated_unmapped,,,False,,,,,,Stage3J_curated_policy,drop_first_pass,unmapped
LAB//18315//Geen,v4_curated_unmapped,,,False,,,,,,Stage3J_curated_policy,drop_first_pass,unmapped
LAB//18413//IE/ml,v4_curated_unmapped,,,False,,,,,,Stage3J_curated_policy,drop_first_pass,unmapped
LAB//18502//Geen,v4_curated_unmapped,,,False,,,,,,Stage3J_curated_policy,drop_first_pass,unmapped
LAB//18528//mg/l,v4_curated_unmapped,,,False,,,,,,Stage3J_curated_policy,drop_first_pass,unmapped
LAB//18531//Geen,v4_curated_unmapped,,,False,,,,,,Stage3J_curated_policy,drop_first_pass,unmapped
LAB//18532//10^7/kg,v4_curated_unmapped,,,False,,,,,,Stage3J_curated_policy,drop_first_pass,unmapped
LAB//18553//10^8,v4_curated_unmapped,,,False,,,,,,Stage3J_curated_policy,drop_first_pass,unmapped
LAB//18569//µg/l,v4_curated_unmapped,,,False,,,,,,Stage3J_curated_policy,drop_first_pass,unmapped
LAB//6798//sec,v4_curated_unmapped,,,False,,,,,,Stage3J_curated_policy,drop_first_pass,unmapped
LAB//9682//µg/l,v4_curated_unmapped,,,False,,,,,,Stage3J_curated_policy,drop_first_pass,unmapped
LAB//10072//µmol/l,v4_curated_unmapped,,,False,,,,,,Stage3J_curated_policy,drop_first_pass,unmapped
LAB//10141//g/l,v4_curated_unmapped,,,False,,,,,,Stage3J_curated_policy,drop_first_pass,unmapped
LAB//10191//nmol/l,v4_curated_unmapped,,,False,,,,,,Stage3J_curated_policy,drop_first_pass,unmapped
LAB//10202//pmol/l,v4_curated_unmapped,,,False,,,,,,Stage3J_curated_policy,drop_first_pass,unmapped
LAB//10415//µg/l,v4_curated_unmapped,,,False,,,,,,Stage3J_curated_policy,drop_first_pass,unmapped
LAB//11615//Geen,v4_curated_unmapped,,,False,,,,,,Stage3J_curated_policy,drop_first_pass,unmapped
LAB//11699//Geen,v4_curated_unmapped,,,False,,,,,,Stage3J_curated_policy,drop_first_pass,unmapped
LAB//11871//Geen,v4_curated_unmapped,,,False,,,,,,Stage3J_curated_policy,drop_first_pass,unmapped
LAB//11884//Geen,v4_curated_unmapped,,,False,,,,,,Stage3J_curated_policy,drop_first_pass,unmapped
LAB//12013//E/l,v4_curated_unmapped,,,False,,,,,,Stage3J_curated_policy,drop_first_pass,unmapped
LAB//17987//Geen,v4_curated_unmapped,,,False,,,,,,Stage3J_curated_policy,drop_first_pass,unmapped
LAB//18270//µg/l,v4_curated_unmapped,,,False,,,,,,Stage3J_curated_policy,drop_first_pass,unmapped
LAB//18538//Geen,v4_curated_unmapped,,,False,,,,,,Stage3J_curated_policy,drop_first_pass,unmapped
LAB//19175//mE/l,v4_curated_unmapped,,,False,,,,,,Stage3J_curated_policy,drop_first_pass,unmapped
LAB//19391//mmol/l,v4_curated_unmapped,,,False,,,,,,Stage3J_curated_policy,drop_first_pass,unmapped
LAB//9983//nmol/l,v4_curated_unmapped,,,False,,,,,,Stage3J_curated_policy,drop_first_pass,unmapped
MEASUREMENT_BEDSIDE//12648//°,v4_curated_unmapped,,,False,,,,,,Stage3J_curated_policy,drop_first_pass,unmapped
MEASUREMENT_BEDSIDE//12649//°,v4_curated_unmapped,,,False,,,,,,Stage3J_curated_policy,drop_first_pass,unmapped
MEASUREMENT_BEDSIDE//14455///min,v4_curated_unmapped,,,False,,,,,,Stage3J_curated_policy,drop_first_pass,unmapped
MEASUREMENT_BEDSIDE//14467//Geen,v4_curated_unmapped,,,False,,,,,,Stage3J_curated_policy,drop_first_pass,unmapped
LAB//10077//µmol/l,v4_curated_unmapped,,,False,,,,,,Stage3J_curated_policy,drop_first_pass,unmapped
LAB//10142//g/l,v4_curated_unmapped,,,False,,,,,,Stage3J_curated_policy,drop_first_pass,unmapped
LAB//10263//mg/l,v4_curated_unmapped,,,False,,,,,,Stage3J_curated_policy,drop_first_pass,unmapped
LAB//10304//mmol/l,v4_curated_unmapped,,,False,,,,,,Stage3J_curated_policy,drop_first_pass,unmapped
LAB//10324//µmol/l,v4_curated_unmapped,,,False,,,,,,Stage3J_curated_policy,drop_first_pass,unmapped
LAB//10363//nmol/l,v4_curated_unmapped,,,False,,,,,,Stage3J_curated_policy,drop_first_pass,unmapped
LAB//10401//mmHg,v4_curated_unmapped,,,False,,,,,,Stage3J_curated_policy,drop_first_pass,unmapped
LAB//11735//Geen,v4_curated_unmapped,,,False,,,,,,Stage3J_curated_policy,drop_first_pass,unmapped
LAB//11753//Geen,v4_curated_unmapped,,,False,,,,,,Stage3J_curated_policy,drop_first_pass,unmapped
LAB//11764//Geen,v4_curated_unmapped,,,False,,,,,,Stage3J_curated_policy,drop_first_pass,unmapped
LAB//11778//Geen,v4_curated_unmapped,,,False,,,,,,Stage3J_curated_policy,drop_first_pass,unmapped
LAB//11785//Geen,v4_curated_unmapped,,,False,,,,,,Stage3J_curated_policy,drop_first_pass,unmapped
LAB//11834//Geen,v4_curated_unmapped,,,False,,,,,,Stage3J_curated_policy,drop_first_pass,unmapped
LAB//11836//Geen,v4_curated_unmapped,,,False,,,,,,Stage3J_curated_policy,drop_first_pass,unmapped
LAB//11838//Geen,v4_curated_unmapped,,,False,,,,,,Stage3J_curated_policy,drop_first_pass,unmapped
LAB//11840//Geen,v4_curated_unmapped,,,False,,,,,,Stage3J_curated_policy,drop_first_pass,unmapped
LAB//11842//Geen,v4_curated_unmapped,,,False,,,,,,Stage3J_curated_policy,drop_first_pass,unmapped
LAB//11870//Geen,v4_curated_unmapped,,,False,,,,,,Stage3J_curated_policy,drop_first_pass,unmapped
LAB//11948//sec,v4_curated_unmapped,,,False,,,,,,Stage3J_curated_policy,drop_first_pass,unmapped
LAB//11955//E/ml,v4_curated_unmapped,,,False,,,,,,Stage3J_curated_policy,drop_first_pass,unmapped
LAB//12162//µmol/24uur,v4_curated_unmapped,,,False,,,,,,Stage3J_curated_policy,drop_first_pass,unmapped
LAB//14262//Geen,v4_curated_unmapped,,,False,,,,,,Stage3J_curated_policy,drop_first_pass,unmapped
LAB//14299//kcal/kg,v4_curated_unmapped,,,False,,,,,,Stage3J_curated_policy,drop_first_pass,unmapped
LAB//14301//Geen,v4_curated_unmapped,,,False,,,,,,Stage3J_curated_policy,drop_first_pass,unmapped
LAB//14319//mg/l,v4_curated_unmapped,,,False,,,,,,Stage3J_curated_policy,drop_first_pass,unmapped
LAB//14539//µg/g,v4_curated_unmapped,,,False,,,,,,Stage3J_curated_policy,drop_first_pass,unmapped
LAB//15442//kopie/ml,v4_curated_unmapped,,,False,,,,,,Stage3J_curated_policy,drop_first_pass,unmapped
LAB//17963//mg/g,v4_curated_unmapped,,,False,,,,,,Stage3J_curated_policy,drop_first_pass,unmapped
LAB//17973//Geen,v4_curated_unmapped,,,False,,,,,,Stage3J_curated_policy,drop_first_pass,unmapped
LAB//18053//%neg,v4_curated_unmapped,,,False,,,,,,Stage3J_curated_policy,drop_first_pass,unmapped
LAB//18102//%neg,v4_curated_unmapped,,,False,,,,,,Stage3J_curated_policy,drop_first_pass,unmapped
LAB//18125//10^6/kg,v4_curated_unmapped,,,False,,,,,,Stage3J_curated_policy,drop_first_pass,unmapped
LAB//18142//Geen,v4_curated_unmapped,,,False,,,,,,Stage3J_curated_policy,drop_first_pass,unmapped
LAB//18275//10^6/kg,v4_curated_unmapped,,,False,,,,,,Stage3J_curated_policy,drop_first_pass,unmapped
LAB//18280//10^7/kg,v4_curated_unmapped,,,False,,,,,,Stage3J_curated_policy,drop_first_pass,unmapped
LAB//18344//%neg,v4_curated_unmapped,,,False,,,,,,Stage3J_curated_policy,drop_first_pass,unmapped
LAB//18348//%neg,v4_curated_unmapped,,,False,,,,,,Stage3J_curated_policy,drop_first_pass,unmapped
LAB//18430//µmol/l,v4_curated_unmapped,,,False,,,,,,Stage3J_curated_policy,drop_first_pass,unmapped
LAB//18535//Geen,v4_curated_unmapped,,,False,,,,,,Stage3J_curated_policy,drop_first_pass,unmapped
LAB//18536//10^7/kg,v4_curated_unmapped,,,False,,,,,,Stage3J_curated_policy,drop_first_pass,unmapped
LAB//18554//10^8,v4_curated_unmapped,,,False,,,,,,Stage3J_curated_policy,drop_first_pass,unmapped
LAB//18557//10^8,v4_curated_unmapped,,,False,,,,,,Stage3J_curated_policy,drop_first_pass,unmapped
LAB//18864//ng/l,v4_curated_unmapped,,,False,,,,,,Stage3J_curated_policy,drop_first_pass,unmapped
LAB//20246//% I.S.,v4_curated_unmapped,,,False,,,,,,Stage3J_curated_policy,drop_first_pass,unmapped
MEASUREMENT_BEDSIDE//12658//°,v4_curated_unmapped,,,False,,,,,,Stage3J_curated_policy,drop_first_pass,unmapped
MEASUREMENT_BEDSIDE//20072//ml,v4_curated_unmapped,,,False,,,,,,Stage3J_curated_policy,drop_first_pass,unmapped
LAB//10000//mg/l,v4_curated_unmapped,,,False,,,,,,Stage3J_curated_policy,drop_first_pass,unmapped
LAB//10038//µg/l,v4_curated_unmapped,,,False,,,,,,Stage3J_curated_policy,drop_first_pass,unmapped
LAB//10164//µg/l,v4_curated_unmapped,,,False,,,,,,Stage3J_curated_policy,drop_first_pass,unmapped
LAB//10207//nmol/l,v4_curated_unmapped,,,False,,,,,,Stage3J_curated_policy,drop_first_pass,unmapped
LAB//10301//mmol/l,v4_curated_unmapped,,,False,,,,,,Stage3J_curated_policy,drop_first_pass,unmapped
LAB//10319//µmol/l,v4_curated_unmapped,,,False,,,,,,Stage3J_curated_policy,drop_first_pass,unmapped
LAB//10322//µmol/l,v4_curated_unmapped,,,False,,,,,,Stage3J_curated_policy,drop_first_pass,unmapped
LAB//10325//µmol/l,v4_curated_unmapped,,,False,,,,,,Stage3J_curated_policy,drop_first_pass,unmapped
LAB//11425//Geen,v4_curated_unmapped,,,False,,,,,,Stage3J_curated_policy,drop_first_pass,unmapped
LAB//11929//ng/l,v4_curated_unmapped,,,False,,,,,,Stage3J_curated_policy,drop_first_pass,unmapped
LAB//11950//sec,v4_curated_unmapped,,,False,,,,,,Stage3J_curated_policy,drop_first_pass,unmapped
LAB//12213//µmol/24uur,v4_curated_unmapped,,,False,,,,,,Stage3J_curated_policy,drop_first_pass,unmapped
LAB//14251//pmol/l,v4_curated_unmapped,,,False,,,,,,Stage3J_curated_policy,drop_first_pass,unmapped
LAB//14525//ng/l,v4_curated_unmapped,,,False,,,,,,Stage3J_curated_policy,drop_first_pass,unmapped
LAB//14541//µmol/l,v4_curated_unmapped,,,False,,,,,,Stage3J_curated_policy,drop_first_pass,unmapped
LAB//15565//µg/l,v4_curated_unmapped,,,False,,,,,,Stage3J_curated_policy,drop_first_pass,unmapped
LAB//17986//Geen,v4_curated_unmapped,,,False,,,,,,Stage3J_curated_policy,drop_first_pass,unmapped
LAB//18040//Geen,v4_curated_unmapped,,,False,,,,,,Stage3J_curated_policy,drop_first_pass,unmapped
LAB//18069//Geen,v4_curated_unmapped,,,False,,,,,,Stage3J_curated_policy,drop_first_pass,unmapped
LAB//18123//Geen,v4_curated_unmapped,,,False,,,,,,Stage3J_curated_policy,drop_first_pass,unmapped
LAB//18141//Geen,v4_curated_unmapped,,,False,,,,,,Stage3J_curated_policy,drop_first_pass,unmapped
LAB//18209//Geen,v4_curated_unmapped,,,False,,,,,,Stage3J_curated_policy,drop_first_pass,unmapped
LAB//18221//%neg,v4_curated_unmapped,,,False,,,,,,Stage3J_curated_policy,drop_first_pass,unmapped
LAB//18288//Geen,v4_curated_unmapped,,,False,,,,,,Stage3J_curated_policy,drop_first_pass,unmapped
LAB//18296//Geen,v4_curated_unmapped,,,False,,,,,,Stage3J_curated_policy,drop_first_pass,unmapped
LAB//18314//Geen,v4_curated_unmapped,,,False,,,,,,Stage3J_curated_policy,drop_first_pass,unmapped
LAB//18380//IE/ml,v4_curated_unmapped,,,False,,,,,,Stage3J_curated_policy,drop_first_pass,unmapped
LAB//18486//µmol/24uur,v4_curated_unmapped,,,False,,,,,,Stage3J_curated_policy,drop_first_pass,unmapped
LAB//18492//Geen,v4_curated_unmapped,,,False,,,,,,Stage3J_curated_policy,drop_first_pass,unmapped
LAB//18500//Geen,v4_curated_unmapped,,,False,,,,,,Stage3J_curated_policy,drop_first_pass,unmapped
LAB//18518//Geen,v4_curated_unmapped,,,False,,,,,,Stage3J_curated_policy,drop_first_pass,unmapped
LAB//18537//Geen,v4_curated_unmapped,,,False,,,,,,Stage3J_curated_policy,drop_first_pass,unmapped
LAB//18565//sec,v4_curated_unmapped,,,False,,,,,,Stage3J_curated_policy,drop_first_pass,unmapped
LAB//19348//mg.uur/l,v4_curated_unmapped,,,False,,,,,,Stage3J_curated_policy,drop_first_pass,unmapped
LAB//19766//kopie/ml,v4_curated_unmapped,,,False,,,,,,Stage3J_curated_policy,drop_first_pass,unmapped
LAB//20207//IE/l,v4_curated_unmapped,,,False,,,,,,Stage3J_curated_policy,drop_first_pass,unmapped
LAB//6815//mmol/l,v4_curated_unmapped,,,False,,,,,,Stage3J_curated_policy,drop_first_pass,unmapped
LAB//7078//pmol/l,v4_curated_unmapped,,,False,,,,,,Stage3J_curated_policy,drop_first_pass,unmapped
LAB//7108//ml/min,v4_curated_unmapped,,,False,,,,,,Stage3J_curated_policy,drop_first_pass,unmapped
LAB//7847//mmol/l,v4_curated_unmapped,,,False,,,,,,Stage3J_curated_policy,drop_first_pass,unmapped
LAB//9982//mg/l,v4_curated_unmapped,,,False,,,,,,Stage3J_curated_policy,drop_first_pass,unmapped
MEASUREMENT_BEDSIDE//12654//°,v4_curated_unmapped,,,False,,,,,,Stage3J_curated_policy,drop_first_pass,unmapped
MEASUREMENT_BEDSIDE//12655//°,v4_curated_unmapped,,,False,,,,,,Stage3J_curated_policy,drop_first_pass,unmapped
MEASUREMENT_BEDSIDE//14473//Geen,v4_curated_unmapped,,,False,,,,,,Stage3J_curated_policy,drop_first_pass,unmapped
MEASUREMENT_BEDSIDE//14475//10^9/l,v4_curated_unmapped,,,False,,,,,,Stage3J_curated_policy,drop_first_pass,unmapped
MEASUREMENT_BEDSIDE//14478//mmol/l,v4_curated_unmapped,,,False,,,,,,Stage3J_curated_policy,drop_first_pass,unmapped
MEASUREMENT_BEDSIDE//14479//µmol/l,v4_curated_unmapped,,,False,,,,,,Stage3J_curated_policy,drop_first_pass,unmapped
MEASUREMENT_BEDSIDE//14480//mmol/l,v4_curated_unmapped,,,False,,,,,,Stage3J_curated_policy,drop_first_pass,unmapped
LAB//10004//mg/l,v4_curated_unmapped,,,False,,,,,,Stage3J_curated_policy,drop_first_pass,unmapped
LAB//10008//µg/l,v4_curated_unmapped,,,False,,,,,,Stage3J_curated_policy,drop_first_pass,unmapped
LAB//10120//g/l,v4_curated_unmapped,,,False,,,,,,Stage3J_curated_policy,drop_first_pass,unmapped
LAB//10178//min,v4_curated_unmapped,,,False,,,,,,Stage3J_curated_policy,drop_first_pass,unmapped
LAB//10179//min,v4_curated_unmapped,,,False,,,,,,Stage3J_curated_policy,drop_first_pass,unmapped
LAB//10182//10^9/l,v4_curated_unmapped,,,False,,,,,,Stage3J_curated_policy,drop_first_pass,unmapped
LAB//10183//10^9/l,v4_curated_unmapped,,,False,,,,,,Stage3J_curated_policy,drop_first_pass,unmapped
LAB//10184//10^9/l,v4_curated_unmapped,,,False,,,,,,Stage3J_curated_policy,drop_first_pass,unmapped
LAB//10186//ml,v4_curated_unmapped,,,False,,,,,,Stage3J_curated_policy,drop_first_pass,unmapped
LAB//10199//nmol/l,v4_curated_unmapped,,,False,,,,,,Stage3J_curated_policy,drop_first_pass,unmapped
LAB//10300//mmol/l,v4_curated_unmapped,,,False,,,,,,Stage3J_curated_policy,drop_first_pass,unmapped
LAB//10351//mg/l,v4_curated_unmapped,,,False,,,,,,Stage3J_curated_policy,drop_first_pass,unmapped
LAB//10353//mg/l,v4_curated_unmapped,,,False,,,,,,Stage3J_curated_policy,drop_first_pass,unmapped
LAB//10358//fl,v4_curated_unmapped,,,False,,,,,,Stage3J_curated_policy,drop_first_pass,unmapped
LAB//10365//nmol/l,v4_curated_unmapped,,,False,,,,,,Stage3J_curated_policy,drop_first_pass,unmapped
LAB//10369//µmol/l,v4_curated_unmapped,,,False,,,,,,Stage3J_curated_policy,drop_first_pass,unmapped
LAB//10370//µmol/l,v4_curated_unmapped,,,False,,,,,,Stage3J_curated_policy,drop_first_pass,unmapped
LAB//10381//µmol/l,v4_curated_unmapped,,,False,,,,,,Stage3J_curated_policy,drop_first_pass,unmapped
LAB//10390//mmol/l,v4_curated_unmapped,,,False,,,,,,Stage3J_curated_policy,drop_first_pass,unmapped
LAB//10394//nmol/l,v4_curated_unmapped,,,False,,,,,,Stage3J_curated_policy,drop_first_pass,unmapped
LAB//10408//µg/l,v4_curated_unmapped,,,False,,,,,,Stage3J_curated_policy,drop_first_pass,unmapped
LAB//10410//µg/l,v4_curated_unmapped,,,False,,,,,,Stage3J_curated_policy,drop_first_pass,unmapped
LAB//10421//mg/l,v4_curated_unmapped,,,False,,,,,,Stage3J_curated_policy,drop_first_pass,unmapped
LAB//11426//Geen,v4_curated_unmapped,,,False,,,,,,Stage3J_curated_policy,drop_first_pass,unmapped
LAB//11669//10^4/kg,v4_curated_unmapped,,,False,,,,,,Stage3J_curated_policy,drop_first_pass,unmapped
LAB//11674//10^6,v4_curated_unmapped,,,False,,,,,,Stage3J_curated_policy,drop_first_pass,unmapped
LAB//11717//Geen,v4_curated_unmapped,,,False,,,,,,Stage3J_curated_policy,drop_first_pass,unmapped
LAB//11787//Geen,v4_curated_unmapped,,,False,,,,,,Stage3J_curated_policy,drop_first_pass,unmapped
LAB//11852//Geen,v4_curated_unmapped,,,False,,,,,,Stage3J_curated_policy,drop_first_pass,unmapped
LAB//11869//Geen,v4_curated_unmapped,,,False,,,,,,Stage3J_curated_policy,drop_first_pass,unmapped
LAB//11872//Geen,v4_curated_unmapped,,,False,,,,,,Stage3J_curated_policy,drop_first_pass,unmapped
LAB//11888//Geen,v4_curated_unmapped,,,False,,,,,,Stage3J_curated_policy,drop_first_pass,unmapped
LAB//11936//ng/ml/uur,v4_curated_unmapped,,,False,,,,,,Stage3J_curated_policy,drop_first_pass,unmapped
LAB//11970//E/l,v4_curated_unmapped,,,False,,,,,,Stage3J_curated_policy,drop_first_pass,unmapped
LAB//11983//E/l,v4_curated_unmapped,,,False,,,,,,Stage3J_curated_policy,drop_first_pass,unmapped
LAB//11994//E/l,v4_curated_unmapped,,,False,,,,,,Stage3J_curated_policy,drop_first_pass,unmapped
LAB//12026//E/l,v4_curated_unmapped,,,False,,,,,,Stage3J_curated_policy,drop_first_pass,unmapped
LAB//12046//E/l,v4_curated_unmapped,,,False,,,,,,Stage3J_curated_policy,drop_first_pass,unmapped
LAB//12072//E/l,v4_curated_unmapped,,,False,,,,,,Stage3J_curated_policy,drop_first_pass,unmapped
LAB//12233//µmol/24uur,v4_curated_unmapped,,,False,,,,,,Stage3J_curated_policy,drop_first_pass,unmapped
LAB//12254//mmol/24uur,v4_curated_unmapped,,,False,,,,,,Stage3J_curated_policy,drop_first_pass,unmapped
LAB//14224//10^9/l,v4_curated_unmapped,,,False,,,,,,Stage3J_curated_policy,drop_first_pass,unmapped
LAB//14263//Geen,v4_curated_unmapped,,,False,,,,,,Stage3J_curated_policy,drop_first_pass,unmapped
LAB//14272//Geen,v4_curated_unmapped,,,False,,,,,,Stage3J_curated_policy,drop_first_pass,unmapped
LAB//14273//Geen,v4_curated_unmapped,,,False,,,,,,Stage3J_curated_policy,drop_first_pass,unmapped
LAB//14275//ng/l,v4_curated_unmapped,,,False,,,,,,Stage3J_curated_policy,drop_first_pass,unmapped
LAB//14276//ng/l,v4_curated_unmapped,,,False,,,,,,Stage3J_curated_policy,drop_first_pass,unmapped
LAB//14277//ng/l,v4_curated_unmapped,,,False,,,,,,Stage3J_curated_policy,drop_first_pass,unmapped
LAB//14293//Geen,v4_curated_unmapped,,,False,,,,,,Stage3J_curated_policy,drop_first_pass,unmapped
LAB//14327//mg/l,v4_curated_unmapped,,,False,,,,,,Stage3J_curated_policy,drop_first_pass,unmapped
LAB//14330//mg/l,v4_curated_unmapped,,,False,,,,,,Stage3J_curated_policy,drop_first_pass,unmapped
LAB//14333//Geen,v4_curated_unmapped,,,False,,,,,,Stage3J_curated_policy,drop_first_pass,unmapped
LAB//14365//g/l,v4_curated_unmapped,,,False,,,,,,Stage3J_curated_policy,drop_first_pass,unmapped
LAB//17996//Geen,v4_curated_unmapped,,,False,,,,,,Stage3J_curated_policy,drop_first_pass,unmapped
LAB//18286//mg/l,v4_curated_unmapped,,,False,,,,,,Stage3J_curated_policy,drop_first_pass,unmapped
LAB//18371//kE/l,v4_curated_unmapped,,,False,,,,,,Stage3J_curated_policy,drop_first_pass,unmapped
LAB//18378//IE/ml,v4_curated_unmapped,,,False,,,,,,Stage3J_curated_policy,drop_first_pass,unmapped
LAB//18381//IE/ml,v4_curated_unmapped,,,False,,,,,,Stage3J_curated_policy,drop_first_pass,unmapped
LAB//18422//Geen,v4_curated_unmapped,,,False,,,,,,Stage3J_curated_policy,drop_first_pass,unmapped
LAB//18465//µg/l,v4_curated_unmapped,,,False,,,,,,Stage3J_curated_policy,drop_first_pass,unmapped
LAB//18476//mmol/l,v4_curated_unmapped,,,False,,,,,,Stage3J_curated_policy,drop_first_pass,unmapped
LAB//18478//Geen,v4_curated_unmapped,,,False,,,,,,Stage3J_curated_policy,drop_first_pass,unmapped
LAB//19069//µg/l,v4_curated_unmapped,,,False,,,,,,Stage3J_curated_policy,drop_first_pass,unmapped
LAB//19351//mmol/24uur,v4_curated_unmapped,,,False,,,,,,Stage3J_curated_policy,drop_first_pass,unmapped
LAB//19353//µg/mmol,v4_curated_unmapped,,,False,,,,,,Stage3J_curated_policy,drop_first_pass,unmapped
LAB//19588//UNKNOWN,v4_curated_unmapped,,,False,,,,,,Stage3J_curated_policy,drop_first_pass,unmapped
LAB//20082//nmol/l,v4_curated_unmapped,,,False,,,,,,Stage3J_curated_policy,drop_first_pass,unmapped
LAB//20090//nmol/l,v4_curated_unmapped,,,False,,,,,,Stage3J_curated_policy,drop_first_pass,unmapped
LAB//20092//nmol/l,v4_curated_unmapped,,,False,,,,,,Stage3J_curated_policy,drop_first_pass,unmapped
LAB//20982//%neg,v4_curated_unmapped,,,False,,,,,,Stage3J_curated_policy,drop_first_pass,unmapped
LAB//20983//%neg,v4_curated_unmapped,,,False,,,,,,Stage3J_curated_policy,drop_first_pass,unmapped
LAB//21096//ng/ml,v4_curated_unmapped,,,False,,,,,,Stage3J_curated_policy,drop_first_pass,unmapped
LAB//6878//nmol/l,v4_curated_unmapped,,,False,,,,,,Stage3J_curated_policy,drop_first_pass,unmapped
LAB//7084//µmol,v4_curated_unmapped,OMOP//OMOP_CONCEPT//1970135,,True,,OMOP_CONCEPT,1970135,,Zink,Stage3J_curated_policy,curated_exact_omop_lookup,high
LAB//8904//nmol/l,v4_curated_unmapped,,,False,,,,,,Stage3J_curated_policy,drop_first_pass,unmapped
MEASUREMENT_BEDSIDE//12367//l/min,v4_curated_unmapped,,,False,,,,,,Stage3J_curated_policy,drop_first_pass,unmapped
MEASUREMENT_BEDSIDE//14454//mmHg,v4_curated_unmapped,,,False,,,,,,Stage3J_curated_policy,drop_first_pass,unmapped
ORDER_INTENT//103//7922,v4_curated_unmapped,OMOP//OMOP_CONCEPT//4163872,,True,,OMOP_CONCEPT,4163872,,X-Thorax,Stage3J_curated_policy,curated_exact_omop_lookup,high
ORDER_INTENT//90//9340,v4_curated_unmapped,OMOP//OMOP_CONCEPT//4314880,,True,,OMOP_CONCEPT,4314880,,Duodenumsonde doorspuiten,Stage3J_curated_policy,curated_exact_omop_lookup,high
ORDER_INTENT//90//9343,v4_curated_unmapped,OMOP//OMOP_CONCEPT//4067405,,True,,OMOP_CONCEPT,4067405,,Jejunumfistel doorspuiten,Stage3J_curated_policy,curated_exact_omop_lookup,high
ORDER_INTENT//89//9479,v4_curated_unmapped,OMOP//OMOP_CONCEPT//4021187,,True,,OMOP_CONCEPT,4021187,,TED kousen aan,Stage3J_curated_policy,curated_exact_omop_lookup,high
ORDER_INTENT//89//9259,v4_curated_unmapped,OMOP//OMOP_CONCEPT//4083913,,True,,OMOP_CONCEPT,4083913,,24-uurs urine sparen,Stage3J_curated_policy,curated_exact_omop_lookup,high
ORDER_INTENT//89//9392,v4_curated_unmapped,OMOP//OMOP_CONCEPT//4014829,,True,,OMOP_CONCEPT,4014829,,Consult Logopedie,Stage3J_curated_policy,curated_exact_omop_lookup,high
ORDER_INTENT//104//9567,v4_curated_unmapped,OMOP//OMOP_CONCEPT//46271823,,True,,OMOP_CONCEPT,46271823,,AP verzorging,Stage3J_curated_policy,curated_exact_omop_lookup,high
ORDER_INTENT//103//8543,v4_curated_unmapped,OMOP//OMOP_CONCEPT//4058335,,True,,OMOP_CONCEPT,4058335,,CT scan thorax,Stage3J_curated_policy,curated_exact_omop_lookup,high
ORDER_INTENT//103//8542,v4_curated_unmapped,OMOP//OMOP_CONCEPT//4145739,,True,,OMOP_CONCEPT,4145739,,CT scan brein,Stage3J_curated_policy,curated_exact_omop_lookup,high
ORDER_INTENT//89//21080,v4_curated_unmapped,OMOP//OMOP_CONCEPT//40480228,,True,,OMOP_CONCEPT,40480228,,TED kousen uit,Stage3J_curated_policy,curated_exact_omop_lookup,high
ORDER_INTENT//89//10611,v4_curated_unmapped,OMOP//OMOP_CONCEPT//4218408,,True,,OMOP_CONCEPT,4218408,,HI-schema starten,Stage3J_curated_policy,curated_exact_omop_lookup,high
ORDER_INTENT//103//9363,v4_curated_unmapped,OMOP//OMOP_CONCEPT//4335825,,True,,OMOP_CONCEPT,4335825,,Transthoracale echocardiografie (TTE),Stage3J_curated_policy,curated_exact_omop_lookup,high
ORDER_INTENT//103//9255,v4_curated_unmapped,OMOP//OMOP_CONCEPT//4019824,,True,,OMOP_CONCEPT,4019824,,Transoesofageale echocardiografie (TEE),Stage3J_curated_policy,curated_exact_omop_lookup,high
ORDER_INTENT//103//9256,v4_curated_unmapped,OMOP//OMOP_CONCEPT//4335825,,True,,OMOP_CONCEPT,4335825,,Transthoracale echocardiografie (TTE) oud,Stage3J_curated_policy,curated_exact_omop_lookup,high
